Copyright 1986-2022 Xilinx, Inc. All Rights Reserved. Copyright 2022-2024 Advanced Micro Devices, Inc. All Rights Reserved.
---------------------------------------------------------------------------------------------------------------------------------------------------------------------------------------------------------------------------------------------
| Tool Version : Vivado v.2024.1.2 (win64) Build 5164865 Thu Sep  5 14:37:11 MDT 2024
| Date         : Mon Mar 24 09:08:31 2025
| Host         : Bowen-Laptop running 64-bit major release  (build 9200)
| Command      : report_timing_summary -max_paths 10 -report_unconstrained -file design_1_wrapper_timing_summary_routed.rpt -pb design_1_wrapper_timing_summary_routed.pb -rpx design_1_wrapper_timing_summary_routed.rpx -warn_on_violation
| Design       : design_1_wrapper
| Device       : 7z020-clg400
| Speed File   : -1  PRODUCTION 1.12 2019-11-22
| Design State : Routed
---------------------------------------------------------------------------------------------------------------------------------------------------------------------------------------------------------------------------------------------

Timing Summary Report

------------------------------------------------------------------------------------------------
| Timer Settings
| --------------
------------------------------------------------------------------------------------------------

  Enable Multi Corner Analysis               :  Yes
  Enable Pessimism Removal                   :  Yes
  Pessimism Removal Resolution               :  Nearest Common Node
  Enable Input Delay Default Clock           :  No
  Enable Preset / Clear Arcs                 :  No
  Disable Flight Delays                      :  No
  Ignore I/O Paths                           :  No
  Timing Early Launch at Borrowing Latches   :  No
  Borrow Time for Max Delay Exceptions       :  Yes
  Merge Timing Exceptions                    :  Yes
  Inter-SLR Compensation                     :  Conservative

  Corner  Analyze    Analyze    
  Name    Max Paths  Min Paths  
  ------  ---------  ---------  
  Slow    Yes        Yes        
  Fast    Yes        Yes        


------------------------------------------------------------------------------------------------
| Report Methodology
| ------------------
------------------------------------------------------------------------------------------------

Rule       Severity  Description                    Violations  
---------  --------  -----------------------------  ----------  
TIMING-18  Warning   Missing input or output delay  8           

Note: This report is based on the most recent report_methodology run and may not be up-to-date. Run report_methodology on the current design for the latest report.



check_timing report

Table of Contents
-----------------
1. checking no_clock (0)
2. checking constant_clock (0)
3. checking pulse_width_clock (0)
4. checking unconstrained_internal_endpoints (0)
5. checking no_input_delay (4)
6. checking no_output_delay (4)
7. checking multiple_clock (0)
8. checking generated_clocks (0)
9. checking loops (0)
10. checking partial_input_delay (0)
11. checking partial_output_delay (0)
12. checking latch_loops (0)

1. checking no_clock (0)
------------------------
 There are 0 register/latch pins with no clock.


2. checking constant_clock (0)
------------------------------
 There are 0 register/latch pins with constant_clock.


3. checking pulse_width_clock (0)
---------------------------------
 There are 0 register/latch pins which need pulse_width check


4. checking unconstrained_internal_endpoints (0)
------------------------------------------------
 There are 0 pins that are not constrained for maximum delay.

 There are 0 pins that are not constrained for maximum delay due to constant clock.


5. checking no_input_delay (4)
------------------------------
 There are 4 input ports with no input delay specified. (HIGH)

 There are 0 input ports with no input delay but user has a false path constraint.


6. checking no_output_delay (4)
-------------------------------
 There are 4 ports with no output delay specified. (HIGH)

 There are 0 ports with no output delay but user has a false path constraint

 There are 0 ports with no output delay but with a timing clock defined on it or propagating through it


7. checking multiple_clock (0)
------------------------------
 There are 0 register/latch pins with multiple clocks.


8. checking generated_clocks (0)
--------------------------------
 There are 0 generated clocks that are not connected to a clock source.


9. checking loops (0)
---------------------
 There are 0 combinational loops in the design.


10. checking partial_input_delay (0)
------------------------------------
 There are 0 input ports with partial input delay specified.


11. checking partial_output_delay (0)
-------------------------------------
 There are 0 ports with partial output delay specified.


12. checking latch_loops (0)
----------------------------
 There are 0 combinational latch loops in the design through latch input



------------------------------------------------------------------------------------------------
| Design Timing Summary
| ---------------------
------------------------------------------------------------------------------------------------

    WNS(ns)      TNS(ns)  TNS Failing Endpoints  TNS Total Endpoints      WHS(ns)      THS(ns)  THS Failing Endpoints  THS Total Endpoints     WPWS(ns)     TPWS(ns)  TPWS Failing Endpoints  TPWS Total Endpoints  
    -------      -------  ---------------------  -------------------      -------      -------  ---------------------  -------------------     --------     --------  ----------------------  --------------------  
      3.827        0.000                      0                 1351        0.046        0.000                      0                 1351        4.020        0.000                       0                   619  


All user specified timing constraints are met.


------------------------------------------------------------------------------------------------
| Clock Summary
| -------------
------------------------------------------------------------------------------------------------

Clock       Waveform(ns)       Period(ns)      Frequency(MHz)
-----       ------------       ----------      --------------
clk_fpga_0  {0.000 5.000}      10.000          100.000         


------------------------------------------------------------------------------------------------
| Intra Clock Table
| -----------------
------------------------------------------------------------------------------------------------

Clock             WNS(ns)      TNS(ns)  TNS Failing Endpoints  TNS Total Endpoints      WHS(ns)      THS(ns)  THS Failing Endpoints  THS Total Endpoints     WPWS(ns)     TPWS(ns)  TPWS Failing Endpoints  TPWS Total Endpoints  
-----             -------      -------  ---------------------  -------------------      -------      -------  ---------------------  -------------------     --------     --------  ----------------------  --------------------  
clk_fpga_0          3.827        0.000                      0                 1351        0.046        0.000                      0                 1351        4.020        0.000                       0                   619  


------------------------------------------------------------------------------------------------
| Inter Clock Table
| -----------------
------------------------------------------------------------------------------------------------

From Clock    To Clock          WNS(ns)      TNS(ns)  TNS Failing Endpoints  TNS Total Endpoints      WHS(ns)      THS(ns)  THS Failing Endpoints  THS Total Endpoints  
----------    --------          -------      -------  ---------------------  -------------------      -------      -------  ---------------------  -------------------  


------------------------------------------------------------------------------------------------
| Other Path Groups Table
| -----------------------
------------------------------------------------------------------------------------------------

Path Group    From Clock    To Clock          WNS(ns)      TNS(ns)  TNS Failing Endpoints  TNS Total Endpoints      WHS(ns)      THS(ns)  THS Failing Endpoints  THS Total Endpoints  
----------    ----------    --------          -------      -------  ---------------------  -------------------      -------      -------  ---------------------  -------------------  


------------------------------------------------------------------------------------------------
| User Ignored Path Table
| -----------------------
------------------------------------------------------------------------------------------------

Path Group    From Clock    To Clock    
----------    ----------    --------    
(none)                      clk_fpga_0    


------------------------------------------------------------------------------------------------
| Unconstrained Path Table
| ------------------------
------------------------------------------------------------------------------------------------

Path Group    From Clock    To Clock    
----------    ----------    --------    
(none)                                    
(none)        clk_fpga_0                  
(none)                      clk_fpga_0    


------------------------------------------------------------------------------------------------
| Timing Details
| --------------
------------------------------------------------------------------------------------------------


---------------------------------------------------------------------------------------------------
From Clock:  clk_fpga_0
  To Clock:  clk_fpga_0

Setup :            0  Failing Endpoints,  Worst Slack        3.827ns,  Total Violation        0.000ns
Hold  :            0  Failing Endpoints,  Worst Slack        0.046ns,  Total Violation        0.000ns
PW    :            0  Failing Endpoints,  Worst Slack        4.020ns,  Total Violation        0.000ns
---------------------------------------------------------------------------------------------------


Max Delay Paths
--------------------------------------------------------------------------------------
Slack (MET) :             3.827ns  (required time - arrival time)
  Source:                 design_1_i/ps7_0_axi_periph/s00_couplers/auto_pc/inst/gen_axilite.gen_b2s_conv.axilite_b2s/WR.b_channel_0/bid_fifo_0/cnt_read_reg[1]/C
                            (rising edge-triggered cell FDSE clocked by clk_fpga_0  {rise@0.000ns fall@5.000ns period=10.000ns})
  Destination:            design_1_i/ps7_0_axi_periph/s00_couplers/auto_pc/inst/gen_axilite.gen_b2s_conv.axilite_b2s/WR.b_channel_0/bresp_cnt_reg[3]/R
                            (rising edge-triggered cell FDRE clocked by clk_fpga_0  {rise@0.000ns fall@5.000ns period=10.000ns})
  Path Group:             clk_fpga_0
  Path Type:              Setup (Max at Slow Process Corner)
  Requirement:            10.000ns  (clk_fpga_0 rise@10.000ns - clk_fpga_0 rise@0.000ns)
  Data Path Delay:        5.388ns  (logic 1.269ns (23.552%)  route 4.119ns (76.448%))
  Logic Levels:           5  (LUT2=1 LUT5=1 LUT6=2 SRL16E=1)
  Clock Path Skew:        -0.107ns (DCD - SCD + CPR)
    Destination Clock Delay (DCD):    2.832ns = ( 12.832 - 10.000 ) 
    Source Clock Delay      (SCD):    3.186ns
    Clock Pessimism Removal (CPR):    0.247ns
  Clock Uncertainty:      0.154ns  ((TSJ^2 + TIJ^2)^1/2 + DJ) / 2 + PE
    Total System Jitter     (TSJ):    0.071ns
    Total Input Jitter      (TIJ):    0.300ns
    Discrete Jitter          (DJ):    0.000ns
    Phase Error              (PE):    0.000ns

    Location             Delay type                Incr(ns)  Path(ns)    Netlist Resource(s)
  -------------------------------------------------------------------    -------------------
                         (clock clk_fpga_0 rise edge)
                                                      0.000     0.000 r  
    PS7_X0Y0             PS7                          0.000     0.000 r  design_1_i/processing_system7_0/inst/PS7_i/FCLKCLK[0]
                         net (fo=1, routed)           1.193     1.193    design_1_i/processing_system7_0/inst/FCLK_CLK_unbuffered[0]
    BUFGCTRL_X0Y16       BUFG (Prop_bufg_I_O)         0.101     1.294 r  design_1_i/processing_system7_0/inst/buffer_fclk_clk_0.FCLK_CLK_0_BUFG/O
                         net (fo=619, routed)         1.892     3.186    design_1_i/ps7_0_axi_periph/s00_couplers/auto_pc/inst/gen_axilite.gen_b2s_conv.axilite_b2s/WR.b_channel_0/bid_fifo_0/aclk
    SLICE_X30Y101        FDSE                                         r  design_1_i/ps7_0_axi_periph/s00_couplers/auto_pc/inst/gen_axilite.gen_b2s_conv.axilite_b2s/WR.b_channel_0/bid_fifo_0/cnt_read_reg[1]/C
  -------------------------------------------------------------------    -------------------
    SLICE_X30Y101        FDSE (Prop_fdse_C_Q)         0.478     3.664 r  design_1_i/ps7_0_axi_periph/s00_couplers/auto_pc/inst/gen_axilite.gen_b2s_conv.axilite_b2s/WR.b_channel_0/bid_fifo_0/cnt_read_reg[1]/Q
                         net (fo=21, routed)          1.043     4.707    design_1_i/ps7_0_axi_periph/s00_couplers/auto_pc/inst/gen_axilite.gen_b2s_conv.axilite_b2s/WR.b_channel_0/bid_fifo_0/addr[1]
    SLICE_X30Y103        SRL16E (Prop_srl16e_A1_Q)    0.295     5.002 r  design_1_i/ps7_0_axi_periph/s00_couplers/auto_pc/inst/gen_axilite.gen_b2s_conv.axilite_b2s/WR.b_channel_0/bid_fifo_0/memory_reg[3][2]_srl4/Q
                         net (fo=1, routed)           0.483     5.486    design_1_i/ps7_0_axi_periph/s00_couplers/auto_pc/inst/gen_axilite.gen_b2s_conv.axilite_b2s/WR.b_channel_0/bid_fifo_0/memory_reg[3][2]_srl4_n_0
    SLICE_X31Y103        LUT6 (Prop_lut6_I3_O)        0.124     5.610 f  design_1_i/ps7_0_axi_periph/s00_couplers/auto_pc/inst/gen_axilite.gen_b2s_conv.axilite_b2s/WR.b_channel_0/bid_fifo_0/cnt_read[1]_i_4/O
                         net (fo=1, routed)           0.592     6.202    design_1_i/ps7_0_axi_periph/s00_couplers/auto_pc/inst/gen_axilite.gen_b2s_conv.axilite_b2s/WR.b_channel_0/bid_fifo_0/cnt_read[1]_i_4_n_0
    SLICE_X32Y103        LUT5 (Prop_lut5_I4_O)        0.124     6.326 f  design_1_i/ps7_0_axi_periph/s00_couplers/auto_pc/inst/gen_axilite.gen_b2s_conv.axilite_b2s/WR.b_channel_0/bid_fifo_0/cnt_read[1]_i_3/O
                         net (fo=1, routed)           0.493     6.819    design_1_i/ps7_0_axi_periph/s00_couplers/auto_pc/inst/gen_axilite.gen_b2s_conv.axilite_b2s/WR.b_channel_0/bid_fifo_0/cnt_read[1]_i_3_n_0
    SLICE_X32Y103        LUT6 (Prop_lut6_I0_O)        0.124     6.943 f  design_1_i/ps7_0_axi_periph/s00_couplers/auto_pc/inst/gen_axilite.gen_b2s_conv.axilite_b2s/WR.b_channel_0/bid_fifo_0/cnt_read[1]_i_2/O
                         net (fo=3, routed)           0.645     7.588    design_1_i/ps7_0_axi_periph/s00_couplers/auto_pc/inst/gen_axilite.gen_b2s_conv.axilite_b2s/WR.b_channel_0/bid_fifo_0/bresp_cnt_reg[7]
    SLICE_X31Y102        LUT2 (Prop_lut2_I1_O)        0.124     7.712 r  design_1_i/ps7_0_axi_periph/s00_couplers/auto_pc/inst/gen_axilite.gen_b2s_conv.axilite_b2s/WR.b_channel_0/bid_fifo_0/bresp_cnt[7]_i_1/O
                         net (fo=8, routed)           0.862     8.574    design_1_i/ps7_0_axi_periph/s00_couplers/auto_pc/inst/gen_axilite.gen_b2s_conv.axilite_b2s/WR.b_channel_0/s_bresp_acc0
    SLICE_X32Y104        FDRE                                         r  design_1_i/ps7_0_axi_periph/s00_couplers/auto_pc/inst/gen_axilite.gen_b2s_conv.axilite_b2s/WR.b_channel_0/bresp_cnt_reg[3]/R
  -------------------------------------------------------------------    -------------------

                         (clock clk_fpga_0 rise edge)
                                                     10.000    10.000 r  
    PS7_X0Y0             PS7                          0.000    10.000 r  design_1_i/processing_system7_0/inst/PS7_i/FCLKCLK[0]
                         net (fo=1, routed)           1.088    11.088    design_1_i/processing_system7_0/inst/FCLK_CLK_unbuffered[0]
    BUFGCTRL_X0Y16       BUFG (Prop_bufg_I_O)         0.091    11.179 r  design_1_i/processing_system7_0/inst/buffer_fclk_clk_0.FCLK_CLK_0_BUFG/O
                         net (fo=619, routed)         1.653    12.832    design_1_i/ps7_0_axi_periph/s00_couplers/auto_pc/inst/gen_axilite.gen_b2s_conv.axilite_b2s/WR.b_channel_0/aclk
    SLICE_X32Y104        FDRE                                         r  design_1_i/ps7_0_axi_periph/s00_couplers/auto_pc/inst/gen_axilite.gen_b2s_conv.axilite_b2s/WR.b_channel_0/bresp_cnt_reg[3]/C
                         clock pessimism              0.247    13.079    
                         clock uncertainty           -0.154    12.925    
    SLICE_X32Y104        FDRE (Setup_fdre_C_R)       -0.524    12.401    design_1_i/ps7_0_axi_periph/s00_couplers/auto_pc/inst/gen_axilite.gen_b2s_conv.axilite_b2s/WR.b_channel_0/bresp_cnt_reg[3]
  -------------------------------------------------------------------
                         required time                         12.401    
                         arrival time                          -8.574    
  -------------------------------------------------------------------
                         slack                                  3.827    

Slack (MET) :             3.827ns  (required time - arrival time)
  Source:                 design_1_i/ps7_0_axi_periph/s00_couplers/auto_pc/inst/gen_axilite.gen_b2s_conv.axilite_b2s/WR.b_channel_0/bid_fifo_0/cnt_read_reg[1]/C
                            (rising edge-triggered cell FDSE clocked by clk_fpga_0  {rise@0.000ns fall@5.000ns period=10.000ns})
  Destination:            design_1_i/ps7_0_axi_periph/s00_couplers/auto_pc/inst/gen_axilite.gen_b2s_conv.axilite_b2s/WR.b_channel_0/bresp_cnt_reg[4]/R
                            (rising edge-triggered cell FDRE clocked by clk_fpga_0  {rise@0.000ns fall@5.000ns period=10.000ns})
  Path Group:             clk_fpga_0
  Path Type:              Setup (Max at Slow Process Corner)
  Requirement:            10.000ns  (clk_fpga_0 rise@10.000ns - clk_fpga_0 rise@0.000ns)
  Data Path Delay:        5.388ns  (logic 1.269ns (23.552%)  route 4.119ns (76.448%))
  Logic Levels:           5  (LUT2=1 LUT5=1 LUT6=2 SRL16E=1)
  Clock Path Skew:        -0.107ns (DCD - SCD + CPR)
    Destination Clock Delay (DCD):    2.832ns = ( 12.832 - 10.000 ) 
    Source Clock Delay      (SCD):    3.186ns
    Clock Pessimism Removal (CPR):    0.247ns
  Clock Uncertainty:      0.154ns  ((TSJ^2 + TIJ^2)^1/2 + DJ) / 2 + PE
    Total System Jitter     (TSJ):    0.071ns
    Total Input Jitter      (TIJ):    0.300ns
    Discrete Jitter          (DJ):    0.000ns
    Phase Error              (PE):    0.000ns

    Location             Delay type                Incr(ns)  Path(ns)    Netlist Resource(s)
  -------------------------------------------------------------------    -------------------
                         (clock clk_fpga_0 rise edge)
                                                      0.000     0.000 r  
    PS7_X0Y0             PS7                          0.000     0.000 r  design_1_i/processing_system7_0/inst/PS7_i/FCLKCLK[0]
                         net (fo=1, routed)           1.193     1.193    design_1_i/processing_system7_0/inst/FCLK_CLK_unbuffered[0]
    BUFGCTRL_X0Y16       BUFG (Prop_bufg_I_O)         0.101     1.294 r  design_1_i/processing_system7_0/inst/buffer_fclk_clk_0.FCLK_CLK_0_BUFG/O
                         net (fo=619, routed)         1.892     3.186    design_1_i/ps7_0_axi_periph/s00_couplers/auto_pc/inst/gen_axilite.gen_b2s_conv.axilite_b2s/WR.b_channel_0/bid_fifo_0/aclk
    SLICE_X30Y101        FDSE                                         r  design_1_i/ps7_0_axi_periph/s00_couplers/auto_pc/inst/gen_axilite.gen_b2s_conv.axilite_b2s/WR.b_channel_0/bid_fifo_0/cnt_read_reg[1]/C
  -------------------------------------------------------------------    -------------------
    SLICE_X30Y101        FDSE (Prop_fdse_C_Q)         0.478     3.664 r  design_1_i/ps7_0_axi_periph/s00_couplers/auto_pc/inst/gen_axilite.gen_b2s_conv.axilite_b2s/WR.b_channel_0/bid_fifo_0/cnt_read_reg[1]/Q
                         net (fo=21, routed)          1.043     4.707    design_1_i/ps7_0_axi_periph/s00_couplers/auto_pc/inst/gen_axilite.gen_b2s_conv.axilite_b2s/WR.b_channel_0/bid_fifo_0/addr[1]
    SLICE_X30Y103        SRL16E (Prop_srl16e_A1_Q)    0.295     5.002 r  design_1_i/ps7_0_axi_periph/s00_couplers/auto_pc/inst/gen_axilite.gen_b2s_conv.axilite_b2s/WR.b_channel_0/bid_fifo_0/memory_reg[3][2]_srl4/Q
                         net (fo=1, routed)           0.483     5.486    design_1_i/ps7_0_axi_periph/s00_couplers/auto_pc/inst/gen_axilite.gen_b2s_conv.axilite_b2s/WR.b_channel_0/bid_fifo_0/memory_reg[3][2]_srl4_n_0
    SLICE_X31Y103        LUT6 (Prop_lut6_I3_O)        0.124     5.610 f  design_1_i/ps7_0_axi_periph/s00_couplers/auto_pc/inst/gen_axilite.gen_b2s_conv.axilite_b2s/WR.b_channel_0/bid_fifo_0/cnt_read[1]_i_4/O
                         net (fo=1, routed)           0.592     6.202    design_1_i/ps7_0_axi_periph/s00_couplers/auto_pc/inst/gen_axilite.gen_b2s_conv.axilite_b2s/WR.b_channel_0/bid_fifo_0/cnt_read[1]_i_4_n_0
    SLICE_X32Y103        LUT5 (Prop_lut5_I4_O)        0.124     6.326 f  design_1_i/ps7_0_axi_periph/s00_couplers/auto_pc/inst/gen_axilite.gen_b2s_conv.axilite_b2s/WR.b_channel_0/bid_fifo_0/cnt_read[1]_i_3/O
                         net (fo=1, routed)           0.493     6.819    design_1_i/ps7_0_axi_periph/s00_couplers/auto_pc/inst/gen_axilite.gen_b2s_conv.axilite_b2s/WR.b_channel_0/bid_fifo_0/cnt_read[1]_i_3_n_0
    SLICE_X32Y103        LUT6 (Prop_lut6_I0_O)        0.124     6.943 f  design_1_i/ps7_0_axi_periph/s00_couplers/auto_pc/inst/gen_axilite.gen_b2s_conv.axilite_b2s/WR.b_channel_0/bid_fifo_0/cnt_read[1]_i_2/O
                         net (fo=3, routed)           0.645     7.588    design_1_i/ps7_0_axi_periph/s00_couplers/auto_pc/inst/gen_axilite.gen_b2s_conv.axilite_b2s/WR.b_channel_0/bid_fifo_0/bresp_cnt_reg[7]
    SLICE_X31Y102        LUT2 (Prop_lut2_I1_O)        0.124     7.712 r  design_1_i/ps7_0_axi_periph/s00_couplers/auto_pc/inst/gen_axilite.gen_b2s_conv.axilite_b2s/WR.b_channel_0/bid_fifo_0/bresp_cnt[7]_i_1/O
                         net (fo=8, routed)           0.862     8.574    design_1_i/ps7_0_axi_periph/s00_couplers/auto_pc/inst/gen_axilite.gen_b2s_conv.axilite_b2s/WR.b_channel_0/s_bresp_acc0
    SLICE_X32Y104        FDRE                                         r  design_1_i/ps7_0_axi_periph/s00_couplers/auto_pc/inst/gen_axilite.gen_b2s_conv.axilite_b2s/WR.b_channel_0/bresp_cnt_reg[4]/R
  -------------------------------------------------------------------    -------------------

                         (clock clk_fpga_0 rise edge)
                                                     10.000    10.000 r  
    PS7_X0Y0             PS7                          0.000    10.000 r  design_1_i/processing_system7_0/inst/PS7_i/FCLKCLK[0]
                         net (fo=1, routed)           1.088    11.088    design_1_i/processing_system7_0/inst/FCLK_CLK_unbuffered[0]
    BUFGCTRL_X0Y16       BUFG (Prop_bufg_I_O)         0.091    11.179 r  design_1_i/processing_system7_0/inst/buffer_fclk_clk_0.FCLK_CLK_0_BUFG/O
                         net (fo=619, routed)         1.653    12.832    design_1_i/ps7_0_axi_periph/s00_couplers/auto_pc/inst/gen_axilite.gen_b2s_conv.axilite_b2s/WR.b_channel_0/aclk
    SLICE_X32Y104        FDRE                                         r  design_1_i/ps7_0_axi_periph/s00_couplers/auto_pc/inst/gen_axilite.gen_b2s_conv.axilite_b2s/WR.b_channel_0/bresp_cnt_reg[4]/C
                         clock pessimism              0.247    13.079    
                         clock uncertainty           -0.154    12.925    
    SLICE_X32Y104        FDRE (Setup_fdre_C_R)       -0.524    12.401    design_1_i/ps7_0_axi_periph/s00_couplers/auto_pc/inst/gen_axilite.gen_b2s_conv.axilite_b2s/WR.b_channel_0/bresp_cnt_reg[4]
  -------------------------------------------------------------------
                         required time                         12.401    
                         arrival time                          -8.574    
  -------------------------------------------------------------------
                         slack                                  3.827    

Slack (MET) :             3.827ns  (required time - arrival time)
  Source:                 design_1_i/ps7_0_axi_periph/s00_couplers/auto_pc/inst/gen_axilite.gen_b2s_conv.axilite_b2s/WR.b_channel_0/bid_fifo_0/cnt_read_reg[1]/C
                            (rising edge-triggered cell FDSE clocked by clk_fpga_0  {rise@0.000ns fall@5.000ns period=10.000ns})
  Destination:            design_1_i/ps7_0_axi_periph/s00_couplers/auto_pc/inst/gen_axilite.gen_b2s_conv.axilite_b2s/WR.b_channel_0/bresp_cnt_reg[5]/R
                            (rising edge-triggered cell FDRE clocked by clk_fpga_0  {rise@0.000ns fall@5.000ns period=10.000ns})
  Path Group:             clk_fpga_0
  Path Type:              Setup (Max at Slow Process Corner)
  Requirement:            10.000ns  (clk_fpga_0 rise@10.000ns - clk_fpga_0 rise@0.000ns)
  Data Path Delay:        5.388ns  (logic 1.269ns (23.552%)  route 4.119ns (76.448%))
  Logic Levels:           5  (LUT2=1 LUT5=1 LUT6=2 SRL16E=1)
  Clock Path Skew:        -0.107ns (DCD - SCD + CPR)
    Destination Clock Delay (DCD):    2.832ns = ( 12.832 - 10.000 ) 
    Source Clock Delay      (SCD):    3.186ns
    Clock Pessimism Removal (CPR):    0.247ns
  Clock Uncertainty:      0.154ns  ((TSJ^2 + TIJ^2)^1/2 + DJ) / 2 + PE
    Total System Jitter     (TSJ):    0.071ns
    Total Input Jitter      (TIJ):    0.300ns
    Discrete Jitter          (DJ):    0.000ns
    Phase Error              (PE):    0.000ns

    Location             Delay type                Incr(ns)  Path(ns)    Netlist Resource(s)
  -------------------------------------------------------------------    -------------------
                         (clock clk_fpga_0 rise edge)
                                                      0.000     0.000 r  
    PS7_X0Y0             PS7                          0.000     0.000 r  design_1_i/processing_system7_0/inst/PS7_i/FCLKCLK[0]
                         net (fo=1, routed)           1.193     1.193    design_1_i/processing_system7_0/inst/FCLK_CLK_unbuffered[0]
    BUFGCTRL_X0Y16       BUFG (Prop_bufg_I_O)         0.101     1.294 r  design_1_i/processing_system7_0/inst/buffer_fclk_clk_0.FCLK_CLK_0_BUFG/O
                         net (fo=619, routed)         1.892     3.186    design_1_i/ps7_0_axi_periph/s00_couplers/auto_pc/inst/gen_axilite.gen_b2s_conv.axilite_b2s/WR.b_channel_0/bid_fifo_0/aclk
    SLICE_X30Y101        FDSE                                         r  design_1_i/ps7_0_axi_periph/s00_couplers/auto_pc/inst/gen_axilite.gen_b2s_conv.axilite_b2s/WR.b_channel_0/bid_fifo_0/cnt_read_reg[1]/C
  -------------------------------------------------------------------    -------------------
    SLICE_X30Y101        FDSE (Prop_fdse_C_Q)         0.478     3.664 r  design_1_i/ps7_0_axi_periph/s00_couplers/auto_pc/inst/gen_axilite.gen_b2s_conv.axilite_b2s/WR.b_channel_0/bid_fifo_0/cnt_read_reg[1]/Q
                         net (fo=21, routed)          1.043     4.707    design_1_i/ps7_0_axi_periph/s00_couplers/auto_pc/inst/gen_axilite.gen_b2s_conv.axilite_b2s/WR.b_channel_0/bid_fifo_0/addr[1]
    SLICE_X30Y103        SRL16E (Prop_srl16e_A1_Q)    0.295     5.002 r  design_1_i/ps7_0_axi_periph/s00_couplers/auto_pc/inst/gen_axilite.gen_b2s_conv.axilite_b2s/WR.b_channel_0/bid_fifo_0/memory_reg[3][2]_srl4/Q
                         net (fo=1, routed)           0.483     5.486    design_1_i/ps7_0_axi_periph/s00_couplers/auto_pc/inst/gen_axilite.gen_b2s_conv.axilite_b2s/WR.b_channel_0/bid_fifo_0/memory_reg[3][2]_srl4_n_0
    SLICE_X31Y103        LUT6 (Prop_lut6_I3_O)        0.124     5.610 f  design_1_i/ps7_0_axi_periph/s00_couplers/auto_pc/inst/gen_axilite.gen_b2s_conv.axilite_b2s/WR.b_channel_0/bid_fifo_0/cnt_read[1]_i_4/O
                         net (fo=1, routed)           0.592     6.202    design_1_i/ps7_0_axi_periph/s00_couplers/auto_pc/inst/gen_axilite.gen_b2s_conv.axilite_b2s/WR.b_channel_0/bid_fifo_0/cnt_read[1]_i_4_n_0
    SLICE_X32Y103        LUT5 (Prop_lut5_I4_O)        0.124     6.326 f  design_1_i/ps7_0_axi_periph/s00_couplers/auto_pc/inst/gen_axilite.gen_b2s_conv.axilite_b2s/WR.b_channel_0/bid_fifo_0/cnt_read[1]_i_3/O
                         net (fo=1, routed)           0.493     6.819    design_1_i/ps7_0_axi_periph/s00_couplers/auto_pc/inst/gen_axilite.gen_b2s_conv.axilite_b2s/WR.b_channel_0/bid_fifo_0/cnt_read[1]_i_3_n_0
    SLICE_X32Y103        LUT6 (Prop_lut6_I0_O)        0.124     6.943 f  design_1_i/ps7_0_axi_periph/s00_couplers/auto_pc/inst/gen_axilite.gen_b2s_conv.axilite_b2s/WR.b_channel_0/bid_fifo_0/cnt_read[1]_i_2/O
                         net (fo=3, routed)           0.645     7.588    design_1_i/ps7_0_axi_periph/s00_couplers/auto_pc/inst/gen_axilite.gen_b2s_conv.axilite_b2s/WR.b_channel_0/bid_fifo_0/bresp_cnt_reg[7]
    SLICE_X31Y102        LUT2 (Prop_lut2_I1_O)        0.124     7.712 r  design_1_i/ps7_0_axi_periph/s00_couplers/auto_pc/inst/gen_axilite.gen_b2s_conv.axilite_b2s/WR.b_channel_0/bid_fifo_0/bresp_cnt[7]_i_1/O
                         net (fo=8, routed)           0.862     8.574    design_1_i/ps7_0_axi_periph/s00_couplers/auto_pc/inst/gen_axilite.gen_b2s_conv.axilite_b2s/WR.b_channel_0/s_bresp_acc0
    SLICE_X32Y104        FDRE                                         r  design_1_i/ps7_0_axi_periph/s00_couplers/auto_pc/inst/gen_axilite.gen_b2s_conv.axilite_b2s/WR.b_channel_0/bresp_cnt_reg[5]/R
  -------------------------------------------------------------------    -------------------

                         (clock clk_fpga_0 rise edge)
                                                     10.000    10.000 r  
    PS7_X0Y0             PS7                          0.000    10.000 r  design_1_i/processing_system7_0/inst/PS7_i/FCLKCLK[0]
                         net (fo=1, routed)           1.088    11.088    design_1_i/processing_system7_0/inst/FCLK_CLK_unbuffered[0]
    BUFGCTRL_X0Y16       BUFG (Prop_bufg_I_O)         0.091    11.179 r  design_1_i/processing_system7_0/inst/buffer_fclk_clk_0.FCLK_CLK_0_BUFG/O
                         net (fo=619, routed)         1.653    12.832    design_1_i/ps7_0_axi_periph/s00_couplers/auto_pc/inst/gen_axilite.gen_b2s_conv.axilite_b2s/WR.b_channel_0/aclk
    SLICE_X32Y104        FDRE                                         r  design_1_i/ps7_0_axi_periph/s00_couplers/auto_pc/inst/gen_axilite.gen_b2s_conv.axilite_b2s/WR.b_channel_0/bresp_cnt_reg[5]/C
                         clock pessimism              0.247    13.079    
                         clock uncertainty           -0.154    12.925    
    SLICE_X32Y104        FDRE (Setup_fdre_C_R)       -0.524    12.401    design_1_i/ps7_0_axi_periph/s00_couplers/auto_pc/inst/gen_axilite.gen_b2s_conv.axilite_b2s/WR.b_channel_0/bresp_cnt_reg[5]
  -------------------------------------------------------------------
                         required time                         12.401    
                         arrival time                          -8.574    
  -------------------------------------------------------------------
                         slack                                  3.827    

Slack (MET) :             3.965ns  (required time - arrival time)
  Source:                 design_1_i/ps7_0_axi_periph/s00_couplers/auto_pc/inst/gen_axilite.gen_b2s_conv.axilite_b2s/WR.b_channel_0/bid_fifo_0/cnt_read_reg[1]/C
                            (rising edge-triggered cell FDSE clocked by clk_fpga_0  {rise@0.000ns fall@5.000ns period=10.000ns})
  Destination:            design_1_i/ps7_0_axi_periph/s00_couplers/auto_pc/inst/gen_axilite.gen_b2s_conv.axilite_b2s/WR.b_channel_0/bresp_cnt_reg[6]/R
                            (rising edge-triggered cell FDRE clocked by clk_fpga_0  {rise@0.000ns fall@5.000ns period=10.000ns})
  Path Group:             clk_fpga_0
  Path Type:              Setup (Max at Slow Process Corner)
  Requirement:            10.000ns  (clk_fpga_0 rise@10.000ns - clk_fpga_0 rise@0.000ns)
  Data Path Delay:        5.250ns  (logic 1.269ns (24.173%)  route 3.981ns (75.827%))
  Logic Levels:           5  (LUT2=1 LUT5=1 LUT6=2 SRL16E=1)
  Clock Path Skew:        -0.107ns (DCD - SCD + CPR)
    Destination Clock Delay (DCD):    2.832ns = ( 12.832 - 10.000 ) 
    Source Clock Delay      (SCD):    3.186ns
    Clock Pessimism Removal (CPR):    0.247ns
  Clock Uncertainty:      0.154ns  ((TSJ^2 + TIJ^2)^1/2 + DJ) / 2 + PE
    Total System Jitter     (TSJ):    0.071ns
    Total Input Jitter      (TIJ):    0.300ns
    Discrete Jitter          (DJ):    0.000ns
    Phase Error              (PE):    0.000ns

    Location             Delay type                Incr(ns)  Path(ns)    Netlist Resource(s)
  -------------------------------------------------------------------    -------------------
                         (clock clk_fpga_0 rise edge)
                                                      0.000     0.000 r  
    PS7_X0Y0             PS7                          0.000     0.000 r  design_1_i/processing_system7_0/inst/PS7_i/FCLKCLK[0]
                         net (fo=1, routed)           1.193     1.193    design_1_i/processing_system7_0/inst/FCLK_CLK_unbuffered[0]
    BUFGCTRL_X0Y16       BUFG (Prop_bufg_I_O)         0.101     1.294 r  design_1_i/processing_system7_0/inst/buffer_fclk_clk_0.FCLK_CLK_0_BUFG/O
                         net (fo=619, routed)         1.892     3.186    design_1_i/ps7_0_axi_periph/s00_couplers/auto_pc/inst/gen_axilite.gen_b2s_conv.axilite_b2s/WR.b_channel_0/bid_fifo_0/aclk
    SLICE_X30Y101        FDSE                                         r  design_1_i/ps7_0_axi_periph/s00_couplers/auto_pc/inst/gen_axilite.gen_b2s_conv.axilite_b2s/WR.b_channel_0/bid_fifo_0/cnt_read_reg[1]/C
  -------------------------------------------------------------------    -------------------
    SLICE_X30Y101        FDSE (Prop_fdse_C_Q)         0.478     3.664 r  design_1_i/ps7_0_axi_periph/s00_couplers/auto_pc/inst/gen_axilite.gen_b2s_conv.axilite_b2s/WR.b_channel_0/bid_fifo_0/cnt_read_reg[1]/Q
                         net (fo=21, routed)          1.043     4.707    design_1_i/ps7_0_axi_periph/s00_couplers/auto_pc/inst/gen_axilite.gen_b2s_conv.axilite_b2s/WR.b_channel_0/bid_fifo_0/addr[1]
    SLICE_X30Y103        SRL16E (Prop_srl16e_A1_Q)    0.295     5.002 r  design_1_i/ps7_0_axi_periph/s00_couplers/auto_pc/inst/gen_axilite.gen_b2s_conv.axilite_b2s/WR.b_channel_0/bid_fifo_0/memory_reg[3][2]_srl4/Q
                         net (fo=1, routed)           0.483     5.486    design_1_i/ps7_0_axi_periph/s00_couplers/auto_pc/inst/gen_axilite.gen_b2s_conv.axilite_b2s/WR.b_channel_0/bid_fifo_0/memory_reg[3][2]_srl4_n_0
    SLICE_X31Y103        LUT6 (Prop_lut6_I3_O)        0.124     5.610 f  design_1_i/ps7_0_axi_periph/s00_couplers/auto_pc/inst/gen_axilite.gen_b2s_conv.axilite_b2s/WR.b_channel_0/bid_fifo_0/cnt_read[1]_i_4/O
                         net (fo=1, routed)           0.592     6.202    design_1_i/ps7_0_axi_periph/s00_couplers/auto_pc/inst/gen_axilite.gen_b2s_conv.axilite_b2s/WR.b_channel_0/bid_fifo_0/cnt_read[1]_i_4_n_0
    SLICE_X32Y103        LUT5 (Prop_lut5_I4_O)        0.124     6.326 f  design_1_i/ps7_0_axi_periph/s00_couplers/auto_pc/inst/gen_axilite.gen_b2s_conv.axilite_b2s/WR.b_channel_0/bid_fifo_0/cnt_read[1]_i_3/O
                         net (fo=1, routed)           0.493     6.819    design_1_i/ps7_0_axi_periph/s00_couplers/auto_pc/inst/gen_axilite.gen_b2s_conv.axilite_b2s/WR.b_channel_0/bid_fifo_0/cnt_read[1]_i_3_n_0
    SLICE_X32Y103        LUT6 (Prop_lut6_I0_O)        0.124     6.943 f  design_1_i/ps7_0_axi_periph/s00_couplers/auto_pc/inst/gen_axilite.gen_b2s_conv.axilite_b2s/WR.b_channel_0/bid_fifo_0/cnt_read[1]_i_2/O
                         net (fo=3, routed)           0.645     7.588    design_1_i/ps7_0_axi_periph/s00_couplers/auto_pc/inst/gen_axilite.gen_b2s_conv.axilite_b2s/WR.b_channel_0/bid_fifo_0/bresp_cnt_reg[7]
    SLICE_X31Y102        LUT2 (Prop_lut2_I1_O)        0.124     7.712 r  design_1_i/ps7_0_axi_periph/s00_couplers/auto_pc/inst/gen_axilite.gen_b2s_conv.axilite_b2s/WR.b_channel_0/bid_fifo_0/bresp_cnt[7]_i_1/O
                         net (fo=8, routed)           0.724     8.436    design_1_i/ps7_0_axi_periph/s00_couplers/auto_pc/inst/gen_axilite.gen_b2s_conv.axilite_b2s/WR.b_channel_0/s_bresp_acc0
    SLICE_X32Y103        FDRE                                         r  design_1_i/ps7_0_axi_periph/s00_couplers/auto_pc/inst/gen_axilite.gen_b2s_conv.axilite_b2s/WR.b_channel_0/bresp_cnt_reg[6]/R
  -------------------------------------------------------------------    -------------------

                         (clock clk_fpga_0 rise edge)
                                                     10.000    10.000 r  
    PS7_X0Y0             PS7                          0.000    10.000 r  design_1_i/processing_system7_0/inst/PS7_i/FCLKCLK[0]
                         net (fo=1, routed)           1.088    11.088    design_1_i/processing_system7_0/inst/FCLK_CLK_unbuffered[0]
    BUFGCTRL_X0Y16       BUFG (Prop_bufg_I_O)         0.091    11.179 r  design_1_i/processing_system7_0/inst/buffer_fclk_clk_0.FCLK_CLK_0_BUFG/O
                         net (fo=619, routed)         1.653    12.832    design_1_i/ps7_0_axi_periph/s00_couplers/auto_pc/inst/gen_axilite.gen_b2s_conv.axilite_b2s/WR.b_channel_0/aclk
    SLICE_X32Y103        FDRE                                         r  design_1_i/ps7_0_axi_periph/s00_couplers/auto_pc/inst/gen_axilite.gen_b2s_conv.axilite_b2s/WR.b_channel_0/bresp_cnt_reg[6]/C
                         clock pessimism              0.247    13.079    
                         clock uncertainty           -0.154    12.925    
    SLICE_X32Y103        FDRE (Setup_fdre_C_R)       -0.524    12.401    design_1_i/ps7_0_axi_periph/s00_couplers/auto_pc/inst/gen_axilite.gen_b2s_conv.axilite_b2s/WR.b_channel_0/bresp_cnt_reg[6]
  -------------------------------------------------------------------
                         required time                         12.401    
                         arrival time                          -8.436    
  -------------------------------------------------------------------
                         slack                                  3.965    

Slack (MET) :             3.965ns  (required time - arrival time)
  Source:                 design_1_i/ps7_0_axi_periph/s00_couplers/auto_pc/inst/gen_axilite.gen_b2s_conv.axilite_b2s/WR.b_channel_0/bid_fifo_0/cnt_read_reg[1]/C
                            (rising edge-triggered cell FDSE clocked by clk_fpga_0  {rise@0.000ns fall@5.000ns period=10.000ns})
  Destination:            design_1_i/ps7_0_axi_periph/s00_couplers/auto_pc/inst/gen_axilite.gen_b2s_conv.axilite_b2s/WR.b_channel_0/bresp_cnt_reg[7]/R
                            (rising edge-triggered cell FDRE clocked by clk_fpga_0  {rise@0.000ns fall@5.000ns period=10.000ns})
  Path Group:             clk_fpga_0
  Path Type:              Setup (Max at Slow Process Corner)
  Requirement:            10.000ns  (clk_fpga_0 rise@10.000ns - clk_fpga_0 rise@0.000ns)
  Data Path Delay:        5.250ns  (logic 1.269ns (24.173%)  route 3.981ns (75.827%))
  Logic Levels:           5  (LUT2=1 LUT5=1 LUT6=2 SRL16E=1)
  Clock Path Skew:        -0.107ns (DCD - SCD + CPR)
    Destination Clock Delay (DCD):    2.832ns = ( 12.832 - 10.000 ) 
    Source Clock Delay      (SCD):    3.186ns
    Clock Pessimism Removal (CPR):    0.247ns
  Clock Uncertainty:      0.154ns  ((TSJ^2 + TIJ^2)^1/2 + DJ) / 2 + PE
    Total System Jitter     (TSJ):    0.071ns
    Total Input Jitter      (TIJ):    0.300ns
    Discrete Jitter          (DJ):    0.000ns
    Phase Error              (PE):    0.000ns

    Location             Delay type                Incr(ns)  Path(ns)    Netlist Resource(s)
  -------------------------------------------------------------------    -------------------
                         (clock clk_fpga_0 rise edge)
                                                      0.000     0.000 r  
    PS7_X0Y0             PS7                          0.000     0.000 r  design_1_i/processing_system7_0/inst/PS7_i/FCLKCLK[0]
                         net (fo=1, routed)           1.193     1.193    design_1_i/processing_system7_0/inst/FCLK_CLK_unbuffered[0]
    BUFGCTRL_X0Y16       BUFG (Prop_bufg_I_O)         0.101     1.294 r  design_1_i/processing_system7_0/inst/buffer_fclk_clk_0.FCLK_CLK_0_BUFG/O
                         net (fo=619, routed)         1.892     3.186    design_1_i/ps7_0_axi_periph/s00_couplers/auto_pc/inst/gen_axilite.gen_b2s_conv.axilite_b2s/WR.b_channel_0/bid_fifo_0/aclk
    SLICE_X30Y101        FDSE                                         r  design_1_i/ps7_0_axi_periph/s00_couplers/auto_pc/inst/gen_axilite.gen_b2s_conv.axilite_b2s/WR.b_channel_0/bid_fifo_0/cnt_read_reg[1]/C
  -------------------------------------------------------------------    -------------------
    SLICE_X30Y101        FDSE (Prop_fdse_C_Q)         0.478     3.664 r  design_1_i/ps7_0_axi_periph/s00_couplers/auto_pc/inst/gen_axilite.gen_b2s_conv.axilite_b2s/WR.b_channel_0/bid_fifo_0/cnt_read_reg[1]/Q
                         net (fo=21, routed)          1.043     4.707    design_1_i/ps7_0_axi_periph/s00_couplers/auto_pc/inst/gen_axilite.gen_b2s_conv.axilite_b2s/WR.b_channel_0/bid_fifo_0/addr[1]
    SLICE_X30Y103        SRL16E (Prop_srl16e_A1_Q)    0.295     5.002 r  design_1_i/ps7_0_axi_periph/s00_couplers/auto_pc/inst/gen_axilite.gen_b2s_conv.axilite_b2s/WR.b_channel_0/bid_fifo_0/memory_reg[3][2]_srl4/Q
                         net (fo=1, routed)           0.483     5.486    design_1_i/ps7_0_axi_periph/s00_couplers/auto_pc/inst/gen_axilite.gen_b2s_conv.axilite_b2s/WR.b_channel_0/bid_fifo_0/memory_reg[3][2]_srl4_n_0
    SLICE_X31Y103        LUT6 (Prop_lut6_I3_O)        0.124     5.610 f  design_1_i/ps7_0_axi_periph/s00_couplers/auto_pc/inst/gen_axilite.gen_b2s_conv.axilite_b2s/WR.b_channel_0/bid_fifo_0/cnt_read[1]_i_4/O
                         net (fo=1, routed)           0.592     6.202    design_1_i/ps7_0_axi_periph/s00_couplers/auto_pc/inst/gen_axilite.gen_b2s_conv.axilite_b2s/WR.b_channel_0/bid_fifo_0/cnt_read[1]_i_4_n_0
    SLICE_X32Y103        LUT5 (Prop_lut5_I4_O)        0.124     6.326 f  design_1_i/ps7_0_axi_periph/s00_couplers/auto_pc/inst/gen_axilite.gen_b2s_conv.axilite_b2s/WR.b_channel_0/bid_fifo_0/cnt_read[1]_i_3/O
                         net (fo=1, routed)           0.493     6.819    design_1_i/ps7_0_axi_periph/s00_couplers/auto_pc/inst/gen_axilite.gen_b2s_conv.axilite_b2s/WR.b_channel_0/bid_fifo_0/cnt_read[1]_i_3_n_0
    SLICE_X32Y103        LUT6 (Prop_lut6_I0_O)        0.124     6.943 f  design_1_i/ps7_0_axi_periph/s00_couplers/auto_pc/inst/gen_axilite.gen_b2s_conv.axilite_b2s/WR.b_channel_0/bid_fifo_0/cnt_read[1]_i_2/O
                         net (fo=3, routed)           0.645     7.588    design_1_i/ps7_0_axi_periph/s00_couplers/auto_pc/inst/gen_axilite.gen_b2s_conv.axilite_b2s/WR.b_channel_0/bid_fifo_0/bresp_cnt_reg[7]
    SLICE_X31Y102        LUT2 (Prop_lut2_I1_O)        0.124     7.712 r  design_1_i/ps7_0_axi_periph/s00_couplers/auto_pc/inst/gen_axilite.gen_b2s_conv.axilite_b2s/WR.b_channel_0/bid_fifo_0/bresp_cnt[7]_i_1/O
                         net (fo=8, routed)           0.724     8.436    design_1_i/ps7_0_axi_periph/s00_couplers/auto_pc/inst/gen_axilite.gen_b2s_conv.axilite_b2s/WR.b_channel_0/s_bresp_acc0
    SLICE_X32Y103        FDRE                                         r  design_1_i/ps7_0_axi_periph/s00_couplers/auto_pc/inst/gen_axilite.gen_b2s_conv.axilite_b2s/WR.b_channel_0/bresp_cnt_reg[7]/R
  -------------------------------------------------------------------    -------------------

                         (clock clk_fpga_0 rise edge)
                                                     10.000    10.000 r  
    PS7_X0Y0             PS7                          0.000    10.000 r  design_1_i/processing_system7_0/inst/PS7_i/FCLKCLK[0]
                         net (fo=1, routed)           1.088    11.088    design_1_i/processing_system7_0/inst/FCLK_CLK_unbuffered[0]
    BUFGCTRL_X0Y16       BUFG (Prop_bufg_I_O)         0.091    11.179 r  design_1_i/processing_system7_0/inst/buffer_fclk_clk_0.FCLK_CLK_0_BUFG/O
                         net (fo=619, routed)         1.653    12.832    design_1_i/ps7_0_axi_periph/s00_couplers/auto_pc/inst/gen_axilite.gen_b2s_conv.axilite_b2s/WR.b_channel_0/aclk
    SLICE_X32Y103        FDRE                                         r  design_1_i/ps7_0_axi_periph/s00_couplers/auto_pc/inst/gen_axilite.gen_b2s_conv.axilite_b2s/WR.b_channel_0/bresp_cnt_reg[7]/C
                         clock pessimism              0.247    13.079    
                         clock uncertainty           -0.154    12.925    
    SLICE_X32Y103        FDRE (Setup_fdre_C_R)       -0.524    12.401    design_1_i/ps7_0_axi_periph/s00_couplers/auto_pc/inst/gen_axilite.gen_b2s_conv.axilite_b2s/WR.b_channel_0/bresp_cnt_reg[7]
  -------------------------------------------------------------------
                         required time                         12.401    
                         arrival time                          -8.436    
  -------------------------------------------------------------------
                         slack                                  3.965    

Slack (MET) :             4.233ns  (required time - arrival time)
  Source:                 design_1_i/ps7_0_axi_periph/s00_couplers/auto_pc/inst/gen_axilite.gen_b2s_conv.axilite_b2s/WR.b_channel_0/bid_fifo_0/cnt_read_reg[1]/C
                            (rising edge-triggered cell FDSE clocked by clk_fpga_0  {rise@0.000ns fall@5.000ns period=10.000ns})
  Destination:            design_1_i/ps7_0_axi_periph/s00_couplers/auto_pc/inst/gen_axilite.gen_b2s_conv.axilite_b2s/WR.b_channel_0/bresp_cnt_reg[0]/R
                            (rising edge-triggered cell FDRE clocked by clk_fpga_0  {rise@0.000ns fall@5.000ns period=10.000ns})
  Path Group:             clk_fpga_0
  Path Type:              Setup (Max at Slow Process Corner)
  Requirement:            10.000ns  (clk_fpga_0 rise@10.000ns - clk_fpga_0 rise@0.000ns)
  Data Path Delay:        5.157ns  (logic 1.269ns (24.605%)  route 3.888ns (75.395%))
  Logic Levels:           5  (LUT2=1 LUT5=1 LUT6=2 SRL16E=1)
  Clock Path Skew:        -0.026ns (DCD - SCD + CPR)
    Destination Clock Delay (DCD):    2.878ns = ( 12.878 - 10.000 ) 
    Source Clock Delay      (SCD):    3.186ns
    Clock Pessimism Removal (CPR):    0.282ns
  Clock Uncertainty:      0.154ns  ((TSJ^2 + TIJ^2)^1/2 + DJ) / 2 + PE
    Total System Jitter     (TSJ):    0.071ns
    Total Input Jitter      (TIJ):    0.300ns
    Discrete Jitter          (DJ):    0.000ns
    Phase Error              (PE):    0.000ns

    Location             Delay type                Incr(ns)  Path(ns)    Netlist Resource(s)
  -------------------------------------------------------------------    -------------------
                         (clock clk_fpga_0 rise edge)
                                                      0.000     0.000 r  
    PS7_X0Y0             PS7                          0.000     0.000 r  design_1_i/processing_system7_0/inst/PS7_i/FCLKCLK[0]
                         net (fo=1, routed)           1.193     1.193    design_1_i/processing_system7_0/inst/FCLK_CLK_unbuffered[0]
    BUFGCTRL_X0Y16       BUFG (Prop_bufg_I_O)         0.101     1.294 r  design_1_i/processing_system7_0/inst/buffer_fclk_clk_0.FCLK_CLK_0_BUFG/O
                         net (fo=619, routed)         1.892     3.186    design_1_i/ps7_0_axi_periph/s00_couplers/auto_pc/inst/gen_axilite.gen_b2s_conv.axilite_b2s/WR.b_channel_0/bid_fifo_0/aclk
    SLICE_X30Y101        FDSE                                         r  design_1_i/ps7_0_axi_periph/s00_couplers/auto_pc/inst/gen_axilite.gen_b2s_conv.axilite_b2s/WR.b_channel_0/bid_fifo_0/cnt_read_reg[1]/C
  -------------------------------------------------------------------    -------------------
    SLICE_X30Y101        FDSE (Prop_fdse_C_Q)         0.478     3.664 r  design_1_i/ps7_0_axi_periph/s00_couplers/auto_pc/inst/gen_axilite.gen_b2s_conv.axilite_b2s/WR.b_channel_0/bid_fifo_0/cnt_read_reg[1]/Q
                         net (fo=21, routed)          1.043     4.707    design_1_i/ps7_0_axi_periph/s00_couplers/auto_pc/inst/gen_axilite.gen_b2s_conv.axilite_b2s/WR.b_channel_0/bid_fifo_0/addr[1]
    SLICE_X30Y103        SRL16E (Prop_srl16e_A1_Q)    0.295     5.002 r  design_1_i/ps7_0_axi_periph/s00_couplers/auto_pc/inst/gen_axilite.gen_b2s_conv.axilite_b2s/WR.b_channel_0/bid_fifo_0/memory_reg[3][2]_srl4/Q
                         net (fo=1, routed)           0.483     5.486    design_1_i/ps7_0_axi_periph/s00_couplers/auto_pc/inst/gen_axilite.gen_b2s_conv.axilite_b2s/WR.b_channel_0/bid_fifo_0/memory_reg[3][2]_srl4_n_0
    SLICE_X31Y103        LUT6 (Prop_lut6_I3_O)        0.124     5.610 f  design_1_i/ps7_0_axi_periph/s00_couplers/auto_pc/inst/gen_axilite.gen_b2s_conv.axilite_b2s/WR.b_channel_0/bid_fifo_0/cnt_read[1]_i_4/O
                         net (fo=1, routed)           0.592     6.202    design_1_i/ps7_0_axi_periph/s00_couplers/auto_pc/inst/gen_axilite.gen_b2s_conv.axilite_b2s/WR.b_channel_0/bid_fifo_0/cnt_read[1]_i_4_n_0
    SLICE_X32Y103        LUT5 (Prop_lut5_I4_O)        0.124     6.326 f  design_1_i/ps7_0_axi_periph/s00_couplers/auto_pc/inst/gen_axilite.gen_b2s_conv.axilite_b2s/WR.b_channel_0/bid_fifo_0/cnt_read[1]_i_3/O
                         net (fo=1, routed)           0.493     6.819    design_1_i/ps7_0_axi_periph/s00_couplers/auto_pc/inst/gen_axilite.gen_b2s_conv.axilite_b2s/WR.b_channel_0/bid_fifo_0/cnt_read[1]_i_3_n_0
    SLICE_X32Y103        LUT6 (Prop_lut6_I0_O)        0.124     6.943 f  design_1_i/ps7_0_axi_periph/s00_couplers/auto_pc/inst/gen_axilite.gen_b2s_conv.axilite_b2s/WR.b_channel_0/bid_fifo_0/cnt_read[1]_i_2/O
                         net (fo=3, routed)           0.645     7.588    design_1_i/ps7_0_axi_periph/s00_couplers/auto_pc/inst/gen_axilite.gen_b2s_conv.axilite_b2s/WR.b_channel_0/bid_fifo_0/bresp_cnt_reg[7]
    SLICE_X31Y102        LUT2 (Prop_lut2_I1_O)        0.124     7.712 r  design_1_i/ps7_0_axi_periph/s00_couplers/auto_pc/inst/gen_axilite.gen_b2s_conv.axilite_b2s/WR.b_channel_0/bid_fifo_0/bresp_cnt[7]_i_1/O
                         net (fo=8, routed)           0.632     8.343    design_1_i/ps7_0_axi_periph/s00_couplers/auto_pc/inst/gen_axilite.gen_b2s_conv.axilite_b2s/WR.b_channel_0/s_bresp_acc0
    SLICE_X31Y104        FDRE                                         r  design_1_i/ps7_0_axi_periph/s00_couplers/auto_pc/inst/gen_axilite.gen_b2s_conv.axilite_b2s/WR.b_channel_0/bresp_cnt_reg[0]/R
  -------------------------------------------------------------------    -------------------

                         (clock clk_fpga_0 rise edge)
                                                     10.000    10.000 r  
    PS7_X0Y0             PS7                          0.000    10.000 r  design_1_i/processing_system7_0/inst/PS7_i/FCLKCLK[0]
                         net (fo=1, routed)           1.088    11.088    design_1_i/processing_system7_0/inst/FCLK_CLK_unbuffered[0]
    BUFGCTRL_X0Y16       BUFG (Prop_bufg_I_O)         0.091    11.179 r  design_1_i/processing_system7_0/inst/buffer_fclk_clk_0.FCLK_CLK_0_BUFG/O
                         net (fo=619, routed)         1.699    12.878    design_1_i/ps7_0_axi_periph/s00_couplers/auto_pc/inst/gen_axilite.gen_b2s_conv.axilite_b2s/WR.b_channel_0/aclk
    SLICE_X31Y104        FDRE                                         r  design_1_i/ps7_0_axi_periph/s00_couplers/auto_pc/inst/gen_axilite.gen_b2s_conv.axilite_b2s/WR.b_channel_0/bresp_cnt_reg[0]/C
                         clock pessimism              0.282    13.160    
                         clock uncertainty           -0.154    13.006    
    SLICE_X31Y104        FDRE (Setup_fdre_C_R)       -0.429    12.577    design_1_i/ps7_0_axi_periph/s00_couplers/auto_pc/inst/gen_axilite.gen_b2s_conv.axilite_b2s/WR.b_channel_0/bresp_cnt_reg[0]
  -------------------------------------------------------------------
                         required time                         12.577    
                         arrival time                          -8.343    
  -------------------------------------------------------------------
                         slack                                  4.233    

Slack (MET) :             4.233ns  (required time - arrival time)
  Source:                 design_1_i/ps7_0_axi_periph/s00_couplers/auto_pc/inst/gen_axilite.gen_b2s_conv.axilite_b2s/WR.b_channel_0/bid_fifo_0/cnt_read_reg[1]/C
                            (rising edge-triggered cell FDSE clocked by clk_fpga_0  {rise@0.000ns fall@5.000ns period=10.000ns})
  Destination:            design_1_i/ps7_0_axi_periph/s00_couplers/auto_pc/inst/gen_axilite.gen_b2s_conv.axilite_b2s/WR.b_channel_0/bresp_cnt_reg[1]/R
                            (rising edge-triggered cell FDRE clocked by clk_fpga_0  {rise@0.000ns fall@5.000ns period=10.000ns})
  Path Group:             clk_fpga_0
  Path Type:              Setup (Max at Slow Process Corner)
  Requirement:            10.000ns  (clk_fpga_0 rise@10.000ns - clk_fpga_0 rise@0.000ns)
  Data Path Delay:        5.157ns  (logic 1.269ns (24.605%)  route 3.888ns (75.395%))
  Logic Levels:           5  (LUT2=1 LUT5=1 LUT6=2 SRL16E=1)
  Clock Path Skew:        -0.026ns (DCD - SCD + CPR)
    Destination Clock Delay (DCD):    2.878ns = ( 12.878 - 10.000 ) 
    Source Clock Delay      (SCD):    3.186ns
    Clock Pessimism Removal (CPR):    0.282ns
  Clock Uncertainty:      0.154ns  ((TSJ^2 + TIJ^2)^1/2 + DJ) / 2 + PE
    Total System Jitter     (TSJ):    0.071ns
    Total Input Jitter      (TIJ):    0.300ns
    Discrete Jitter          (DJ):    0.000ns
    Phase Error              (PE):    0.000ns

    Location             Delay type                Incr(ns)  Path(ns)    Netlist Resource(s)
  -------------------------------------------------------------------    -------------------
                         (clock clk_fpga_0 rise edge)
                                                      0.000     0.000 r  
    PS7_X0Y0             PS7                          0.000     0.000 r  design_1_i/processing_system7_0/inst/PS7_i/FCLKCLK[0]
                         net (fo=1, routed)           1.193     1.193    design_1_i/processing_system7_0/inst/FCLK_CLK_unbuffered[0]
    BUFGCTRL_X0Y16       BUFG (Prop_bufg_I_O)         0.101     1.294 r  design_1_i/processing_system7_0/inst/buffer_fclk_clk_0.FCLK_CLK_0_BUFG/O
                         net (fo=619, routed)         1.892     3.186    design_1_i/ps7_0_axi_periph/s00_couplers/auto_pc/inst/gen_axilite.gen_b2s_conv.axilite_b2s/WR.b_channel_0/bid_fifo_0/aclk
    SLICE_X30Y101        FDSE                                         r  design_1_i/ps7_0_axi_periph/s00_couplers/auto_pc/inst/gen_axilite.gen_b2s_conv.axilite_b2s/WR.b_channel_0/bid_fifo_0/cnt_read_reg[1]/C
  -------------------------------------------------------------------    -------------------
    SLICE_X30Y101        FDSE (Prop_fdse_C_Q)         0.478     3.664 r  design_1_i/ps7_0_axi_periph/s00_couplers/auto_pc/inst/gen_axilite.gen_b2s_conv.axilite_b2s/WR.b_channel_0/bid_fifo_0/cnt_read_reg[1]/Q
                         net (fo=21, routed)          1.043     4.707    design_1_i/ps7_0_axi_periph/s00_couplers/auto_pc/inst/gen_axilite.gen_b2s_conv.axilite_b2s/WR.b_channel_0/bid_fifo_0/addr[1]
    SLICE_X30Y103        SRL16E (Prop_srl16e_A1_Q)    0.295     5.002 r  design_1_i/ps7_0_axi_periph/s00_couplers/auto_pc/inst/gen_axilite.gen_b2s_conv.axilite_b2s/WR.b_channel_0/bid_fifo_0/memory_reg[3][2]_srl4/Q
                         net (fo=1, routed)           0.483     5.486    design_1_i/ps7_0_axi_periph/s00_couplers/auto_pc/inst/gen_axilite.gen_b2s_conv.axilite_b2s/WR.b_channel_0/bid_fifo_0/memory_reg[3][2]_srl4_n_0
    SLICE_X31Y103        LUT6 (Prop_lut6_I3_O)        0.124     5.610 f  design_1_i/ps7_0_axi_periph/s00_couplers/auto_pc/inst/gen_axilite.gen_b2s_conv.axilite_b2s/WR.b_channel_0/bid_fifo_0/cnt_read[1]_i_4/O
                         net (fo=1, routed)           0.592     6.202    design_1_i/ps7_0_axi_periph/s00_couplers/auto_pc/inst/gen_axilite.gen_b2s_conv.axilite_b2s/WR.b_channel_0/bid_fifo_0/cnt_read[1]_i_4_n_0
    SLICE_X32Y103        LUT5 (Prop_lut5_I4_O)        0.124     6.326 f  design_1_i/ps7_0_axi_periph/s00_couplers/auto_pc/inst/gen_axilite.gen_b2s_conv.axilite_b2s/WR.b_channel_0/bid_fifo_0/cnt_read[1]_i_3/O
                         net (fo=1, routed)           0.493     6.819    design_1_i/ps7_0_axi_periph/s00_couplers/auto_pc/inst/gen_axilite.gen_b2s_conv.axilite_b2s/WR.b_channel_0/bid_fifo_0/cnt_read[1]_i_3_n_0
    SLICE_X32Y103        LUT6 (Prop_lut6_I0_O)        0.124     6.943 f  design_1_i/ps7_0_axi_periph/s00_couplers/auto_pc/inst/gen_axilite.gen_b2s_conv.axilite_b2s/WR.b_channel_0/bid_fifo_0/cnt_read[1]_i_2/O
                         net (fo=3, routed)           0.645     7.588    design_1_i/ps7_0_axi_periph/s00_couplers/auto_pc/inst/gen_axilite.gen_b2s_conv.axilite_b2s/WR.b_channel_0/bid_fifo_0/bresp_cnt_reg[7]
    SLICE_X31Y102        LUT2 (Prop_lut2_I1_O)        0.124     7.712 r  design_1_i/ps7_0_axi_periph/s00_couplers/auto_pc/inst/gen_axilite.gen_b2s_conv.axilite_b2s/WR.b_channel_0/bid_fifo_0/bresp_cnt[7]_i_1/O
                         net (fo=8, routed)           0.632     8.343    design_1_i/ps7_0_axi_periph/s00_couplers/auto_pc/inst/gen_axilite.gen_b2s_conv.axilite_b2s/WR.b_channel_0/s_bresp_acc0
    SLICE_X31Y104        FDRE                                         r  design_1_i/ps7_0_axi_periph/s00_couplers/auto_pc/inst/gen_axilite.gen_b2s_conv.axilite_b2s/WR.b_channel_0/bresp_cnt_reg[1]/R
  -------------------------------------------------------------------    -------------------

                         (clock clk_fpga_0 rise edge)
                                                     10.000    10.000 r  
    PS7_X0Y0             PS7                          0.000    10.000 r  design_1_i/processing_system7_0/inst/PS7_i/FCLKCLK[0]
                         net (fo=1, routed)           1.088    11.088    design_1_i/processing_system7_0/inst/FCLK_CLK_unbuffered[0]
    BUFGCTRL_X0Y16       BUFG (Prop_bufg_I_O)         0.091    11.179 r  design_1_i/processing_system7_0/inst/buffer_fclk_clk_0.FCLK_CLK_0_BUFG/O
                         net (fo=619, routed)         1.699    12.878    design_1_i/ps7_0_axi_periph/s00_couplers/auto_pc/inst/gen_axilite.gen_b2s_conv.axilite_b2s/WR.b_channel_0/aclk
    SLICE_X31Y104        FDRE                                         r  design_1_i/ps7_0_axi_periph/s00_couplers/auto_pc/inst/gen_axilite.gen_b2s_conv.axilite_b2s/WR.b_channel_0/bresp_cnt_reg[1]/C
                         clock pessimism              0.282    13.160    
                         clock uncertainty           -0.154    13.006    
    SLICE_X31Y104        FDRE (Setup_fdre_C_R)       -0.429    12.577    design_1_i/ps7_0_axi_periph/s00_couplers/auto_pc/inst/gen_axilite.gen_b2s_conv.axilite_b2s/WR.b_channel_0/bresp_cnt_reg[1]
  -------------------------------------------------------------------
                         required time                         12.577    
                         arrival time                          -8.343    
  -------------------------------------------------------------------
                         slack                                  4.233    

Slack (MET) :             4.233ns  (required time - arrival time)
  Source:                 design_1_i/ps7_0_axi_periph/s00_couplers/auto_pc/inst/gen_axilite.gen_b2s_conv.axilite_b2s/WR.b_channel_0/bid_fifo_0/cnt_read_reg[1]/C
                            (rising edge-triggered cell FDSE clocked by clk_fpga_0  {rise@0.000ns fall@5.000ns period=10.000ns})
  Destination:            design_1_i/ps7_0_axi_periph/s00_couplers/auto_pc/inst/gen_axilite.gen_b2s_conv.axilite_b2s/WR.b_channel_0/bresp_cnt_reg[2]/R
                            (rising edge-triggered cell FDRE clocked by clk_fpga_0  {rise@0.000ns fall@5.000ns period=10.000ns})
  Path Group:             clk_fpga_0
  Path Type:              Setup (Max at Slow Process Corner)
  Requirement:            10.000ns  (clk_fpga_0 rise@10.000ns - clk_fpga_0 rise@0.000ns)
  Data Path Delay:        5.157ns  (logic 1.269ns (24.605%)  route 3.888ns (75.395%))
  Logic Levels:           5  (LUT2=1 LUT5=1 LUT6=2 SRL16E=1)
  Clock Path Skew:        -0.026ns (DCD - SCD + CPR)
    Destination Clock Delay (DCD):    2.878ns = ( 12.878 - 10.000 ) 
    Source Clock Delay      (SCD):    3.186ns
    Clock Pessimism Removal (CPR):    0.282ns
  Clock Uncertainty:      0.154ns  ((TSJ^2 + TIJ^2)^1/2 + DJ) / 2 + PE
    Total System Jitter     (TSJ):    0.071ns
    Total Input Jitter      (TIJ):    0.300ns
    Discrete Jitter          (DJ):    0.000ns
    Phase Error              (PE):    0.000ns

    Location             Delay type                Incr(ns)  Path(ns)    Netlist Resource(s)
  -------------------------------------------------------------------    -------------------
                         (clock clk_fpga_0 rise edge)
                                                      0.000     0.000 r  
    PS7_X0Y0             PS7                          0.000     0.000 r  design_1_i/processing_system7_0/inst/PS7_i/FCLKCLK[0]
                         net (fo=1, routed)           1.193     1.193    design_1_i/processing_system7_0/inst/FCLK_CLK_unbuffered[0]
    BUFGCTRL_X0Y16       BUFG (Prop_bufg_I_O)         0.101     1.294 r  design_1_i/processing_system7_0/inst/buffer_fclk_clk_0.FCLK_CLK_0_BUFG/O
                         net (fo=619, routed)         1.892     3.186    design_1_i/ps7_0_axi_periph/s00_couplers/auto_pc/inst/gen_axilite.gen_b2s_conv.axilite_b2s/WR.b_channel_0/bid_fifo_0/aclk
    SLICE_X30Y101        FDSE                                         r  design_1_i/ps7_0_axi_periph/s00_couplers/auto_pc/inst/gen_axilite.gen_b2s_conv.axilite_b2s/WR.b_channel_0/bid_fifo_0/cnt_read_reg[1]/C
  -------------------------------------------------------------------    -------------------
    SLICE_X30Y101        FDSE (Prop_fdse_C_Q)         0.478     3.664 r  design_1_i/ps7_0_axi_periph/s00_couplers/auto_pc/inst/gen_axilite.gen_b2s_conv.axilite_b2s/WR.b_channel_0/bid_fifo_0/cnt_read_reg[1]/Q
                         net (fo=21, routed)          1.043     4.707    design_1_i/ps7_0_axi_periph/s00_couplers/auto_pc/inst/gen_axilite.gen_b2s_conv.axilite_b2s/WR.b_channel_0/bid_fifo_0/addr[1]
    SLICE_X30Y103        SRL16E (Prop_srl16e_A1_Q)    0.295     5.002 r  design_1_i/ps7_0_axi_periph/s00_couplers/auto_pc/inst/gen_axilite.gen_b2s_conv.axilite_b2s/WR.b_channel_0/bid_fifo_0/memory_reg[3][2]_srl4/Q
                         net (fo=1, routed)           0.483     5.486    design_1_i/ps7_0_axi_periph/s00_couplers/auto_pc/inst/gen_axilite.gen_b2s_conv.axilite_b2s/WR.b_channel_0/bid_fifo_0/memory_reg[3][2]_srl4_n_0
    SLICE_X31Y103        LUT6 (Prop_lut6_I3_O)        0.124     5.610 f  design_1_i/ps7_0_axi_periph/s00_couplers/auto_pc/inst/gen_axilite.gen_b2s_conv.axilite_b2s/WR.b_channel_0/bid_fifo_0/cnt_read[1]_i_4/O
                         net (fo=1, routed)           0.592     6.202    design_1_i/ps7_0_axi_periph/s00_couplers/auto_pc/inst/gen_axilite.gen_b2s_conv.axilite_b2s/WR.b_channel_0/bid_fifo_0/cnt_read[1]_i_4_n_0
    SLICE_X32Y103        LUT5 (Prop_lut5_I4_O)        0.124     6.326 f  design_1_i/ps7_0_axi_periph/s00_couplers/auto_pc/inst/gen_axilite.gen_b2s_conv.axilite_b2s/WR.b_channel_0/bid_fifo_0/cnt_read[1]_i_3/O
                         net (fo=1, routed)           0.493     6.819    design_1_i/ps7_0_axi_periph/s00_couplers/auto_pc/inst/gen_axilite.gen_b2s_conv.axilite_b2s/WR.b_channel_0/bid_fifo_0/cnt_read[1]_i_3_n_0
    SLICE_X32Y103        LUT6 (Prop_lut6_I0_O)        0.124     6.943 f  design_1_i/ps7_0_axi_periph/s00_couplers/auto_pc/inst/gen_axilite.gen_b2s_conv.axilite_b2s/WR.b_channel_0/bid_fifo_0/cnt_read[1]_i_2/O
                         net (fo=3, routed)           0.645     7.588    design_1_i/ps7_0_axi_periph/s00_couplers/auto_pc/inst/gen_axilite.gen_b2s_conv.axilite_b2s/WR.b_channel_0/bid_fifo_0/bresp_cnt_reg[7]
    SLICE_X31Y102        LUT2 (Prop_lut2_I1_O)        0.124     7.712 r  design_1_i/ps7_0_axi_periph/s00_couplers/auto_pc/inst/gen_axilite.gen_b2s_conv.axilite_b2s/WR.b_channel_0/bid_fifo_0/bresp_cnt[7]_i_1/O
                         net (fo=8, routed)           0.632     8.343    design_1_i/ps7_0_axi_periph/s00_couplers/auto_pc/inst/gen_axilite.gen_b2s_conv.axilite_b2s/WR.b_channel_0/s_bresp_acc0
    SLICE_X31Y104        FDRE                                         r  design_1_i/ps7_0_axi_periph/s00_couplers/auto_pc/inst/gen_axilite.gen_b2s_conv.axilite_b2s/WR.b_channel_0/bresp_cnt_reg[2]/R
  -------------------------------------------------------------------    -------------------

                         (clock clk_fpga_0 rise edge)
                                                     10.000    10.000 r  
    PS7_X0Y0             PS7                          0.000    10.000 r  design_1_i/processing_system7_0/inst/PS7_i/FCLKCLK[0]
                         net (fo=1, routed)           1.088    11.088    design_1_i/processing_system7_0/inst/FCLK_CLK_unbuffered[0]
    BUFGCTRL_X0Y16       BUFG (Prop_bufg_I_O)         0.091    11.179 r  design_1_i/processing_system7_0/inst/buffer_fclk_clk_0.FCLK_CLK_0_BUFG/O
                         net (fo=619, routed)         1.699    12.878    design_1_i/ps7_0_axi_periph/s00_couplers/auto_pc/inst/gen_axilite.gen_b2s_conv.axilite_b2s/WR.b_channel_0/aclk
    SLICE_X31Y104        FDRE                                         r  design_1_i/ps7_0_axi_periph/s00_couplers/auto_pc/inst/gen_axilite.gen_b2s_conv.axilite_b2s/WR.b_channel_0/bresp_cnt_reg[2]/C
                         clock pessimism              0.282    13.160    
                         clock uncertainty           -0.154    13.006    
    SLICE_X31Y104        FDRE (Setup_fdre_C_R)       -0.429    12.577    design_1_i/ps7_0_axi_periph/s00_couplers/auto_pc/inst/gen_axilite.gen_b2s_conv.axilite_b2s/WR.b_channel_0/bresp_cnt_reg[2]
  -------------------------------------------------------------------
                         required time                         12.577    
                         arrival time                          -8.343    
  -------------------------------------------------------------------
                         slack                                  4.233    

Slack (MET) :             4.513ns  (required time - arrival time)
  Source:                 design_1_i/ps7_0_axi_periph/s00_couplers/auto_pc/inst/gen_axilite.gen_b2s_conv.axilite_b2s/WR.aw_channel_0/aw_cmd_fsm_0/FSM_sequential_state_reg[0]/C
                            (rising edge-triggered cell FDSE clocked by clk_fpga_0  {rise@0.000ns fall@5.000ns period=10.000ns})
  Destination:            design_1_i/eFPGA_AXI_Core1_0/U0/eFPGA_AXI_Core1_slave_lite_v1_0_S00_AXI_inst/slv_reg1_reg[0]/CE
                            (rising edge-triggered cell FDRE clocked by clk_fpga_0  {rise@0.000ns fall@5.000ns period=10.000ns})
  Path Group:             clk_fpga_0
  Path Type:              Setup (Max at Slow Process Corner)
  Requirement:            10.000ns  (clk_fpga_0 rise@10.000ns - clk_fpga_0 rise@0.000ns)
  Data Path Delay:        4.613ns  (logic 1.106ns (23.976%)  route 3.507ns (76.024%))
  Logic Levels:           3  (LUT2=1 LUT4=2)
  Clock Path Skew:        -0.307ns (DCD - SCD + CPR)
    Destination Clock Delay (DCD):    2.703ns = ( 12.703 - 10.000 ) 
    Source Clock Delay      (SCD):    3.139ns
    Clock Pessimism Removal (CPR):    0.129ns
  Clock Uncertainty:      0.154ns  ((TSJ^2 + TIJ^2)^1/2 + DJ) / 2 + PE
    Total System Jitter     (TSJ):    0.071ns
    Total Input Jitter      (TIJ):    0.300ns
    Discrete Jitter          (DJ):    0.000ns
    Phase Error              (PE):    0.000ns

    Location             Delay type                Incr(ns)  Path(ns)    Netlist Resource(s)
  -------------------------------------------------------------------    -------------------
                         (clock clk_fpga_0 rise edge)
                                                      0.000     0.000 r  
    PS7_X0Y0             PS7                          0.000     0.000 r  design_1_i/processing_system7_0/inst/PS7_i/FCLKCLK[0]
                         net (fo=1, routed)           1.193     1.193    design_1_i/processing_system7_0/inst/FCLK_CLK_unbuffered[0]
    BUFGCTRL_X0Y16       BUFG (Prop_bufg_I_O)         0.101     1.294 r  design_1_i/processing_system7_0/inst/buffer_fclk_clk_0.FCLK_CLK_0_BUFG/O
                         net (fo=619, routed)         1.845     3.139    design_1_i/ps7_0_axi_periph/s00_couplers/auto_pc/inst/gen_axilite.gen_b2s_conv.axilite_b2s/WR.aw_channel_0/aw_cmd_fsm_0/aclk
    SLICE_X33Y101        FDSE                                         r  design_1_i/ps7_0_axi_periph/s00_couplers/auto_pc/inst/gen_axilite.gen_b2s_conv.axilite_b2s/WR.aw_channel_0/aw_cmd_fsm_0/FSM_sequential_state_reg[0]/C
  -------------------------------------------------------------------    -------------------
    SLICE_X33Y101        FDSE (Prop_fdse_C_Q)         0.456     3.595 r  design_1_i/ps7_0_axi_periph/s00_couplers/auto_pc/inst/gen_axilite.gen_b2s_conv.axilite_b2s/WR.aw_channel_0/aw_cmd_fsm_0/FSM_sequential_state_reg[0]/Q
                         net (fo=29, routed)          0.706     4.301    design_1_i/ps7_0_axi_periph/s00_couplers/auto_pc/inst/gen_axilite.gen_b2s_conv.axilite_b2s/WR.aw_channel_0/aw_cmd_fsm_0/Q[0]
    SLICE_X32Y100        LUT2 (Prop_lut2_I0_O)        0.150     4.451 r  design_1_i/ps7_0_axi_periph/s00_couplers/auto_pc/inst/gen_axilite.gen_b2s_conv.axilite_b2s/WR.aw_channel_0/aw_cmd_fsm_0/m_axi_awvalid_INST_0/O
                         net (fo=7, routed)           0.909     5.360    design_1_i/eFPGA_AXI_Core1_0/U0/eFPGA_AXI_Core1_slave_lite_v1_0_S00_AXI_inst/s00_axi_awvalid
    SLICE_X28Y101        LUT4 (Prop_lut4_I0_O)        0.348     5.708 r  design_1_i/eFPGA_AXI_Core1_0/U0/eFPGA_AXI_Core1_slave_lite_v1_0_S00_AXI_inst/slv_reg0[31]_i_2/O
                         net (fo=12, routed)          1.129     6.838    design_1_i/eFPGA_AXI_Core1_0/U0/eFPGA_AXI_Core1_slave_lite_v1_0_S00_AXI_inst/slv_reg_wren__2
    SLICE_X28Y96         LUT4 (Prop_lut4_I0_O)        0.152     6.990 r  design_1_i/eFPGA_AXI_Core1_0/U0/eFPGA_AXI_Core1_slave_lite_v1_0_S00_AXI_inst/slv_reg1[7]_i_1/O
                         net (fo=8, routed)           0.762     7.752    design_1_i/eFPGA_AXI_Core1_0/U0/eFPGA_AXI_Core1_slave_lite_v1_0_S00_AXI_inst/slv_reg1[7]_i_1_n_0
    SLICE_X31Y92         FDRE                                         r  design_1_i/eFPGA_AXI_Core1_0/U0/eFPGA_AXI_Core1_slave_lite_v1_0_S00_AXI_inst/slv_reg1_reg[0]/CE
  -------------------------------------------------------------------    -------------------

                         (clock clk_fpga_0 rise edge)
                                                     10.000    10.000 r  
    PS7_X0Y0             PS7                          0.000    10.000 r  design_1_i/processing_system7_0/inst/PS7_i/FCLKCLK[0]
                         net (fo=1, routed)           1.088    11.088    design_1_i/processing_system7_0/inst/FCLK_CLK_unbuffered[0]
    BUFGCTRL_X0Y16       BUFG (Prop_bufg_I_O)         0.091    11.179 r  design_1_i/processing_system7_0/inst/buffer_fclk_clk_0.FCLK_CLK_0_BUFG/O
                         net (fo=619, routed)         1.524    12.703    design_1_i/eFPGA_AXI_Core1_0/U0/eFPGA_AXI_Core1_slave_lite_v1_0_S00_AXI_inst/s00_axi_aclk
    SLICE_X31Y92         FDRE                                         r  design_1_i/eFPGA_AXI_Core1_0/U0/eFPGA_AXI_Core1_slave_lite_v1_0_S00_AXI_inst/slv_reg1_reg[0]/C
                         clock pessimism              0.129    12.832    
                         clock uncertainty           -0.154    12.678    
    SLICE_X31Y92         FDRE (Setup_fdre_C_CE)      -0.413    12.265    design_1_i/eFPGA_AXI_Core1_0/U0/eFPGA_AXI_Core1_slave_lite_v1_0_S00_AXI_inst/slv_reg1_reg[0]
  -------------------------------------------------------------------
                         required time                         12.265    
                         arrival time                          -7.752    
  -------------------------------------------------------------------
                         slack                                  4.513    

Slack (MET) :             4.513ns  (required time - arrival time)
  Source:                 design_1_i/ps7_0_axi_periph/s00_couplers/auto_pc/inst/gen_axilite.gen_b2s_conv.axilite_b2s/WR.aw_channel_0/aw_cmd_fsm_0/FSM_sequential_state_reg[0]/C
                            (rising edge-triggered cell FDSE clocked by clk_fpga_0  {rise@0.000ns fall@5.000ns period=10.000ns})
  Destination:            design_1_i/eFPGA_AXI_Core1_0/U0/eFPGA_AXI_Core1_slave_lite_v1_0_S00_AXI_inst/slv_reg1_reg[1]/CE
                            (rising edge-triggered cell FDRE clocked by clk_fpga_0  {rise@0.000ns fall@5.000ns period=10.000ns})
  Path Group:             clk_fpga_0
  Path Type:              Setup (Max at Slow Process Corner)
  Requirement:            10.000ns  (clk_fpga_0 rise@10.000ns - clk_fpga_0 rise@0.000ns)
  Data Path Delay:        4.613ns  (logic 1.106ns (23.976%)  route 3.507ns (76.024%))
  Logic Levels:           3  (LUT2=1 LUT4=2)
  Clock Path Skew:        -0.307ns (DCD - SCD + CPR)
    Destination Clock Delay (DCD):    2.703ns = ( 12.703 - 10.000 ) 
    Source Clock Delay      (SCD):    3.139ns
    Clock Pessimism Removal (CPR):    0.129ns
  Clock Uncertainty:      0.154ns  ((TSJ^2 + TIJ^2)^1/2 + DJ) / 2 + PE
    Total System Jitter     (TSJ):    0.071ns
    Total Input Jitter      (TIJ):    0.300ns
    Discrete Jitter          (DJ):    0.000ns
    Phase Error              (PE):    0.000ns

    Location             Delay type                Incr(ns)  Path(ns)    Netlist Resource(s)
  -------------------------------------------------------------------    -------------------
                         (clock clk_fpga_0 rise edge)
                                                      0.000     0.000 r  
    PS7_X0Y0             PS7                          0.000     0.000 r  design_1_i/processing_system7_0/inst/PS7_i/FCLKCLK[0]
                         net (fo=1, routed)           1.193     1.193    design_1_i/processing_system7_0/inst/FCLK_CLK_unbuffered[0]
    BUFGCTRL_X0Y16       BUFG (Prop_bufg_I_O)         0.101     1.294 r  design_1_i/processing_system7_0/inst/buffer_fclk_clk_0.FCLK_CLK_0_BUFG/O
                         net (fo=619, routed)         1.845     3.139    design_1_i/ps7_0_axi_periph/s00_couplers/auto_pc/inst/gen_axilite.gen_b2s_conv.axilite_b2s/WR.aw_channel_0/aw_cmd_fsm_0/aclk
    SLICE_X33Y101        FDSE                                         r  design_1_i/ps7_0_axi_periph/s00_couplers/auto_pc/inst/gen_axilite.gen_b2s_conv.axilite_b2s/WR.aw_channel_0/aw_cmd_fsm_0/FSM_sequential_state_reg[0]/C
  -------------------------------------------------------------------    -------------------
    SLICE_X33Y101        FDSE (Prop_fdse_C_Q)         0.456     3.595 r  design_1_i/ps7_0_axi_periph/s00_couplers/auto_pc/inst/gen_axilite.gen_b2s_conv.axilite_b2s/WR.aw_channel_0/aw_cmd_fsm_0/FSM_sequential_state_reg[0]/Q
                         net (fo=29, routed)          0.706     4.301    design_1_i/ps7_0_axi_periph/s00_couplers/auto_pc/inst/gen_axilite.gen_b2s_conv.axilite_b2s/WR.aw_channel_0/aw_cmd_fsm_0/Q[0]
    SLICE_X32Y100        LUT2 (Prop_lut2_I0_O)        0.150     4.451 r  design_1_i/ps7_0_axi_periph/s00_couplers/auto_pc/inst/gen_axilite.gen_b2s_conv.axilite_b2s/WR.aw_channel_0/aw_cmd_fsm_0/m_axi_awvalid_INST_0/O
                         net (fo=7, routed)           0.909     5.360    design_1_i/eFPGA_AXI_Core1_0/U0/eFPGA_AXI_Core1_slave_lite_v1_0_S00_AXI_inst/s00_axi_awvalid
    SLICE_X28Y101        LUT4 (Prop_lut4_I0_O)        0.348     5.708 r  design_1_i/eFPGA_AXI_Core1_0/U0/eFPGA_AXI_Core1_slave_lite_v1_0_S00_AXI_inst/slv_reg0[31]_i_2/O
                         net (fo=12, routed)          1.129     6.838    design_1_i/eFPGA_AXI_Core1_0/U0/eFPGA_AXI_Core1_slave_lite_v1_0_S00_AXI_inst/slv_reg_wren__2
    SLICE_X28Y96         LUT4 (Prop_lut4_I0_O)        0.152     6.990 r  design_1_i/eFPGA_AXI_Core1_0/U0/eFPGA_AXI_Core1_slave_lite_v1_0_S00_AXI_inst/slv_reg1[7]_i_1/O
                         net (fo=8, routed)           0.762     7.752    design_1_i/eFPGA_AXI_Core1_0/U0/eFPGA_AXI_Core1_slave_lite_v1_0_S00_AXI_inst/slv_reg1[7]_i_1_n_0
    SLICE_X31Y92         FDRE                                         r  design_1_i/eFPGA_AXI_Core1_0/U0/eFPGA_AXI_Core1_slave_lite_v1_0_S00_AXI_inst/slv_reg1_reg[1]/CE
  -------------------------------------------------------------------    -------------------

                         (clock clk_fpga_0 rise edge)
                                                     10.000    10.000 r  
    PS7_X0Y0             PS7                          0.000    10.000 r  design_1_i/processing_system7_0/inst/PS7_i/FCLKCLK[0]
                         net (fo=1, routed)           1.088    11.088    design_1_i/processing_system7_0/inst/FCLK_CLK_unbuffered[0]
    BUFGCTRL_X0Y16       BUFG (Prop_bufg_I_O)         0.091    11.179 r  design_1_i/processing_system7_0/inst/buffer_fclk_clk_0.FCLK_CLK_0_BUFG/O
                         net (fo=619, routed)         1.524    12.703    design_1_i/eFPGA_AXI_Core1_0/U0/eFPGA_AXI_Core1_slave_lite_v1_0_S00_AXI_inst/s00_axi_aclk
    SLICE_X31Y92         FDRE                                         r  design_1_i/eFPGA_AXI_Core1_0/U0/eFPGA_AXI_Core1_slave_lite_v1_0_S00_AXI_inst/slv_reg1_reg[1]/C
                         clock pessimism              0.129    12.832    
                         clock uncertainty           -0.154    12.678    
    SLICE_X31Y92         FDRE (Setup_fdre_C_CE)      -0.413    12.265    design_1_i/eFPGA_AXI_Core1_0/U0/eFPGA_AXI_Core1_slave_lite_v1_0_S00_AXI_inst/slv_reg1_reg[1]
  -------------------------------------------------------------------
                         required time                         12.265    
                         arrival time                          -7.752    
  -------------------------------------------------------------------
                         slack                                  4.513    





Min Delay Paths
--------------------------------------------------------------------------------------
Slack (MET) :             0.046ns  (arrival time - required time)
  Source:                 design_1_i/ps7_0_axi_periph/s00_couplers/auto_pc/inst/gen_axilite.gen_b2s_conv.axilite_b2s/SI_REG/b.b_pipe/m_payload_i_reg[12]/C
                            (rising edge-triggered cell FDRE clocked by clk_fpga_0  {rise@0.000ns fall@5.000ns period=10.000ns})
  Destination:            design_1_i/processing_system7_0/inst/PS7_i/MAXIGP0BID[10]
                            (rising edge-triggered cell PS7 clocked by clk_fpga_0  {rise@0.000ns fall@5.000ns period=10.000ns})
  Path Group:             clk_fpga_0
  Path Type:              Hold (Min at Fast Process Corner)
  Requirement:            0.000ns  (clk_fpga_0 rise@0.000ns - clk_fpga_0 rise@0.000ns)
  Data Path Delay:        0.270ns  (logic 0.141ns (52.263%)  route 0.129ns (47.737%))
  Logic Levels:           0  
  Clock Path Skew:        0.224ns (DCD - SCD - CPR)
    Destination Clock Delay (DCD):    1.251ns
    Source Clock Delay      (SCD):    0.992ns
    Clock Pessimism Removal (CPR):    0.035ns

    Location             Delay type                Incr(ns)  Path(ns)    Netlist Resource(s)
  -------------------------------------------------------------------    -------------------
                         (clock clk_fpga_0 rise edge)
                                                      0.000     0.000 r  
    PS7_X0Y0             PS7                          0.000     0.000 r  design_1_i/processing_system7_0/inst/PS7_i/FCLKCLK[0]
                         net (fo=1, routed)           0.310     0.310    design_1_i/processing_system7_0/inst/FCLK_CLK_unbuffered[0]
    BUFGCTRL_X0Y16       BUFG (Prop_bufg_I_O)         0.026     0.336 r  design_1_i/processing_system7_0/inst/buffer_fclk_clk_0.FCLK_CLK_0_BUFG/O
                         net (fo=619, routed)         0.656     0.992    design_1_i/ps7_0_axi_periph/s00_couplers/auto_pc/inst/gen_axilite.gen_b2s_conv.axilite_b2s/SI_REG/b.b_pipe/aclk
    SLICE_X27Y100        FDRE                                         r  design_1_i/ps7_0_axi_periph/s00_couplers/auto_pc/inst/gen_axilite.gen_b2s_conv.axilite_b2s/SI_REG/b.b_pipe/m_payload_i_reg[12]/C
  -------------------------------------------------------------------    -------------------
    SLICE_X27Y100        FDRE (Prop_fdre_C_Q)         0.141     1.133 r  design_1_i/ps7_0_axi_periph/s00_couplers/auto_pc/inst/gen_axilite.gen_b2s_conv.axilite_b2s/SI_REG/b.b_pipe/m_payload_i_reg[12]/Q
                         net (fo=1, routed)           0.129     1.262    design_1_i/processing_system7_0/inst/M_AXI_GP0_BID[10]
    PS7_X0Y0             PS7                                          r  design_1_i/processing_system7_0/inst/PS7_i/MAXIGP0BID[10]
  -------------------------------------------------------------------    -------------------

                         (clock clk_fpga_0 rise edge)
                                                      0.000     0.000 r  
    PS7_X0Y0             PS7                          0.000     0.000 r  design_1_i/processing_system7_0/inst/PS7_i/FCLKCLK[0]
                         net (fo=1, routed)           0.337     0.337    design_1_i/processing_system7_0/inst/FCLK_CLK_unbuffered[0]
    BUFGCTRL_X0Y16       BUFG (Prop_bufg_I_O)         0.029     0.366 r  design_1_i/processing_system7_0/inst/buffer_fclk_clk_0.FCLK_CLK_0_BUFG/O
                         net (fo=619, routed)         0.885     1.251    design_1_i/processing_system7_0/inst/FCLK_CLK0
    PS7_X0Y0             PS7                                          r  design_1_i/processing_system7_0/inst/PS7_i/MAXIGP0ACLK
                         clock pessimism             -0.035     1.216    
    PS7_X0Y0             PS7 (Hold_ps7_MAXIGP0ACLK_MAXIGP0BID[10])
                                                      0.000     1.216    design_1_i/processing_system7_0/inst/PS7_i
  -------------------------------------------------------------------
                         required time                         -1.216    
                         arrival time                           1.262    
  -------------------------------------------------------------------
                         slack                                  0.046    

Slack (MET) :             0.046ns  (arrival time - required time)
  Source:                 design_1_i/ps7_0_axi_periph/s00_couplers/auto_pc/inst/gen_axilite.gen_b2s_conv.axilite_b2s/SI_REG/b.b_pipe/m_payload_i_reg[10]/C
                            (rising edge-triggered cell FDRE clocked by clk_fpga_0  {rise@0.000ns fall@5.000ns period=10.000ns})
  Destination:            design_1_i/processing_system7_0/inst/PS7_i/MAXIGP0BID[8]
                            (rising edge-triggered cell PS7 clocked by clk_fpga_0  {rise@0.000ns fall@5.000ns period=10.000ns})
  Path Group:             clk_fpga_0
  Path Type:              Hold (Min at Fast Process Corner)
  Requirement:            0.000ns  (clk_fpga_0 rise@0.000ns - clk_fpga_0 rise@0.000ns)
  Data Path Delay:        0.270ns  (logic 0.141ns (52.263%)  route 0.129ns (47.737%))
  Logic Levels:           0  
  Clock Path Skew:        0.224ns (DCD - SCD - CPR)
    Destination Clock Delay (DCD):    1.251ns
    Source Clock Delay      (SCD):    0.992ns
    Clock Pessimism Removal (CPR):    0.035ns

    Location             Delay type                Incr(ns)  Path(ns)    Netlist Resource(s)
  -------------------------------------------------------------------    -------------------
                         (clock clk_fpga_0 rise edge)
                                                      0.000     0.000 r  
    PS7_X0Y0             PS7                          0.000     0.000 r  design_1_i/processing_system7_0/inst/PS7_i/FCLKCLK[0]
                         net (fo=1, routed)           0.310     0.310    design_1_i/processing_system7_0/inst/FCLK_CLK_unbuffered[0]
    BUFGCTRL_X0Y16       BUFG (Prop_bufg_I_O)         0.026     0.336 r  design_1_i/processing_system7_0/inst/buffer_fclk_clk_0.FCLK_CLK_0_BUFG/O
                         net (fo=619, routed)         0.656     0.992    design_1_i/ps7_0_axi_periph/s00_couplers/auto_pc/inst/gen_axilite.gen_b2s_conv.axilite_b2s/SI_REG/b.b_pipe/aclk
    SLICE_X27Y100        FDRE                                         r  design_1_i/ps7_0_axi_periph/s00_couplers/auto_pc/inst/gen_axilite.gen_b2s_conv.axilite_b2s/SI_REG/b.b_pipe/m_payload_i_reg[10]/C
  -------------------------------------------------------------------    -------------------
    SLICE_X27Y100        FDRE (Prop_fdre_C_Q)         0.141     1.133 r  design_1_i/ps7_0_axi_periph/s00_couplers/auto_pc/inst/gen_axilite.gen_b2s_conv.axilite_b2s/SI_REG/b.b_pipe/m_payload_i_reg[10]/Q
                         net (fo=1, routed)           0.129     1.262    design_1_i/processing_system7_0/inst/M_AXI_GP0_BID[8]
    PS7_X0Y0             PS7                                          r  design_1_i/processing_system7_0/inst/PS7_i/MAXIGP0BID[8]
  -------------------------------------------------------------------    -------------------

                         (clock clk_fpga_0 rise edge)
                                                      0.000     0.000 r  
    PS7_X0Y0             PS7                          0.000     0.000 r  design_1_i/processing_system7_0/inst/PS7_i/FCLKCLK[0]
                         net (fo=1, routed)           0.337     0.337    design_1_i/processing_system7_0/inst/FCLK_CLK_unbuffered[0]
    BUFGCTRL_X0Y16       BUFG (Prop_bufg_I_O)         0.029     0.366 r  design_1_i/processing_system7_0/inst/buffer_fclk_clk_0.FCLK_CLK_0_BUFG/O
                         net (fo=619, routed)         0.885     1.251    design_1_i/processing_system7_0/inst/FCLK_CLK0
    PS7_X0Y0             PS7                                          r  design_1_i/processing_system7_0/inst/PS7_i/MAXIGP0ACLK
                         clock pessimism             -0.035     1.216    
    PS7_X0Y0             PS7 (Hold_ps7_MAXIGP0ACLK_MAXIGP0BID[8])
                                                      0.000     1.216    design_1_i/processing_system7_0/inst/PS7_i
  -------------------------------------------------------------------
                         required time                         -1.216    
                         arrival time                           1.262    
  -------------------------------------------------------------------
                         slack                                  0.046    

Slack (MET) :             0.059ns  (arrival time - required time)
  Source:                 design_1_i/eFPGA_AXI_Core1_0/U0/eFPGA_AXI_Core1_slave_lite_v1_0_S00_AXI_inst/axi_rdata_reg[5]/C
                            (rising edge-triggered cell FDRE clocked by clk_fpga_0  {rise@0.000ns fall@5.000ns period=10.000ns})
  Destination:            design_1_i/ps7_0_axi_periph/s00_couplers/auto_pc/inst/gen_axilite.gen_b2s_conv.axilite_b2s/RD.r_channel_0/rd_data_fifo_0/memory_reg[31][5]_srl32/D
                            (rising edge-triggered cell SRLC32E clocked by clk_fpga_0  {rise@0.000ns fall@5.000ns period=10.000ns})
  Path Group:             clk_fpga_0
  Path Type:              Hold (Min at Fast Process Corner)
  Requirement:            0.000ns  (clk_fpga_0 rise@0.000ns - clk_fpga_0 rise@0.000ns)
  Data Path Delay:        0.257ns  (logic 0.141ns (54.828%)  route 0.116ns (45.172%))
  Logic Levels:           0  
  Clock Path Skew:        0.015ns (DCD - SCD - CPR)
    Destination Clock Delay (DCD):    1.209ns
    Source Clock Delay      (SCD):    0.912ns
    Clock Pessimism Removal (CPR):    0.282ns

    Location             Delay type                Incr(ns)  Path(ns)    Netlist Resource(s)
  -------------------------------------------------------------------    -------------------
                         (clock clk_fpga_0 rise edge)
                                                      0.000     0.000 r  
    PS7_X0Y0             PS7                          0.000     0.000 r  design_1_i/processing_system7_0/inst/PS7_i/FCLKCLK[0]
                         net (fo=1, routed)           0.310     0.310    design_1_i/processing_system7_0/inst/FCLK_CLK_unbuffered[0]
    BUFGCTRL_X0Y16       BUFG (Prop_bufg_I_O)         0.026     0.336 r  design_1_i/processing_system7_0/inst/buffer_fclk_clk_0.FCLK_CLK_0_BUFG/O
                         net (fo=619, routed)         0.576     0.912    design_1_i/eFPGA_AXI_Core1_0/U0/eFPGA_AXI_Core1_slave_lite_v1_0_S00_AXI_inst/s00_axi_aclk
    SLICE_X31Y93         FDRE                                         r  design_1_i/eFPGA_AXI_Core1_0/U0/eFPGA_AXI_Core1_slave_lite_v1_0_S00_AXI_inst/axi_rdata_reg[5]/C
  -------------------------------------------------------------------    -------------------
    SLICE_X31Y93         FDRE (Prop_fdre_C_Q)         0.141     1.053 r  design_1_i/eFPGA_AXI_Core1_0/U0/eFPGA_AXI_Core1_slave_lite_v1_0_S00_AXI_inst/axi_rdata_reg[5]/Q
                         net (fo=1, routed)           0.116     1.169    design_1_i/ps7_0_axi_periph/s00_couplers/auto_pc/inst/gen_axilite.gen_b2s_conv.axilite_b2s/RD.r_channel_0/rd_data_fifo_0/m_axi_rdata[5]
    SLICE_X30Y92         SRLC32E                                      r  design_1_i/ps7_0_axi_periph/s00_couplers/auto_pc/inst/gen_axilite.gen_b2s_conv.axilite_b2s/RD.r_channel_0/rd_data_fifo_0/memory_reg[31][5]_srl32/D
  -------------------------------------------------------------------    -------------------

                         (clock clk_fpga_0 rise edge)
                                                      0.000     0.000 r  
    PS7_X0Y0             PS7                          0.000     0.000 r  design_1_i/processing_system7_0/inst/PS7_i/FCLKCLK[0]
                         net (fo=1, routed)           0.337     0.337    design_1_i/processing_system7_0/inst/FCLK_CLK_unbuffered[0]
    BUFGCTRL_X0Y16       BUFG (Prop_bufg_I_O)         0.029     0.366 r  design_1_i/processing_system7_0/inst/buffer_fclk_clk_0.FCLK_CLK_0_BUFG/O
                         net (fo=619, routed)         0.843     1.209    design_1_i/ps7_0_axi_periph/s00_couplers/auto_pc/inst/gen_axilite.gen_b2s_conv.axilite_b2s/RD.r_channel_0/rd_data_fifo_0/aclk
    SLICE_X30Y92         SRLC32E                                      r  design_1_i/ps7_0_axi_periph/s00_couplers/auto_pc/inst/gen_axilite.gen_b2s_conv.axilite_b2s/RD.r_channel_0/rd_data_fifo_0/memory_reg[31][5]_srl32/CLK
                         clock pessimism             -0.282     0.927    
    SLICE_X30Y92         SRLC32E (Hold_srlc32e_CLK_D)
                                                      0.183     1.110    design_1_i/ps7_0_axi_periph/s00_couplers/auto_pc/inst/gen_axilite.gen_b2s_conv.axilite_b2s/RD.r_channel_0/rd_data_fifo_0/memory_reg[31][5]_srl32
  -------------------------------------------------------------------
                         required time                         -1.110    
                         arrival time                           1.169    
  -------------------------------------------------------------------
                         slack                                  0.059    

Slack (MET) :             0.067ns  (arrival time - required time)
  Source:                 design_1_i/eFPGA_AXI_Core1_0/U0/eFPGA_AXI_Core1_slave_lite_v1_0_S00_AXI_inst/axi_rdata_reg[1]/C
                            (rising edge-triggered cell FDRE clocked by clk_fpga_0  {rise@0.000ns fall@5.000ns period=10.000ns})
  Destination:            design_1_i/ps7_0_axi_periph/s00_couplers/auto_pc/inst/gen_axilite.gen_b2s_conv.axilite_b2s/RD.r_channel_0/rd_data_fifo_0/memory_reg[31][1]_srl32/D
                            (rising edge-triggered cell SRLC32E clocked by clk_fpga_0  {rise@0.000ns fall@5.000ns period=10.000ns})
  Path Group:             clk_fpga_0
  Path Type:              Hold (Min at Fast Process Corner)
  Requirement:            0.000ns  (clk_fpga_0 rise@0.000ns - clk_fpga_0 rise@0.000ns)
  Data Path Delay:        0.197ns  (logic 0.141ns (71.611%)  route 0.056ns (28.389%))
  Logic Levels:           0  
  Clock Path Skew:        0.013ns (DCD - SCD - CPR)
    Destination Clock Delay (DCD):    1.208ns
    Source Clock Delay      (SCD):    0.910ns
    Clock Pessimism Removal (CPR):    0.285ns

    Location             Delay type                Incr(ns)  Path(ns)    Netlist Resource(s)
  -------------------------------------------------------------------    -------------------
                         (clock clk_fpga_0 rise edge)
                                                      0.000     0.000 r  
    PS7_X0Y0             PS7                          0.000     0.000 r  design_1_i/processing_system7_0/inst/PS7_i/FCLKCLK[0]
                         net (fo=1, routed)           0.310     0.310    design_1_i/processing_system7_0/inst/FCLK_CLK_unbuffered[0]
    BUFGCTRL_X0Y16       BUFG (Prop_bufg_I_O)         0.026     0.336 r  design_1_i/processing_system7_0/inst/buffer_fclk_clk_0.FCLK_CLK_0_BUFG/O
                         net (fo=619, routed)         0.574     0.910    design_1_i/eFPGA_AXI_Core1_0/U0/eFPGA_AXI_Core1_slave_lite_v1_0_S00_AXI_inst/s00_axi_aclk
    SLICE_X31Y89         FDRE                                         r  design_1_i/eFPGA_AXI_Core1_0/U0/eFPGA_AXI_Core1_slave_lite_v1_0_S00_AXI_inst/axi_rdata_reg[1]/C
  -------------------------------------------------------------------    -------------------
    SLICE_X31Y89         FDRE (Prop_fdre_C_Q)         0.141     1.051 r  design_1_i/eFPGA_AXI_Core1_0/U0/eFPGA_AXI_Core1_slave_lite_v1_0_S00_AXI_inst/axi_rdata_reg[1]/Q
                         net (fo=1, routed)           0.056     1.106    design_1_i/ps7_0_axi_periph/s00_couplers/auto_pc/inst/gen_axilite.gen_b2s_conv.axilite_b2s/RD.r_channel_0/rd_data_fifo_0/m_axi_rdata[1]
    SLICE_X30Y89         SRLC32E                                      r  design_1_i/ps7_0_axi_periph/s00_couplers/auto_pc/inst/gen_axilite.gen_b2s_conv.axilite_b2s/RD.r_channel_0/rd_data_fifo_0/memory_reg[31][1]_srl32/D
  -------------------------------------------------------------------    -------------------

                         (clock clk_fpga_0 rise edge)
                                                      0.000     0.000 r  
    PS7_X0Y0             PS7                          0.000     0.000 r  design_1_i/processing_system7_0/inst/PS7_i/FCLKCLK[0]
                         net (fo=1, routed)           0.337     0.337    design_1_i/processing_system7_0/inst/FCLK_CLK_unbuffered[0]
    BUFGCTRL_X0Y16       BUFG (Prop_bufg_I_O)         0.029     0.366 r  design_1_i/processing_system7_0/inst/buffer_fclk_clk_0.FCLK_CLK_0_BUFG/O
                         net (fo=619, routed)         0.842     1.208    design_1_i/ps7_0_axi_periph/s00_couplers/auto_pc/inst/gen_axilite.gen_b2s_conv.axilite_b2s/RD.r_channel_0/rd_data_fifo_0/aclk
    SLICE_X30Y89         SRLC32E                                      r  design_1_i/ps7_0_axi_periph/s00_couplers/auto_pc/inst/gen_axilite.gen_b2s_conv.axilite_b2s/RD.r_channel_0/rd_data_fifo_0/memory_reg[31][1]_srl32/CLK
                         clock pessimism             -0.285     0.923    
    SLICE_X30Y89         SRLC32E (Hold_srlc32e_CLK_D)
                                                      0.117     1.040    design_1_i/ps7_0_axi_periph/s00_couplers/auto_pc/inst/gen_axilite.gen_b2s_conv.axilite_b2s/RD.r_channel_0/rd_data_fifo_0/memory_reg[31][1]_srl32
  -------------------------------------------------------------------
                         required time                         -1.040    
                         arrival time                           1.106    
  -------------------------------------------------------------------
                         slack                                  0.067    

Slack (MET) :             0.094ns  (arrival time - required time)
  Source:                 design_1_i/eFPGA_AXI_Core1_0/U0/eFPGA_AXI_Core1_slave_lite_v1_0_S00_AXI_inst/axi_rdata_reg[28]/C
                            (rising edge-triggered cell FDRE clocked by clk_fpga_0  {rise@0.000ns fall@5.000ns period=10.000ns})
  Destination:            design_1_i/ps7_0_axi_periph/s00_couplers/auto_pc/inst/gen_axilite.gen_b2s_conv.axilite_b2s/RD.r_channel_0/rd_data_fifo_0/memory_reg[31][28]_srl32/D
                            (rising edge-triggered cell SRLC32E clocked by clk_fpga_0  {rise@0.000ns fall@5.000ns period=10.000ns})
  Path Group:             clk_fpga_0
  Path Type:              Hold (Min at Fast Process Corner)
  Requirement:            0.000ns  (clk_fpga_0 rise@0.000ns - clk_fpga_0 rise@0.000ns)
  Data Path Delay:        0.310ns  (logic 0.141ns (45.498%)  route 0.169ns (54.502%))
  Logic Levels:           0  
  Clock Path Skew:        0.033ns (DCD - SCD - CPR)
    Destination Clock Delay (DCD):    1.209ns
    Source Clock Delay      (SCD):    0.912ns
    Clock Pessimism Removal (CPR):    0.264ns

    Location             Delay type                Incr(ns)  Path(ns)    Netlist Resource(s)
  -------------------------------------------------------------------    -------------------
                         (clock clk_fpga_0 rise edge)
                                                      0.000     0.000 r  
    PS7_X0Y0             PS7                          0.000     0.000 r  design_1_i/processing_system7_0/inst/PS7_i/FCLKCLK[0]
                         net (fo=1, routed)           0.310     0.310    design_1_i/processing_system7_0/inst/FCLK_CLK_unbuffered[0]
    BUFGCTRL_X0Y16       BUFG (Prop_bufg_I_O)         0.026     0.336 r  design_1_i/processing_system7_0/inst/buffer_fclk_clk_0.FCLK_CLK_0_BUFG/O
                         net (fo=619, routed)         0.576     0.912    design_1_i/eFPGA_AXI_Core1_0/U0/eFPGA_AXI_Core1_slave_lite_v1_0_S00_AXI_inst/s00_axi_aclk
    SLICE_X29Y96         FDRE                                         r  design_1_i/eFPGA_AXI_Core1_0/U0/eFPGA_AXI_Core1_slave_lite_v1_0_S00_AXI_inst/axi_rdata_reg[28]/C
  -------------------------------------------------------------------    -------------------
    SLICE_X29Y96         FDRE (Prop_fdre_C_Q)         0.141     1.053 r  design_1_i/eFPGA_AXI_Core1_0/U0/eFPGA_AXI_Core1_slave_lite_v1_0_S00_AXI_inst/axi_rdata_reg[28]/Q
                         net (fo=1, routed)           0.169     1.222    design_1_i/ps7_0_axi_periph/s00_couplers/auto_pc/inst/gen_axilite.gen_b2s_conv.axilite_b2s/RD.r_channel_0/rd_data_fifo_0/m_axi_rdata[28]
    SLICE_X26Y94         SRLC32E                                      r  design_1_i/ps7_0_axi_periph/s00_couplers/auto_pc/inst/gen_axilite.gen_b2s_conv.axilite_b2s/RD.r_channel_0/rd_data_fifo_0/memory_reg[31][28]_srl32/D
  -------------------------------------------------------------------    -------------------

                         (clock clk_fpga_0 rise edge)
                                                      0.000     0.000 r  
    PS7_X0Y0             PS7                          0.000     0.000 r  design_1_i/processing_system7_0/inst/PS7_i/FCLKCLK[0]
                         net (fo=1, routed)           0.337     0.337    design_1_i/processing_system7_0/inst/FCLK_CLK_unbuffered[0]
    BUFGCTRL_X0Y16       BUFG (Prop_bufg_I_O)         0.029     0.366 r  design_1_i/processing_system7_0/inst/buffer_fclk_clk_0.FCLK_CLK_0_BUFG/O
                         net (fo=619, routed)         0.843     1.209    design_1_i/ps7_0_axi_periph/s00_couplers/auto_pc/inst/gen_axilite.gen_b2s_conv.axilite_b2s/RD.r_channel_0/rd_data_fifo_0/aclk
    SLICE_X26Y94         SRLC32E                                      r  design_1_i/ps7_0_axi_periph/s00_couplers/auto_pc/inst/gen_axilite.gen_b2s_conv.axilite_b2s/RD.r_channel_0/rd_data_fifo_0/memory_reg[31][28]_srl32/CLK
                         clock pessimism             -0.264     0.945    
    SLICE_X26Y94         SRLC32E (Hold_srlc32e_CLK_D)
                                                      0.183     1.128    design_1_i/ps7_0_axi_periph/s00_couplers/auto_pc/inst/gen_axilite.gen_b2s_conv.axilite_b2s/RD.r_channel_0/rd_data_fifo_0/memory_reg[31][28]_srl32
  -------------------------------------------------------------------
                         required time                         -1.128    
                         arrival time                           1.222    
  -------------------------------------------------------------------
                         slack                                  0.094    

Slack (MET) :             0.103ns  (arrival time - required time)
  Source:                 design_1_i/eFPGA_AXI_Core1_0/U0/eFPGA_AXI_Core1_slave_lite_v1_0_S00_AXI_inst/axi_rdata_reg[9]/C
                            (rising edge-triggered cell FDRE clocked by clk_fpga_0  {rise@0.000ns fall@5.000ns period=10.000ns})
  Destination:            design_1_i/ps7_0_axi_periph/s00_couplers/auto_pc/inst/gen_axilite.gen_b2s_conv.axilite_b2s/RD.r_channel_0/rd_data_fifo_0/memory_reg[31][9]_srl32/D
                            (rising edge-triggered cell SRLC32E clocked by clk_fpga_0  {rise@0.000ns fall@5.000ns period=10.000ns})
  Path Group:             clk_fpga_0
  Path Type:              Hold (Min at Fast Process Corner)
  Requirement:            0.000ns  (clk_fpga_0 rise@0.000ns - clk_fpga_0 rise@0.000ns)
  Data Path Delay:        0.319ns  (logic 0.141ns (44.179%)  route 0.178ns (55.821%))
  Logic Levels:           0  
  Clock Path Skew:        0.033ns (DCD - SCD - CPR)
    Destination Clock Delay (DCD):    1.208ns
    Source Clock Delay      (SCD):    0.911ns
    Clock Pessimism Removal (CPR):    0.264ns

    Location             Delay type                Incr(ns)  Path(ns)    Netlist Resource(s)
  -------------------------------------------------------------------    -------------------
                         (clock clk_fpga_0 rise edge)
                                                      0.000     0.000 r  
    PS7_X0Y0             PS7                          0.000     0.000 r  design_1_i/processing_system7_0/inst/PS7_i/FCLKCLK[0]
                         net (fo=1, routed)           0.310     0.310    design_1_i/processing_system7_0/inst/FCLK_CLK_unbuffered[0]
    BUFGCTRL_X0Y16       BUFG (Prop_bufg_I_O)         0.026     0.336 r  design_1_i/processing_system7_0/inst/buffer_fclk_clk_0.FCLK_CLK_0_BUFG/O
                         net (fo=619, routed)         0.575     0.911    design_1_i/eFPGA_AXI_Core1_0/U0/eFPGA_AXI_Core1_slave_lite_v1_0_S00_AXI_inst/s00_axi_aclk
    SLICE_X28Y92         FDRE                                         r  design_1_i/eFPGA_AXI_Core1_0/U0/eFPGA_AXI_Core1_slave_lite_v1_0_S00_AXI_inst/axi_rdata_reg[9]/C
  -------------------------------------------------------------------    -------------------
    SLICE_X28Y92         FDRE (Prop_fdre_C_Q)         0.141     1.052 r  design_1_i/eFPGA_AXI_Core1_0/U0/eFPGA_AXI_Core1_slave_lite_v1_0_S00_AXI_inst/axi_rdata_reg[9]/Q
                         net (fo=1, routed)           0.178     1.230    design_1_i/ps7_0_axi_periph/s00_couplers/auto_pc/inst/gen_axilite.gen_b2s_conv.axilite_b2s/RD.r_channel_0/rd_data_fifo_0/m_axi_rdata[9]
    SLICE_X26Y91         SRLC32E                                      r  design_1_i/ps7_0_axi_periph/s00_couplers/auto_pc/inst/gen_axilite.gen_b2s_conv.axilite_b2s/RD.r_channel_0/rd_data_fifo_0/memory_reg[31][9]_srl32/D
  -------------------------------------------------------------------    -------------------

                         (clock clk_fpga_0 rise edge)
                                                      0.000     0.000 r  
    PS7_X0Y0             PS7                          0.000     0.000 r  design_1_i/processing_system7_0/inst/PS7_i/FCLKCLK[0]
                         net (fo=1, routed)           0.337     0.337    design_1_i/processing_system7_0/inst/FCLK_CLK_unbuffered[0]
    BUFGCTRL_X0Y16       BUFG (Prop_bufg_I_O)         0.029     0.366 r  design_1_i/processing_system7_0/inst/buffer_fclk_clk_0.FCLK_CLK_0_BUFG/O
                         net (fo=619, routed)         0.842     1.208    design_1_i/ps7_0_axi_periph/s00_couplers/auto_pc/inst/gen_axilite.gen_b2s_conv.axilite_b2s/RD.r_channel_0/rd_data_fifo_0/aclk
    SLICE_X26Y91         SRLC32E                                      r  design_1_i/ps7_0_axi_periph/s00_couplers/auto_pc/inst/gen_axilite.gen_b2s_conv.axilite_b2s/RD.r_channel_0/rd_data_fifo_0/memory_reg[31][9]_srl32/CLK
                         clock pessimism             -0.264     0.944    
    SLICE_X26Y91         SRLC32E (Hold_srlc32e_CLK_D)
                                                      0.183     1.127    design_1_i/ps7_0_axi_periph/s00_couplers/auto_pc/inst/gen_axilite.gen_b2s_conv.axilite_b2s/RD.r_channel_0/rd_data_fifo_0/memory_reg[31][9]_srl32
  -------------------------------------------------------------------
                         required time                         -1.127    
                         arrival time                           1.230    
  -------------------------------------------------------------------
                         slack                                  0.103    

Slack (MET) :             0.104ns  (arrival time - required time)
  Source:                 design_1_i/ps7_0_axi_periph/s00_couplers/auto_pc/inst/gen_axilite.gen_b2s_conv.axilite_b2s/RD.r_channel_0/r_arid_r_reg[7]/C
                            (rising edge-triggered cell FDRE clocked by clk_fpga_0  {rise@0.000ns fall@5.000ns period=10.000ns})
  Destination:            design_1_i/ps7_0_axi_periph/s00_couplers/auto_pc/inst/gen_axilite.gen_b2s_conv.axilite_b2s/RD.r_channel_0/transaction_fifo_0/memory_reg[31][8]_srl32/D
                            (rising edge-triggered cell SRLC32E clocked by clk_fpga_0  {rise@0.000ns fall@5.000ns period=10.000ns})
  Path Group:             clk_fpga_0
  Path Type:              Hold (Min at Fast Process Corner)
  Requirement:            0.000ns  (clk_fpga_0 rise@0.000ns - clk_fpga_0 rise@0.000ns)
  Data Path Delay:        0.304ns  (logic 0.141ns (46.352%)  route 0.163ns (53.648%))
  Logic Levels:           0  
  Clock Path Skew:        0.017ns (DCD - SCD - CPR)
    Destination Clock Delay (DCD):    1.209ns
    Source Clock Delay      (SCD):    0.910ns
    Clock Pessimism Removal (CPR):    0.282ns

    Location             Delay type                Incr(ns)  Path(ns)    Netlist Resource(s)
  -------------------------------------------------------------------    -------------------
                         (clock clk_fpga_0 rise edge)
                                                      0.000     0.000 r  
    PS7_X0Y0             PS7                          0.000     0.000 r  design_1_i/processing_system7_0/inst/PS7_i/FCLKCLK[0]
                         net (fo=1, routed)           0.310     0.310    design_1_i/processing_system7_0/inst/FCLK_CLK_unbuffered[0]
    BUFGCTRL_X0Y16       BUFG (Prop_bufg_I_O)         0.026     0.336 r  design_1_i/processing_system7_0/inst/buffer_fclk_clk_0.FCLK_CLK_0_BUFG/O
                         net (fo=619, routed)         0.574     0.910    design_1_i/ps7_0_axi_periph/s00_couplers/auto_pc/inst/gen_axilite.gen_b2s_conv.axilite_b2s/RD.r_channel_0/aclk
    SLICE_X28Y88         FDRE                                         r  design_1_i/ps7_0_axi_periph/s00_couplers/auto_pc/inst/gen_axilite.gen_b2s_conv.axilite_b2s/RD.r_channel_0/r_arid_r_reg[7]/C
  -------------------------------------------------------------------    -------------------
    SLICE_X28Y88         FDRE (Prop_fdre_C_Q)         0.141     1.051 r  design_1_i/ps7_0_axi_periph/s00_couplers/auto_pc/inst/gen_axilite.gen_b2s_conv.axilite_b2s/RD.r_channel_0/r_arid_r_reg[7]/Q
                         net (fo=1, routed)           0.163     1.214    design_1_i/ps7_0_axi_periph/s00_couplers/auto_pc/inst/gen_axilite.gen_b2s_conv.axilite_b2s/RD.r_channel_0/transaction_fifo_0/in[8]
    SLICE_X30Y91         SRLC32E                                      r  design_1_i/ps7_0_axi_periph/s00_couplers/auto_pc/inst/gen_axilite.gen_b2s_conv.axilite_b2s/RD.r_channel_0/transaction_fifo_0/memory_reg[31][8]_srl32/D
  -------------------------------------------------------------------    -------------------

                         (clock clk_fpga_0 rise edge)
                                                      0.000     0.000 r  
    PS7_X0Y0             PS7                          0.000     0.000 r  design_1_i/processing_system7_0/inst/PS7_i/FCLKCLK[0]
                         net (fo=1, routed)           0.337     0.337    design_1_i/processing_system7_0/inst/FCLK_CLK_unbuffered[0]
    BUFGCTRL_X0Y16       BUFG (Prop_bufg_I_O)         0.029     0.366 r  design_1_i/processing_system7_0/inst/buffer_fclk_clk_0.FCLK_CLK_0_BUFG/O
                         net (fo=619, routed)         0.843     1.209    design_1_i/ps7_0_axi_periph/s00_couplers/auto_pc/inst/gen_axilite.gen_b2s_conv.axilite_b2s/RD.r_channel_0/transaction_fifo_0/aclk
    SLICE_X30Y91         SRLC32E                                      r  design_1_i/ps7_0_axi_periph/s00_couplers/auto_pc/inst/gen_axilite.gen_b2s_conv.axilite_b2s/RD.r_channel_0/transaction_fifo_0/memory_reg[31][8]_srl32/CLK
                         clock pessimism             -0.282     0.927    
    SLICE_X30Y91         SRLC32E (Hold_srlc32e_CLK_D)
                                                      0.183     1.110    design_1_i/ps7_0_axi_periph/s00_couplers/auto_pc/inst/gen_axilite.gen_b2s_conv.axilite_b2s/RD.r_channel_0/transaction_fifo_0/memory_reg[31][8]_srl32
  -------------------------------------------------------------------
                         required time                         -1.110    
                         arrival time                           1.214    
  -------------------------------------------------------------------
                         slack                                  0.104    

Slack (MET) :             0.106ns  (arrival time - required time)
  Source:                 design_1_i/ps7_0_axi_periph/s00_couplers/auto_pc/inst/gen_axilite.gen_b2s_conv.axilite_b2s/WR.aw_channel_0/s_awid_r_reg[6]/C
                            (rising edge-triggered cell FDRE clocked by clk_fpga_0  {rise@0.000ns fall@5.000ns period=10.000ns})
  Destination:            design_1_i/ps7_0_axi_periph/s00_couplers/auto_pc/inst/gen_axilite.gen_b2s_conv.axilite_b2s/WR.b_channel_0/bid_fifo_0/memory_reg[3][14]_srl4/D
                            (rising edge-triggered cell SRL16E clocked by clk_fpga_0  {rise@0.000ns fall@5.000ns period=10.000ns})
  Path Group:             clk_fpga_0
  Path Type:              Hold (Min at Fast Process Corner)
  Requirement:            0.000ns  (clk_fpga_0 rise@0.000ns - clk_fpga_0 rise@0.000ns)
  Data Path Delay:        0.398ns  (logic 0.164ns (41.224%)  route 0.234ns (58.776%))
  Logic Levels:           0  
  Clock Path Skew:        0.183ns (DCD - SCD - CPR)
    Destination Clock Delay (DCD):    1.210ns
    Source Clock Delay      (SCD):    0.992ns
    Clock Pessimism Removal (CPR):    0.035ns

    Location             Delay type                Incr(ns)  Path(ns)    Netlist Resource(s)
  -------------------------------------------------------------------    -------------------
                         (clock clk_fpga_0 rise edge)
                                                      0.000     0.000 r  
    PS7_X0Y0             PS7                          0.000     0.000 r  design_1_i/processing_system7_0/inst/PS7_i/FCLKCLK[0]
                         net (fo=1, routed)           0.310     0.310    design_1_i/processing_system7_0/inst/FCLK_CLK_unbuffered[0]
    BUFGCTRL_X0Y16       BUFG (Prop_bufg_I_O)         0.026     0.336 r  design_1_i/processing_system7_0/inst/buffer_fclk_clk_0.FCLK_CLK_0_BUFG/O
                         net (fo=619, routed)         0.656     0.992    design_1_i/ps7_0_axi_periph/s00_couplers/auto_pc/inst/gen_axilite.gen_b2s_conv.axilite_b2s/WR.aw_channel_0/aclk
    SLICE_X26Y102        FDRE                                         r  design_1_i/ps7_0_axi_periph/s00_couplers/auto_pc/inst/gen_axilite.gen_b2s_conv.axilite_b2s/WR.aw_channel_0/s_awid_r_reg[6]/C
  -------------------------------------------------------------------    -------------------
    SLICE_X26Y102        FDRE (Prop_fdre_C_Q)         0.164     1.156 r  design_1_i/ps7_0_axi_periph/s00_couplers/auto_pc/inst/gen_axilite.gen_b2s_conv.axilite_b2s/WR.aw_channel_0/s_awid_r_reg[6]/Q
                         net (fo=1, routed)           0.234     1.390    design_1_i/ps7_0_axi_periph/s00_couplers/auto_pc/inst/gen_axilite.gen_b2s_conv.axilite_b2s/WR.b_channel_0/bid_fifo_0/in[10]
    SLICE_X26Y99         SRL16E                                       r  design_1_i/ps7_0_axi_periph/s00_couplers/auto_pc/inst/gen_axilite.gen_b2s_conv.axilite_b2s/WR.b_channel_0/bid_fifo_0/memory_reg[3][14]_srl4/D
  -------------------------------------------------------------------    -------------------

                         (clock clk_fpga_0 rise edge)
                                                      0.000     0.000 r  
    PS7_X0Y0             PS7                          0.000     0.000 r  design_1_i/processing_system7_0/inst/PS7_i/FCLKCLK[0]
                         net (fo=1, routed)           0.337     0.337    design_1_i/processing_system7_0/inst/FCLK_CLK_unbuffered[0]
    BUFGCTRL_X0Y16       BUFG (Prop_bufg_I_O)         0.029     0.366 r  design_1_i/processing_system7_0/inst/buffer_fclk_clk_0.FCLK_CLK_0_BUFG/O
                         net (fo=619, routed)         0.844     1.210    design_1_i/ps7_0_axi_periph/s00_couplers/auto_pc/inst/gen_axilite.gen_b2s_conv.axilite_b2s/WR.b_channel_0/bid_fifo_0/aclk
    SLICE_X26Y99         SRL16E                                       r  design_1_i/ps7_0_axi_periph/s00_couplers/auto_pc/inst/gen_axilite.gen_b2s_conv.axilite_b2s/WR.b_channel_0/bid_fifo_0/memory_reg[3][14]_srl4/CLK
                         clock pessimism             -0.035     1.175    
    SLICE_X26Y99         SRL16E (Hold_srl16e_CLK_D)
                                                      0.109     1.284    design_1_i/ps7_0_axi_periph/s00_couplers/auto_pc/inst/gen_axilite.gen_b2s_conv.axilite_b2s/WR.b_channel_0/bid_fifo_0/memory_reg[3][14]_srl4
  -------------------------------------------------------------------
                         required time                         -1.284    
                         arrival time                           1.390    
  -------------------------------------------------------------------
                         slack                                  0.106    

Slack (MET) :             0.106ns  (arrival time - required time)
  Source:                 design_1_i/ps7_0_axi_periph/s00_couplers/auto_pc/inst/gen_axilite.gen_b2s_conv.axilite_b2s/RD.ar_channel_0/cmd_translator_0/wrap_cmd_0/wrap_boundary_axaddr_r_reg[2]/C
                            (rising edge-triggered cell FDRE clocked by clk_fpga_0  {rise@0.000ns fall@5.000ns period=10.000ns})
  Destination:            design_1_i/ps7_0_axi_periph/s00_couplers/auto_pc/inst/gen_axilite.gen_b2s_conv.axilite_b2s/RD.ar_channel_0/cmd_translator_0/wrap_cmd_0/axaddr_wrap_reg[2]/D
                            (rising edge-triggered cell FDRE clocked by clk_fpga_0  {rise@0.000ns fall@5.000ns period=10.000ns})
  Path Group:             clk_fpga_0
  Path Type:              Hold (Min at Fast Process Corner)
  Requirement:            0.000ns  (clk_fpga_0 rise@0.000ns - clk_fpga_0 rise@0.000ns)
  Data Path Delay:        0.240ns  (logic 0.186ns (77.466%)  route 0.054ns (22.534%))
  Logic Levels:           1  (LUT5=1)
  Clock Path Skew:        0.013ns (DCD - SCD - CPR)
    Destination Clock Delay (DCD):    1.190ns
    Source Clock Delay      (SCD):    0.893ns
    Clock Pessimism Removal (CPR):    0.284ns

    Location             Delay type                Incr(ns)  Path(ns)    Netlist Resource(s)
  -------------------------------------------------------------------    -------------------
                         (clock clk_fpga_0 rise edge)
                                                      0.000     0.000 r  
    PS7_X0Y0             PS7                          0.000     0.000 r  design_1_i/processing_system7_0/inst/PS7_i/FCLKCLK[0]
                         net (fo=1, routed)           0.310     0.310    design_1_i/processing_system7_0/inst/FCLK_CLK_unbuffered[0]
    BUFGCTRL_X0Y16       BUFG (Prop_bufg_I_O)         0.026     0.336 r  design_1_i/processing_system7_0/inst/buffer_fclk_clk_0.FCLK_CLK_0_BUFG/O
                         net (fo=619, routed)         0.557     0.893    design_1_i/ps7_0_axi_periph/s00_couplers/auto_pc/inst/gen_axilite.gen_b2s_conv.axilite_b2s/RD.ar_channel_0/cmd_translator_0/wrap_cmd_0/aclk
    SLICE_X35Y92         FDRE                                         r  design_1_i/ps7_0_axi_periph/s00_couplers/auto_pc/inst/gen_axilite.gen_b2s_conv.axilite_b2s/RD.ar_channel_0/cmd_translator_0/wrap_cmd_0/wrap_boundary_axaddr_r_reg[2]/C
  -------------------------------------------------------------------    -------------------
    SLICE_X35Y92         FDRE (Prop_fdre_C_Q)         0.141     1.034 r  design_1_i/ps7_0_axi_periph/s00_couplers/auto_pc/inst/gen_axilite.gen_b2s_conv.axilite_b2s/RD.ar_channel_0/cmd_translator_0/wrap_cmd_0/wrap_boundary_axaddr_r_reg[2]/Q
                         net (fo=1, routed)           0.054     1.088    design_1_i/ps7_0_axi_periph/s00_couplers/auto_pc/inst/gen_axilite.gen_b2s_conv.axilite_b2s/RD.ar_channel_0/cmd_translator_0/wrap_cmd_0/wrap_boundary_axaddr_r_reg_n_0_[2]
    SLICE_X34Y92         LUT5 (Prop_lut5_I2_O)        0.045     1.133 r  design_1_i/ps7_0_axi_periph/s00_couplers/auto_pc/inst/gen_axilite.gen_b2s_conv.axilite_b2s/RD.ar_channel_0/cmd_translator_0/wrap_cmd_0/axaddr_wrap[2]_i_1__0/O
                         net (fo=1, routed)           0.000     1.133    design_1_i/ps7_0_axi_periph/s00_couplers/auto_pc/inst/gen_axilite.gen_b2s_conv.axilite_b2s/RD.ar_channel_0/cmd_translator_0/wrap_cmd_0/axaddr_wrap[2]_i_1__0_n_0
    SLICE_X34Y92         FDRE                                         r  design_1_i/ps7_0_axi_periph/s00_couplers/auto_pc/inst/gen_axilite.gen_b2s_conv.axilite_b2s/RD.ar_channel_0/cmd_translator_0/wrap_cmd_0/axaddr_wrap_reg[2]/D
  -------------------------------------------------------------------    -------------------

                         (clock clk_fpga_0 rise edge)
                                                      0.000     0.000 r  
    PS7_X0Y0             PS7                          0.000     0.000 r  design_1_i/processing_system7_0/inst/PS7_i/FCLKCLK[0]
                         net (fo=1, routed)           0.337     0.337    design_1_i/processing_system7_0/inst/FCLK_CLK_unbuffered[0]
    BUFGCTRL_X0Y16       BUFG (Prop_bufg_I_O)         0.029     0.366 r  design_1_i/processing_system7_0/inst/buffer_fclk_clk_0.FCLK_CLK_0_BUFG/O
                         net (fo=619, routed)         0.824     1.190    design_1_i/ps7_0_axi_periph/s00_couplers/auto_pc/inst/gen_axilite.gen_b2s_conv.axilite_b2s/RD.ar_channel_0/cmd_translator_0/wrap_cmd_0/aclk
    SLICE_X34Y92         FDRE                                         r  design_1_i/ps7_0_axi_periph/s00_couplers/auto_pc/inst/gen_axilite.gen_b2s_conv.axilite_b2s/RD.ar_channel_0/cmd_translator_0/wrap_cmd_0/axaddr_wrap_reg[2]/C
                         clock pessimism             -0.284     0.906    
    SLICE_X34Y92         FDRE (Hold_fdre_C_D)         0.121     1.027    design_1_i/ps7_0_axi_periph/s00_couplers/auto_pc/inst/gen_axilite.gen_b2s_conv.axilite_b2s/RD.ar_channel_0/cmd_translator_0/wrap_cmd_0/axaddr_wrap_reg[2]
  -------------------------------------------------------------------
                         required time                         -1.027    
                         arrival time                           1.133    
  -------------------------------------------------------------------
                         slack                                  0.106    

Slack (MET) :             0.135ns  (arrival time - required time)
  Source:                 design_1_i/eFPGA_AXI_Core1_0/U0/eFPGA_AXI_Core1_slave_lite_v1_0_S00_AXI_inst/axi_rdata_reg[31]/C
                            (rising edge-triggered cell FDRE clocked by clk_fpga_0  {rise@0.000ns fall@5.000ns period=10.000ns})
  Destination:            design_1_i/ps7_0_axi_periph/s00_couplers/auto_pc/inst/gen_axilite.gen_b2s_conv.axilite_b2s/RD.r_channel_0/rd_data_fifo_0/memory_reg[31][31]_srl32/D
                            (rising edge-triggered cell SRLC32E clocked by clk_fpga_0  {rise@0.000ns fall@5.000ns period=10.000ns})
  Path Group:             clk_fpga_0
  Path Type:              Hold (Min at Fast Process Corner)
  Requirement:            0.000ns  (clk_fpga_0 rise@0.000ns - clk_fpga_0 rise@0.000ns)
  Data Path Delay:        0.333ns  (logic 0.164ns (49.233%)  route 0.169ns (50.767%))
  Logic Levels:           0  
  Clock Path Skew:        0.015ns (DCD - SCD - CPR)
    Destination Clock Delay (DCD):    1.210ns
    Source Clock Delay      (SCD):    0.913ns
    Clock Pessimism Removal (CPR):    0.282ns

    Location             Delay type                Incr(ns)  Path(ns)    Netlist Resource(s)
  -------------------------------------------------------------------    -------------------
                         (clock clk_fpga_0 rise edge)
                                                      0.000     0.000 r  
    PS7_X0Y0             PS7                          0.000     0.000 r  design_1_i/processing_system7_0/inst/PS7_i/FCLKCLK[0]
                         net (fo=1, routed)           0.310     0.310    design_1_i/processing_system7_0/inst/FCLK_CLK_unbuffered[0]
    BUFGCTRL_X0Y16       BUFG (Prop_bufg_I_O)         0.026     0.336 r  design_1_i/processing_system7_0/inst/buffer_fclk_clk_0.FCLK_CLK_0_BUFG/O
                         net (fo=619, routed)         0.577     0.913    design_1_i/eFPGA_AXI_Core1_0/U0/eFPGA_AXI_Core1_slave_lite_v1_0_S00_AXI_inst/s00_axi_aclk
    SLICE_X30Y98         FDRE                                         r  design_1_i/eFPGA_AXI_Core1_0/U0/eFPGA_AXI_Core1_slave_lite_v1_0_S00_AXI_inst/axi_rdata_reg[31]/C
  -------------------------------------------------------------------    -------------------
    SLICE_X30Y98         FDRE (Prop_fdre_C_Q)         0.164     1.077 r  design_1_i/eFPGA_AXI_Core1_0/U0/eFPGA_AXI_Core1_slave_lite_v1_0_S00_AXI_inst/axi_rdata_reg[31]/Q
                         net (fo=1, routed)           0.169     1.246    design_1_i/ps7_0_axi_periph/s00_couplers/auto_pc/inst/gen_axilite.gen_b2s_conv.axilite_b2s/RD.r_channel_0/rd_data_fifo_0/m_axi_rdata[31]
    SLICE_X30Y95         SRLC32E                                      r  design_1_i/ps7_0_axi_periph/s00_couplers/auto_pc/inst/gen_axilite.gen_b2s_conv.axilite_b2s/RD.r_channel_0/rd_data_fifo_0/memory_reg[31][31]_srl32/D
  -------------------------------------------------------------------    -------------------

                         (clock clk_fpga_0 rise edge)
                                                      0.000     0.000 r  
    PS7_X0Y0             PS7                          0.000     0.000 r  design_1_i/processing_system7_0/inst/PS7_i/FCLKCLK[0]
                         net (fo=1, routed)           0.337     0.337    design_1_i/processing_system7_0/inst/FCLK_CLK_unbuffered[0]
    BUFGCTRL_X0Y16       BUFG (Prop_bufg_I_O)         0.029     0.366 r  design_1_i/processing_system7_0/inst/buffer_fclk_clk_0.FCLK_CLK_0_BUFG/O
                         net (fo=619, routed)         0.844     1.210    design_1_i/ps7_0_axi_periph/s00_couplers/auto_pc/inst/gen_axilite.gen_b2s_conv.axilite_b2s/RD.r_channel_0/rd_data_fifo_0/aclk
    SLICE_X30Y95         SRLC32E                                      r  design_1_i/ps7_0_axi_periph/s00_couplers/auto_pc/inst/gen_axilite.gen_b2s_conv.axilite_b2s/RD.r_channel_0/rd_data_fifo_0/memory_reg[31][31]_srl32/CLK
                         clock pessimism             -0.282     0.928    
    SLICE_X30Y95         SRLC32E (Hold_srlc32e_CLK_D)
                                                      0.183     1.111    design_1_i/ps7_0_axi_periph/s00_couplers/auto_pc/inst/gen_axilite.gen_b2s_conv.axilite_b2s/RD.r_channel_0/rd_data_fifo_0/memory_reg[31][31]_srl32
  -------------------------------------------------------------------
                         required time                         -1.111    
                         arrival time                           1.246    
  -------------------------------------------------------------------
                         slack                                  0.135    





Pulse Width Checks
--------------------------------------------------------------------------------------
Clock Name:         clk_fpga_0
Waveform(ns):       { 0.000 5.000 }
Period(ns):         10.000
Sources:            { design_1_i/processing_system7_0/inst/PS7_i/FCLKCLK[0] }

Check Type        Corner  Lib Pin      Reference Pin  Required(ns)  Actual(ns)  Slack(ns)  Location        Pin
Min Period        n/a     BUFG/I       n/a            2.155         10.000      7.845      BUFGCTRL_X0Y16  design_1_i/processing_system7_0/inst/buffer_fclk_clk_0.FCLK_CLK_0_BUFG/I
Min Period        n/a     FDSE/C       n/a            1.000         10.000      9.000      SLICE_X29Y101   design_1_i/eFPGA_AXI_Core1_0/U0/eFPGA_AXI_Core1_slave_lite_v1_0_S00_AXI_inst/aw_en_reg/C
Min Period        n/a     FDSE/C       n/a            1.000         10.000      9.000      SLICE_X32Y93    design_1_i/eFPGA_AXI_Core1_0/U0/eFPGA_AXI_Core1_slave_lite_v1_0_S00_AXI_inst/axi_araddr_reg[2]/C
Min Period        n/a     FDSE/C       n/a            1.000         10.000      9.000      SLICE_X32Y93    design_1_i/eFPGA_AXI_Core1_0/U0/eFPGA_AXI_Core1_slave_lite_v1_0_S00_AXI_inst/axi_araddr_reg[3]/C
Min Period        n/a     FDRE/C       n/a            1.000         10.000      9.000      SLICE_X32Y93    design_1_i/eFPGA_AXI_Core1_0/U0/eFPGA_AXI_Core1_slave_lite_v1_0_S00_AXI_inst/axi_arready_reg/C
Min Period        n/a     FDRE/C       n/a            1.000         10.000      9.000      SLICE_X28Y101   design_1_i/eFPGA_AXI_Core1_0/U0/eFPGA_AXI_Core1_slave_lite_v1_0_S00_AXI_inst/axi_awaddr_reg[2]/C
Min Period        n/a     FDRE/C       n/a            1.000         10.000      9.000      SLICE_X28Y101   design_1_i/eFPGA_AXI_Core1_0/U0/eFPGA_AXI_Core1_slave_lite_v1_0_S00_AXI_inst/axi_awaddr_reg[3]/C
Min Period        n/a     FDRE/C       n/a            1.000         10.000      9.000      SLICE_X28Y101   design_1_i/eFPGA_AXI_Core1_0/U0/eFPGA_AXI_Core1_slave_lite_v1_0_S00_AXI_inst/axi_awready_reg/C
Min Period        n/a     FDRE/C       n/a            1.000         10.000      9.000      SLICE_X29Y101   design_1_i/eFPGA_AXI_Core1_0/U0/eFPGA_AXI_Core1_slave_lite_v1_0_S00_AXI_inst/axi_bvalid_reg/C
Min Period        n/a     FDRE/C       n/a            1.000         10.000      9.000      SLICE_X31Y93    design_1_i/eFPGA_AXI_Core1_0/U0/eFPGA_AXI_Core1_slave_lite_v1_0_S00_AXI_inst/axi_rdata_reg[0]/C
Low Pulse Width   Slow    SRLC32E/CLK  n/a            0.980         5.000       4.020      SLICE_X30Y92    design_1_i/ps7_0_axi_periph/s00_couplers/auto_pc/inst/gen_axilite.gen_b2s_conv.axilite_b2s/RD.r_channel_0/rd_data_fifo_0/memory_reg[31][0]_srl32/CLK
Low Pulse Width   Fast    SRLC32E/CLK  n/a            0.980         5.000       4.020      SLICE_X30Y92    design_1_i/ps7_0_axi_periph/s00_couplers/auto_pc/inst/gen_axilite.gen_b2s_conv.axilite_b2s/RD.r_channel_0/rd_data_fifo_0/memory_reg[31][0]_srl32/CLK
Low Pulse Width   Slow    SRLC32E/CLK  n/a            0.980         5.000       4.020      SLICE_X26Y89    design_1_i/ps7_0_axi_periph/s00_couplers/auto_pc/inst/gen_axilite.gen_b2s_conv.axilite_b2s/RD.r_channel_0/rd_data_fifo_0/memory_reg[31][10]_srl32/CLK
Low Pulse Width   Fast    SRLC32E/CLK  n/a            0.980         5.000       4.020      SLICE_X26Y89    design_1_i/ps7_0_axi_periph/s00_couplers/auto_pc/inst/gen_axilite.gen_b2s_conv.axilite_b2s/RD.r_channel_0/rd_data_fifo_0/memory_reg[31][10]_srl32/CLK
Low Pulse Width   Slow    SRLC32E/CLK  n/a            0.980         5.000       4.020      SLICE_X26Y91    design_1_i/ps7_0_axi_periph/s00_couplers/auto_pc/inst/gen_axilite.gen_b2s_conv.axilite_b2s/RD.r_channel_0/rd_data_fifo_0/memory_reg[31][11]_srl32/CLK
Low Pulse Width   Fast    SRLC32E/CLK  n/a            0.980         5.000       4.020      SLICE_X26Y91    design_1_i/ps7_0_axi_periph/s00_couplers/auto_pc/inst/gen_axilite.gen_b2s_conv.axilite_b2s/RD.r_channel_0/rd_data_fifo_0/memory_reg[31][11]_srl32/CLK
Low Pulse Width   Slow    SRLC32E/CLK  n/a            0.980         5.000       4.020      SLICE_X26Y91    design_1_i/ps7_0_axi_periph/s00_couplers/auto_pc/inst/gen_axilite.gen_b2s_conv.axilite_b2s/RD.r_channel_0/rd_data_fifo_0/memory_reg[31][12]_srl32/CLK
Low Pulse Width   Fast    SRLC32E/CLK  n/a            0.980         5.000       4.020      SLICE_X26Y91    design_1_i/ps7_0_axi_periph/s00_couplers/auto_pc/inst/gen_axilite.gen_b2s_conv.axilite_b2s/RD.r_channel_0/rd_data_fifo_0/memory_reg[31][12]_srl32/CLK
Low Pulse Width   Slow    SRLC32E/CLK  n/a            0.980         5.000       4.020      SLICE_X26Y91    design_1_i/ps7_0_axi_periph/s00_couplers/auto_pc/inst/gen_axilite.gen_b2s_conv.axilite_b2s/RD.r_channel_0/rd_data_fifo_0/memory_reg[31][13]_srl32/CLK
Low Pulse Width   Fast    SRLC32E/CLK  n/a            0.980         5.000       4.020      SLICE_X26Y91    design_1_i/ps7_0_axi_periph/s00_couplers/auto_pc/inst/gen_axilite.gen_b2s_conv.axilite_b2s/RD.r_channel_0/rd_data_fifo_0/memory_reg[31][13]_srl32/CLK
High Pulse Width  Slow    SRLC32E/CLK  n/a            0.980         5.000       4.020      SLICE_X30Y92    design_1_i/ps7_0_axi_periph/s00_couplers/auto_pc/inst/gen_axilite.gen_b2s_conv.axilite_b2s/RD.r_channel_0/rd_data_fifo_0/memory_reg[31][0]_srl32/CLK
High Pulse Width  Fast    SRLC32E/CLK  n/a            0.980         5.000       4.020      SLICE_X30Y92    design_1_i/ps7_0_axi_periph/s00_couplers/auto_pc/inst/gen_axilite.gen_b2s_conv.axilite_b2s/RD.r_channel_0/rd_data_fifo_0/memory_reg[31][0]_srl32/CLK
High Pulse Width  Slow    SRLC32E/CLK  n/a            0.980         5.000       4.020      SLICE_X26Y89    design_1_i/ps7_0_axi_periph/s00_couplers/auto_pc/inst/gen_axilite.gen_b2s_conv.axilite_b2s/RD.r_channel_0/rd_data_fifo_0/memory_reg[31][10]_srl32/CLK
High Pulse Width  Fast    SRLC32E/CLK  n/a            0.980         5.000       4.020      SLICE_X26Y89    design_1_i/ps7_0_axi_periph/s00_couplers/auto_pc/inst/gen_axilite.gen_b2s_conv.axilite_b2s/RD.r_channel_0/rd_data_fifo_0/memory_reg[31][10]_srl32/CLK
High Pulse Width  Slow    SRLC32E/CLK  n/a            0.980         5.000       4.020      SLICE_X26Y91    design_1_i/ps7_0_axi_periph/s00_couplers/auto_pc/inst/gen_axilite.gen_b2s_conv.axilite_b2s/RD.r_channel_0/rd_data_fifo_0/memory_reg[31][11]_srl32/CLK
High Pulse Width  Fast    SRLC32E/CLK  n/a            0.980         5.000       4.020      SLICE_X26Y91    design_1_i/ps7_0_axi_periph/s00_couplers/auto_pc/inst/gen_axilite.gen_b2s_conv.axilite_b2s/RD.r_channel_0/rd_data_fifo_0/memory_reg[31][11]_srl32/CLK
High Pulse Width  Slow    SRLC32E/CLK  n/a            0.980         5.000       4.020      SLICE_X26Y91    design_1_i/ps7_0_axi_periph/s00_couplers/auto_pc/inst/gen_axilite.gen_b2s_conv.axilite_b2s/RD.r_channel_0/rd_data_fifo_0/memory_reg[31][12]_srl32/CLK
High Pulse Width  Fast    SRLC32E/CLK  n/a            0.980         5.000       4.020      SLICE_X26Y91    design_1_i/ps7_0_axi_periph/s00_couplers/auto_pc/inst/gen_axilite.gen_b2s_conv.axilite_b2s/RD.r_channel_0/rd_data_fifo_0/memory_reg[31][12]_srl32/CLK
High Pulse Width  Slow    SRLC32E/CLK  n/a            0.980         5.000       4.020      SLICE_X26Y91    design_1_i/ps7_0_axi_periph/s00_couplers/auto_pc/inst/gen_axilite.gen_b2s_conv.axilite_b2s/RD.r_channel_0/rd_data_fifo_0/memory_reg[31][13]_srl32/CLK
High Pulse Width  Fast    SRLC32E/CLK  n/a            0.980         5.000       4.020      SLICE_X26Y91    design_1_i/ps7_0_axi_periph/s00_couplers/auto_pc/inst/gen_axilite.gen_b2s_conv.axilite_b2s/RD.r_channel_0/rd_data_fifo_0/memory_reg[31][13]_srl32/CLK



--------------------------------------------------------------------------------------
Path Group:  (none)
From Clock:  
  To Clock:  clk_fpga_0

Max Delay             1 Endpoint
Min Delay             1 Endpoint
--------------------------------------------------------------------------------------


Max Delay Paths
--------------------------------------------------------------------------------------
Slack:                    inf
  Source:                 design_1_i/processing_system7_0/inst/PS7_i/FCLKRESETN[0]
                            (internal pin)
  Destination:            design_1_i/rst_ps7_0_100M/U0/EXT_LPF/ACTIVE_LOW_EXT.ACT_LO_EXT/GENERATE_LEVEL_P_S_CDC.SINGLE_BIT.CROSS_PLEVEL_IN2SCNDRY_IN_cdc_to/D
                            (rising edge-triggered cell FDRE clocked by clk_fpga_0  {rise@0.000ns fall@5.000ns period=10.000ns})
  Path Group:             (none)
  Path Type:              Setup (Max at Slow Process Corner)
  Data Path Delay:        0.802ns  (logic 0.124ns (15.464%)  route 0.678ns (84.536%))
  Logic Levels:           1  (LUT1=1)
  Clock Uncertainty:      0.152ns  ((TSJ^2 + TIJ^2)^1/2 + DJ) / 2 + PE
    Total System Jitter     (TSJ):    0.050ns
    Total Input Jitter      (TIJ):    0.300ns
    Discrete Jitter          (DJ):    0.000ns
    Phase Error              (PE):    0.000ns
  Timing Exception:       False Path

    Location             Delay type                Incr(ns)  Path(ns)    Netlist Resource(s)
  -------------------------------------------------------------------    -------------------
    PS7_X0Y0             PS7                          0.000     0.000 f  design_1_i/processing_system7_0/inst/PS7_i/FCLKRESETN[0]
                         net (fo=1, routed)           0.678     0.678    design_1_i/rst_ps7_0_100M/U0/EXT_LPF/ACTIVE_LOW_EXT.ACT_LO_EXT/ext_reset_in
    SLICE_X30Y85         LUT1 (Prop_lut1_I0_O)        0.124     0.802 r  design_1_i/rst_ps7_0_100M/U0/EXT_LPF/ACTIVE_LOW_EXT.ACT_LO_EXT/GENERATE_LEVEL_P_S_CDC.SINGLE_BIT.CROSS_PLEVEL_IN2SCNDRY_IN_cdc_to_i_1/O
                         net (fo=1, routed)           0.000     0.802    design_1_i/rst_ps7_0_100M/U0/EXT_LPF/ACTIVE_LOW_EXT.ACT_LO_EXT/exr_d1
    SLICE_X30Y85         FDRE                                         r  design_1_i/rst_ps7_0_100M/U0/EXT_LPF/ACTIVE_LOW_EXT.ACT_LO_EXT/GENERATE_LEVEL_P_S_CDC.SINGLE_BIT.CROSS_PLEVEL_IN2SCNDRY_IN_cdc_to/D
  -------------------------------------------------------------------    -------------------

                         (clock clk_fpga_0 rise edge)
                                                      0.000     0.000 r  
    PS7_X0Y0             PS7                          0.000     0.000 r  design_1_i/processing_system7_0/inst/PS7_i/FCLKCLK[0]
                         net (fo=1, routed)           1.088     1.088    design_1_i/processing_system7_0/inst/FCLK_CLK_unbuffered[0]
    BUFGCTRL_X0Y16       BUFG (Prop_bufg_I_O)         0.091     1.179 r  design_1_i/processing_system7_0/inst/buffer_fclk_clk_0.FCLK_CLK_0_BUFG/O
                         net (fo=619, routed)         1.520     2.699    design_1_i/rst_ps7_0_100M/U0/EXT_LPF/ACTIVE_LOW_EXT.ACT_LO_EXT/slowest_sync_clk
    SLICE_X30Y85         FDRE                                         r  design_1_i/rst_ps7_0_100M/U0/EXT_LPF/ACTIVE_LOW_EXT.ACT_LO_EXT/GENERATE_LEVEL_P_S_CDC.SINGLE_BIT.CROSS_PLEVEL_IN2SCNDRY_IN_cdc_to/C





Min Delay Paths
--------------------------------------------------------------------------------------
Slack:                    inf
  Source:                 design_1_i/processing_system7_0/inst/PS7_i/FCLKRESETN[0]
                            (internal pin)
  Destination:            design_1_i/rst_ps7_0_100M/U0/EXT_LPF/ACTIVE_LOW_EXT.ACT_LO_EXT/GENERATE_LEVEL_P_S_CDC.SINGLE_BIT.CROSS_PLEVEL_IN2SCNDRY_IN_cdc_to/D
                            (rising edge-triggered cell FDRE clocked by clk_fpga_0  {rise@0.000ns fall@5.000ns period=10.000ns})
  Path Group:             (none)
  Path Type:              Hold (Min at Fast Process Corner)
  Data Path Delay:        0.282ns  (logic 0.045ns (15.966%)  route 0.237ns (84.034%))
  Logic Levels:           1  (LUT1=1)
  Clock Uncertainty:      0.152ns  ((TSJ^2 + TIJ^2)^1/2 + DJ) / 2 + PE
    Total System Jitter     (TSJ):    0.050ns
    Total Input Jitter      (TIJ):    0.300ns
    Discrete Jitter          (DJ):    0.000ns
    Phase Error              (PE):    0.000ns
  Timing Exception:       False Path

    Location             Delay type                Incr(ns)  Path(ns)    Netlist Resource(s)
  -------------------------------------------------------------------    -------------------
    PS7_X0Y0             PS7                          0.000     0.000 f  design_1_i/processing_system7_0/inst/PS7_i/FCLKRESETN[0]
                         net (fo=1, routed)           0.237     0.237    design_1_i/rst_ps7_0_100M/U0/EXT_LPF/ACTIVE_LOW_EXT.ACT_LO_EXT/ext_reset_in
    SLICE_X30Y85         LUT1 (Prop_lut1_I0_O)        0.045     0.282 r  design_1_i/rst_ps7_0_100M/U0/EXT_LPF/ACTIVE_LOW_EXT.ACT_LO_EXT/GENERATE_LEVEL_P_S_CDC.SINGLE_BIT.CROSS_PLEVEL_IN2SCNDRY_IN_cdc_to_i_1/O
                         net (fo=1, routed)           0.000     0.282    design_1_i/rst_ps7_0_100M/U0/EXT_LPF/ACTIVE_LOW_EXT.ACT_LO_EXT/exr_d1
    SLICE_X30Y85         FDRE                                         r  design_1_i/rst_ps7_0_100M/U0/EXT_LPF/ACTIVE_LOW_EXT.ACT_LO_EXT/GENERATE_LEVEL_P_S_CDC.SINGLE_BIT.CROSS_PLEVEL_IN2SCNDRY_IN_cdc_to/D
  -------------------------------------------------------------------    -------------------

                         (clock clk_fpga_0 rise edge)
                                                      0.000     0.000 r  
    PS7_X0Y0             PS7                          0.000     0.000 r  design_1_i/processing_system7_0/inst/PS7_i/FCLKCLK[0]
                         net (fo=1, routed)           0.337     0.337    design_1_i/processing_system7_0/inst/FCLK_CLK_unbuffered[0]
    BUFGCTRL_X0Y16       BUFG (Prop_bufg_I_O)         0.029     0.366 r  design_1_i/processing_system7_0/inst/buffer_fclk_clk_0.FCLK_CLK_0_BUFG/O
                         net (fo=619, routed)         0.839     1.205    design_1_i/rst_ps7_0_100M/U0/EXT_LPF/ACTIVE_LOW_EXT.ACT_LO_EXT/slowest_sync_clk
    SLICE_X30Y85         FDRE                                         r  design_1_i/rst_ps7_0_100M/U0/EXT_LPF/ACTIVE_LOW_EXT.ACT_LO_EXT/GENERATE_LEVEL_P_S_CDC.SINGLE_BIT.CROSS_PLEVEL_IN2SCNDRY_IN_cdc_to/C





--------------------------------------------------------------------------------------
Path Group:  (none)
From Clock:  
  To Clock:  

Max Delay             4 Endpoints
Min Delay             4 Endpoints
--------------------------------------------------------------------------------------


Max Delay Paths
--------------------------------------------------------------------------------------
Slack:                    inf
  Source:                 getal2_0[0]
                            (input port)
  Destination:            resultaat_0[1]
                            (output port)
  Path Group:             (none)
  Path Type:              Max at Slow Process Corner
  Data Path Delay:        15.115ns  (logic 5.204ns (34.431%)  route 9.911ns (65.569%))
  Logic Levels:           3  (IBUF=1 LUT4=1 OBUF=1)

    Location             Delay type                Incr(ns)  Path(ns)    Netlist Resource(s)
  -------------------------------------------------------------------    -------------------
    L19                                               0.000     0.000 r  getal2_0[0] (IN)
                         net (fo=0)                   0.000     0.000    getal2_0[0]
    L19                  IBUF (Prop_ibuf_I_O)         1.508     1.508 r  getal2_0_IBUF[0]_inst/O
                         net (fo=6, routed)           5.222     6.730    design_1_i/eFPGA_AXI_Core1_0/U0/eFPGA_AXI_Core1_slave_lite_v1_0_S00_AXI_inst/getal2[0]
    SLICE_X30Y90         LUT4 (Prop_lut4_I1_O)        0.124     6.854 r  design_1_i/eFPGA_AXI_Core1_0/U0/eFPGA_AXI_Core1_slave_lite_v1_0_S00_AXI_inst/resultaat[1]_INST_0/O
                         net (fo=2, routed)           4.689    11.542    resultaat_0_OBUF[1]
    N16                  OBUF (Prop_obuf_I_O)         3.572    15.115 r  resultaat_0_OBUF[1]_inst/O
                         net (fo=0)                   0.000    15.115    resultaat_0[1]
    N16                                                               r  resultaat_0[1] (OUT)
  -------------------------------------------------------------------    -------------------

Slack:                    inf
  Source:                 getal2_0[0]
                            (input port)
  Destination:            resultaat_0[2]
                            (output port)
  Path Group:             (none)
  Path Type:              Max at Slow Process Corner
  Data Path Delay:        14.850ns  (logic 5.189ns (34.943%)  route 9.661ns (65.057%))
  Logic Levels:           3  (IBUF=1 LUT6=1 OBUF=1)

    Location             Delay type                Incr(ns)  Path(ns)    Netlist Resource(s)
  -------------------------------------------------------------------    -------------------
    L19                                               0.000     0.000 r  getal2_0[0] (IN)
                         net (fo=0)                   0.000     0.000    getal2_0[0]
    L19                  IBUF (Prop_ibuf_I_O)         1.508     1.508 r  getal2_0_IBUF[0]_inst/O
                         net (fo=6, routed)           5.426     6.934    design_1_i/eFPGA_AXI_Core1_0/U0/eFPGA_AXI_Core1_slave_lite_v1_0_S00_AXI_inst/getal2[0]
    SLICE_X31Y90         LUT6 (Prop_lut6_I0_O)        0.124     7.058 r  design_1_i/eFPGA_AXI_Core1_0/U0/eFPGA_AXI_Core1_slave_lite_v1_0_S00_AXI_inst/resultaat[2]_INST_0/O
                         net (fo=2, routed)           4.235    11.292    resultaat_0_OBUF[2]
    P14                  OBUF (Prop_obuf_I_O)         3.557    14.850 r  resultaat_0_OBUF[2]_inst/O
                         net (fo=0)                   0.000    14.850    resultaat_0[2]
    P14                                                               r  resultaat_0[2] (OUT)
  -------------------------------------------------------------------    -------------------

Slack:                    inf
  Source:                 getal2_0[0]
                            (input port)
  Destination:            resultaat_0[3]
                            (output port)
  Path Group:             (none)
  Path Type:              Max at Slow Process Corner
  Data Path Delay:        14.820ns  (logic 5.515ns (37.217%)  route 9.304ns (62.783%))
  Logic Levels:           4  (IBUF=1 LUT4=1 LUT5=1 OBUF=1)

    Location             Delay type                Incr(ns)  Path(ns)    Netlist Resource(s)
  -------------------------------------------------------------------    -------------------
    L19                                               0.000     0.000 r  getal2_0[0] (IN)
                         net (fo=0)                   0.000     0.000    getal2_0[0]
    L19                  IBUF (Prop_ibuf_I_O)         1.508     1.508 r  getal2_0_IBUF[0]_inst/O
                         net (fo=6, routed)           5.222     6.730    design_1_i/eFPGA_AXI_Core1_0/U0/eFPGA_AXI_Core1_slave_lite_v1_0_S00_AXI_inst/getal2[0]
    SLICE_X30Y90         LUT4 (Prop_lut4_I3_O)        0.150     6.880 r  design_1_i/eFPGA_AXI_Core1_0/U0/eFPGA_AXI_Core1_slave_lite_v1_0_S00_AXI_inst/resultaat[3]_INST_0_i_1/O
                         net (fo=1, routed)           0.661     7.541    design_1_i/eFPGA_AXI_Core1_0/U0/eFPGA_AXI_Core1_slave_lite_v1_0_S00_AXI_inst/resultaat[3]_INST_0_i_1_n_0
    SLICE_X31Y90         LUT5 (Prop_lut5_I0_O)        0.328     7.869 r  design_1_i/eFPGA_AXI_Core1_0/U0/eFPGA_AXI_Core1_slave_lite_v1_0_S00_AXI_inst/resultaat[3]_INST_0/O
                         net (fo=1, routed)           3.421    11.290    resultaat_0_OBUF[3]
    R14                  OBUF (Prop_obuf_I_O)         3.530    14.820 r  resultaat_0_OBUF[3]_inst/O
                         net (fo=0)                   0.000    14.820    resultaat_0[3]
    R14                                                               r  resultaat_0[3] (OUT)
  -------------------------------------------------------------------    -------------------

Slack:                    inf
  Source:                 getal2_0[0]
                            (input port)
  Destination:            resultaat_0[0]
                            (output port)
  Path Group:             (none)
  Path Type:              Max at Slow Process Corner
  Data Path Delay:        13.072ns  (logic 5.213ns (39.876%)  route 7.859ns (60.124%))
  Logic Levels:           3  (IBUF=1 LUT2=1 OBUF=1)

    Location             Delay type                Incr(ns)  Path(ns)    Netlist Resource(s)
  -------------------------------------------------------------------    -------------------
    L19                                               0.000     0.000 r  getal2_0[0] (IN)
                         net (fo=0)                   0.000     0.000    getal2_0[0]
    L19                  IBUF (Prop_ibuf_I_O)         1.508     1.508 r  getal2_0_IBUF[0]_inst/O
                         net (fo=6, routed)           4.453     5.960    design_1_i/eFPGA_AXI_Core1_0/U0/eFPGA_AXI_Core1_slave_lite_v1_0_S00_AXI_inst/getal2[0]
    SLICE_X38Y93         LUT2 (Prop_lut2_I1_O)        0.124     6.084 r  design_1_i/eFPGA_AXI_Core1_0/U0/eFPGA_AXI_Core1_slave_lite_v1_0_S00_AXI_inst/resultaat[0]_INST_0/O
                         net (fo=1, routed)           3.407     9.491    resultaat_0_OBUF[0]
    M14                  OBUF (Prop_obuf_I_O)         3.581    13.072 r  resultaat_0_OBUF[0]_inst/O
                         net (fo=0)                   0.000    13.072    resultaat_0[0]
    M14                                                               r  resultaat_0[0] (OUT)
  -------------------------------------------------------------------    -------------------





Min Delay Paths
--------------------------------------------------------------------------------------
Slack:                    inf
  Source:                 getal2_0[0]
                            (input port)
  Destination:            resultaat_0[0]
                            (output port)
  Path Group:             (none)
  Path Type:              Min at Fast Process Corner
  Data Path Delay:        4.761ns  (logic 1.602ns (33.639%)  route 3.159ns (66.361%))
  Logic Levels:           3  (IBUF=1 LUT2=1 OBUF=1)

    Location             Delay type                Incr(ns)  Path(ns)    Netlist Resource(s)
  -------------------------------------------------------------------    -------------------
    L19                                               0.000     0.000 r  getal2_0[0] (IN)
                         net (fo=0)                   0.000     0.000    getal2_0[0]
    L19                  IBUF (Prop_ibuf_I_O)         0.275     0.275 r  getal2_0_IBUF[0]_inst/O
                         net (fo=6, routed)           2.007     2.282    design_1_i/eFPGA_AXI_Core1_0/U0/eFPGA_AXI_Core1_slave_lite_v1_0_S00_AXI_inst/getal2[0]
    SLICE_X38Y93         LUT2 (Prop_lut2_I1_O)        0.045     2.327 r  design_1_i/eFPGA_AXI_Core1_0/U0/eFPGA_AXI_Core1_slave_lite_v1_0_S00_AXI_inst/resultaat[0]_INST_0/O
                         net (fo=1, routed)           1.153     3.480    resultaat_0_OBUF[0]
    M14                  OBUF (Prop_obuf_I_O)         1.281     4.761 r  resultaat_0_OBUF[0]_inst/O
                         net (fo=0)                   0.000     4.761    resultaat_0[0]
    M14                                                               r  resultaat_0[0] (OUT)
  -------------------------------------------------------------------    -------------------

Slack:                    inf
  Source:                 getal2_0[2]
                            (input port)
  Destination:            resultaat_0[3]
                            (output port)
  Path Group:             (none)
  Path Type:              Min at Fast Process Corner
  Data Path Delay:        5.018ns  (logic 1.508ns (30.045%)  route 3.510ns (69.955%))
  Logic Levels:           3  (IBUF=1 LUT5=1 OBUF=1)

    Location             Delay type                Incr(ns)  Path(ns)    Netlist Resource(s)
  -------------------------------------------------------------------    -------------------
    D20                                               0.000     0.000 r  getal2_0[2] (IN)
                         net (fo=0)                   0.000     0.000    getal2_0[2]
    D20                  IBUF (Prop_ibuf_I_O)         0.232     0.232 r  getal2_0_IBUF[2]_inst/O
                         net (fo=3, routed)           2.312     2.544    design_1_i/eFPGA_AXI_Core1_0/U0/eFPGA_AXI_Core1_slave_lite_v1_0_S00_AXI_inst/getal2[2]
    SLICE_X31Y90         LUT5 (Prop_lut5_I2_O)        0.045     2.589 r  design_1_i/eFPGA_AXI_Core1_0/U0/eFPGA_AXI_Core1_slave_lite_v1_0_S00_AXI_inst/resultaat[3]_INST_0/O
                         net (fo=1, routed)           1.198     3.787    resultaat_0_OBUF[3]
    R14                  OBUF (Prop_obuf_I_O)         1.231     5.018 r  resultaat_0_OBUF[3]_inst/O
                         net (fo=0)                   0.000     5.018    resultaat_0[3]
    R14                                                               r  resultaat_0[3] (OUT)
  -------------------------------------------------------------------    -------------------

Slack:                    inf
  Source:                 getal2_0[2]
                            (input port)
  Destination:            resultaat_0[2]
                            (output port)
  Path Group:             (none)
  Path Type:              Min at Fast Process Corner
  Data Path Delay:        5.482ns  (logic 1.535ns (27.999%)  route 3.947ns (72.001%))
  Logic Levels:           3  (IBUF=1 LUT6=1 OBUF=1)

    Location             Delay type                Incr(ns)  Path(ns)    Netlist Resource(s)
  -------------------------------------------------------------------    -------------------
    D20                                               0.000     0.000 r  getal2_0[2] (IN)
                         net (fo=0)                   0.000     0.000    getal2_0[2]
    D20                  IBUF (Prop_ibuf_I_O)         0.232     0.232 r  getal2_0_IBUF[2]_inst/O
                         net (fo=3, routed)           2.311     2.543    design_1_i/eFPGA_AXI_Core1_0/U0/eFPGA_AXI_Core1_slave_lite_v1_0_S00_AXI_inst/getal2[2]
    SLICE_X31Y90         LUT6 (Prop_lut6_I4_O)        0.045     2.588 r  design_1_i/eFPGA_AXI_Core1_0/U0/eFPGA_AXI_Core1_slave_lite_v1_0_S00_AXI_inst/resultaat[2]_INST_0/O
                         net (fo=2, routed)           1.636     4.224    resultaat_0_OBUF[2]
    P14                  OBUF (Prop_obuf_I_O)         1.258     5.482 r  resultaat_0_OBUF[2]_inst/O
                         net (fo=0)                   0.000     5.482    resultaat_0[2]
    P14                                                               r  resultaat_0[2] (OUT)
  -------------------------------------------------------------------    -------------------

Slack:                    inf
  Source:                 getal2_0[1]
                            (input port)
  Destination:            resultaat_0[1]
                            (output port)
  Path Group:             (none)
  Path Type:              Min at Fast Process Corner
  Data Path Delay:        5.619ns  (logic 1.598ns (28.445%)  route 4.021ns (71.555%))
  Logic Levels:           3  (IBUF=1 LUT4=1 OBUF=1)

    Location             Delay type                Incr(ns)  Path(ns)    Netlist Resource(s)
  -------------------------------------------------------------------    -------------------
    L20                                               0.000     0.000 r  getal2_0[1] (IN)
                         net (fo=0)                   0.000     0.000    getal2_0[1]
    L20                  IBUF (Prop_ibuf_I_O)         0.281     0.281 r  getal2_0_IBUF[1]_inst/O
                         net (fo=4, routed)           2.175     2.456    design_1_i/eFPGA_AXI_Core1_0/U0/eFPGA_AXI_Core1_slave_lite_v1_0_S00_AXI_inst/getal2[1]
    SLICE_X30Y90         LUT4 (Prop_lut4_I2_O)        0.045     2.501 r  design_1_i/eFPGA_AXI_Core1_0/U0/eFPGA_AXI_Core1_slave_lite_v1_0_S00_AXI_inst/resultaat[1]_INST_0/O
                         net (fo=2, routed)           1.846     4.347    resultaat_0_OBUF[1]
    N16                  OBUF (Prop_obuf_I_O)         1.273     5.619 r  resultaat_0_OBUF[1]_inst/O
                         net (fo=0)                   0.000     5.619    resultaat_0[1]
    N16                                                               r  resultaat_0[1] (OUT)
  -------------------------------------------------------------------    -------------------





--------------------------------------------------------------------------------------
Path Group:  (none)
From Clock:  clk_fpga_0
  To Clock:  

Max Delay             4 Endpoints
Min Delay             4 Endpoints
--------------------------------------------------------------------------------------


Max Delay Paths
--------------------------------------------------------------------------------------
Slack:                    inf
  Source:                 design_1_i/eFPGA_AXI_Core1_0/U0/eFPGA_AXI_Core1_slave_lite_v1_0_S00_AXI_inst/slv_reg0_reg[1]/C
                            (rising edge-triggered cell FDRE clocked by clk_fpga_0  {rise@0.000ns fall@5.000ns period=10.000ns})
  Destination:            resultaat_0[1]
                            (output port)
  Path Group:             (none)
  Path Type:              Max at Slow Process Corner
  Data Path Delay:        9.598ns  (logic 4.214ns (43.907%)  route 5.384ns (56.093%))
  Logic Levels:           2  (LUT4=1 OBUF=1)
  Clock Uncertainty:      0.152ns  ((TSJ^2 + TIJ^2)^1/2 + DJ) / 2 + PE
    Total System Jitter     (TSJ):    0.050ns
    Total Input Jitter      (TIJ):    0.300ns
    Discrete Jitter          (DJ):    0.000ns
    Phase Error              (PE):    0.000ns

    Location             Delay type                Incr(ns)  Path(ns)    Netlist Resource(s)
  -------------------------------------------------------------------    -------------------
                         (clock clk_fpga_0 rise edge)
                                                      0.000     0.000 r  
    PS7_X0Y0             PS7                          0.000     0.000 r  design_1_i/processing_system7_0/inst/PS7_i/FCLKCLK[0]
                         net (fo=1, routed)           1.193     1.193    design_1_i/processing_system7_0/inst/FCLK_CLK_unbuffered[0]
    BUFGCTRL_X0Y16       BUFG (Prop_bufg_I_O)         0.101     1.294 r  design_1_i/processing_system7_0/inst/buffer_fclk_clk_0.FCLK_CLK_0_BUFG/O
                         net (fo=619, routed)         1.697     2.991    design_1_i/eFPGA_AXI_Core1_0/U0/eFPGA_AXI_Core1_slave_lite_v1_0_S00_AXI_inst/s00_axi_aclk
    SLICE_X30Y90         FDRE                                         r  design_1_i/eFPGA_AXI_Core1_0/U0/eFPGA_AXI_Core1_slave_lite_v1_0_S00_AXI_inst/slv_reg0_reg[1]/C
  -------------------------------------------------------------------    -------------------
    SLICE_X30Y90         FDRE (Prop_fdre_C_Q)         0.518     3.509 r  design_1_i/eFPGA_AXI_Core1_0/U0/eFPGA_AXI_Core1_slave_lite_v1_0_S00_AXI_inst/slv_reg0_reg[1]/Q
                         net (fo=5, routed)           0.696     4.205    design_1_i/eFPGA_AXI_Core1_0/U0/eFPGA_AXI_Core1_slave_lite_v1_0_S00_AXI_inst/slv_reg0[1]
    SLICE_X30Y90         LUT4 (Prop_lut4_I3_O)        0.124     4.329 r  design_1_i/eFPGA_AXI_Core1_0/U0/eFPGA_AXI_Core1_slave_lite_v1_0_S00_AXI_inst/resultaat[1]_INST_0/O
                         net (fo=2, routed)           4.689     9.017    resultaat_0_OBUF[1]
    N16                  OBUF (Prop_obuf_I_O)         3.572    12.589 r  resultaat_0_OBUF[1]_inst/O
                         net (fo=0)                   0.000    12.589    resultaat_0[1]
    N16                                                               r  resultaat_0[1] (OUT)
  -------------------------------------------------------------------    -------------------

Slack:                    inf
  Source:                 design_1_i/eFPGA_AXI_Core1_0/U0/eFPGA_AXI_Core1_slave_lite_v1_0_S00_AXI_inst/slv_reg0_reg[1]/C
                            (rising edge-triggered cell FDRE clocked by clk_fpga_0  {rise@0.000ns fall@5.000ns period=10.000ns})
  Destination:            resultaat_0[3]
                            (output port)
  Path Group:             (none)
  Path Type:              Max at Slow Process Corner
  Data Path Delay:        9.300ns  (logic 4.522ns (48.623%)  route 4.778ns (51.377%))
  Logic Levels:           3  (LUT4=1 LUT5=1 OBUF=1)
  Clock Uncertainty:      0.152ns  ((TSJ^2 + TIJ^2)^1/2 + DJ) / 2 + PE
    Total System Jitter     (TSJ):    0.050ns
    Total Input Jitter      (TIJ):    0.300ns
    Discrete Jitter          (DJ):    0.000ns
    Phase Error              (PE):    0.000ns

    Location             Delay type                Incr(ns)  Path(ns)    Netlist Resource(s)
  -------------------------------------------------------------------    -------------------
                         (clock clk_fpga_0 rise edge)
                                                      0.000     0.000 r  
    PS7_X0Y0             PS7                          0.000     0.000 r  design_1_i/processing_system7_0/inst/PS7_i/FCLKCLK[0]
                         net (fo=1, routed)           1.193     1.193    design_1_i/processing_system7_0/inst/FCLK_CLK_unbuffered[0]
    BUFGCTRL_X0Y16       BUFG (Prop_bufg_I_O)         0.101     1.294 r  design_1_i/processing_system7_0/inst/buffer_fclk_clk_0.FCLK_CLK_0_BUFG/O
                         net (fo=619, routed)         1.697     2.991    design_1_i/eFPGA_AXI_Core1_0/U0/eFPGA_AXI_Core1_slave_lite_v1_0_S00_AXI_inst/s00_axi_aclk
    SLICE_X30Y90         FDRE                                         r  design_1_i/eFPGA_AXI_Core1_0/U0/eFPGA_AXI_Core1_slave_lite_v1_0_S00_AXI_inst/slv_reg0_reg[1]/C
  -------------------------------------------------------------------    -------------------
    SLICE_X30Y90         FDRE (Prop_fdre_C_Q)         0.518     3.509 r  design_1_i/eFPGA_AXI_Core1_0/U0/eFPGA_AXI_Core1_slave_lite_v1_0_S00_AXI_inst/slv_reg0_reg[1]/Q
                         net (fo=5, routed)           0.696     4.205    design_1_i/eFPGA_AXI_Core1_0/U0/eFPGA_AXI_Core1_slave_lite_v1_0_S00_AXI_inst/slv_reg0[1]
    SLICE_X30Y90         LUT4 (Prop_lut4_I1_O)        0.146     4.351 r  design_1_i/eFPGA_AXI_Core1_0/U0/eFPGA_AXI_Core1_slave_lite_v1_0_S00_AXI_inst/resultaat[3]_INST_0_i_1/O
                         net (fo=1, routed)           0.661     5.012    design_1_i/eFPGA_AXI_Core1_0/U0/eFPGA_AXI_Core1_slave_lite_v1_0_S00_AXI_inst/resultaat[3]_INST_0_i_1_n_0
    SLICE_X31Y90         LUT5 (Prop_lut5_I0_O)        0.328     5.340 r  design_1_i/eFPGA_AXI_Core1_0/U0/eFPGA_AXI_Core1_slave_lite_v1_0_S00_AXI_inst/resultaat[3]_INST_0/O
                         net (fo=1, routed)           3.421     8.761    resultaat_0_OBUF[3]
    R14                  OBUF (Prop_obuf_I_O)         3.530    12.291 r  resultaat_0_OBUF[3]_inst/O
                         net (fo=0)                   0.000    12.291    resultaat_0[3]
    R14                                                               r  resultaat_0[3] (OUT)
  -------------------------------------------------------------------    -------------------

Slack:                    inf
  Source:                 design_1_i/eFPGA_AXI_Core1_0/U0/eFPGA_AXI_Core1_slave_lite_v1_0_S00_AXI_inst/slv_reg0_reg[2]/C
                            (rising edge-triggered cell FDRE clocked by clk_fpga_0  {rise@0.000ns fall@5.000ns period=10.000ns})
  Destination:            resultaat_0[2]
                            (output port)
  Path Group:             (none)
  Path Type:              Max at Slow Process Corner
  Data Path Delay:        8.899ns  (logic 4.199ns (47.191%)  route 4.699ns (52.809%))
  Logic Levels:           2  (LUT6=1 OBUF=1)
  Clock Uncertainty:      0.152ns  ((TSJ^2 + TIJ^2)^1/2 + DJ) / 2 + PE
    Total System Jitter     (TSJ):    0.050ns
    Total Input Jitter      (TIJ):    0.300ns
    Discrete Jitter          (DJ):    0.000ns
    Phase Error              (PE):    0.000ns

    Location             Delay type                Incr(ns)  Path(ns)    Netlist Resource(s)
  -------------------------------------------------------------------    -------------------
                         (clock clk_fpga_0 rise edge)
                                                      0.000     0.000 r  
    PS7_X0Y0             PS7                          0.000     0.000 r  design_1_i/processing_system7_0/inst/PS7_i/FCLKCLK[0]
                         net (fo=1, routed)           1.193     1.193    design_1_i/processing_system7_0/inst/FCLK_CLK_unbuffered[0]
    BUFGCTRL_X0Y16       BUFG (Prop_bufg_I_O)         0.101     1.294 r  design_1_i/processing_system7_0/inst/buffer_fclk_clk_0.FCLK_CLK_0_BUFG/O
                         net (fo=619, routed)         1.697     2.991    design_1_i/eFPGA_AXI_Core1_0/U0/eFPGA_AXI_Core1_slave_lite_v1_0_S00_AXI_inst/s00_axi_aclk
    SLICE_X30Y90         FDRE                                         r  design_1_i/eFPGA_AXI_Core1_0/U0/eFPGA_AXI_Core1_slave_lite_v1_0_S00_AXI_inst/slv_reg0_reg[2]/C
  -------------------------------------------------------------------    -------------------
    SLICE_X30Y90         FDRE (Prop_fdre_C_Q)         0.518     3.509 r  design_1_i/eFPGA_AXI_Core1_0/U0/eFPGA_AXI_Core1_slave_lite_v1_0_S00_AXI_inst/slv_reg0_reg[2]/Q
                         net (fo=4, routed)           0.464     3.973    design_1_i/eFPGA_AXI_Core1_0/U0/eFPGA_AXI_Core1_slave_lite_v1_0_S00_AXI_inst/slv_reg0[2]
    SLICE_X31Y90         LUT6 (Prop_lut6_I5_O)        0.124     4.097 r  design_1_i/eFPGA_AXI_Core1_0/U0/eFPGA_AXI_Core1_slave_lite_v1_0_S00_AXI_inst/resultaat[2]_INST_0/O
                         net (fo=2, routed)           4.235     8.332    resultaat_0_OBUF[2]
    P14                  OBUF (Prop_obuf_I_O)         3.557    11.890 r  resultaat_0_OBUF[2]_inst/O
                         net (fo=0)                   0.000    11.890    resultaat_0[2]
    P14                                                               r  resultaat_0[2] (OUT)
  -------------------------------------------------------------------    -------------------

Slack:                    inf
  Source:                 design_1_i/eFPGA_AXI_Core1_0/U0/eFPGA_AXI_Core1_slave_lite_v1_0_S00_AXI_inst/slv_reg0_reg[0]/C
                            (rising edge-triggered cell FDRE clocked by clk_fpga_0  {rise@0.000ns fall@5.000ns period=10.000ns})
  Destination:            resultaat_0[0]
                            (output port)
  Path Group:             (none)
  Path Type:              Max at Slow Process Corner
  Data Path Delay:        8.690ns  (logic 4.223ns (48.598%)  route 4.467ns (51.402%))
  Logic Levels:           2  (LUT2=1 OBUF=1)
  Clock Uncertainty:      0.152ns  ((TSJ^2 + TIJ^2)^1/2 + DJ) / 2 + PE
    Total System Jitter     (TSJ):    0.050ns
    Total Input Jitter      (TIJ):    0.300ns
    Discrete Jitter          (DJ):    0.000ns
    Phase Error              (PE):    0.000ns

    Location             Delay type                Incr(ns)  Path(ns)    Netlist Resource(s)
  -------------------------------------------------------------------    -------------------
                         (clock clk_fpga_0 rise edge)
                                                      0.000     0.000 r  
    PS7_X0Y0             PS7                          0.000     0.000 r  design_1_i/processing_system7_0/inst/PS7_i/FCLKCLK[0]
                         net (fo=1, routed)           1.193     1.193    design_1_i/processing_system7_0/inst/FCLK_CLK_unbuffered[0]
    BUFGCTRL_X0Y16       BUFG (Prop_bufg_I_O)         0.101     1.294 r  design_1_i/processing_system7_0/inst/buffer_fclk_clk_0.FCLK_CLK_0_BUFG/O
                         net (fo=619, routed)         1.697     2.991    design_1_i/eFPGA_AXI_Core1_0/U0/eFPGA_AXI_Core1_slave_lite_v1_0_S00_AXI_inst/s00_axi_aclk
    SLICE_X30Y90         FDRE                                         r  design_1_i/eFPGA_AXI_Core1_0/U0/eFPGA_AXI_Core1_slave_lite_v1_0_S00_AXI_inst/slv_reg0_reg[0]/C
  -------------------------------------------------------------------    -------------------
    SLICE_X30Y90         FDRE (Prop_fdre_C_Q)         0.518     3.509 r  design_1_i/eFPGA_AXI_Core1_0/U0/eFPGA_AXI_Core1_slave_lite_v1_0_S00_AXI_inst/slv_reg0_reg[0]/Q
                         net (fo=6, routed)           1.060     4.569    design_1_i/eFPGA_AXI_Core1_0/U0/eFPGA_AXI_Core1_slave_lite_v1_0_S00_AXI_inst/slv_reg0[0]
    SLICE_X38Y93         LUT2 (Prop_lut2_I0_O)        0.124     4.693 r  design_1_i/eFPGA_AXI_Core1_0/U0/eFPGA_AXI_Core1_slave_lite_v1_0_S00_AXI_inst/resultaat[0]_INST_0/O
                         net (fo=1, routed)           3.407     8.100    resultaat_0_OBUF[0]
    M14                  OBUF (Prop_obuf_I_O)         3.581    11.681 r  resultaat_0_OBUF[0]_inst/O
                         net (fo=0)                   0.000    11.681    resultaat_0[0]
    M14                                                               r  resultaat_0[0] (OUT)
  -------------------------------------------------------------------    -------------------





Min Delay Paths
--------------------------------------------------------------------------------------
Slack:                    inf
  Source:                 design_1_i/eFPGA_AXI_Core1_0/U0/eFPGA_AXI_Core1_slave_lite_v1_0_S00_AXI_inst/slv_reg0_reg[3]/C
                            (rising edge-triggered cell FDRE clocked by clk_fpga_0  {rise@0.000ns fall@5.000ns period=10.000ns})
  Destination:            resultaat_0[3]
                            (output port)
  Path Group:             (none)
  Path Type:              Min at Fast Process Corner
  Data Path Delay:        2.732ns  (logic 1.440ns (52.696%)  route 1.292ns (47.304%))
  Logic Levels:           2  (LUT5=1 OBUF=1)
  Clock Uncertainty:      0.152ns  ((TSJ^2 + TIJ^2)^1/2 + DJ) / 2 + PE
    Total System Jitter     (TSJ):    0.050ns
    Total Input Jitter      (TIJ):    0.300ns
    Discrete Jitter          (DJ):    0.000ns
    Phase Error              (PE):    0.000ns

    Location             Delay type                Incr(ns)  Path(ns)    Netlist Resource(s)
  -------------------------------------------------------------------    -------------------
                         (clock clk_fpga_0 rise edge)
                                                      0.000     0.000 r  
    PS7_X0Y0             PS7                          0.000     0.000 r  design_1_i/processing_system7_0/inst/PS7_i/FCLKCLK[0]
                         net (fo=1, routed)           0.310     0.310    design_1_i/processing_system7_0/inst/FCLK_CLK_unbuffered[0]
    BUFGCTRL_X0Y16       BUFG (Prop_bufg_I_O)         0.026     0.336 r  design_1_i/processing_system7_0/inst/buffer_fclk_clk_0.FCLK_CLK_0_BUFG/O
                         net (fo=619, routed)         0.575     0.911    design_1_i/eFPGA_AXI_Core1_0/U0/eFPGA_AXI_Core1_slave_lite_v1_0_S00_AXI_inst/s00_axi_aclk
    SLICE_X30Y90         FDRE                                         r  design_1_i/eFPGA_AXI_Core1_0/U0/eFPGA_AXI_Core1_slave_lite_v1_0_S00_AXI_inst/slv_reg0_reg[3]/C
  -------------------------------------------------------------------    -------------------
    SLICE_X30Y90         FDRE (Prop_fdre_C_Q)         0.164     1.075 r  design_1_i/eFPGA_AXI_Core1_0/U0/eFPGA_AXI_Core1_slave_lite_v1_0_S00_AXI_inst/slv_reg0_reg[3]/Q
                         net (fo=2, routed)           0.094     1.169    design_1_i/eFPGA_AXI_Core1_0/U0/eFPGA_AXI_Core1_slave_lite_v1_0_S00_AXI_inst/slv_reg0[3]
    SLICE_X31Y90         LUT5 (Prop_lut5_I4_O)        0.045     1.214 r  design_1_i/eFPGA_AXI_Core1_0/U0/eFPGA_AXI_Core1_slave_lite_v1_0_S00_AXI_inst/resultaat[3]_INST_0/O
                         net (fo=1, routed)           1.198     2.412    resultaat_0_OBUF[3]
    R14                  OBUF (Prop_obuf_I_O)         1.231     3.643 r  resultaat_0_OBUF[3]_inst/O
                         net (fo=0)                   0.000     3.643    resultaat_0[3]
    R14                                                               r  resultaat_0[3] (OUT)
  -------------------------------------------------------------------    -------------------

Slack:                    inf
  Source:                 design_1_i/eFPGA_AXI_Core1_0/U0/eFPGA_AXI_Core1_slave_lite_v1_0_S00_AXI_inst/slv_reg0_reg[0]/C
                            (rising edge-triggered cell FDRE clocked by clk_fpga_0  {rise@0.000ns fall@5.000ns period=10.000ns})
  Destination:            resultaat_0[0]
                            (output port)
  Path Group:             (none)
  Path Type:              Min at Fast Process Corner
  Data Path Delay:        3.113ns  (logic 1.490ns (47.874%)  route 1.623ns (52.126%))
  Logic Levels:           2  (LUT2=1 OBUF=1)
  Clock Uncertainty:      0.152ns  ((TSJ^2 + TIJ^2)^1/2 + DJ) / 2 + PE
    Total System Jitter     (TSJ):    0.050ns
    Total Input Jitter      (TIJ):    0.300ns
    Discrete Jitter          (DJ):    0.000ns
    Phase Error              (PE):    0.000ns

    Location             Delay type                Incr(ns)  Path(ns)    Netlist Resource(s)
  -------------------------------------------------------------------    -------------------
                         (clock clk_fpga_0 rise edge)
                                                      0.000     0.000 r  
    PS7_X0Y0             PS7                          0.000     0.000 r  design_1_i/processing_system7_0/inst/PS7_i/FCLKCLK[0]
                         net (fo=1, routed)           0.310     0.310    design_1_i/processing_system7_0/inst/FCLK_CLK_unbuffered[0]
    BUFGCTRL_X0Y16       BUFG (Prop_bufg_I_O)         0.026     0.336 r  design_1_i/processing_system7_0/inst/buffer_fclk_clk_0.FCLK_CLK_0_BUFG/O
                         net (fo=619, routed)         0.575     0.911    design_1_i/eFPGA_AXI_Core1_0/U0/eFPGA_AXI_Core1_slave_lite_v1_0_S00_AXI_inst/s00_axi_aclk
    SLICE_X30Y90         FDRE                                         r  design_1_i/eFPGA_AXI_Core1_0/U0/eFPGA_AXI_Core1_slave_lite_v1_0_S00_AXI_inst/slv_reg0_reg[0]/C
  -------------------------------------------------------------------    -------------------
    SLICE_X30Y90         FDRE (Prop_fdre_C_Q)         0.164     1.075 r  design_1_i/eFPGA_AXI_Core1_0/U0/eFPGA_AXI_Core1_slave_lite_v1_0_S00_AXI_inst/slv_reg0_reg[0]/Q
                         net (fo=6, routed)           0.470     1.544    design_1_i/eFPGA_AXI_Core1_0/U0/eFPGA_AXI_Core1_slave_lite_v1_0_S00_AXI_inst/slv_reg0[0]
    SLICE_X38Y93         LUT2 (Prop_lut2_I0_O)        0.045     1.589 r  design_1_i/eFPGA_AXI_Core1_0/U0/eFPGA_AXI_Core1_slave_lite_v1_0_S00_AXI_inst/resultaat[0]_INST_0/O
                         net (fo=1, routed)           1.153     2.742    resultaat_0_OBUF[0]
    M14                  OBUF (Prop_obuf_I_O)         1.281     4.024 r  resultaat_0_OBUF[0]_inst/O
                         net (fo=0)                   0.000     4.024    resultaat_0[0]
    M14                                                               r  resultaat_0[0] (OUT)
  -------------------------------------------------------------------    -------------------

Slack:                    inf
  Source:                 design_1_i/eFPGA_AXI_Core1_0/U0/eFPGA_AXI_Core1_slave_lite_v1_0_S00_AXI_inst/slv_reg0_reg[1]/C
                            (rising edge-triggered cell FDRE clocked by clk_fpga_0  {rise@0.000ns fall@5.000ns period=10.000ns})
  Destination:            resultaat_0[2]
                            (output port)
  Path Group:             (none)
  Path Type:              Min at Fast Process Corner
  Data Path Delay:        3.186ns  (logic 1.467ns (46.040%)  route 1.719ns (53.960%))
  Logic Levels:           2  (LUT6=1 OBUF=1)
  Clock Uncertainty:      0.152ns  ((TSJ^2 + TIJ^2)^1/2 + DJ) / 2 + PE
    Total System Jitter     (TSJ):    0.050ns
    Total Input Jitter      (TIJ):    0.300ns
    Discrete Jitter          (DJ):    0.000ns
    Phase Error              (PE):    0.000ns

    Location             Delay type                Incr(ns)  Path(ns)    Netlist Resource(s)
  -------------------------------------------------------------------    -------------------
                         (clock clk_fpga_0 rise edge)
                                                      0.000     0.000 r  
    PS7_X0Y0             PS7                          0.000     0.000 r  design_1_i/processing_system7_0/inst/PS7_i/FCLKCLK[0]
                         net (fo=1, routed)           0.310     0.310    design_1_i/processing_system7_0/inst/FCLK_CLK_unbuffered[0]
    BUFGCTRL_X0Y16       BUFG (Prop_bufg_I_O)         0.026     0.336 r  design_1_i/processing_system7_0/inst/buffer_fclk_clk_0.FCLK_CLK_0_BUFG/O
                         net (fo=619, routed)         0.575     0.911    design_1_i/eFPGA_AXI_Core1_0/U0/eFPGA_AXI_Core1_slave_lite_v1_0_S00_AXI_inst/s00_axi_aclk
    SLICE_X30Y90         FDRE                                         r  design_1_i/eFPGA_AXI_Core1_0/U0/eFPGA_AXI_Core1_slave_lite_v1_0_S00_AXI_inst/slv_reg0_reg[1]/C
  -------------------------------------------------------------------    -------------------
    SLICE_X30Y90         FDRE (Prop_fdre_C_Q)         0.164     1.075 r  design_1_i/eFPGA_AXI_Core1_0/U0/eFPGA_AXI_Core1_slave_lite_v1_0_S00_AXI_inst/slv_reg0_reg[1]/Q
                         net (fo=5, routed)           0.084     1.158    design_1_i/eFPGA_AXI_Core1_0/U0/eFPGA_AXI_Core1_slave_lite_v1_0_S00_AXI_inst/slv_reg0[1]
    SLICE_X31Y90         LUT6 (Prop_lut6_I2_O)        0.045     1.203 r  design_1_i/eFPGA_AXI_Core1_0/U0/eFPGA_AXI_Core1_slave_lite_v1_0_S00_AXI_inst/resultaat[2]_INST_0/O
                         net (fo=2, routed)           1.636     2.839    resultaat_0_OBUF[2]
    P14                  OBUF (Prop_obuf_I_O)         1.258     4.097 r  resultaat_0_OBUF[2]_inst/O
                         net (fo=0)                   0.000     4.097    resultaat_0[2]
    P14                                                               r  resultaat_0[2] (OUT)
  -------------------------------------------------------------------    -------------------

Slack:                    inf
  Source:                 design_1_i/eFPGA_AXI_Core1_0/U0/eFPGA_AXI_Core1_slave_lite_v1_0_S00_AXI_inst/slv_reg0_reg[0]/C
                            (rising edge-triggered cell FDRE clocked by clk_fpga_0  {rise@0.000ns fall@5.000ns period=10.000ns})
  Destination:            resultaat_0[1]
                            (output port)
  Path Group:             (none)
  Path Type:              Min at Fast Process Corner
  Data Path Delay:        3.514ns  (logic 1.482ns (42.173%)  route 2.032ns (57.827%))
  Logic Levels:           2  (LUT4=1 OBUF=1)
  Clock Uncertainty:      0.152ns  ((TSJ^2 + TIJ^2)^1/2 + DJ) / 2 + PE
    Total System Jitter     (TSJ):    0.050ns
    Total Input Jitter      (TIJ):    0.300ns
    Discrete Jitter          (DJ):    0.000ns
    Phase Error              (PE):    0.000ns

    Location             Delay type                Incr(ns)  Path(ns)    Netlist Resource(s)
  -------------------------------------------------------------------    -------------------
                         (clock clk_fpga_0 rise edge)
                                                      0.000     0.000 r  
    PS7_X0Y0             PS7                          0.000     0.000 r  design_1_i/processing_system7_0/inst/PS7_i/FCLKCLK[0]
                         net (fo=1, routed)           0.310     0.310    design_1_i/processing_system7_0/inst/FCLK_CLK_unbuffered[0]
    BUFGCTRL_X0Y16       BUFG (Prop_bufg_I_O)         0.026     0.336 r  design_1_i/processing_system7_0/inst/buffer_fclk_clk_0.FCLK_CLK_0_BUFG/O
                         net (fo=619, routed)         0.575     0.911    design_1_i/eFPGA_AXI_Core1_0/U0/eFPGA_AXI_Core1_slave_lite_v1_0_S00_AXI_inst/s00_axi_aclk
    SLICE_X30Y90         FDRE                                         r  design_1_i/eFPGA_AXI_Core1_0/U0/eFPGA_AXI_Core1_slave_lite_v1_0_S00_AXI_inst/slv_reg0_reg[0]/C
  -------------------------------------------------------------------    -------------------
    SLICE_X30Y90         FDRE (Prop_fdre_C_Q)         0.164     1.075 r  design_1_i/eFPGA_AXI_Core1_0/U0/eFPGA_AXI_Core1_slave_lite_v1_0_S00_AXI_inst/slv_reg0_reg[0]/Q
                         net (fo=6, routed)           0.186     1.261    design_1_i/eFPGA_AXI_Core1_0/U0/eFPGA_AXI_Core1_slave_lite_v1_0_S00_AXI_inst/slv_reg0[0]
    SLICE_X30Y90         LUT4 (Prop_lut4_I0_O)        0.045     1.306 r  design_1_i/eFPGA_AXI_Core1_0/U0/eFPGA_AXI_Core1_slave_lite_v1_0_S00_AXI_inst/resultaat[1]_INST_0/O
                         net (fo=2, routed)           1.846     3.151    resultaat_0_OBUF[1]
    N16                  OBUF (Prop_obuf_I_O)         1.273     4.424 r  resultaat_0_OBUF[1]_inst/O
                         net (fo=0)                   0.000     4.424    resultaat_0[1]
    N16                                                               r  resultaat_0[1] (OUT)
  -------------------------------------------------------------------    -------------------





--------------------------------------------------------------------------------------
Path Group:  (none)
From Clock:  
  To Clock:  clk_fpga_0

Max Delay             4 Endpoints
Min Delay             4 Endpoints
--------------------------------------------------------------------------------------


Max Delay Paths
--------------------------------------------------------------------------------------
Slack:                    inf
  Source:                 getal2_0[0]
                            (input port)
  Destination:            design_1_i/eFPGA_AXI_Core1_0/U0/eFPGA_AXI_Core1_slave_lite_v1_0_S00_AXI_inst/axi_rdata_reg[2]/D
                            (rising edge-triggered cell FDRE clocked by clk_fpga_0  {rise@0.000ns fall@5.000ns period=10.000ns})
  Path Group:             (none)
  Path Type:              Setup (Max at Slow Process Corner)
  Data Path Delay:        7.810ns  (logic 1.756ns (22.479%)  route 6.054ns (77.521%))
  Logic Levels:           3  (IBUF=1 LUT6=2)
  Clock Path Skew:        2.702ns (DCD - SCD + CPR)
    Destination Clock Delay (DCD):    2.702ns
    Source Clock Delay      (SCD):    0.000ns
    Clock Pessimism Removal (CPR):    0.000ns
  Clock Uncertainty:      0.152ns  ((TSJ^2 + TIJ^2)^1/2 + DJ) / 2 + PE
    Total System Jitter     (TSJ):    0.050ns
    Total Input Jitter      (TIJ):    0.300ns
    Discrete Jitter          (DJ):    0.000ns
    Phase Error              (PE):    0.000ns

    Location             Delay type                Incr(ns)  Path(ns)    Netlist Resource(s)
  -------------------------------------------------------------------    -------------------
    L19                                               0.000     0.000 r  getal2_0[0] (IN)
                         net (fo=0)                   0.000     0.000    getal2_0[0]
    L19                  IBUF (Prop_ibuf_I_O)         1.508     1.508 r  getal2_0_IBUF[0]_inst/O
                         net (fo=6, routed)           5.426     6.934    design_1_i/eFPGA_AXI_Core1_0/U0/eFPGA_AXI_Core1_slave_lite_v1_0_S00_AXI_inst/getal2[0]
    SLICE_X31Y90         LUT6 (Prop_lut6_I0_O)        0.124     7.058 r  design_1_i/eFPGA_AXI_Core1_0/U0/eFPGA_AXI_Core1_slave_lite_v1_0_S00_AXI_inst/resultaat[2]_INST_0/O
                         net (fo=2, routed)           0.628     7.686    design_1_i/eFPGA_AXI_Core1_0/U0/eFPGA_AXI_Core1_slave_lite_v1_0_S00_AXI_inst/resultaat[2]
    SLICE_X31Y89         LUT6 (Prop_lut6_I3_O)        0.124     7.810 r  design_1_i/eFPGA_AXI_Core1_0/U0/eFPGA_AXI_Core1_slave_lite_v1_0_S00_AXI_inst/axi_rdata[2]_i_1/O
                         net (fo=1, routed)           0.000     7.810    design_1_i/eFPGA_AXI_Core1_0/U0/eFPGA_AXI_Core1_slave_lite_v1_0_S00_AXI_inst/reg_data_out[2]
    SLICE_X31Y89         FDRE                                         r  design_1_i/eFPGA_AXI_Core1_0/U0/eFPGA_AXI_Core1_slave_lite_v1_0_S00_AXI_inst/axi_rdata_reg[2]/D
  -------------------------------------------------------------------    -------------------

                         (clock clk_fpga_0 rise edge)
                                                      0.000     0.000 r  
    PS7_X0Y0             PS7                          0.000     0.000 r  design_1_i/processing_system7_0/inst/PS7_i/FCLKCLK[0]
                         net (fo=1, routed)           1.088     1.088    design_1_i/processing_system7_0/inst/FCLK_CLK_unbuffered[0]
    BUFGCTRL_X0Y16       BUFG (Prop_bufg_I_O)         0.091     1.179 r  design_1_i/processing_system7_0/inst/buffer_fclk_clk_0.FCLK_CLK_0_BUFG/O
                         net (fo=619, routed)         1.523     2.702    design_1_i/eFPGA_AXI_Core1_0/U0/eFPGA_AXI_Core1_slave_lite_v1_0_S00_AXI_inst/s00_axi_aclk
    SLICE_X31Y89         FDRE                                         r  design_1_i/eFPGA_AXI_Core1_0/U0/eFPGA_AXI_Core1_slave_lite_v1_0_S00_AXI_inst/axi_rdata_reg[2]/C

Slack:                    inf
  Source:                 getal2_0[0]
                            (input port)
  Destination:            design_1_i/eFPGA_AXI_Core1_0/U0/eFPGA_AXI_Core1_slave_lite_v1_0_S00_AXI_inst/axi_rdata_reg[3]/D
                            (rising edge-triggered cell FDRE clocked by clk_fpga_0  {rise@0.000ns fall@5.000ns period=10.000ns})
  Path Group:             (none)
  Path Type:              Setup (Max at Slow Process Corner)
  Data Path Delay:        7.761ns  (logic 1.756ns (22.622%)  route 6.005ns (77.378%))
  Logic Levels:           3  (IBUF=1 LUT6=2)
  Clock Path Skew:        2.702ns (DCD - SCD + CPR)
    Destination Clock Delay (DCD):    2.702ns
    Source Clock Delay      (SCD):    0.000ns
    Clock Pessimism Removal (CPR):    0.000ns
  Clock Uncertainty:      0.152ns  ((TSJ^2 + TIJ^2)^1/2 + DJ) / 2 + PE
    Total System Jitter     (TSJ):    0.050ns
    Total Input Jitter      (TIJ):    0.300ns
    Discrete Jitter          (DJ):    0.000ns
    Phase Error              (PE):    0.000ns

    Location             Delay type                Incr(ns)  Path(ns)    Netlist Resource(s)
  -------------------------------------------------------------------    -------------------
    L19                                               0.000     0.000 r  getal2_0[0] (IN)
                         net (fo=0)                   0.000     0.000    getal2_0[0]
    L19                  IBUF (Prop_ibuf_I_O)         1.508     1.508 r  getal2_0_IBUF[0]_inst/O
                         net (fo=6, routed)           5.425     6.933    design_1_i/eFPGA_AXI_Core1_0/U0/eFPGA_AXI_Core1_slave_lite_v1_0_S00_AXI_inst/getal2[0]
    SLICE_X31Y90         LUT6 (Prop_lut6_I2_O)        0.124     7.057 r  design_1_i/eFPGA_AXI_Core1_0/U0/eFPGA_AXI_Core1_slave_lite_v1_0_S00_AXI_inst/axi_rdata[3]_i_3/O
                         net (fo=1, routed)           0.580     7.637    design_1_i/eFPGA_AXI_Core1_0/U0/eFPGA_AXI_Core1_slave_lite_v1_0_S00_AXI_inst/axi_rdata[3]_i_3_n_0
    SLICE_X31Y89         LUT6 (Prop_lut6_I2_O)        0.124     7.761 r  design_1_i/eFPGA_AXI_Core1_0/U0/eFPGA_AXI_Core1_slave_lite_v1_0_S00_AXI_inst/axi_rdata[3]_i_1/O
                         net (fo=1, routed)           0.000     7.761    design_1_i/eFPGA_AXI_Core1_0/U0/eFPGA_AXI_Core1_slave_lite_v1_0_S00_AXI_inst/reg_data_out[3]
    SLICE_X31Y89         FDRE                                         r  design_1_i/eFPGA_AXI_Core1_0/U0/eFPGA_AXI_Core1_slave_lite_v1_0_S00_AXI_inst/axi_rdata_reg[3]/D
  -------------------------------------------------------------------    -------------------

                         (clock clk_fpga_0 rise edge)
                                                      0.000     0.000 r  
    PS7_X0Y0             PS7                          0.000     0.000 r  design_1_i/processing_system7_0/inst/PS7_i/FCLKCLK[0]
                         net (fo=1, routed)           1.088     1.088    design_1_i/processing_system7_0/inst/FCLK_CLK_unbuffered[0]
    BUFGCTRL_X0Y16       BUFG (Prop_bufg_I_O)         0.091     1.179 r  design_1_i/processing_system7_0/inst/buffer_fclk_clk_0.FCLK_CLK_0_BUFG/O
                         net (fo=619, routed)         1.523     2.702    design_1_i/eFPGA_AXI_Core1_0/U0/eFPGA_AXI_Core1_slave_lite_v1_0_S00_AXI_inst/s00_axi_aclk
    SLICE_X31Y89         FDRE                                         r  design_1_i/eFPGA_AXI_Core1_0/U0/eFPGA_AXI_Core1_slave_lite_v1_0_S00_AXI_inst/axi_rdata_reg[3]/C

Slack:                    inf
  Source:                 getal2_0[0]
                            (input port)
  Destination:            design_1_i/eFPGA_AXI_Core1_0/U0/eFPGA_AXI_Core1_slave_lite_v1_0_S00_AXI_inst/axi_rdata_reg[1]/D
                            (rising edge-triggered cell FDRE clocked by clk_fpga_0  {rise@0.000ns fall@5.000ns period=10.000ns})
  Path Group:             (none)
  Path Type:              Setup (Max at Slow Process Corner)
  Data Path Delay:        7.477ns  (logic 1.756ns (23.479%)  route 5.722ns (76.521%))
  Logic Levels:           3  (IBUF=1 LUT4=1 LUT6=1)
  Clock Path Skew:        2.702ns (DCD - SCD + CPR)
    Destination Clock Delay (DCD):    2.702ns
    Source Clock Delay      (SCD):    0.000ns
    Clock Pessimism Removal (CPR):    0.000ns
  Clock Uncertainty:      0.152ns  ((TSJ^2 + TIJ^2)^1/2 + DJ) / 2 + PE
    Total System Jitter     (TSJ):    0.050ns
    Total Input Jitter      (TIJ):    0.300ns
    Discrete Jitter          (DJ):    0.000ns
    Phase Error              (PE):    0.000ns

    Location             Delay type                Incr(ns)  Path(ns)    Netlist Resource(s)
  -------------------------------------------------------------------    -------------------
    L19                                               0.000     0.000 r  getal2_0[0] (IN)
                         net (fo=0)                   0.000     0.000    getal2_0[0]
    L19                  IBUF (Prop_ibuf_I_O)         1.508     1.508 r  getal2_0_IBUF[0]_inst/O
                         net (fo=6, routed)           5.222     6.730    design_1_i/eFPGA_AXI_Core1_0/U0/eFPGA_AXI_Core1_slave_lite_v1_0_S00_AXI_inst/getal2[0]
    SLICE_X30Y90         LUT4 (Prop_lut4_I1_O)        0.124     6.854 r  design_1_i/eFPGA_AXI_Core1_0/U0/eFPGA_AXI_Core1_slave_lite_v1_0_S00_AXI_inst/resultaat[1]_INST_0/O
                         net (fo=2, routed)           0.500     7.353    design_1_i/eFPGA_AXI_Core1_0/U0/eFPGA_AXI_Core1_slave_lite_v1_0_S00_AXI_inst/resultaat[1]
    SLICE_X31Y89         LUT6 (Prop_lut6_I3_O)        0.124     7.477 r  design_1_i/eFPGA_AXI_Core1_0/U0/eFPGA_AXI_Core1_slave_lite_v1_0_S00_AXI_inst/axi_rdata[1]_i_1/O
                         net (fo=1, routed)           0.000     7.477    design_1_i/eFPGA_AXI_Core1_0/U0/eFPGA_AXI_Core1_slave_lite_v1_0_S00_AXI_inst/reg_data_out[1]
    SLICE_X31Y89         FDRE                                         r  design_1_i/eFPGA_AXI_Core1_0/U0/eFPGA_AXI_Core1_slave_lite_v1_0_S00_AXI_inst/axi_rdata_reg[1]/D
  -------------------------------------------------------------------    -------------------

                         (clock clk_fpga_0 rise edge)
                                                      0.000     0.000 r  
    PS7_X0Y0             PS7                          0.000     0.000 r  design_1_i/processing_system7_0/inst/PS7_i/FCLKCLK[0]
                         net (fo=1, routed)           1.088     1.088    design_1_i/processing_system7_0/inst/FCLK_CLK_unbuffered[0]
    BUFGCTRL_X0Y16       BUFG (Prop_bufg_I_O)         0.091     1.179 r  design_1_i/processing_system7_0/inst/buffer_fclk_clk_0.FCLK_CLK_0_BUFG/O
                         net (fo=619, routed)         1.523     2.702    design_1_i/eFPGA_AXI_Core1_0/U0/eFPGA_AXI_Core1_slave_lite_v1_0_S00_AXI_inst/s00_axi_aclk
    SLICE_X31Y89         FDRE                                         r  design_1_i/eFPGA_AXI_Core1_0/U0/eFPGA_AXI_Core1_slave_lite_v1_0_S00_AXI_inst/axi_rdata_reg[1]/C

Slack:                    inf
  Source:                 getal2_0[0]
                            (input port)
  Destination:            design_1_i/eFPGA_AXI_Core1_0/U0/eFPGA_AXI_Core1_slave_lite_v1_0_S00_AXI_inst/axi_rdata_reg[0]/D
                            (rising edge-triggered cell FDRE clocked by clk_fpga_0  {rise@0.000ns fall@5.000ns period=10.000ns})
  Path Group:             (none)
  Path Type:              Setup (Max at Slow Process Corner)
  Data Path Delay:        6.614ns  (logic 1.632ns (24.668%)  route 4.983ns (75.332%))
  Logic Levels:           2  (IBUF=1 LUT6=1)
  Clock Path Skew:        2.704ns (DCD - SCD + CPR)
    Destination Clock Delay (DCD):    2.704ns
    Source Clock Delay      (SCD):    0.000ns
    Clock Pessimism Removal (CPR):    0.000ns
  Clock Uncertainty:      0.152ns  ((TSJ^2 + TIJ^2)^1/2 + DJ) / 2 + PE
    Total System Jitter     (TSJ):    0.050ns
    Total Input Jitter      (TIJ):    0.300ns
    Discrete Jitter          (DJ):    0.000ns
    Phase Error              (PE):    0.000ns

    Location             Delay type                Incr(ns)  Path(ns)    Netlist Resource(s)
  -------------------------------------------------------------------    -------------------
    L19                                               0.000     0.000 r  getal2_0[0] (IN)
                         net (fo=0)                   0.000     0.000    getal2_0[0]
    L19                  IBUF (Prop_ibuf_I_O)         1.508     1.508 r  getal2_0_IBUF[0]_inst/O
                         net (fo=6, routed)           4.983     6.490    design_1_i/eFPGA_AXI_Core1_0/U0/eFPGA_AXI_Core1_slave_lite_v1_0_S00_AXI_inst/getal2[0]
    SLICE_X31Y93         LUT6 (Prop_lut6_I3_O)        0.124     6.614 r  design_1_i/eFPGA_AXI_Core1_0/U0/eFPGA_AXI_Core1_slave_lite_v1_0_S00_AXI_inst/axi_rdata[0]_i_1/O
                         net (fo=1, routed)           0.000     6.614    design_1_i/eFPGA_AXI_Core1_0/U0/eFPGA_AXI_Core1_slave_lite_v1_0_S00_AXI_inst/reg_data_out[0]
    SLICE_X31Y93         FDRE                                         r  design_1_i/eFPGA_AXI_Core1_0/U0/eFPGA_AXI_Core1_slave_lite_v1_0_S00_AXI_inst/axi_rdata_reg[0]/D
  -------------------------------------------------------------------    -------------------

                         (clock clk_fpga_0 rise edge)
                                                      0.000     0.000 r  
    PS7_X0Y0             PS7                          0.000     0.000 r  design_1_i/processing_system7_0/inst/PS7_i/FCLKCLK[0]
                         net (fo=1, routed)           1.088     1.088    design_1_i/processing_system7_0/inst/FCLK_CLK_unbuffered[0]
    BUFGCTRL_X0Y16       BUFG (Prop_bufg_I_O)         0.091     1.179 r  design_1_i/processing_system7_0/inst/buffer_fclk_clk_0.FCLK_CLK_0_BUFG/O
                         net (fo=619, routed)         1.525     2.704    design_1_i/eFPGA_AXI_Core1_0/U0/eFPGA_AXI_Core1_slave_lite_v1_0_S00_AXI_inst/s00_axi_aclk
    SLICE_X31Y93         FDRE                                         r  design_1_i/eFPGA_AXI_Core1_0/U0/eFPGA_AXI_Core1_slave_lite_v1_0_S00_AXI_inst/axi_rdata_reg[0]/C





Min Delay Paths
--------------------------------------------------------------------------------------
Slack:                    inf
  Source:                 getal2_0[0]
                            (input port)
  Destination:            design_1_i/eFPGA_AXI_Core1_0/U0/eFPGA_AXI_Core1_slave_lite_v1_0_S00_AXI_inst/axi_rdata_reg[0]/D
                            (rising edge-triggered cell FDRE clocked by clk_fpga_0  {rise@0.000ns fall@5.000ns period=10.000ns})
  Path Group:             (none)
  Path Type:              Hold (Min at Fast Process Corner)
  Data Path Delay:        2.637ns  (logic 0.320ns (12.142%)  route 2.317ns (87.858%))
  Logic Levels:           2  (IBUF=1 LUT6=1)
  Clock Path Skew:        1.210ns (DCD - SCD - CPR)
    Destination Clock Delay (DCD):    1.210ns
    Source Clock Delay      (SCD):    0.000ns
    Clock Pessimism Removal (CPR):    -0.000ns

    Location             Delay type                Incr(ns)  Path(ns)    Netlist Resource(s)
  -------------------------------------------------------------------    -------------------
    L19                                               0.000     0.000 r  getal2_0[0] (IN)
                         net (fo=0)                   0.000     0.000    getal2_0[0]
    L19                  IBUF (Prop_ibuf_I_O)         0.275     0.275 r  getal2_0_IBUF[0]_inst/O
                         net (fo=6, routed)           2.317     2.592    design_1_i/eFPGA_AXI_Core1_0/U0/eFPGA_AXI_Core1_slave_lite_v1_0_S00_AXI_inst/getal2[0]
    SLICE_X31Y93         LUT6 (Prop_lut6_I3_O)        0.045     2.637 r  design_1_i/eFPGA_AXI_Core1_0/U0/eFPGA_AXI_Core1_slave_lite_v1_0_S00_AXI_inst/axi_rdata[0]_i_1/O
                         net (fo=1, routed)           0.000     2.637    design_1_i/eFPGA_AXI_Core1_0/U0/eFPGA_AXI_Core1_slave_lite_v1_0_S00_AXI_inst/reg_data_out[0]
    SLICE_X31Y93         FDRE                                         r  design_1_i/eFPGA_AXI_Core1_0/U0/eFPGA_AXI_Core1_slave_lite_v1_0_S00_AXI_inst/axi_rdata_reg[0]/D
  -------------------------------------------------------------------    -------------------

                         (clock clk_fpga_0 rise edge)
                                                      0.000     0.000 r  
    PS7_X0Y0             PS7                          0.000     0.000 r  design_1_i/processing_system7_0/inst/PS7_i/FCLKCLK[0]
                         net (fo=1, routed)           0.337     0.337    design_1_i/processing_system7_0/inst/FCLK_CLK_unbuffered[0]
    BUFGCTRL_X0Y16       BUFG (Prop_bufg_I_O)         0.029     0.366 r  design_1_i/processing_system7_0/inst/buffer_fclk_clk_0.FCLK_CLK_0_BUFG/O
                         net (fo=619, routed)         0.844     1.210    design_1_i/eFPGA_AXI_Core1_0/U0/eFPGA_AXI_Core1_slave_lite_v1_0_S00_AXI_inst/s00_axi_aclk
    SLICE_X31Y93         FDRE                                         r  design_1_i/eFPGA_AXI_Core1_0/U0/eFPGA_AXI_Core1_slave_lite_v1_0_S00_AXI_inst/axi_rdata_reg[0]/C

Slack:                    inf
  Source:                 getal2_0[1]
                            (input port)
  Destination:            design_1_i/eFPGA_AXI_Core1_0/U0/eFPGA_AXI_Core1_slave_lite_v1_0_S00_AXI_inst/axi_rdata_reg[1]/D
                            (rising edge-triggered cell FDRE clocked by clk_fpga_0  {rise@0.000ns fall@5.000ns period=10.000ns})
  Path Group:             (none)
  Path Type:              Hold (Min at Fast Process Corner)
  Data Path Delay:        2.728ns  (logic 0.371ns (13.586%)  route 2.357ns (86.414%))
  Logic Levels:           3  (IBUF=1 LUT4=1 LUT6=1)
  Clock Path Skew:        1.208ns (DCD - SCD - CPR)
    Destination Clock Delay (DCD):    1.208ns
    Source Clock Delay      (SCD):    0.000ns
    Clock Pessimism Removal (CPR):    -0.000ns

    Location             Delay type                Incr(ns)  Path(ns)    Netlist Resource(s)
  -------------------------------------------------------------------    -------------------
    L20                                               0.000     0.000 r  getal2_0[1] (IN)
                         net (fo=0)                   0.000     0.000    getal2_0[1]
    L20                  IBUF (Prop_ibuf_I_O)         0.281     0.281 r  getal2_0_IBUF[1]_inst/O
                         net (fo=4, routed)           2.175     2.456    design_1_i/eFPGA_AXI_Core1_0/U0/eFPGA_AXI_Core1_slave_lite_v1_0_S00_AXI_inst/getal2[1]
    SLICE_X30Y90         LUT4 (Prop_lut4_I2_O)        0.045     2.501 r  design_1_i/eFPGA_AXI_Core1_0/U0/eFPGA_AXI_Core1_slave_lite_v1_0_S00_AXI_inst/resultaat[1]_INST_0/O
                         net (fo=2, routed)           0.182     2.683    design_1_i/eFPGA_AXI_Core1_0/U0/eFPGA_AXI_Core1_slave_lite_v1_0_S00_AXI_inst/resultaat[1]
    SLICE_X31Y89         LUT6 (Prop_lut6_I3_O)        0.045     2.728 r  design_1_i/eFPGA_AXI_Core1_0/U0/eFPGA_AXI_Core1_slave_lite_v1_0_S00_AXI_inst/axi_rdata[1]_i_1/O
                         net (fo=1, routed)           0.000     2.728    design_1_i/eFPGA_AXI_Core1_0/U0/eFPGA_AXI_Core1_slave_lite_v1_0_S00_AXI_inst/reg_data_out[1]
    SLICE_X31Y89         FDRE                                         r  design_1_i/eFPGA_AXI_Core1_0/U0/eFPGA_AXI_Core1_slave_lite_v1_0_S00_AXI_inst/axi_rdata_reg[1]/D
  -------------------------------------------------------------------    -------------------

                         (clock clk_fpga_0 rise edge)
                                                      0.000     0.000 r  
    PS7_X0Y0             PS7                          0.000     0.000 r  design_1_i/processing_system7_0/inst/PS7_i/FCLKCLK[0]
                         net (fo=1, routed)           0.337     0.337    design_1_i/processing_system7_0/inst/FCLK_CLK_unbuffered[0]
    BUFGCTRL_X0Y16       BUFG (Prop_bufg_I_O)         0.029     0.366 r  design_1_i/processing_system7_0/inst/buffer_fclk_clk_0.FCLK_CLK_0_BUFG/O
                         net (fo=619, routed)         0.842     1.208    design_1_i/eFPGA_AXI_Core1_0/U0/eFPGA_AXI_Core1_slave_lite_v1_0_S00_AXI_inst/s00_axi_aclk
    SLICE_X31Y89         FDRE                                         r  design_1_i/eFPGA_AXI_Core1_0/U0/eFPGA_AXI_Core1_slave_lite_v1_0_S00_AXI_inst/axi_rdata_reg[1]/C

Slack:                    inf
  Source:                 getal2_0[3]
                            (input port)
  Destination:            design_1_i/eFPGA_AXI_Core1_0/U0/eFPGA_AXI_Core1_slave_lite_v1_0_S00_AXI_inst/axi_rdata_reg[3]/D
                            (rising edge-triggered cell FDRE clocked by clk_fpga_0  {rise@0.000ns fall@5.000ns period=10.000ns})
  Path Group:             (none)
  Path Type:              Hold (Min at Fast Process Corner)
  Data Path Delay:        2.762ns  (logic 0.276ns (10.009%)  route 2.485ns (89.991%))
  Logic Levels:           2  (IBUF=1 LUT6=1)
  Clock Path Skew:        1.208ns (DCD - SCD - CPR)
    Destination Clock Delay (DCD):    1.208ns
    Source Clock Delay      (SCD):    0.000ns
    Clock Pessimism Removal (CPR):    -0.000ns

    Location             Delay type                Incr(ns)  Path(ns)    Netlist Resource(s)
  -------------------------------------------------------------------    -------------------
    D19                                               0.000     0.000 r  getal2_0[3] (IN)
                         net (fo=0)                   0.000     0.000    getal2_0[3]
    D19                  IBUF (Prop_ibuf_I_O)         0.231     0.231 r  getal2_0_IBUF[3]_inst/O
                         net (fo=2, routed)           2.485     2.717    design_1_i/eFPGA_AXI_Core1_0/U0/eFPGA_AXI_Core1_slave_lite_v1_0_S00_AXI_inst/getal2[3]
    SLICE_X31Y89         LUT6 (Prop_lut6_I3_O)        0.045     2.762 r  design_1_i/eFPGA_AXI_Core1_0/U0/eFPGA_AXI_Core1_slave_lite_v1_0_S00_AXI_inst/axi_rdata[3]_i_1/O
                         net (fo=1, routed)           0.000     2.762    design_1_i/eFPGA_AXI_Core1_0/U0/eFPGA_AXI_Core1_slave_lite_v1_0_S00_AXI_inst/reg_data_out[3]
    SLICE_X31Y89         FDRE                                         r  design_1_i/eFPGA_AXI_Core1_0/U0/eFPGA_AXI_Core1_slave_lite_v1_0_S00_AXI_inst/axi_rdata_reg[3]/D
  -------------------------------------------------------------------    -------------------

                         (clock clk_fpga_0 rise edge)
                                                      0.000     0.000 r  
    PS7_X0Y0             PS7                          0.000     0.000 r  design_1_i/processing_system7_0/inst/PS7_i/FCLKCLK[0]
                         net (fo=1, routed)           0.337     0.337    design_1_i/processing_system7_0/inst/FCLK_CLK_unbuffered[0]
    BUFGCTRL_X0Y16       BUFG (Prop_bufg_I_O)         0.029     0.366 r  design_1_i/processing_system7_0/inst/buffer_fclk_clk_0.FCLK_CLK_0_BUFG/O
                         net (fo=619, routed)         0.842     1.208    design_1_i/eFPGA_AXI_Core1_0/U0/eFPGA_AXI_Core1_slave_lite_v1_0_S00_AXI_inst/s00_axi_aclk
    SLICE_X31Y89         FDRE                                         r  design_1_i/eFPGA_AXI_Core1_0/U0/eFPGA_AXI_Core1_slave_lite_v1_0_S00_AXI_inst/axi_rdata_reg[3]/C

Slack:                    inf
  Source:                 getal2_0[2]
                            (input port)
  Destination:            design_1_i/eFPGA_AXI_Core1_0/U0/eFPGA_AXI_Core1_slave_lite_v1_0_S00_AXI_inst/axi_rdata_reg[2]/D
                            (rising edge-triggered cell FDRE clocked by clk_fpga_0  {rise@0.000ns fall@5.000ns period=10.000ns})
  Path Group:             (none)
  Path Type:              Hold (Min at Fast Process Corner)
  Data Path Delay:        2.856ns  (logic 0.322ns (11.269%)  route 2.534ns (88.731%))
  Logic Levels:           3  (IBUF=1 LUT6=2)
  Clock Path Skew:        1.208ns (DCD - SCD - CPR)
    Destination Clock Delay (DCD):    1.208ns
    Source Clock Delay      (SCD):    0.000ns
    Clock Pessimism Removal (CPR):    -0.000ns

    Location             Delay type                Incr(ns)  Path(ns)    Netlist Resource(s)
  -------------------------------------------------------------------    -------------------
    D20                                               0.000     0.000 r  getal2_0[2] (IN)
                         net (fo=0)                   0.000     0.000    getal2_0[2]
    D20                  IBUF (Prop_ibuf_I_O)         0.232     0.232 r  getal2_0_IBUF[2]_inst/O
                         net (fo=3, routed)           2.311     2.543    design_1_i/eFPGA_AXI_Core1_0/U0/eFPGA_AXI_Core1_slave_lite_v1_0_S00_AXI_inst/getal2[2]
    SLICE_X31Y90         LUT6 (Prop_lut6_I4_O)        0.045     2.588 r  design_1_i/eFPGA_AXI_Core1_0/U0/eFPGA_AXI_Core1_slave_lite_v1_0_S00_AXI_inst/resultaat[2]_INST_0/O
                         net (fo=2, routed)           0.223     2.811    design_1_i/eFPGA_AXI_Core1_0/U0/eFPGA_AXI_Core1_slave_lite_v1_0_S00_AXI_inst/resultaat[2]
    SLICE_X31Y89         LUT6 (Prop_lut6_I3_O)        0.045     2.856 r  design_1_i/eFPGA_AXI_Core1_0/U0/eFPGA_AXI_Core1_slave_lite_v1_0_S00_AXI_inst/axi_rdata[2]_i_1/O
                         net (fo=1, routed)           0.000     2.856    design_1_i/eFPGA_AXI_Core1_0/U0/eFPGA_AXI_Core1_slave_lite_v1_0_S00_AXI_inst/reg_data_out[2]
    SLICE_X31Y89         FDRE                                         r  design_1_i/eFPGA_AXI_Core1_0/U0/eFPGA_AXI_Core1_slave_lite_v1_0_S00_AXI_inst/axi_rdata_reg[2]/D
  -------------------------------------------------------------------    -------------------

                         (clock clk_fpga_0 rise edge)
                                                      0.000     0.000 r  
    PS7_X0Y0             PS7                          0.000     0.000 r  design_1_i/processing_system7_0/inst/PS7_i/FCLKCLK[0]
                         net (fo=1, routed)           0.337     0.337    design_1_i/processing_system7_0/inst/FCLK_CLK_unbuffered[0]
    BUFGCTRL_X0Y16       BUFG (Prop_bufg_I_O)         0.029     0.366 r  design_1_i/processing_system7_0/inst/buffer_fclk_clk_0.FCLK_CLK_0_BUFG/O
                         net (fo=619, routed)         0.842     1.208    design_1_i/eFPGA_AXI_Core1_0/U0/eFPGA_AXI_Core1_slave_lite_v1_0_S00_AXI_inst/s00_axi_aclk
    SLICE_X31Y89         FDRE                                         r  design_1_i/eFPGA_AXI_Core1_0/U0/eFPGA_AXI_Core1_slave_lite_v1_0_S00_AXI_inst/axi_rdata_reg[2]/C





