TRACE::2025-02-17.09:41:36::SCWPlatform::Trying to open the hw design at C:/devWorks/devWorks2/HWSOC/Vitis/HWSOC/hw/HWSOC.xsa
TRACE::2025-02-17.09:41:36::SCWPlatform::DSA given C:/devWorks/devWorks2/HWSOC/Vitis/HWSOC/hw/HWSOC.xsa
TRACE::2025-02-17.09:41:36::SCWPlatform::DSA absoulate path C:/devWorks/devWorks2/HWSOC/Vitis/HWSOC/hw/HWSOC.xsa
TRACE::2025-02-17.09:41:36::SCWPlatform::DSA directory C:/devWorks/devWorks2/HWSOC/Vitis/HWSOC/hw
TRACE::2025-02-17.09:41:36::SCWPlatform:: Platform Path C:/devWorks/devWorks2/HWSOC/Vitis/HWSOC/hw/HWSOC.xsa
TRACE::2025-02-17.09:41:36::SCWPlatform:: Unique name xilinx:pynq-z2::0.0
TRACE::2025-02-17.09:41:36::SCWPlatform::Do not have an existing db opened. 
TRACE::2025-02-17.09:41:38::SCWPlatform::Opened new HwDB with name design_1_wrapper_0
TRACE::2025-02-17.09:41:38::SCWWriter::formatted JSON is {
	"platformName":	"HWSOC",
	"sprVersion":	"2.0",
	"mode":	"gui",
	"dsaType":	"Fixed",
	"platformDesc":	"HWSOC",
	"platHandOff":	"C:/devWorks/devWorks2/HWSOC/HWSOC.xsa",
	"platIntHandOff":	"<platformDir>/hw/HWSOC.xsa",
	"deviceType":	"zynq",
	"platIsPrebuiltAutogen":	"false",
	"platIsNoBootBsp":	"false",
	"hasFsblMakeHasChanges":	"false",
	"hasPmufwMakeHasChanges":	"false",
	"platPreBuiltFlag":	false,
	"platformSamplesDir":	""
}
TRACE::2025-02-17.09:41:38::SCWWriter::formatted JSON is {
	"platformName":	"HWSOC",
	"sprVersion":	"2.0",
	"mode":	"gui",
	"dsaType":	"Fixed",
	"platformDesc":	"HWSOC",
	"platHandOff":	"C:/devWorks/devWorks2/HWSOC/HWSOC.xsa",
	"platIntHandOff":	"<platformDir>/hw/HWSOC.xsa",
	"deviceType":	"zynq",
	"platIsPrebuiltAutogen":	"false",
	"platIsNoBootBsp":	"false",
	"hasFsblMakeHasChanges":	"false",
	"hasPmufwMakeHasChanges":	"false",
	"platPreBuiltFlag":	false,
	"platformSamplesDir":	"",
	"platActiveSys":	"HWSOC",
	"systems":	[{
			"systemName":	"HWSOC",
			"systemDesc":	"HWSOC",
			"sysIsBootAutoGen":	"true",
			"systemDispName":	"HWSOC"
		}]
}
TRACE::2025-02-17.09:41:38::SCWPlatform::Boot application domains not present, creating them
TRACE::2025-02-17.09:41:38::SCWDomain::checking for install qemu data   : 
TRACE::2025-02-17.09:41:38::SCWDomain:: Using the QEMU Data from install at  : C:/Xilinx/Vitis/2024.1/data/emulation/platforms/zynq/sw/a9_standalone/qemu/
TRACE::2025-02-17.09:41:38::SCWDomain:: Using the QEMU args  from install at  : C:/Xilinx/Vitis/2024.1/data/emulation/platforms/zynq/sw/a9_standalone/qemu/qemu_args.txt
TRACE::2025-02-17.09:41:38::SCWPlatform::Trying to open the hw design at C:/devWorks/devWorks2/HWSOC/Vitis/HWSOC/hw/HWSOC.xsa
TRACE::2025-02-17.09:41:38::SCWPlatform::DSA given C:/devWorks/devWorks2/HWSOC/Vitis/HWSOC/hw/HWSOC.xsa
TRACE::2025-02-17.09:41:38::SCWPlatform::DSA absoulate path C:/devWorks/devWorks2/HWSOC/Vitis/HWSOC/hw/HWSOC.xsa
TRACE::2025-02-17.09:41:38::SCWPlatform::DSA directory C:/devWorks/devWorks2/HWSOC/Vitis/HWSOC/hw
TRACE::2025-02-17.09:41:38::SCWPlatform:: Platform Path C:/devWorks/devWorks2/HWSOC/Vitis/HWSOC/hw/HWSOC.xsa
TRACE::2025-02-17.09:41:38::SCWPlatform:: Unique name xilinx:pynq-z2::0.0
TRACE::2025-02-17.09:41:38::SCWPlatform::Trying to set the existing hwdb with name design_1_wrapper_0
TRACE::2025-02-17.09:41:38::SCWPlatform::Opened existing hwdb design_1_wrapper_0
TRACE::2025-02-17.09:41:38::SCWPlatform::Found the Hw Db part of the input DSA
TRACE::2025-02-17.09:41:38::SCWPlatform::Trying to open the hw design at C:/devWorks/devWorks2/HWSOC/Vitis/HWSOC/hw/HWSOC.xsa
TRACE::2025-02-17.09:41:38::SCWPlatform::DSA given C:/devWorks/devWorks2/HWSOC/Vitis/HWSOC/hw/HWSOC.xsa
TRACE::2025-02-17.09:41:38::SCWPlatform::DSA absoulate path C:/devWorks/devWorks2/HWSOC/Vitis/HWSOC/hw/HWSOC.xsa
TRACE::2025-02-17.09:41:38::SCWPlatform::DSA directory C:/devWorks/devWorks2/HWSOC/Vitis/HWSOC/hw
TRACE::2025-02-17.09:41:38::SCWPlatform:: Platform Path C:/devWorks/devWorks2/HWSOC/Vitis/HWSOC/hw/HWSOC.xsa
TRACE::2025-02-17.09:41:38::SCWPlatform:: Unique name xilinx:pynq-z2::0.0
TRACE::2025-02-17.09:41:38::SCWPlatform::Trying to set the existing hwdb with name design_1_wrapper_0
TRACE::2025-02-17.09:41:38::SCWPlatform::Opened existing hwdb design_1_wrapper_0
TRACE::2025-02-17.09:41:38::SCWPlatform::Found the Hw Db part of the input DSA
TRACE::2025-02-17.09:41:38::SCWPlatform::Trying to open the hw design at C:/devWorks/devWorks2/HWSOC/Vitis/HWSOC/hw/HWSOC.xsa
TRACE::2025-02-17.09:41:38::SCWPlatform::DSA given C:/devWorks/devWorks2/HWSOC/Vitis/HWSOC/hw/HWSOC.xsa
TRACE::2025-02-17.09:41:38::SCWPlatform::DSA absoulate path C:/devWorks/devWorks2/HWSOC/Vitis/HWSOC/hw/HWSOC.xsa
TRACE::2025-02-17.09:41:38::SCWPlatform::DSA directory C:/devWorks/devWorks2/HWSOC/Vitis/HWSOC/hw
TRACE::2025-02-17.09:41:38::SCWPlatform:: Platform Path C:/devWorks/devWorks2/HWSOC/Vitis/HWSOC/hw/HWSOC.xsa
TRACE::2025-02-17.09:41:38::SCWPlatform:: Unique name xilinx:pynq-z2::0.0
TRACE::2025-02-17.09:41:38::SCWPlatform::Trying to set the existing hwdb with name design_1_wrapper_0
TRACE::2025-02-17.09:41:38::SCWPlatform::Opened existing hwdb design_1_wrapper_0
TRACE::2025-02-17.09:41:38::SCWPlatform::Found the Hw Db part of the input DSA
TRACE::2025-02-17.09:41:38::SCWPlatform::Boot application domain added for zynq_fsbl
TRACE::2025-02-17.09:41:38::SCWPlatform::Generating the sources  .
TRACE::2025-02-17.09:41:38::SCWBDomain::Generating boot domain sources.
TRACE::2025-02-17.09:41:38::SCWBDomain:: Generating the zynq_fsbl Application.
TRACE::2025-02-17.09:41:38::SCWPlatform::Trying to open the hw design at C:/devWorks/devWorks2/HWSOC/Vitis/HWSOC/hw/HWSOC.xsa
TRACE::2025-02-17.09:41:38::SCWPlatform::DSA given C:/devWorks/devWorks2/HWSOC/Vitis/HWSOC/hw/HWSOC.xsa
TRACE::2025-02-17.09:41:38::SCWPlatform::DSA absoulate path C:/devWorks/devWorks2/HWSOC/Vitis/HWSOC/hw/HWSOC.xsa
TRACE::2025-02-17.09:41:38::SCWPlatform::DSA directory C:/devWorks/devWorks2/HWSOC/Vitis/HWSOC/hw
TRACE::2025-02-17.09:41:38::SCWPlatform:: Platform Path C:/devWorks/devWorks2/HWSOC/Vitis/HWSOC/hw/HWSOC.xsa
TRACE::2025-02-17.09:41:38::SCWPlatform:: Unique name xilinx:pynq-z2::0.0
TRACE::2025-02-17.09:41:38::SCWPlatform::Trying to set the existing hwdb with name design_1_wrapper_0
TRACE::2025-02-17.09:41:38::SCWPlatform::Opened existing hwdb design_1_wrapper_0
TRACE::2025-02-17.09:41:38::SCWPlatform::Found the Hw Db part of the input DSA
TRACE::2025-02-17.09:41:38::SCWMssOS::Checking the sw design at  C:/devWorks/devWorks2/HWSOC/Vitis/HWSOC/zynq_fsbl/zynq_fsbl_bsp/system.mss
TRACE::2025-02-17.09:41:38::SCWMssOS::DEBUG:  swdes dump  
TRACE::2025-02-17.09:41:38::SCWMssOS::No sw design opened at  C:/devWorks/devWorks2/HWSOC/Vitis/HWSOC/zynq_fsbl/zynq_fsbl_bsp/system.mss
TRACE::2025-02-17.09:41:38::SCWMssOS::mss does not exists at C:/devWorks/devWorks2/HWSOC/Vitis/HWSOC/zynq_fsbl/zynq_fsbl_bsp/system.mss
TRACE::2025-02-17.09:41:38::SCWMssOS::Creating sw design at  C:/devWorks/devWorks2/HWSOC/Vitis/HWSOC/zynq_fsbl/zynq_fsbl_bsp/system.mss
TRACE::2025-02-17.09:41:39::SCWMssOS::Adding the swdes entry, created swdb C:/devWorks/devWorks2/HWSOC/Vitis/HWSOC/zynq_fsbl/zynq_fsbl_bsp/system.mss with des name C:/devWorks/devWorks2/HWSOC/Vitis/HWSOC/zynq_fsbl/zynq_fsbl_bsp/system.mss
TRACE::2025-02-17.09:41:39::SCWMssOS::updating the scw layer changes to swdes at   C:/devWorks/devWorks2/HWSOC/Vitis/HWSOC/zynq_fsbl/zynq_fsbl_bsp/system.mss
TRACE::2025-02-17.09:41:39::SCWMssOS::Writing mss at C:/devWorks/devWorks2/HWSOC/Vitis/HWSOC/zynq_fsbl/zynq_fsbl_bsp/system.mss
TRACE::2025-02-17.09:41:39::SCWMssOS::Completed writing the mss file at C:/devWorks/devWorks2/HWSOC/Vitis/HWSOC/zynq_fsbl/zynq_fsbl_bsp
TRACE::2025-02-17.09:41:39::SCWMssOS::Picking up changes from newly written mss file into SCW Layer. 
TRACE::2025-02-17.09:41:39::SCWMssOS::Updated the changes from newly written mss file into SCW Layer. 
TRACE::2025-02-17.09:41:39::SCWBDomain::Completed writing the mss file at C:/devWorks/devWorks2/HWSOC/Vitis/HWSOC/zynq_fsbl/zynq_fsbl_bsp
TRACE::2025-02-17.09:41:45::SCWPlatform::Generating sources Done.
TRACE::2025-02-17.09:41:45::SCWPlatform::Trying to open the hw design at C:/devWorks/devWorks2/HWSOC/Vitis/HWSOC/hw/HWSOC.xsa
TRACE::2025-02-17.09:41:45::SCWPlatform::DSA given C:/devWorks/devWorks2/HWSOC/Vitis/HWSOC/hw/HWSOC.xsa
TRACE::2025-02-17.09:41:45::SCWPlatform::DSA absoulate path C:/devWorks/devWorks2/HWSOC/Vitis/HWSOC/hw/HWSOC.xsa
TRACE::2025-02-17.09:41:45::SCWPlatform::DSA directory C:/devWorks/devWorks2/HWSOC/Vitis/HWSOC/hw
TRACE::2025-02-17.09:41:45::SCWPlatform:: Platform Path C:/devWorks/devWorks2/HWSOC/Vitis/HWSOC/hw/HWSOC.xsa
TRACE::2025-02-17.09:41:45::SCWPlatform:: Unique name xilinx:pynq-z2::0.0
TRACE::2025-02-17.09:41:45::SCWPlatform::Trying to set the existing hwdb with name design_1_wrapper_0
TRACE::2025-02-17.09:41:45::SCWPlatform::Opened existing hwdb design_1_wrapper_0
TRACE::2025-02-17.09:41:45::SCWPlatform::Found the Hw Db part of the input DSA
TRACE::2025-02-17.09:41:45::SCWMssOS::Checking the sw design at  C:/devWorks/devWorks2/HWSOC/Vitis/HWSOC/zynq_fsbl/zynq_fsbl_bsp/system.mss
TRACE::2025-02-17.09:41:45::SCWMssOS::DEBUG:  swdes dump  
TRACE::2025-02-17.09:41:45::SCWMssOS::No sw design opened at  C:/devWorks/devWorks2/HWSOC/Vitis/HWSOC/zynq_fsbl/zynq_fsbl_bsp/system.mss
TRACE::2025-02-17.09:41:45::SCWMssOS::mss exists loading the mss file  C:/devWorks/devWorks2/HWSOC/Vitis/HWSOC/zynq_fsbl/zynq_fsbl_bsp/system.mss
TRACE::2025-02-17.09:41:45::SCWMssOS::Opened the sw design from mss  C:/devWorks/devWorks2/HWSOC/Vitis/HWSOC/zynq_fsbl/zynq_fsbl_bsp/system.mss
TRACE::2025-02-17.09:41:45::SCWMssOS::Adding the swdes entry C:/devWorks/devWorks2/HWSOC/Vitis/HWSOC/zynq_fsbl/zynq_fsbl_bsp/system.mss with des name system
TRACE::2025-02-17.09:41:45::SCWMssOS::updating the scw layer about changes
TRACE::2025-02-17.09:41:45::SCWMssOS::Opened the sw design.  C:/devWorks/devWorks2/HWSOC/Vitis/HWSOC/zynq_fsbl/zynq_fsbl_bsp/system.mss
TRACE::2025-02-17.09:41:45::SCWMssOS::Saving the mss changes C:/devWorks/devWorks2/HWSOC/Vitis/HWSOC/zynq_fsbl/zynq_fsbl_bsp/system.mss
TRACE::2025-02-17.09:41:45::SCWMssOS::Found a swdesign opened with the mssfile.
TRACE::2025-02-17.09:41:45::SCWMssOS::Completed writemss as part of save.
TRACE::2025-02-17.09:41:45::SCWMssOS::Commit changes completed.
TRACE::2025-02-17.09:41:45::SCWPlatform::Trying to open the hw design at C:/devWorks/devWorks2/HWSOC/Vitis/HWSOC/hw/HWSOC.xsa
TRACE::2025-02-17.09:41:45::SCWPlatform::DSA given C:/devWorks/devWorks2/HWSOC/Vitis/HWSOC/hw/HWSOC.xsa
TRACE::2025-02-17.09:41:45::SCWPlatform::DSA absoulate path C:/devWorks/devWorks2/HWSOC/Vitis/HWSOC/hw/HWSOC.xsa
TRACE::2025-02-17.09:41:45::SCWPlatform::DSA directory C:/devWorks/devWorks2/HWSOC/Vitis/HWSOC/hw
TRACE::2025-02-17.09:41:45::SCWPlatform:: Platform Path C:/devWorks/devWorks2/HWSOC/Vitis/HWSOC/hw/HWSOC.xsa
TRACE::2025-02-17.09:41:45::SCWPlatform:: Unique name xilinx:pynq-z2::0.0
TRACE::2025-02-17.09:41:45::SCWPlatform::Trying to set the existing hwdb with name design_1_wrapper_0
TRACE::2025-02-17.09:41:45::SCWPlatform::Opened existing hwdb design_1_wrapper_0
TRACE::2025-02-17.09:41:45::SCWPlatform::Found the Hw Db part of the input DSA
TRACE::2025-02-17.09:41:45::SCWMssOS::Checking the sw design at  C:/devWorks/devWorks2/HWSOC/Vitis/HWSOC/zynq_fsbl/zynq_fsbl_bsp/system.mss
TRACE::2025-02-17.09:41:45::SCWMssOS::DEBUG:  swdes dump  C:/devWorks/devWorks2/HWSOC/Vitis/HWSOC/zynq_fsbl/zynq_fsbl_bsp/system.mss|system||

TRACE::2025-02-17.09:41:45::SCWMssOS::Sw design exists and opened at  C:/devWorks/devWorks2/HWSOC/Vitis/HWSOC/zynq_fsbl/zynq_fsbl_bsp/system.mss
TRACE::2025-02-17.09:41:45::SCWPlatform::Trying to open the hw design at C:/devWorks/devWorks2/HWSOC/Vitis/HWSOC/hw/HWSOC.xsa
TRACE::2025-02-17.09:41:45::SCWPlatform::DSA given C:/devWorks/devWorks2/HWSOC/Vitis/HWSOC/hw/HWSOC.xsa
TRACE::2025-02-17.09:41:45::SCWPlatform::DSA absoulate path C:/devWorks/devWorks2/HWSOC/Vitis/HWSOC/hw/HWSOC.xsa
TRACE::2025-02-17.09:41:45::SCWPlatform::DSA directory C:/devWorks/devWorks2/HWSOC/Vitis/HWSOC/hw
TRACE::2025-02-17.09:41:45::SCWPlatform:: Platform Path C:/devWorks/devWorks2/HWSOC/Vitis/HWSOC/hw/HWSOC.xsa
TRACE::2025-02-17.09:41:45::SCWPlatform:: Unique name xilinx:pynq-z2::0.0
TRACE::2025-02-17.09:41:45::SCWPlatform::Trying to set the existing hwdb with name design_1_wrapper_0
TRACE::2025-02-17.09:41:45::SCWPlatform::Opened existing hwdb design_1_wrapper_0
TRACE::2025-02-17.09:41:45::SCWPlatform::Found the Hw Db part of the input DSA
TRACE::2025-02-17.09:41:45::SCWMssOS::Checking the sw design at  C:/devWorks/devWorks2/HWSOC/Vitis/HWSOC/zynq_fsbl/zynq_fsbl_bsp/system.mss
TRACE::2025-02-17.09:41:45::SCWMssOS::DEBUG:  swdes dump  C:/devWorks/devWorks2/HWSOC/Vitis/HWSOC/zynq_fsbl/zynq_fsbl_bsp/system.mss|system||

TRACE::2025-02-17.09:41:45::SCWMssOS::Sw design exists and opened at  C:/devWorks/devWorks2/HWSOC/Vitis/HWSOC/zynq_fsbl/zynq_fsbl_bsp/system.mss
TRACE::2025-02-17.09:41:45::SCWPlatform::Trying to open the hw design at C:/devWorks/devWorks2/HWSOC/Vitis/HWSOC/hw/HWSOC.xsa
TRACE::2025-02-17.09:41:45::SCWPlatform::DSA given C:/devWorks/devWorks2/HWSOC/Vitis/HWSOC/hw/HWSOC.xsa
TRACE::2025-02-17.09:41:45::SCWPlatform::DSA absoulate path C:/devWorks/devWorks2/HWSOC/Vitis/HWSOC/hw/HWSOC.xsa
TRACE::2025-02-17.09:41:45::SCWPlatform::DSA directory C:/devWorks/devWorks2/HWSOC/Vitis/HWSOC/hw
TRACE::2025-02-17.09:41:45::SCWPlatform:: Platform Path C:/devWorks/devWorks2/HWSOC/Vitis/HWSOC/hw/HWSOC.xsa
TRACE::2025-02-17.09:41:45::SCWPlatform:: Unique name xilinx:pynq-z2::0.0
TRACE::2025-02-17.09:41:45::SCWPlatform::Trying to set the existing hwdb with name design_1_wrapper_0
TRACE::2025-02-17.09:41:45::SCWPlatform::Opened existing hwdb design_1_wrapper_0
TRACE::2025-02-17.09:41:45::SCWPlatform::Found the Hw Db part of the input DSA
TRACE::2025-02-17.09:41:45::SCWMssOS::Checking the sw design at  C:/devWorks/devWorks2/HWSOC/Vitis/HWSOC/zynq_fsbl/zynq_fsbl_bsp/system.mss
TRACE::2025-02-17.09:41:45::SCWMssOS::DEBUG:  swdes dump  C:/devWorks/devWorks2/HWSOC/Vitis/HWSOC/zynq_fsbl/zynq_fsbl_bsp/system.mss|system||

TRACE::2025-02-17.09:41:45::SCWMssOS::Sw design exists and opened at  C:/devWorks/devWorks2/HWSOC/Vitis/HWSOC/zynq_fsbl/zynq_fsbl_bsp/system.mss
TRACE::2025-02-17.09:41:45::SCWWriter::formatted JSON is {
	"platformName":	"HWSOC",
	"sprVersion":	"2.0",
	"mode":	"gui",
	"dsaType":	"Fixed",
	"platformDesc":	"HWSOC",
	"platHandOff":	"C:/devWorks/devWorks2/HWSOC/HWSOC.xsa",
	"platIntHandOff":	"<platformDir>/hw/HWSOC.xsa",
	"deviceType":	"zynq",
	"platIsPrebuiltAutogen":	"false",
	"platIsNoBootBsp":	"false",
	"platFsblTarget":	"ps7_cortexa9_0",
	"hasFsblMakeHasChanges":	"false",
	"hasPmufwMakeHasChanges":	"false",
	"fsblExtraCompilerFlags":	"-MMD -MP       -mcpu=cortex-a9 -mfpu=vfpv3 -mfloat-abi=hard ",
	"platPreBuiltFlag":	false,
	"platformSamplesDir":	"",
	"platActiveSys":	"HWSOC",
	"systems":	[{
			"systemName":	"HWSOC",
			"systemDesc":	"HWSOC",
			"sysIsBootAutoGen":	"true",
			"systemDispName":	"HWSOC",
			"sysActiveDom":	"zynq_fsbl",
			"sysDefaultDom":	"",
			"domains":	[{
					"domainName":	"zynq_fsbl",
					"domainDispName":	"zynq_fsbl",
					"domainDesc":	"FSBL Application BSP - Auto Generated.",
					"processors":	"ps7_cortexa9_0",
					"os":	"standalone",
					"sdxOs":	"standalone",
					"debugEnable":	"",
					"domRuntimes":	["cpp"],
					"swRepo":	"",
					"mssOsVer":	"9.1",
					"mssFile":	"",
					"md5Digest":	"ffd369a5fb623ccfea9e69d09ea25f91",
					"compatibleApp":	"zynq_fsbl",
					"domType":	"bootDomain",
					"arch":	"32-bit",
					"appSettings":	{
						"appCompilerFlags":	"",
						"appLinkerFlags":	""
					},
					"addedLibs":	["xilffs:5.2", "xilrsa:1.8"],
					"libOptions":	{
						"libsContainingOptions":	[]
					},
					"prebuiltLibs":	{
						"prebuiltIncPath":	[],
						"prebuiltLibPath":	[]
					},
					"isolation":	{
					}
				}]
		}]
}
TRACE::2025-02-17.09:41:45::SCWMssOS::Saving the mss changes C:/devWorks/devWorks2/HWSOC/Vitis/HWSOC/zynq_fsbl/zynq_fsbl_bsp/system.mss
TRACE::2025-02-17.09:41:45::SCWMssOS::Found a swdesign opened with the mssfile.
TRACE::2025-02-17.09:41:45::SCWMssOS::Completed writemss as part of save.
TRACE::2025-02-17.09:41:45::SCWMssOS::Commit changes completed.
TRACE::2025-02-17.09:41:45::SCWPlatform::Trying to open the hw design at C:/devWorks/devWorks2/HWSOC/Vitis/HWSOC/hw/HWSOC.xsa
TRACE::2025-02-17.09:41:45::SCWPlatform::DSA given C:/devWorks/devWorks2/HWSOC/Vitis/HWSOC/hw/HWSOC.xsa
TRACE::2025-02-17.09:41:45::SCWPlatform::DSA absoulate path C:/devWorks/devWorks2/HWSOC/Vitis/HWSOC/hw/HWSOC.xsa
TRACE::2025-02-17.09:41:45::SCWPlatform::DSA directory C:/devWorks/devWorks2/HWSOC/Vitis/HWSOC/hw
TRACE::2025-02-17.09:41:45::SCWPlatform:: Platform Path C:/devWorks/devWorks2/HWSOC/Vitis/HWSOC/hw/HWSOC.xsa
TRACE::2025-02-17.09:41:45::SCWPlatform:: Unique name xilinx:pynq-z2::0.0
TRACE::2025-02-17.09:41:45::SCWPlatform::Trying to set the existing hwdb with name design_1_wrapper_0
TRACE::2025-02-17.09:41:45::SCWPlatform::Opened existing hwdb design_1_wrapper_0
TRACE::2025-02-17.09:41:45::SCWPlatform::Found the Hw Db part of the input DSA
TRACE::2025-02-17.09:41:45::SCWMssOS::Checking the sw design at  C:/devWorks/devWorks2/HWSOC/Vitis/HWSOC/zynq_fsbl/zynq_fsbl_bsp/system.mss
TRACE::2025-02-17.09:41:45::SCWMssOS::DEBUG:  swdes dump  C:/devWorks/devWorks2/HWSOC/Vitis/HWSOC/zynq_fsbl/zynq_fsbl_bsp/system.mss|system||

TRACE::2025-02-17.09:41:45::SCWMssOS::Sw design exists and opened at  C:/devWorks/devWorks2/HWSOC/Vitis/HWSOC/zynq_fsbl/zynq_fsbl_bsp/system.mss
TRACE::2025-02-17.09:41:45::SCWPlatform::Trying to open the hw design at C:/devWorks/devWorks2/HWSOC/Vitis/HWSOC/hw/HWSOC.xsa
TRACE::2025-02-17.09:41:45::SCWPlatform::DSA given C:/devWorks/devWorks2/HWSOC/Vitis/HWSOC/hw/HWSOC.xsa
TRACE::2025-02-17.09:41:45::SCWPlatform::DSA absoulate path C:/devWorks/devWorks2/HWSOC/Vitis/HWSOC/hw/HWSOC.xsa
TRACE::2025-02-17.09:41:45::SCWPlatform::DSA directory C:/devWorks/devWorks2/HWSOC/Vitis/HWSOC/hw
TRACE::2025-02-17.09:41:45::SCWPlatform:: Platform Path C:/devWorks/devWorks2/HWSOC/Vitis/HWSOC/hw/HWSOC.xsa
TRACE::2025-02-17.09:41:45::SCWPlatform:: Unique name xilinx:pynq-z2::0.0
TRACE::2025-02-17.09:41:45::SCWPlatform::Trying to set the existing hwdb with name design_1_wrapper_0
TRACE::2025-02-17.09:41:45::SCWPlatform::Opened existing hwdb design_1_wrapper_0
TRACE::2025-02-17.09:41:45::SCWPlatform::Found the Hw Db part of the input DSA
TRACE::2025-02-17.09:41:45::SCWMssOS::Checking the sw design at  C:/devWorks/devWorks2/HWSOC/Vitis/HWSOC/zynq_fsbl/zynq_fsbl_bsp/system.mss
TRACE::2025-02-17.09:41:45::SCWMssOS::DEBUG:  swdes dump  C:/devWorks/devWorks2/HWSOC/Vitis/HWSOC/zynq_fsbl/zynq_fsbl_bsp/system.mss|system||

TRACE::2025-02-17.09:41:45::SCWMssOS::Sw design exists and opened at  C:/devWorks/devWorks2/HWSOC/Vitis/HWSOC/zynq_fsbl/zynq_fsbl_bsp/system.mss
TRACE::2025-02-17.09:41:45::SCWPlatform::Trying to open the hw design at C:/devWorks/devWorks2/HWSOC/Vitis/HWSOC/hw/HWSOC.xsa
TRACE::2025-02-17.09:41:45::SCWPlatform::DSA given C:/devWorks/devWorks2/HWSOC/Vitis/HWSOC/hw/HWSOC.xsa
TRACE::2025-02-17.09:41:45::SCWPlatform::DSA absoulate path C:/devWorks/devWorks2/HWSOC/Vitis/HWSOC/hw/HWSOC.xsa
TRACE::2025-02-17.09:41:45::SCWPlatform::DSA directory C:/devWorks/devWorks2/HWSOC/Vitis/HWSOC/hw
TRACE::2025-02-17.09:41:45::SCWPlatform:: Platform Path C:/devWorks/devWorks2/HWSOC/Vitis/HWSOC/hw/HWSOC.xsa
TRACE::2025-02-17.09:41:45::SCWPlatform:: Unique name xilinx:pynq-z2::0.0
TRACE::2025-02-17.09:41:45::SCWPlatform::Trying to set the existing hwdb with name design_1_wrapper_0
TRACE::2025-02-17.09:41:45::SCWPlatform::Opened existing hwdb design_1_wrapper_0
TRACE::2025-02-17.09:41:45::SCWPlatform::Found the Hw Db part of the input DSA
TRACE::2025-02-17.09:41:45::SCWMssOS::Checking the sw design at  C:/devWorks/devWorks2/HWSOC/Vitis/HWSOC/zynq_fsbl/zynq_fsbl_bsp/system.mss
TRACE::2025-02-17.09:41:45::SCWMssOS::DEBUG:  swdes dump  C:/devWorks/devWorks2/HWSOC/Vitis/HWSOC/zynq_fsbl/zynq_fsbl_bsp/system.mss|system||

TRACE::2025-02-17.09:41:45::SCWMssOS::Sw design exists and opened at  C:/devWorks/devWorks2/HWSOC/Vitis/HWSOC/zynq_fsbl/zynq_fsbl_bsp/system.mss
TRACE::2025-02-17.09:41:45::SCWWriter::formatted JSON is {
	"platformName":	"HWSOC",
	"sprVersion":	"2.0",
	"mode":	"gui",
	"dsaType":	"Fixed",
	"platformDesc":	"HWSOC",
	"platHandOff":	"C:/devWorks/devWorks2/HWSOC/HWSOC.xsa",
	"platIntHandOff":	"<platformDir>/hw/HWSOC.xsa",
	"deviceType":	"zynq",
	"platIsPrebuiltAutogen":	"false",
	"platIsNoBootBsp":	"false",
	"platFsblTarget":	"ps7_cortexa9_0",
	"hasFsblMakeHasChanges":	"false",
	"hasPmufwMakeHasChanges":	"false",
	"fsblExtraCompilerFlags":	"-MMD -MP       -mcpu=cortex-a9 -mfpu=vfpv3 -mfloat-abi=hard ",
	"platPreBuiltFlag":	false,
	"platformSamplesDir":	"",
	"platActiveSys":	"HWSOC",
	"systems":	[{
			"systemName":	"HWSOC",
			"systemDesc":	"HWSOC",
			"sysIsBootAutoGen":	"true",
			"systemDispName":	"HWSOC",
			"sysActiveDom":	"zynq_fsbl",
			"sysDefaultDom":	"",
			"domains":	[{
					"domainName":	"zynq_fsbl",
					"domainDispName":	"zynq_fsbl",
					"domainDesc":	"FSBL Application BSP - Auto Generated.",
					"processors":	"ps7_cortexa9_0",
					"os":	"standalone",
					"sdxOs":	"standalone",
					"debugEnable":	"",
					"domRuntimes":	["cpp"],
					"swRepo":	"",
					"mssOsVer":	"9.1",
					"mssFile":	"",
					"md5Digest":	"ffd369a5fb623ccfea9e69d09ea25f91",
					"compatibleApp":	"zynq_fsbl",
					"domType":	"bootDomain",
					"arch":	"32-bit",
					"appSettings":	{
						"appCompilerFlags":	"",
						"appLinkerFlags":	""
					},
					"addedLibs":	["xilffs:5.2", "xilrsa:1.8"],
					"libOptions":	{
						"libsContainingOptions":	[]
					},
					"prebuiltLibs":	{
						"prebuiltIncPath":	[],
						"prebuiltLibPath":	[]
					},
					"isolation":	{
					}
				}]
		}]
}
TRACE::2025-02-17.09:41:45::SCWPlatform::Trying to open the hw design at C:/devWorks/devWorks2/HWSOC/Vitis/HWSOC/hw/HWSOC.xsa
TRACE::2025-02-17.09:41:45::SCWPlatform::DSA given C:/devWorks/devWorks2/HWSOC/Vitis/HWSOC/hw/HWSOC.xsa
TRACE::2025-02-17.09:41:45::SCWPlatform::DSA absoulate path C:/devWorks/devWorks2/HWSOC/Vitis/HWSOC/hw/HWSOC.xsa
TRACE::2025-02-17.09:41:45::SCWPlatform::DSA directory C:/devWorks/devWorks2/HWSOC/Vitis/HWSOC/hw
TRACE::2025-02-17.09:41:45::SCWPlatform:: Platform Path C:/devWorks/devWorks2/HWSOC/Vitis/HWSOC/hw/HWSOC.xsa
TRACE::2025-02-17.09:41:45::SCWPlatform:: Unique name xilinx:pynq-z2::0.0
TRACE::2025-02-17.09:41:45::SCWPlatform::Trying to set the existing hwdb with name design_1_wrapper_0
TRACE::2025-02-17.09:41:45::SCWPlatform::Opened existing hwdb design_1_wrapper_0
TRACE::2025-02-17.09:41:45::SCWPlatform::Found the Hw Db part of the input DSA
TRACE::2025-02-17.09:41:45::SCWDomain::checking for install qemu data   : 
TRACE::2025-02-17.09:41:45::SCWDomain:: Using the QEMU Data from install at  : C:/Xilinx/Vitis/2024.1/data/emulation/platforms/zynq/sw/a9_standalone/qemu/
TRACE::2025-02-17.09:41:45::SCWDomain:: Using the QEMU args  from install at  : C:/Xilinx/Vitis/2024.1/data/emulation/platforms/zynq/sw/a9_standalone/qemu/qemu_args.txt
TRACE::2025-02-17.09:41:45::SCWPlatform::Trying to open the hw design at C:/devWorks/devWorks2/HWSOC/Vitis/HWSOC/hw/HWSOC.xsa
TRACE::2025-02-17.09:41:45::SCWPlatform::DSA given C:/devWorks/devWorks2/HWSOC/Vitis/HWSOC/hw/HWSOC.xsa
TRACE::2025-02-17.09:41:45::SCWPlatform::DSA absoulate path C:/devWorks/devWorks2/HWSOC/Vitis/HWSOC/hw/HWSOC.xsa
TRACE::2025-02-17.09:41:45::SCWPlatform::DSA directory C:/devWorks/devWorks2/HWSOC/Vitis/HWSOC/hw
TRACE::2025-02-17.09:41:45::SCWPlatform:: Platform Path C:/devWorks/devWorks2/HWSOC/Vitis/HWSOC/hw/HWSOC.xsa
TRACE::2025-02-17.09:41:45::SCWPlatform:: Unique name xilinx:pynq-z2::0.0
TRACE::2025-02-17.09:41:45::SCWPlatform::Trying to set the existing hwdb with name design_1_wrapper_0
TRACE::2025-02-17.09:41:45::SCWPlatform::Opened existing hwdb design_1_wrapper_0
TRACE::2025-02-17.09:41:45::SCWPlatform::Found the Hw Db part of the input DSA
TRACE::2025-02-17.09:41:45::SCWPlatform::Trying to open the hw design at C:/devWorks/devWorks2/HWSOC/Vitis/HWSOC/hw/HWSOC.xsa
TRACE::2025-02-17.09:41:45::SCWPlatform::DSA given C:/devWorks/devWorks2/HWSOC/Vitis/HWSOC/hw/HWSOC.xsa
TRACE::2025-02-17.09:41:45::SCWPlatform::DSA absoulate path C:/devWorks/devWorks2/HWSOC/Vitis/HWSOC/hw/HWSOC.xsa
TRACE::2025-02-17.09:41:45::SCWPlatform::DSA directory C:/devWorks/devWorks2/HWSOC/Vitis/HWSOC/hw
TRACE::2025-02-17.09:41:45::SCWPlatform:: Platform Path C:/devWorks/devWorks2/HWSOC/Vitis/HWSOC/hw/HWSOC.xsa
TRACE::2025-02-17.09:41:45::SCWPlatform:: Unique name xilinx:pynq-z2::0.0
TRACE::2025-02-17.09:41:45::SCWPlatform::Trying to set the existing hwdb with name design_1_wrapper_0
TRACE::2025-02-17.09:41:45::SCWPlatform::Opened existing hwdb design_1_wrapper_0
TRACE::2025-02-17.09:41:45::SCWPlatform::Found the Hw Db part of the input DSA
TRACE::2025-02-17.09:41:45::SCWDomain::Qemu Directory name is changed from "" to "qemu"
TRACE::2025-02-17.09:41:45::SCWPlatform::Trying to open the hw design at C:/devWorks/devWorks2/HWSOC/Vitis/HWSOC/hw/HWSOC.xsa
TRACE::2025-02-17.09:41:45::SCWPlatform::DSA given C:/devWorks/devWorks2/HWSOC/Vitis/HWSOC/hw/HWSOC.xsa
TRACE::2025-02-17.09:41:45::SCWPlatform::DSA absoulate path C:/devWorks/devWorks2/HWSOC/Vitis/HWSOC/hw/HWSOC.xsa
TRACE::2025-02-17.09:41:45::SCWPlatform::DSA directory C:/devWorks/devWorks2/HWSOC/Vitis/HWSOC/hw
TRACE::2025-02-17.09:41:45::SCWPlatform:: Platform Path C:/devWorks/devWorks2/HWSOC/Vitis/HWSOC/hw/HWSOC.xsa
TRACE::2025-02-17.09:41:45::SCWPlatform:: Unique name xilinx:pynq-z2::0.0
TRACE::2025-02-17.09:41:45::SCWPlatform::Trying to set the existing hwdb with name design_1_wrapper_0
TRACE::2025-02-17.09:41:45::SCWPlatform::Opened existing hwdb design_1_wrapper_0
TRACE::2025-02-17.09:41:45::SCWPlatform::Found the Hw Db part of the input DSA
TRACE::2025-02-17.09:41:45::SCWMssOS::Checking the sw design at  C:/devWorks/devWorks2/HWSOC/Vitis/HWSOC/ps7_cortexa9_0/standalone_ps7_cortexa9_0/bsp/system.mss
TRACE::2025-02-17.09:41:45::SCWMssOS::DEBUG:  swdes dump  C:/devWorks/devWorks2/HWSOC/Vitis/HWSOC/zynq_fsbl/zynq_fsbl_bsp/system.mss|system||

TRACE::2025-02-17.09:41:45::SCWMssOS::No sw design opened at  C:/devWorks/devWorks2/HWSOC/Vitis/HWSOC/ps7_cortexa9_0/standalone_ps7_cortexa9_0/bsp/system.mss
TRACE::2025-02-17.09:41:45::SCWMssOS::mss does not exists at C:/devWorks/devWorks2/HWSOC/Vitis/HWSOC/ps7_cortexa9_0/standalone_ps7_cortexa9_0/bsp/system.mss
TRACE::2025-02-17.09:41:45::SCWMssOS::Creating sw design at  C:/devWorks/devWorks2/HWSOC/Vitis/HWSOC/ps7_cortexa9_0/standalone_ps7_cortexa9_0/bsp/system.mss
TRACE::2025-02-17.09:41:45::SCWMssOS::Adding the swdes entry, created swdb C:/devWorks/devWorks2/HWSOC/Vitis/HWSOC/ps7_cortexa9_0/standalone_ps7_cortexa9_0/bsp/system.mss with des name C:/devWorks/devWorks2/HWSOC/Vitis/HWSOC/ps7_cortexa9_0/standalone_ps7_cortexa9_0/bsp/system.mss
TRACE::2025-02-17.09:41:45::SCWMssOS::updating the scw layer changes to swdes at   C:/devWorks/devWorks2/HWSOC/Vitis/HWSOC/ps7_cortexa9_0/standalone_ps7_cortexa9_0/bsp/system.mss
TRACE::2025-02-17.09:41:45::SCWMssOS::Writing mss at C:/devWorks/devWorks2/HWSOC/Vitis/HWSOC/ps7_cortexa9_0/standalone_ps7_cortexa9_0/bsp/system.mss
TRACE::2025-02-17.09:41:45::SCWMssOS::Completed writing the mss file at C:/devWorks/devWorks2/HWSOC/Vitis/HWSOC/ps7_cortexa9_0/standalone_ps7_cortexa9_0/bsp
TRACE::2025-02-17.09:41:45::SCWMssOS::Picking up changes from newly written mss file into SCW Layer. 
TRACE::2025-02-17.09:41:45::SCWMssOS::Updated the changes from newly written mss file into SCW Layer. 
TRACE::2025-02-17.09:41:45::SCWMssOS::Completed writing the mss file at C:/devWorks/devWorks2/HWSOC/Vitis/HWSOC/ps7_cortexa9_0/standalone_ps7_cortexa9_0/bsp
TRACE::2025-02-17.09:41:45::SCWMssOS::Forcing BSP Sources regeneration.
TRACE::2025-02-17.09:41:47::SCWMssOS::Saving the mss changes C:/devWorks/devWorks2/HWSOC/Vitis/HWSOC/zynq_fsbl/zynq_fsbl_bsp/system.mss
TRACE::2025-02-17.09:41:47::SCWMssOS::Found a swdesign opened with the mssfile.
TRACE::2025-02-17.09:41:47::SCWMssOS::Completed writemss as part of save.
TRACE::2025-02-17.09:41:47::SCWMssOS::Commit changes completed.
TRACE::2025-02-17.09:41:47::SCWMssOS::Saving the mss changes C:/devWorks/devWorks2/HWSOC/Vitis/HWSOC/ps7_cortexa9_0/standalone_ps7_cortexa9_0/bsp/system.mss
TRACE::2025-02-17.09:41:47::SCWMssOS::Adding the swdes entry, mss present, able to open swdb C:/devWorks/devWorks2/HWSOC/Vitis/HWSOC/ps7_cortexa9_0/standalone_ps7_cortexa9_0/bsp/system.mss with des name system_0
TRACE::2025-02-17.09:41:47::SCWMssOS::Writing the mss file completed C:/devWorks/devWorks2/HWSOC/Vitis/HWSOC/ps7_cortexa9_0/standalone_ps7_cortexa9_0/bsp/system.mss
TRACE::2025-02-17.09:41:47::SCWMssOS::Commit changes completed.
TRACE::2025-02-17.09:41:47::SCWPlatform::Trying to open the hw design at C:/devWorks/devWorks2/HWSOC/Vitis/HWSOC/hw/HWSOC.xsa
TRACE::2025-02-17.09:41:47::SCWPlatform::DSA given C:/devWorks/devWorks2/HWSOC/Vitis/HWSOC/hw/HWSOC.xsa
TRACE::2025-02-17.09:41:47::SCWPlatform::DSA absoulate path C:/devWorks/devWorks2/HWSOC/Vitis/HWSOC/hw/HWSOC.xsa
TRACE::2025-02-17.09:41:47::SCWPlatform::DSA directory C:/devWorks/devWorks2/HWSOC/Vitis/HWSOC/hw
TRACE::2025-02-17.09:41:47::SCWPlatform:: Platform Path C:/devWorks/devWorks2/HWSOC/Vitis/HWSOC/hw/HWSOC.xsa
TRACE::2025-02-17.09:41:47::SCWPlatform:: Unique name xilinx:pynq-z2::0.0
TRACE::2025-02-17.09:41:47::SCWPlatform::Trying to set the existing hwdb with name design_1_wrapper_0
TRACE::2025-02-17.09:41:47::SCWPlatform::Opened existing hwdb design_1_wrapper_0
TRACE::2025-02-17.09:41:47::SCWPlatform::Found the Hw Db part of the input DSA
TRACE::2025-02-17.09:41:47::SCWMssOS::Checking the sw design at  C:/devWorks/devWorks2/HWSOC/Vitis/HWSOC/zynq_fsbl/zynq_fsbl_bsp/system.mss
TRACE::2025-02-17.09:41:47::SCWMssOS::DEBUG:  swdes dump  C:/devWorks/devWorks2/HWSOC/Vitis/HWSOC/ps7_cortexa9_0/standalone_ps7_cortexa9_0/bsp/system.mss|system_0||
C:/devWorks/devWorks2/HWSOC/Vitis/HWSOC/zynq_fsbl/zynq_fsbl_bsp/system.mss|system||

TRACE::2025-02-17.09:41:47::SCWMssOS::Sw design exists and opened at  C:/devWorks/devWorks2/HWSOC/Vitis/HWSOC/zynq_fsbl/zynq_fsbl_bsp/system.mss
TRACE::2025-02-17.09:41:47::SCWPlatform::Trying to open the hw design at C:/devWorks/devWorks2/HWSOC/Vitis/HWSOC/hw/HWSOC.xsa
TRACE::2025-02-17.09:41:47::SCWPlatform::DSA given C:/devWorks/devWorks2/HWSOC/Vitis/HWSOC/hw/HWSOC.xsa
TRACE::2025-02-17.09:41:47::SCWPlatform::DSA absoulate path C:/devWorks/devWorks2/HWSOC/Vitis/HWSOC/hw/HWSOC.xsa
TRACE::2025-02-17.09:41:47::SCWPlatform::DSA directory C:/devWorks/devWorks2/HWSOC/Vitis/HWSOC/hw
TRACE::2025-02-17.09:41:47::SCWPlatform:: Platform Path C:/devWorks/devWorks2/HWSOC/Vitis/HWSOC/hw/HWSOC.xsa
TRACE::2025-02-17.09:41:47::SCWPlatform:: Unique name xilinx:pynq-z2::0.0
TRACE::2025-02-17.09:41:47::SCWPlatform::Trying to set the existing hwdb with name design_1_wrapper_0
TRACE::2025-02-17.09:41:47::SCWPlatform::Opened existing hwdb design_1_wrapper_0
TRACE::2025-02-17.09:41:47::SCWPlatform::Found the Hw Db part of the input DSA
TRACE::2025-02-17.09:41:47::SCWMssOS::Checking the sw design at  C:/devWorks/devWorks2/HWSOC/Vitis/HWSOC/zynq_fsbl/zynq_fsbl_bsp/system.mss
TRACE::2025-02-17.09:41:47::SCWMssOS::DEBUG:  swdes dump  C:/devWorks/devWorks2/HWSOC/Vitis/HWSOC/ps7_cortexa9_0/standalone_ps7_cortexa9_0/bsp/system.mss|system_0||
C:/devWorks/devWorks2/HWSOC/Vitis/HWSOC/zynq_fsbl/zynq_fsbl_bsp/system.mss|system||

TRACE::2025-02-17.09:41:47::SCWMssOS::Sw design exists and opened at  C:/devWorks/devWorks2/HWSOC/Vitis/HWSOC/zynq_fsbl/zynq_fsbl_bsp/system.mss
TRACE::2025-02-17.09:41:47::SCWPlatform::Trying to open the hw design at C:/devWorks/devWorks2/HWSOC/Vitis/HWSOC/hw/HWSOC.xsa
TRACE::2025-02-17.09:41:47::SCWPlatform::DSA given C:/devWorks/devWorks2/HWSOC/Vitis/HWSOC/hw/HWSOC.xsa
TRACE::2025-02-17.09:41:47::SCWPlatform::DSA absoulate path C:/devWorks/devWorks2/HWSOC/Vitis/HWSOC/hw/HWSOC.xsa
TRACE::2025-02-17.09:41:47::SCWPlatform::DSA directory C:/devWorks/devWorks2/HWSOC/Vitis/HWSOC/hw
TRACE::2025-02-17.09:41:47::SCWPlatform:: Platform Path C:/devWorks/devWorks2/HWSOC/Vitis/HWSOC/hw/HWSOC.xsa
TRACE::2025-02-17.09:41:47::SCWPlatform:: Unique name xilinx:pynq-z2::0.0
TRACE::2025-02-17.09:41:47::SCWPlatform::Trying to set the existing hwdb with name design_1_wrapper_0
TRACE::2025-02-17.09:41:47::SCWPlatform::Opened existing hwdb design_1_wrapper_0
TRACE::2025-02-17.09:41:47::SCWPlatform::Found the Hw Db part of the input DSA
TRACE::2025-02-17.09:41:47::SCWMssOS::Checking the sw design at  C:/devWorks/devWorks2/HWSOC/Vitis/HWSOC/zynq_fsbl/zynq_fsbl_bsp/system.mss
TRACE::2025-02-17.09:41:47::SCWMssOS::DEBUG:  swdes dump  C:/devWorks/devWorks2/HWSOC/Vitis/HWSOC/ps7_cortexa9_0/standalone_ps7_cortexa9_0/bsp/system.mss|system_0||
C:/devWorks/devWorks2/HWSOC/Vitis/HWSOC/zynq_fsbl/zynq_fsbl_bsp/system.mss|system||

TRACE::2025-02-17.09:41:47::SCWMssOS::Sw design exists and opened at  C:/devWorks/devWorks2/HWSOC/Vitis/HWSOC/zynq_fsbl/zynq_fsbl_bsp/system.mss
TRACE::2025-02-17.09:41:47::SCWPlatform::Trying to open the hw design at C:/devWorks/devWorks2/HWSOC/Vitis/HWSOC/hw/HWSOC.xsa
TRACE::2025-02-17.09:41:47::SCWPlatform::DSA given C:/devWorks/devWorks2/HWSOC/Vitis/HWSOC/hw/HWSOC.xsa
TRACE::2025-02-17.09:41:47::SCWPlatform::DSA absoulate path C:/devWorks/devWorks2/HWSOC/Vitis/HWSOC/hw/HWSOC.xsa
TRACE::2025-02-17.09:41:47::SCWPlatform::DSA directory C:/devWorks/devWorks2/HWSOC/Vitis/HWSOC/hw
TRACE::2025-02-17.09:41:47::SCWPlatform:: Platform Path C:/devWorks/devWorks2/HWSOC/Vitis/HWSOC/hw/HWSOC.xsa
TRACE::2025-02-17.09:41:47::SCWPlatform:: Unique name xilinx:pynq-z2::0.0
TRACE::2025-02-17.09:41:47::SCWPlatform::Trying to set the existing hwdb with name design_1_wrapper_0
TRACE::2025-02-17.09:41:47::SCWPlatform::Opened existing hwdb design_1_wrapper_0
TRACE::2025-02-17.09:41:47::SCWPlatform::Found the Hw Db part of the input DSA
TRACE::2025-02-17.09:41:47::SCWMssOS::Checking the sw design at  C:/devWorks/devWorks2/HWSOC/Vitis/HWSOC/ps7_cortexa9_0/standalone_ps7_cortexa9_0/bsp/system.mss
TRACE::2025-02-17.09:41:47::SCWMssOS::DEBUG:  swdes dump  C:/devWorks/devWorks2/HWSOC/Vitis/HWSOC/ps7_cortexa9_0/standalone_ps7_cortexa9_0/bsp/system.mss|system_0||
C:/devWorks/devWorks2/HWSOC/Vitis/HWSOC/zynq_fsbl/zynq_fsbl_bsp/system.mss|system||

TRACE::2025-02-17.09:41:47::SCWMssOS::Sw design exists and opened at  C:/devWorks/devWorks2/HWSOC/Vitis/HWSOC/ps7_cortexa9_0/standalone_ps7_cortexa9_0/bsp/system.mss
TRACE::2025-02-17.09:41:47::SCWPlatform::Trying to open the hw design at C:/devWorks/devWorks2/HWSOC/Vitis/HWSOC/hw/HWSOC.xsa
TRACE::2025-02-17.09:41:47::SCWPlatform::DSA given C:/devWorks/devWorks2/HWSOC/Vitis/HWSOC/hw/HWSOC.xsa
TRACE::2025-02-17.09:41:47::SCWPlatform::DSA absoulate path C:/devWorks/devWorks2/HWSOC/Vitis/HWSOC/hw/HWSOC.xsa
TRACE::2025-02-17.09:41:47::SCWPlatform::DSA directory C:/devWorks/devWorks2/HWSOC/Vitis/HWSOC/hw
TRACE::2025-02-17.09:41:47::SCWPlatform:: Platform Path C:/devWorks/devWorks2/HWSOC/Vitis/HWSOC/hw/HWSOC.xsa
TRACE::2025-02-17.09:41:47::SCWPlatform:: Unique name xilinx:pynq-z2::0.0
TRACE::2025-02-17.09:41:47::SCWPlatform::Trying to set the existing hwdb with name design_1_wrapper_0
TRACE::2025-02-17.09:41:47::SCWPlatform::Opened existing hwdb design_1_wrapper_0
TRACE::2025-02-17.09:41:47::SCWPlatform::Found the Hw Db part of the input DSA
TRACE::2025-02-17.09:41:47::SCWMssOS::Checking the sw design at  C:/devWorks/devWorks2/HWSOC/Vitis/HWSOC/ps7_cortexa9_0/standalone_ps7_cortexa9_0/bsp/system.mss
TRACE::2025-02-17.09:41:47::SCWMssOS::DEBUG:  swdes dump  C:/devWorks/devWorks2/HWSOC/Vitis/HWSOC/ps7_cortexa9_0/standalone_ps7_cortexa9_0/bsp/system.mss|system_0||
C:/devWorks/devWorks2/HWSOC/Vitis/HWSOC/zynq_fsbl/zynq_fsbl_bsp/system.mss|system||

TRACE::2025-02-17.09:41:47::SCWMssOS::Sw design exists and opened at  C:/devWorks/devWorks2/HWSOC/Vitis/HWSOC/ps7_cortexa9_0/standalone_ps7_cortexa9_0/bsp/system.mss
TRACE::2025-02-17.09:41:47::SCWPlatform::Trying to open the hw design at C:/devWorks/devWorks2/HWSOC/Vitis/HWSOC/hw/HWSOC.xsa
TRACE::2025-02-17.09:41:47::SCWPlatform::DSA given C:/devWorks/devWorks2/HWSOC/Vitis/HWSOC/hw/HWSOC.xsa
TRACE::2025-02-17.09:41:47::SCWPlatform::DSA absoulate path C:/devWorks/devWorks2/HWSOC/Vitis/HWSOC/hw/HWSOC.xsa
TRACE::2025-02-17.09:41:47::SCWPlatform::DSA directory C:/devWorks/devWorks2/HWSOC/Vitis/HWSOC/hw
TRACE::2025-02-17.09:41:47::SCWPlatform:: Platform Path C:/devWorks/devWorks2/HWSOC/Vitis/HWSOC/hw/HWSOC.xsa
TRACE::2025-02-17.09:41:47::SCWPlatform:: Unique name xilinx:pynq-z2::0.0
TRACE::2025-02-17.09:41:47::SCWPlatform::Trying to set the existing hwdb with name design_1_wrapper_0
TRACE::2025-02-17.09:41:47::SCWPlatform::Opened existing hwdb design_1_wrapper_0
TRACE::2025-02-17.09:41:47::SCWPlatform::Found the Hw Db part of the input DSA
TRACE::2025-02-17.09:41:47::SCWMssOS::Checking the sw design at  C:/devWorks/devWorks2/HWSOC/Vitis/HWSOC/ps7_cortexa9_0/standalone_ps7_cortexa9_0/bsp/system.mss
TRACE::2025-02-17.09:41:47::SCWMssOS::DEBUG:  swdes dump  C:/devWorks/devWorks2/HWSOC/Vitis/HWSOC/ps7_cortexa9_0/standalone_ps7_cortexa9_0/bsp/system.mss|system_0||
C:/devWorks/devWorks2/HWSOC/Vitis/HWSOC/zynq_fsbl/zynq_fsbl_bsp/system.mss|system||

TRACE::2025-02-17.09:41:47::SCWMssOS::Sw design exists and opened at  C:/devWorks/devWorks2/HWSOC/Vitis/HWSOC/ps7_cortexa9_0/standalone_ps7_cortexa9_0/bsp/system.mss
TRACE::2025-02-17.09:41:47::SCWWriter::formatted JSON is {
	"platformName":	"HWSOC",
	"sprVersion":	"2.0",
	"mode":	"gui",
	"dsaType":	"Fixed",
	"platformDesc":	"HWSOC",
	"platHandOff":	"C:/devWorks/devWorks2/HWSOC/HWSOC.xsa",
	"platIntHandOff":	"<platformDir>/hw/HWSOC.xsa",
	"deviceType":	"zynq",
	"platIsPrebuiltAutogen":	"false",
	"platIsNoBootBsp":	"false",
	"platFsblTarget":	"ps7_cortexa9_0",
	"hasFsblMakeHasChanges":	"false",
	"hasPmufwMakeHasChanges":	"false",
	"fsblExtraCompilerFlags":	"-MMD -MP       -mcpu=cortex-a9 -mfpu=vfpv3 -mfloat-abi=hard ",
	"platPreBuiltFlag":	false,
	"platformSamplesDir":	"",
	"platActiveSys":	"HWSOC",
	"systems":	[{
			"systemName":	"HWSOC",
			"systemDesc":	"HWSOC",
			"sysIsBootAutoGen":	"true",
			"systemDispName":	"HWSOC",
			"sysActiveDom":	"standalone_ps7_cortexa9_0",
			"sysDefaultDom":	"standalone_ps7_cortexa9_0",
			"domains":	[{
					"domainName":	"zynq_fsbl",
					"domainDispName":	"zynq_fsbl",
					"domainDesc":	"FSBL Application BSP - Auto Generated.",
					"processors":	"ps7_cortexa9_0",
					"os":	"standalone",
					"sdxOs":	"standalone",
					"debugEnable":	"",
					"domRuntimes":	["cpp"],
					"swRepo":	"",
					"mssOsVer":	"9.1",
					"mssFile":	"",
					"md5Digest":	"ffd369a5fb623ccfea9e69d09ea25f91",
					"compatibleApp":	"zynq_fsbl",
					"domType":	"bootDomain",
					"arch":	"32-bit",
					"appSettings":	{
						"appCompilerFlags":	"",
						"appLinkerFlags":	""
					},
					"addedLibs":	["xilffs:5.2", "xilrsa:1.8"],
					"libOptions":	{
						"libsContainingOptions":	[]
					},
					"prebuiltLibs":	{
						"prebuiltIncPath":	[],
						"prebuiltLibPath":	[]
					},
					"isolation":	{
					}
				}, {
					"domainName":	"standalone_ps7_cortexa9_0",
					"domainDispName":	"standalone_ps7_cortexa9_0",
					"domainDesc":	"standalone_ps7_cortexa9_0",
					"processors":	"ps7_cortexa9_0",
					"os":	"standalone",
					"sdxOs":	"standalone",
					"qemuArgs":	"<platformDir>/resources/HWSOC/standalone_ps7_cortexa9_0/qemu_args.txt",
					"qemuData":	"<platformDir>/resources/HWSOC/standalone_ps7_cortexa9_0/qemu",
					"debugEnable":	"False",
					"domRuntimes":	["cpp"],
					"swRepo":	"",
					"mssOsVer":	"9.1",
					"mssFile":	"",
					"md5Digest":	"674c771fc4c9fd186c2fce560d2b2e74",
					"compatibleApp":	"hello_world",
					"domType":	"mssDomain",
					"arch":	"32-bit",
					"appSettings":	{
						"appCompilerFlags":	"",
						"appLinkerFlags":	""
					},
					"addedLibs":	[],
					"libOptions":	{
						"libsContainingOptions":	[]
					},
					"prebuiltLibs":	{
						"prebuiltIncPath":	[],
						"prebuiltLibPath":	[]
					},
					"isolation":	{
					}
				}]
		}]
}
LOG::2025-02-17.09:41:47::SCWPlatform::Started generating the artifacts platform HWSOC
TRACE::2025-02-17.09:41:47::SCWPlatform::Sanity checking of platform is completed
LOG::2025-02-17.09:41:47::SCWPlatform::Started generating the artifacts for system configuration HWSOC
LOG::2025-02-17.09:41:47::SCWSystem::Checking the domain zynq_fsbl
LOG::2025-02-17.09:41:47::SCWSystem::Doing application build for :  zynq_fsbl
TRACE::2025-02-17.09:41:47::SCWBDomain::Not a forced makefile updation, No changes are present. 
TRACE::2025-02-17.09:41:47::SCWDomain::Skipping the build for domain :  zynq_fsbl
LOG::2025-02-17.09:41:47::SCWSystem::Checking the domain standalone_ps7_cortexa9_0
LOG::2025-02-17.09:41:47::SCWSystem::Not a boot domain 
LOG::2025-02-17.09:41:47::SCWSystem::Started Processing the domain standalone_ps7_cortexa9_0
TRACE::2025-02-17.09:41:47::SCWDomain::Generating domain artifcats
TRACE::2025-02-17.09:41:47::SCWMssOS::Generating standalone artifcats
TRACE::2025-02-17.09:41:47::SCWMssOS::Copying the qemu file from  C:/devWorks/devWorks2/HWSOC/Vitis/HWSOC/resources/HWSOC/standalone_ps7_cortexa9_0/qemu_args.txt To C:/devWorks/devWorks2/HWSOC/Vitis/HWSOC/export/HWSOC/sw/HWSOC/qemu/
TRACE::2025-02-17.09:41:47::SCWMssOS::Copying the qemu file from  C:/devWorks/devWorks2/HWSOC/Vitis/HWSOC/resources/HWSOC/standalone_ps7_cortexa9_0/qemu_args.txt To C:/devWorks/devWorks2/HWSOC/Vitis/HWSOC/export/HWSOC/sw/HWSOC/standalone_ps7_cortexa9_0/qemu/
TRACE::2025-02-17.09:41:47::SCWMssOS:: Copying the user libraries. 
TRACE::2025-02-17.09:41:47::SCWPlatform::Trying to open the hw design at C:/devWorks/devWorks2/HWSOC/Vitis/HWSOC/hw/HWSOC.xsa
TRACE::2025-02-17.09:41:47::SCWPlatform::DSA given C:/devWorks/devWorks2/HWSOC/Vitis/HWSOC/hw/HWSOC.xsa
TRACE::2025-02-17.09:41:47::SCWPlatform::DSA absoulate path C:/devWorks/devWorks2/HWSOC/Vitis/HWSOC/hw/HWSOC.xsa
TRACE::2025-02-17.09:41:47::SCWPlatform::DSA directory C:/devWorks/devWorks2/HWSOC/Vitis/HWSOC/hw
TRACE::2025-02-17.09:41:47::SCWPlatform:: Platform Path C:/devWorks/devWorks2/HWSOC/Vitis/HWSOC/hw/HWSOC.xsa
TRACE::2025-02-17.09:41:47::SCWPlatform:: Unique name xilinx:pynq-z2::0.0
TRACE::2025-02-17.09:41:47::SCWPlatform::Trying to set the existing hwdb with name design_1_wrapper_0
TRACE::2025-02-17.09:41:47::SCWPlatform::Opened existing hwdb design_1_wrapper_0
TRACE::2025-02-17.09:41:47::SCWPlatform::Found the Hw Db part of the input DSA
TRACE::2025-02-17.09:41:47::SCWMssOS::Checking the sw design at  C:/devWorks/devWorks2/HWSOC/Vitis/HWSOC/ps7_cortexa9_0/standalone_ps7_cortexa9_0/bsp/system.mss
TRACE::2025-02-17.09:41:47::SCWMssOS::DEBUG:  swdes dump  C:/devWorks/devWorks2/HWSOC/Vitis/HWSOC/ps7_cortexa9_0/standalone_ps7_cortexa9_0/bsp/system.mss|system_0||
C:/devWorks/devWorks2/HWSOC/Vitis/HWSOC/zynq_fsbl/zynq_fsbl_bsp/system.mss|system||

TRACE::2025-02-17.09:41:47::SCWMssOS::Sw design exists and opened at  C:/devWorks/devWorks2/HWSOC/Vitis/HWSOC/ps7_cortexa9_0/standalone_ps7_cortexa9_0/bsp/system.mss
TRACE::2025-02-17.09:41:47::SCWMssOS::Completed writing the mss file at C:/devWorks/devWorks2/HWSOC/Vitis/HWSOC/ps7_cortexa9_0/standalone_ps7_cortexa9_0/bsp
TRACE::2025-02-17.09:41:47::SCWMssOS::Mss edits present, copying mssfile into export location C:/devWorks/devWorks2/HWSOC/Vitis/HWSOC/ps7_cortexa9_0/standalone_ps7_cortexa9_0/bsp/system.mss
TRACE::2025-02-17.09:41:47::SCWMssOS::bsp generated is upto date with the mss file. Skipping bsp generation.
TRACE::2025-02-17.09:41:47::SCWMssOS::BSP is already built. skipping the bsp build ... 
TRACE::2025-02-17.09:41:47::SCWDomain::Skipping the build for domain :  standalone_ps7_cortexa9_0
TRACE::2025-02-17.09:41:47::SCWMssOS::skipping the bsp build ... 
TRACE::2025-02-17.09:41:47::SCWMssOS::Copying to export directory.
TRACE::2025-02-17.09:41:47::SCWMssOS:: Checking if to create the Supporting Applications
TRACE::2025-02-17.09:41:47::SCWMssOS:: No Linux domain exists, trying to generate FSBL 
TRACE::2025-02-17.09:41:47::SCWMssOS:: Completed Standalone Artifacts creation 
LOG::2025-02-17.09:41:47::SCWSystem::Completed Processing the domain standalone_ps7_cortexa9_0
LOG::2025-02-17.09:41:47::SCWSystem::Completed Processing the sysconfig HWSOC
LOG::2025-02-17.09:41:47::SCWPlatform::Completed generating the artifacts for system configuration HWSOC
TRACE::2025-02-17.09:41:47::SCWPlatform::Started preparing the platform 
TRACE::2025-02-17.09:41:47::SCWSystem::Writing the bif file for system config HWSOC
TRACE::2025-02-17.09:41:47::SCWSystem::dir created 
TRACE::2025-02-17.09:41:47::SCWSystem::Writing the bif 
TRACE::2025-02-17.09:41:47::SCWPlatform::Started writing the spfm file 
TRACE::2025-02-17.09:41:47::SCWPlatform::Started writing the xpfm file 
TRACE::2025-02-17.09:41:47::SCWPlatform::Completed generating the platform
TRACE::2025-02-17.09:41:47::SCWMssOS::Saving the mss changes C:/devWorks/devWorks2/HWSOC/Vitis/HWSOC/zynq_fsbl/zynq_fsbl_bsp/system.mss
TRACE::2025-02-17.09:41:47::SCWMssOS::Found a swdesign opened with the mssfile.
TRACE::2025-02-17.09:41:47::SCWMssOS::Completed writemss as part of save.
TRACE::2025-02-17.09:41:47::SCWMssOS::Commit changes completed.
TRACE::2025-02-17.09:41:47::SCWMssOS::Saving the mss changes C:/devWorks/devWorks2/HWSOC/Vitis/HWSOC/ps7_cortexa9_0/standalone_ps7_cortexa9_0/bsp/system.mss
TRACE::2025-02-17.09:41:47::SCWMssOS::Found a swdesign opened with the mssfile.
TRACE::2025-02-17.09:41:47::SCWMssOS::Completed writemss as part of save.
TRACE::2025-02-17.09:41:47::SCWMssOS::Commit changes completed.
TRACE::2025-02-17.09:41:47::SCWPlatform::Trying to open the hw design at C:/devWorks/devWorks2/HWSOC/Vitis/HWSOC/hw/HWSOC.xsa
TRACE::2025-02-17.09:41:47::SCWPlatform::DSA given C:/devWorks/devWorks2/HWSOC/Vitis/HWSOC/hw/HWSOC.xsa
TRACE::2025-02-17.09:41:47::SCWPlatform::DSA absoulate path C:/devWorks/devWorks2/HWSOC/Vitis/HWSOC/hw/HWSOC.xsa
TRACE::2025-02-17.09:41:47::SCWPlatform::DSA directory C:/devWorks/devWorks2/HWSOC/Vitis/HWSOC/hw
TRACE::2025-02-17.09:41:47::SCWPlatform:: Platform Path C:/devWorks/devWorks2/HWSOC/Vitis/HWSOC/hw/HWSOC.xsa
TRACE::2025-02-17.09:41:47::SCWPlatform:: Unique name xilinx:pynq-z2::0.0
TRACE::2025-02-17.09:41:47::SCWPlatform::Trying to set the existing hwdb with name design_1_wrapper_0
TRACE::2025-02-17.09:41:47::SCWPlatform::Opened existing hwdb design_1_wrapper_0
TRACE::2025-02-17.09:41:47::SCWPlatform::Found the Hw Db part of the input DSA
TRACE::2025-02-17.09:41:47::SCWMssOS::Checking the sw design at  C:/devWorks/devWorks2/HWSOC/Vitis/HWSOC/zynq_fsbl/zynq_fsbl_bsp/system.mss
TRACE::2025-02-17.09:41:47::SCWMssOS::DEBUG:  swdes dump  C:/devWorks/devWorks2/HWSOC/Vitis/HWSOC/ps7_cortexa9_0/standalone_ps7_cortexa9_0/bsp/system.mss|system_0||
C:/devWorks/devWorks2/HWSOC/Vitis/HWSOC/zynq_fsbl/zynq_fsbl_bsp/system.mss|system||

TRACE::2025-02-17.09:41:47::SCWMssOS::Sw design exists and opened at  C:/devWorks/devWorks2/HWSOC/Vitis/HWSOC/zynq_fsbl/zynq_fsbl_bsp/system.mss
TRACE::2025-02-17.09:41:47::SCWPlatform::Trying to open the hw design at C:/devWorks/devWorks2/HWSOC/Vitis/HWSOC/hw/HWSOC.xsa
TRACE::2025-02-17.09:41:47::SCWPlatform::DSA given C:/devWorks/devWorks2/HWSOC/Vitis/HWSOC/hw/HWSOC.xsa
TRACE::2025-02-17.09:41:47::SCWPlatform::DSA absoulate path C:/devWorks/devWorks2/HWSOC/Vitis/HWSOC/hw/HWSOC.xsa
TRACE::2025-02-17.09:41:47::SCWPlatform::DSA directory C:/devWorks/devWorks2/HWSOC/Vitis/HWSOC/hw
TRACE::2025-02-17.09:41:47::SCWPlatform:: Platform Path C:/devWorks/devWorks2/HWSOC/Vitis/HWSOC/hw/HWSOC.xsa
TRACE::2025-02-17.09:41:47::SCWPlatform:: Unique name xilinx:pynq-z2::0.0
TRACE::2025-02-17.09:41:47::SCWPlatform::Trying to set the existing hwdb with name design_1_wrapper_0
TRACE::2025-02-17.09:41:47::SCWPlatform::Opened existing hwdb design_1_wrapper_0
TRACE::2025-02-17.09:41:47::SCWPlatform::Found the Hw Db part of the input DSA
TRACE::2025-02-17.09:41:47::SCWMssOS::Checking the sw design at  C:/devWorks/devWorks2/HWSOC/Vitis/HWSOC/zynq_fsbl/zynq_fsbl_bsp/system.mss
TRACE::2025-02-17.09:41:47::SCWMssOS::DEBUG:  swdes dump  C:/devWorks/devWorks2/HWSOC/Vitis/HWSOC/ps7_cortexa9_0/standalone_ps7_cortexa9_0/bsp/system.mss|system_0||
C:/devWorks/devWorks2/HWSOC/Vitis/HWSOC/zynq_fsbl/zynq_fsbl_bsp/system.mss|system||

TRACE::2025-02-17.09:41:47::SCWMssOS::Sw design exists and opened at  C:/devWorks/devWorks2/HWSOC/Vitis/HWSOC/zynq_fsbl/zynq_fsbl_bsp/system.mss
TRACE::2025-02-17.09:41:47::SCWPlatform::Trying to open the hw design at C:/devWorks/devWorks2/HWSOC/Vitis/HWSOC/hw/HWSOC.xsa
TRACE::2025-02-17.09:41:47::SCWPlatform::DSA given C:/devWorks/devWorks2/HWSOC/Vitis/HWSOC/hw/HWSOC.xsa
TRACE::2025-02-17.09:41:47::SCWPlatform::DSA absoulate path C:/devWorks/devWorks2/HWSOC/Vitis/HWSOC/hw/HWSOC.xsa
TRACE::2025-02-17.09:41:47::SCWPlatform::DSA directory C:/devWorks/devWorks2/HWSOC/Vitis/HWSOC/hw
TRACE::2025-02-17.09:41:47::SCWPlatform:: Platform Path C:/devWorks/devWorks2/HWSOC/Vitis/HWSOC/hw/HWSOC.xsa
TRACE::2025-02-17.09:41:47::SCWPlatform:: Unique name xilinx:pynq-z2::0.0
TRACE::2025-02-17.09:41:47::SCWPlatform::Trying to set the existing hwdb with name design_1_wrapper_0
TRACE::2025-02-17.09:41:47::SCWPlatform::Opened existing hwdb design_1_wrapper_0
TRACE::2025-02-17.09:41:47::SCWPlatform::Found the Hw Db part of the input DSA
TRACE::2025-02-17.09:41:47::SCWMssOS::Checking the sw design at  C:/devWorks/devWorks2/HWSOC/Vitis/HWSOC/zynq_fsbl/zynq_fsbl_bsp/system.mss
TRACE::2025-02-17.09:41:47::SCWMssOS::DEBUG:  swdes dump  C:/devWorks/devWorks2/HWSOC/Vitis/HWSOC/ps7_cortexa9_0/standalone_ps7_cortexa9_0/bsp/system.mss|system_0||
C:/devWorks/devWorks2/HWSOC/Vitis/HWSOC/zynq_fsbl/zynq_fsbl_bsp/system.mss|system||

TRACE::2025-02-17.09:41:47::SCWMssOS::Sw design exists and opened at  C:/devWorks/devWorks2/HWSOC/Vitis/HWSOC/zynq_fsbl/zynq_fsbl_bsp/system.mss
TRACE::2025-02-17.09:41:47::SCWPlatform::Trying to open the hw design at C:/devWorks/devWorks2/HWSOC/Vitis/HWSOC/hw/HWSOC.xsa
TRACE::2025-02-17.09:41:47::SCWPlatform::DSA given C:/devWorks/devWorks2/HWSOC/Vitis/HWSOC/hw/HWSOC.xsa
TRACE::2025-02-17.09:41:47::SCWPlatform::DSA absoulate path C:/devWorks/devWorks2/HWSOC/Vitis/HWSOC/hw/HWSOC.xsa
TRACE::2025-02-17.09:41:47::SCWPlatform::DSA directory C:/devWorks/devWorks2/HWSOC/Vitis/HWSOC/hw
TRACE::2025-02-17.09:41:47::SCWPlatform:: Platform Path C:/devWorks/devWorks2/HWSOC/Vitis/HWSOC/hw/HWSOC.xsa
TRACE::2025-02-17.09:41:47::SCWPlatform:: Unique name xilinx:pynq-z2::0.0
TRACE::2025-02-17.09:41:47::SCWPlatform::Trying to set the existing hwdb with name design_1_wrapper_0
TRACE::2025-02-17.09:41:47::SCWPlatform::Opened existing hwdb design_1_wrapper_0
TRACE::2025-02-17.09:41:47::SCWPlatform::Found the Hw Db part of the input DSA
TRACE::2025-02-17.09:41:47::SCWMssOS::Checking the sw design at  C:/devWorks/devWorks2/HWSOC/Vitis/HWSOC/ps7_cortexa9_0/standalone_ps7_cortexa9_0/bsp/system.mss
TRACE::2025-02-17.09:41:47::SCWMssOS::DEBUG:  swdes dump  C:/devWorks/devWorks2/HWSOC/Vitis/HWSOC/ps7_cortexa9_0/standalone_ps7_cortexa9_0/bsp/system.mss|system_0||
C:/devWorks/devWorks2/HWSOC/Vitis/HWSOC/zynq_fsbl/zynq_fsbl_bsp/system.mss|system||

TRACE::2025-02-17.09:41:47::SCWMssOS::Sw design exists and opened at  C:/devWorks/devWorks2/HWSOC/Vitis/HWSOC/ps7_cortexa9_0/standalone_ps7_cortexa9_0/bsp/system.mss
TRACE::2025-02-17.09:41:47::SCWPlatform::Trying to open the hw design at C:/devWorks/devWorks2/HWSOC/Vitis/HWSOC/hw/HWSOC.xsa
TRACE::2025-02-17.09:41:47::SCWPlatform::DSA given C:/devWorks/devWorks2/HWSOC/Vitis/HWSOC/hw/HWSOC.xsa
TRACE::2025-02-17.09:41:47::SCWPlatform::DSA absoulate path C:/devWorks/devWorks2/HWSOC/Vitis/HWSOC/hw/HWSOC.xsa
TRACE::2025-02-17.09:41:47::SCWPlatform::DSA directory C:/devWorks/devWorks2/HWSOC/Vitis/HWSOC/hw
TRACE::2025-02-17.09:41:47::SCWPlatform:: Platform Path C:/devWorks/devWorks2/HWSOC/Vitis/HWSOC/hw/HWSOC.xsa
TRACE::2025-02-17.09:41:47::SCWPlatform:: Unique name xilinx:pynq-z2::0.0
TRACE::2025-02-17.09:41:47::SCWPlatform::Trying to set the existing hwdb with name design_1_wrapper_0
TRACE::2025-02-17.09:41:47::SCWPlatform::Opened existing hwdb design_1_wrapper_0
TRACE::2025-02-17.09:41:47::SCWPlatform::Found the Hw Db part of the input DSA
TRACE::2025-02-17.09:41:47::SCWMssOS::Checking the sw design at  C:/devWorks/devWorks2/HWSOC/Vitis/HWSOC/ps7_cortexa9_0/standalone_ps7_cortexa9_0/bsp/system.mss
TRACE::2025-02-17.09:41:47::SCWMssOS::DEBUG:  swdes dump  C:/devWorks/devWorks2/HWSOC/Vitis/HWSOC/ps7_cortexa9_0/standalone_ps7_cortexa9_0/bsp/system.mss|system_0||
C:/devWorks/devWorks2/HWSOC/Vitis/HWSOC/zynq_fsbl/zynq_fsbl_bsp/system.mss|system||

TRACE::2025-02-17.09:41:47::SCWMssOS::Sw design exists and opened at  C:/devWorks/devWorks2/HWSOC/Vitis/HWSOC/ps7_cortexa9_0/standalone_ps7_cortexa9_0/bsp/system.mss
TRACE::2025-02-17.09:41:47::SCWPlatform::Trying to open the hw design at C:/devWorks/devWorks2/HWSOC/Vitis/HWSOC/hw/HWSOC.xsa
TRACE::2025-02-17.09:41:47::SCWPlatform::DSA given C:/devWorks/devWorks2/HWSOC/Vitis/HWSOC/hw/HWSOC.xsa
TRACE::2025-02-17.09:41:47::SCWPlatform::DSA absoulate path C:/devWorks/devWorks2/HWSOC/Vitis/HWSOC/hw/HWSOC.xsa
TRACE::2025-02-17.09:41:47::SCWPlatform::DSA directory C:/devWorks/devWorks2/HWSOC/Vitis/HWSOC/hw
TRACE::2025-02-17.09:41:47::SCWPlatform:: Platform Path C:/devWorks/devWorks2/HWSOC/Vitis/HWSOC/hw/HWSOC.xsa
TRACE::2025-02-17.09:41:47::SCWPlatform:: Unique name xilinx:pynq-z2::0.0
TRACE::2025-02-17.09:41:47::SCWPlatform::Trying to set the existing hwdb with name design_1_wrapper_0
TRACE::2025-02-17.09:41:47::SCWPlatform::Opened existing hwdb design_1_wrapper_0
TRACE::2025-02-17.09:41:47::SCWPlatform::Found the Hw Db part of the input DSA
TRACE::2025-02-17.09:41:47::SCWMssOS::Checking the sw design at  C:/devWorks/devWorks2/HWSOC/Vitis/HWSOC/ps7_cortexa9_0/standalone_ps7_cortexa9_0/bsp/system.mss
TRACE::2025-02-17.09:41:47::SCWMssOS::DEBUG:  swdes dump  C:/devWorks/devWorks2/HWSOC/Vitis/HWSOC/ps7_cortexa9_0/standalone_ps7_cortexa9_0/bsp/system.mss|system_0||
C:/devWorks/devWorks2/HWSOC/Vitis/HWSOC/zynq_fsbl/zynq_fsbl_bsp/system.mss|system||

TRACE::2025-02-17.09:41:47::SCWMssOS::Sw design exists and opened at  C:/devWorks/devWorks2/HWSOC/Vitis/HWSOC/ps7_cortexa9_0/standalone_ps7_cortexa9_0/bsp/system.mss
TRACE::2025-02-17.09:41:47::SCWWriter::formatted JSON is {
	"platformName":	"HWSOC",
	"sprVersion":	"2.0",
	"mode":	"gui",
	"dsaType":	"Fixed",
	"platformDesc":	"HWSOC",
	"platHandOff":	"C:/devWorks/devWorks2/HWSOC/HWSOC.xsa",
	"platIntHandOff":	"<platformDir>/hw/HWSOC.xsa",
	"deviceType":	"zynq",
	"platIsPrebuiltAutogen":	"false",
	"platIsNoBootBsp":	"false",
	"platFsblTarget":	"ps7_cortexa9_0",
	"hasFsblMakeHasChanges":	"false",
	"hasPmufwMakeHasChanges":	"false",
	"fsblExtraCompilerFlags":	"-MMD -MP       -mcpu=cortex-a9 -mfpu=vfpv3 -mfloat-abi=hard ",
	"platPreBuiltFlag":	false,
	"platformSamplesDir":	"",
	"platActiveSys":	"HWSOC",
	"systems":	[{
			"systemName":	"HWSOC",
			"systemDesc":	"HWSOC",
			"sysIsBootAutoGen":	"true",
			"systemDispName":	"HWSOC",
			"sysActiveDom":	"standalone_ps7_cortexa9_0",
			"sysDefaultDom":	"standalone_ps7_cortexa9_0",
			"domains":	[{
					"domainName":	"zynq_fsbl",
					"domainDispName":	"zynq_fsbl",
					"domainDesc":	"FSBL Application BSP - Auto Generated.",
					"processors":	"ps7_cortexa9_0",
					"os":	"standalone",
					"sdxOs":	"standalone",
					"debugEnable":	"",
					"domRuntimes":	["cpp"],
					"swRepo":	"",
					"mssOsVer":	"9.1",
					"mssFile":	"",
					"md5Digest":	"ffd369a5fb623ccfea9e69d09ea25f91",
					"compatibleApp":	"zynq_fsbl",
					"domType":	"bootDomain",
					"arch":	"32-bit",
					"appSettings":	{
						"appCompilerFlags":	"",
						"appLinkerFlags":	""
					},
					"addedLibs":	["xilffs:5.2", "xilrsa:1.8"],
					"libOptions":	{
						"libsContainingOptions":	[]
					},
					"prebuiltLibs":	{
						"prebuiltIncPath":	[],
						"prebuiltLibPath":	[]
					},
					"isolation":	{
					}
				}, {
					"domainName":	"standalone_ps7_cortexa9_0",
					"domainDispName":	"standalone_ps7_cortexa9_0",
					"domainDesc":	"standalone_ps7_cortexa9_0",
					"processors":	"ps7_cortexa9_0",
					"os":	"standalone",
					"sdxOs":	"standalone",
					"qemuArgs":	"<platformDir>/resources/HWSOC/standalone_ps7_cortexa9_0/qemu_args.txt",
					"qemuData":	"<platformDir>/resources/HWSOC/standalone_ps7_cortexa9_0/qemu",
					"debugEnable":	"False",
					"domRuntimes":	["cpp"],
					"swRepo":	"",
					"mssOsVer":	"9.1",
					"mssFile":	"",
					"md5Digest":	"674c771fc4c9fd186c2fce560d2b2e74",
					"compatibleApp":	"hello_world",
					"domType":	"mssDomain",
					"arch":	"32-bit",
					"appSettings":	{
						"appCompilerFlags":	"",
						"appLinkerFlags":	""
					},
					"addedLibs":	[],
					"libOptions":	{
						"libsContainingOptions":	[]
					},
					"prebuiltLibs":	{
						"prebuiltIncPath":	[],
						"prebuiltLibPath":	[]
					},
					"isolation":	{
					}
				}]
		}]
}
KEYINFO::2025-02-17.09:41:47::SCWPlatform::updated the xpfm file.
TRACE::2025-02-17.09:41:47::SCWPlatform::Trying to open the hw design at C:/devWorks/devWorks2/HWSOC/Vitis/HWSOC/hw/HWSOC.xsa
TRACE::2025-02-17.09:41:47::SCWPlatform::DSA given C:/devWorks/devWorks2/HWSOC/Vitis/HWSOC/hw/HWSOC.xsa
TRACE::2025-02-17.09:41:47::SCWPlatform::DSA absoulate path C:/devWorks/devWorks2/HWSOC/Vitis/HWSOC/hw/HWSOC.xsa
TRACE::2025-02-17.09:41:47::SCWPlatform::DSA directory C:/devWorks/devWorks2/HWSOC/Vitis/HWSOC/hw
TRACE::2025-02-17.09:41:47::SCWPlatform:: Platform Path C:/devWorks/devWorks2/HWSOC/Vitis/HWSOC/hw/HWSOC.xsa
TRACE::2025-02-17.09:41:47::SCWPlatform:: Unique name xilinx:pynq-z2::0.0
TRACE::2025-02-17.09:41:47::SCWPlatform::Trying to set the existing hwdb with name design_1_wrapper_0
TRACE::2025-02-17.09:41:47::SCWPlatform::Opened existing hwdb design_1_wrapper_0
TRACE::2025-02-17.09:41:47::SCWPlatform::Found the Hw Db part of the input DSA
TRACE::2025-02-17.09:41:47::SCWMssOS::Checking the sw design at  C:/devWorks/devWorks2/HWSOC/Vitis/HWSOC/ps7_cortexa9_0/standalone_ps7_cortexa9_0/bsp/system.mss
TRACE::2025-02-17.09:41:47::SCWMssOS::DEBUG:  swdes dump  C:/devWorks/devWorks2/HWSOC/Vitis/HWSOC/ps7_cortexa9_0/standalone_ps7_cortexa9_0/bsp/system.mss|system_0||
C:/devWorks/devWorks2/HWSOC/Vitis/HWSOC/zynq_fsbl/zynq_fsbl_bsp/system.mss|system||

TRACE::2025-02-17.09:41:47::SCWMssOS::Sw design exists and opened at  C:/devWorks/devWorks2/HWSOC/Vitis/HWSOC/ps7_cortexa9_0/standalone_ps7_cortexa9_0/bsp/system.mss
TRACE::2025-02-17.09:41:47::SCWMssOS::Saving the mss changes C:/devWorks/devWorks2/HWSOC/Vitis/HWSOC/zynq_fsbl/zynq_fsbl_bsp/system.mss
TRACE::2025-02-17.09:41:47::SCWMssOS::Found a swdesign opened with the mssfile.
TRACE::2025-02-17.09:41:47::SCWMssOS::Completed writemss as part of save.
TRACE::2025-02-17.09:41:47::SCWMssOS::Commit changes completed.
TRACE::2025-02-17.09:41:47::SCWMssOS::Saving the mss changes C:/devWorks/devWorks2/HWSOC/Vitis/HWSOC/ps7_cortexa9_0/standalone_ps7_cortexa9_0/bsp/system.mss
TRACE::2025-02-17.09:41:47::SCWMssOS::Found a swdesign opened with the mssfile.
TRACE::2025-02-17.09:41:47::SCWMssOS::Completed writemss as part of save.
TRACE::2025-02-17.09:41:47::SCWMssOS::Commit changes completed.
TRACE::2025-02-17.09:41:47::SCWPlatform::Trying to open the hw design at C:/devWorks/devWorks2/HWSOC/Vitis/HWSOC/hw/HWSOC.xsa
TRACE::2025-02-17.09:41:47::SCWPlatform::DSA given C:/devWorks/devWorks2/HWSOC/Vitis/HWSOC/hw/HWSOC.xsa
TRACE::2025-02-17.09:41:47::SCWPlatform::DSA absoulate path C:/devWorks/devWorks2/HWSOC/Vitis/HWSOC/hw/HWSOC.xsa
TRACE::2025-02-17.09:41:47::SCWPlatform::DSA directory C:/devWorks/devWorks2/HWSOC/Vitis/HWSOC/hw
TRACE::2025-02-17.09:41:47::SCWPlatform:: Platform Path C:/devWorks/devWorks2/HWSOC/Vitis/HWSOC/hw/HWSOC.xsa
TRACE::2025-02-17.09:41:47::SCWPlatform:: Unique name xilinx:pynq-z2::0.0
TRACE::2025-02-17.09:41:47::SCWPlatform::Trying to set the existing hwdb with name design_1_wrapper_0
TRACE::2025-02-17.09:41:47::SCWPlatform::Opened existing hwdb design_1_wrapper_0
TRACE::2025-02-17.09:41:47::SCWPlatform::Found the Hw Db part of the input DSA
TRACE::2025-02-17.09:41:47::SCWMssOS::Checking the sw design at  C:/devWorks/devWorks2/HWSOC/Vitis/HWSOC/zynq_fsbl/zynq_fsbl_bsp/system.mss
TRACE::2025-02-17.09:41:47::SCWMssOS::DEBUG:  swdes dump  C:/devWorks/devWorks2/HWSOC/Vitis/HWSOC/ps7_cortexa9_0/standalone_ps7_cortexa9_0/bsp/system.mss|system_0||
C:/devWorks/devWorks2/HWSOC/Vitis/HWSOC/zynq_fsbl/zynq_fsbl_bsp/system.mss|system||

TRACE::2025-02-17.09:41:47::SCWMssOS::Sw design exists and opened at  C:/devWorks/devWorks2/HWSOC/Vitis/HWSOC/zynq_fsbl/zynq_fsbl_bsp/system.mss
TRACE::2025-02-17.09:41:47::SCWPlatform::Trying to open the hw design at C:/devWorks/devWorks2/HWSOC/Vitis/HWSOC/hw/HWSOC.xsa
TRACE::2025-02-17.09:41:47::SCWPlatform::DSA given C:/devWorks/devWorks2/HWSOC/Vitis/HWSOC/hw/HWSOC.xsa
TRACE::2025-02-17.09:41:47::SCWPlatform::DSA absoulate path C:/devWorks/devWorks2/HWSOC/Vitis/HWSOC/hw/HWSOC.xsa
TRACE::2025-02-17.09:41:47::SCWPlatform::DSA directory C:/devWorks/devWorks2/HWSOC/Vitis/HWSOC/hw
TRACE::2025-02-17.09:41:47::SCWPlatform:: Platform Path C:/devWorks/devWorks2/HWSOC/Vitis/HWSOC/hw/HWSOC.xsa
TRACE::2025-02-17.09:41:47::SCWPlatform:: Unique name xilinx:pynq-z2::0.0
TRACE::2025-02-17.09:41:47::SCWPlatform::Trying to set the existing hwdb with name design_1_wrapper_0
TRACE::2025-02-17.09:41:47::SCWPlatform::Opened existing hwdb design_1_wrapper_0
TRACE::2025-02-17.09:41:47::SCWPlatform::Found the Hw Db part of the input DSA
TRACE::2025-02-17.09:41:47::SCWMssOS::Checking the sw design at  C:/devWorks/devWorks2/HWSOC/Vitis/HWSOC/zynq_fsbl/zynq_fsbl_bsp/system.mss
TRACE::2025-02-17.09:41:47::SCWMssOS::DEBUG:  swdes dump  C:/devWorks/devWorks2/HWSOC/Vitis/HWSOC/ps7_cortexa9_0/standalone_ps7_cortexa9_0/bsp/system.mss|system_0||
C:/devWorks/devWorks2/HWSOC/Vitis/HWSOC/zynq_fsbl/zynq_fsbl_bsp/system.mss|system||

TRACE::2025-02-17.09:41:47::SCWMssOS::Sw design exists and opened at  C:/devWorks/devWorks2/HWSOC/Vitis/HWSOC/zynq_fsbl/zynq_fsbl_bsp/system.mss
TRACE::2025-02-17.09:41:47::SCWPlatform::Trying to open the hw design at C:/devWorks/devWorks2/HWSOC/Vitis/HWSOC/hw/HWSOC.xsa
TRACE::2025-02-17.09:41:47::SCWPlatform::DSA given C:/devWorks/devWorks2/HWSOC/Vitis/HWSOC/hw/HWSOC.xsa
TRACE::2025-02-17.09:41:47::SCWPlatform::DSA absoulate path C:/devWorks/devWorks2/HWSOC/Vitis/HWSOC/hw/HWSOC.xsa
TRACE::2025-02-17.09:41:47::SCWPlatform::DSA directory C:/devWorks/devWorks2/HWSOC/Vitis/HWSOC/hw
TRACE::2025-02-17.09:41:47::SCWPlatform:: Platform Path C:/devWorks/devWorks2/HWSOC/Vitis/HWSOC/hw/HWSOC.xsa
TRACE::2025-02-17.09:41:47::SCWPlatform:: Unique name xilinx:pynq-z2::0.0
TRACE::2025-02-17.09:41:47::SCWPlatform::Trying to set the existing hwdb with name design_1_wrapper_0
TRACE::2025-02-17.09:41:47::SCWPlatform::Opened existing hwdb design_1_wrapper_0
TRACE::2025-02-17.09:41:47::SCWPlatform::Found the Hw Db part of the input DSA
TRACE::2025-02-17.09:41:47::SCWMssOS::Checking the sw design at  C:/devWorks/devWorks2/HWSOC/Vitis/HWSOC/zynq_fsbl/zynq_fsbl_bsp/system.mss
TRACE::2025-02-17.09:41:47::SCWMssOS::DEBUG:  swdes dump  C:/devWorks/devWorks2/HWSOC/Vitis/HWSOC/ps7_cortexa9_0/standalone_ps7_cortexa9_0/bsp/system.mss|system_0||
C:/devWorks/devWorks2/HWSOC/Vitis/HWSOC/zynq_fsbl/zynq_fsbl_bsp/system.mss|system||

TRACE::2025-02-17.09:41:47::SCWMssOS::Sw design exists and opened at  C:/devWorks/devWorks2/HWSOC/Vitis/HWSOC/zynq_fsbl/zynq_fsbl_bsp/system.mss
TRACE::2025-02-17.09:41:47::SCWPlatform::Trying to open the hw design at C:/devWorks/devWorks2/HWSOC/Vitis/HWSOC/hw/HWSOC.xsa
TRACE::2025-02-17.09:41:47::SCWPlatform::DSA given C:/devWorks/devWorks2/HWSOC/Vitis/HWSOC/hw/HWSOC.xsa
TRACE::2025-02-17.09:41:47::SCWPlatform::DSA absoulate path C:/devWorks/devWorks2/HWSOC/Vitis/HWSOC/hw/HWSOC.xsa
TRACE::2025-02-17.09:41:47::SCWPlatform::DSA directory C:/devWorks/devWorks2/HWSOC/Vitis/HWSOC/hw
TRACE::2025-02-17.09:41:47::SCWPlatform:: Platform Path C:/devWorks/devWorks2/HWSOC/Vitis/HWSOC/hw/HWSOC.xsa
TRACE::2025-02-17.09:41:47::SCWPlatform:: Unique name xilinx:pynq-z2::0.0
TRACE::2025-02-17.09:41:47::SCWPlatform::Trying to set the existing hwdb with name design_1_wrapper_0
TRACE::2025-02-17.09:41:47::SCWPlatform::Opened existing hwdb design_1_wrapper_0
TRACE::2025-02-17.09:41:47::SCWPlatform::Found the Hw Db part of the input DSA
TRACE::2025-02-17.09:41:47::SCWMssOS::Checking the sw design at  C:/devWorks/devWorks2/HWSOC/Vitis/HWSOC/ps7_cortexa9_0/standalone_ps7_cortexa9_0/bsp/system.mss
TRACE::2025-02-17.09:41:47::SCWMssOS::DEBUG:  swdes dump  C:/devWorks/devWorks2/HWSOC/Vitis/HWSOC/ps7_cortexa9_0/standalone_ps7_cortexa9_0/bsp/system.mss|system_0||
C:/devWorks/devWorks2/HWSOC/Vitis/HWSOC/zynq_fsbl/zynq_fsbl_bsp/system.mss|system||

TRACE::2025-02-17.09:41:47::SCWMssOS::Sw design exists and opened at  C:/devWorks/devWorks2/HWSOC/Vitis/HWSOC/ps7_cortexa9_0/standalone_ps7_cortexa9_0/bsp/system.mss
TRACE::2025-02-17.09:41:47::SCWPlatform::Trying to open the hw design at C:/devWorks/devWorks2/HWSOC/Vitis/HWSOC/hw/HWSOC.xsa
TRACE::2025-02-17.09:41:47::SCWPlatform::DSA given C:/devWorks/devWorks2/HWSOC/Vitis/HWSOC/hw/HWSOC.xsa
TRACE::2025-02-17.09:41:47::SCWPlatform::DSA absoulate path C:/devWorks/devWorks2/HWSOC/Vitis/HWSOC/hw/HWSOC.xsa
TRACE::2025-02-17.09:41:47::SCWPlatform::DSA directory C:/devWorks/devWorks2/HWSOC/Vitis/HWSOC/hw
TRACE::2025-02-17.09:41:47::SCWPlatform:: Platform Path C:/devWorks/devWorks2/HWSOC/Vitis/HWSOC/hw/HWSOC.xsa
TRACE::2025-02-17.09:41:47::SCWPlatform:: Unique name xilinx:pynq-z2::0.0
TRACE::2025-02-17.09:41:47::SCWPlatform::Trying to set the existing hwdb with name design_1_wrapper_0
TRACE::2025-02-17.09:41:47::SCWPlatform::Opened existing hwdb design_1_wrapper_0
TRACE::2025-02-17.09:41:47::SCWPlatform::Found the Hw Db part of the input DSA
TRACE::2025-02-17.09:41:47::SCWMssOS::Checking the sw design at  C:/devWorks/devWorks2/HWSOC/Vitis/HWSOC/ps7_cortexa9_0/standalone_ps7_cortexa9_0/bsp/system.mss
TRACE::2025-02-17.09:41:47::SCWMssOS::DEBUG:  swdes dump  C:/devWorks/devWorks2/HWSOC/Vitis/HWSOC/ps7_cortexa9_0/standalone_ps7_cortexa9_0/bsp/system.mss|system_0||
C:/devWorks/devWorks2/HWSOC/Vitis/HWSOC/zynq_fsbl/zynq_fsbl_bsp/system.mss|system||

TRACE::2025-02-17.09:41:47::SCWMssOS::Sw design exists and opened at  C:/devWorks/devWorks2/HWSOC/Vitis/HWSOC/ps7_cortexa9_0/standalone_ps7_cortexa9_0/bsp/system.mss
TRACE::2025-02-17.09:41:47::SCWPlatform::Trying to open the hw design at C:/devWorks/devWorks2/HWSOC/Vitis/HWSOC/hw/HWSOC.xsa
TRACE::2025-02-17.09:41:47::SCWPlatform::DSA given C:/devWorks/devWorks2/HWSOC/Vitis/HWSOC/hw/HWSOC.xsa
TRACE::2025-02-17.09:41:47::SCWPlatform::DSA absoulate path C:/devWorks/devWorks2/HWSOC/Vitis/HWSOC/hw/HWSOC.xsa
TRACE::2025-02-17.09:41:47::SCWPlatform::DSA directory C:/devWorks/devWorks2/HWSOC/Vitis/HWSOC/hw
TRACE::2025-02-17.09:41:47::SCWPlatform:: Platform Path C:/devWorks/devWorks2/HWSOC/Vitis/HWSOC/hw/HWSOC.xsa
TRACE::2025-02-17.09:41:47::SCWPlatform:: Unique name xilinx:pynq-z2::0.0
TRACE::2025-02-17.09:41:47::SCWPlatform::Trying to set the existing hwdb with name design_1_wrapper_0
TRACE::2025-02-17.09:41:47::SCWPlatform::Opened existing hwdb design_1_wrapper_0
TRACE::2025-02-17.09:41:47::SCWPlatform::Found the Hw Db part of the input DSA
TRACE::2025-02-17.09:41:47::SCWMssOS::Checking the sw design at  C:/devWorks/devWorks2/HWSOC/Vitis/HWSOC/ps7_cortexa9_0/standalone_ps7_cortexa9_0/bsp/system.mss
TRACE::2025-02-17.09:41:47::SCWMssOS::DEBUG:  swdes dump  C:/devWorks/devWorks2/HWSOC/Vitis/HWSOC/ps7_cortexa9_0/standalone_ps7_cortexa9_0/bsp/system.mss|system_0||
C:/devWorks/devWorks2/HWSOC/Vitis/HWSOC/zynq_fsbl/zynq_fsbl_bsp/system.mss|system||

TRACE::2025-02-17.09:41:47::SCWMssOS::Sw design exists and opened at  C:/devWorks/devWorks2/HWSOC/Vitis/HWSOC/ps7_cortexa9_0/standalone_ps7_cortexa9_0/bsp/system.mss
TRACE::2025-02-17.09:41:47::SCWWriter::formatted JSON is {
	"platformName":	"HWSOC",
	"sprVersion":	"2.0",
	"mode":	"gui",
	"dsaType":	"Fixed",
	"platformDesc":	"HWSOC",
	"platHandOff":	"C:/devWorks/devWorks2/HWSOC/HWSOC.xsa",
	"platIntHandOff":	"<platformDir>/hw/HWSOC.xsa",
	"deviceType":	"zynq",
	"platIsPrebuiltAutogen":	"false",
	"platIsNoBootBsp":	"false",
	"platFsblTarget":	"ps7_cortexa9_0",
	"hasFsblMakeHasChanges":	"false",
	"hasPmufwMakeHasChanges":	"false",
	"fsblExtraCompilerFlags":	"-MMD -MP       -mcpu=cortex-a9 -mfpu=vfpv3 -mfloat-abi=hard ",
	"platPreBuiltFlag":	false,
	"platformSamplesDir":	"",
	"platActiveSys":	"HWSOC",
	"systems":	[{
			"systemName":	"HWSOC",
			"systemDesc":	"HWSOC",
			"sysIsBootAutoGen":	"true",
			"systemDispName":	"HWSOC",
			"sysActiveDom":	"standalone_ps7_cortexa9_0",
			"sysDefaultDom":	"standalone_ps7_cortexa9_0",
			"domains":	[{
					"domainName":	"zynq_fsbl",
					"domainDispName":	"zynq_fsbl",
					"domainDesc":	"FSBL Application BSP - Auto Generated.",
					"processors":	"ps7_cortexa9_0",
					"os":	"standalone",
					"sdxOs":	"standalone",
					"debugEnable":	"",
					"domRuntimes":	["cpp"],
					"swRepo":	"",
					"mssOsVer":	"9.1",
					"mssFile":	"",
					"md5Digest":	"ffd369a5fb623ccfea9e69d09ea25f91",
					"compatibleApp":	"zynq_fsbl",
					"domType":	"bootDomain",
					"arch":	"32-bit",
					"appSettings":	{
						"appCompilerFlags":	"",
						"appLinkerFlags":	""
					},
					"addedLibs":	["xilffs:5.2", "xilrsa:1.8"],
					"libOptions":	{
						"libsContainingOptions":	[]
					},
					"prebuiltLibs":	{
						"prebuiltIncPath":	[],
						"prebuiltLibPath":	[]
					},
					"isolation":	{
					}
				}, {
					"domainName":	"standalone_ps7_cortexa9_0",
					"domainDispName":	"standalone_ps7_cortexa9_0",
					"domainDesc":	"standalone_ps7_cortexa9_0",
					"processors":	"ps7_cortexa9_0",
					"os":	"standalone",
					"sdxOs":	"standalone",
					"qemuArgs":	"<platformDir>/resources/HWSOC/standalone_ps7_cortexa9_0/qemu_args.txt",
					"qemuData":	"<platformDir>/resources/HWSOC/standalone_ps7_cortexa9_0/qemu",
					"debugEnable":	"False",
					"domRuntimes":	["cpp"],
					"swRepo":	"",
					"mssOsVer":	"9.1",
					"mssFile":	"",
					"md5Digest":	"674c771fc4c9fd186c2fce560d2b2e74",
					"compatibleApp":	"hello_world",
					"domType":	"mssDomain",
					"arch":	"32-bit",
					"appSettings":	{
						"appCompilerFlags":	"",
						"appLinkerFlags":	""
					},
					"addedLibs":	[],
					"libOptions":	{
						"libsContainingOptions":	[]
					},
					"prebuiltLibs":	{
						"prebuiltIncPath":	[],
						"prebuiltLibPath":	[]
					},
					"isolation":	{
					}
				}]
		}]
}
TRACE::2025-02-17.09:41:47::SCWPlatform::Trying to open the hw design at C:/devWorks/devWorks2/HWSOC/Vitis/HWSOC/hw/HWSOC.xsa
TRACE::2025-02-17.09:41:47::SCWPlatform::DSA given C:/devWorks/devWorks2/HWSOC/Vitis/HWSOC/hw/HWSOC.xsa
TRACE::2025-02-17.09:41:47::SCWPlatform::DSA absoulate path C:/devWorks/devWorks2/HWSOC/Vitis/HWSOC/hw/HWSOC.xsa
TRACE::2025-02-17.09:41:47::SCWPlatform::DSA directory C:/devWorks/devWorks2/HWSOC/Vitis/HWSOC/hw
TRACE::2025-02-17.09:41:47::SCWPlatform:: Platform Path C:/devWorks/devWorks2/HWSOC/Vitis/HWSOC/hw/HWSOC.xsa
TRACE::2025-02-17.09:41:47::SCWPlatform:: Unique name xilinx:pynq-z2::0.0
TRACE::2025-02-17.09:41:47::SCWPlatform::Trying to set the existing hwdb with name design_1_wrapper_0
TRACE::2025-02-17.09:41:47::SCWPlatform::Opened existing hwdb design_1_wrapper_0
TRACE::2025-02-17.09:41:47::SCWPlatform::Found the Hw Db part of the input DSA
TRACE::2025-02-17.09:41:47::SCWMssOS::Checking the sw design at  C:/devWorks/devWorks2/HWSOC/Vitis/HWSOC/ps7_cortexa9_0/standalone_ps7_cortexa9_0/bsp/system.mss
TRACE::2025-02-17.09:41:47::SCWMssOS::DEBUG:  swdes dump  C:/devWorks/devWorks2/HWSOC/Vitis/HWSOC/ps7_cortexa9_0/standalone_ps7_cortexa9_0/bsp/system.mss|system_0||
C:/devWorks/devWorks2/HWSOC/Vitis/HWSOC/zynq_fsbl/zynq_fsbl_bsp/system.mss|system||

TRACE::2025-02-17.09:41:47::SCWMssOS::Sw design exists and opened at  C:/devWorks/devWorks2/HWSOC/Vitis/HWSOC/ps7_cortexa9_0/standalone_ps7_cortexa9_0/bsp/system.mss
TRACE::2025-02-17.09:41:47::SCWPlatform::Trying to open the hw design at C:/devWorks/devWorks2/HWSOC/Vitis/HWSOC/hw/HWSOC.xsa
TRACE::2025-02-17.09:41:47::SCWPlatform::DSA given C:/devWorks/devWorks2/HWSOC/Vitis/HWSOC/hw/HWSOC.xsa
TRACE::2025-02-17.09:41:47::SCWPlatform::DSA absoulate path C:/devWorks/devWorks2/HWSOC/Vitis/HWSOC/hw/HWSOC.xsa
TRACE::2025-02-17.09:41:47::SCWPlatform::DSA directory C:/devWorks/devWorks2/HWSOC/Vitis/HWSOC/hw
TRACE::2025-02-17.09:41:47::SCWPlatform:: Platform Path C:/devWorks/devWorks2/HWSOC/Vitis/HWSOC/hw/HWSOC.xsa
TRACE::2025-02-17.09:41:47::SCWPlatform:: Unique name xilinx:pynq-z2::0.0
TRACE::2025-02-17.09:41:47::SCWPlatform::Trying to set the existing hwdb with name design_1_wrapper_0
TRACE::2025-02-17.09:41:47::SCWPlatform::Opened existing hwdb design_1_wrapper_0
TRACE::2025-02-17.09:41:47::SCWPlatform::Found the Hw Db part of the input DSA
TRACE::2025-02-17.09:41:47::SCWMssOS::Checking the sw design at  C:/devWorks/devWorks2/HWSOC/Vitis/HWSOC/ps7_cortexa9_0/standalone_ps7_cortexa9_0/bsp/system.mss
TRACE::2025-02-17.09:41:47::SCWMssOS::DEBUG:  swdes dump  C:/devWorks/devWorks2/HWSOC/Vitis/HWSOC/ps7_cortexa9_0/standalone_ps7_cortexa9_0/bsp/system.mss|system_0||
C:/devWorks/devWorks2/HWSOC/Vitis/HWSOC/zynq_fsbl/zynq_fsbl_bsp/system.mss|system||

TRACE::2025-02-17.09:41:47::SCWMssOS::Sw design exists and opened at  C:/devWorks/devWorks2/HWSOC/Vitis/HWSOC/ps7_cortexa9_0/standalone_ps7_cortexa9_0/bsp/system.mss
TRACE::2025-02-17.09:41:47::SCWMssOS::Saving the mss changes C:/devWorks/devWorks2/HWSOC/Vitis/HWSOC/zynq_fsbl/zynq_fsbl_bsp/system.mss
TRACE::2025-02-17.09:41:47::SCWMssOS::Found a swdesign opened with the mssfile.
TRACE::2025-02-17.09:41:47::SCWMssOS::Completed writemss as part of save.
TRACE::2025-02-17.09:41:47::SCWMssOS::Commit changes completed.
TRACE::2025-02-17.09:41:47::SCWMssOS::Saving the mss changes C:/devWorks/devWorks2/HWSOC/Vitis/HWSOC/ps7_cortexa9_0/standalone_ps7_cortexa9_0/bsp/system.mss
TRACE::2025-02-17.09:41:47::SCWMssOS::Found a swdesign opened with the mssfile.
TRACE::2025-02-17.09:41:47::SCWMssOS::Completed writemss as part of save.
TRACE::2025-02-17.09:41:47::SCWMssOS::Commit changes completed.
TRACE::2025-02-17.09:41:47::SCWPlatform::Trying to open the hw design at C:/devWorks/devWorks2/HWSOC/Vitis/HWSOC/hw/HWSOC.xsa
TRACE::2025-02-17.09:41:47::SCWPlatform::DSA given C:/devWorks/devWorks2/HWSOC/Vitis/HWSOC/hw/HWSOC.xsa
TRACE::2025-02-17.09:41:47::SCWPlatform::DSA absoulate path C:/devWorks/devWorks2/HWSOC/Vitis/HWSOC/hw/HWSOC.xsa
TRACE::2025-02-17.09:41:47::SCWPlatform::DSA directory C:/devWorks/devWorks2/HWSOC/Vitis/HWSOC/hw
TRACE::2025-02-17.09:41:47::SCWPlatform:: Platform Path C:/devWorks/devWorks2/HWSOC/Vitis/HWSOC/hw/HWSOC.xsa
TRACE::2025-02-17.09:41:47::SCWPlatform:: Unique name xilinx:pynq-z2::0.0
TRACE::2025-02-17.09:41:47::SCWPlatform::Trying to set the existing hwdb with name design_1_wrapper_0
TRACE::2025-02-17.09:41:47::SCWPlatform::Opened existing hwdb design_1_wrapper_0
TRACE::2025-02-17.09:41:47::SCWPlatform::Found the Hw Db part of the input DSA
TRACE::2025-02-17.09:41:47::SCWMssOS::Checking the sw design at  C:/devWorks/devWorks2/HWSOC/Vitis/HWSOC/zynq_fsbl/zynq_fsbl_bsp/system.mss
TRACE::2025-02-17.09:41:47::SCWMssOS::DEBUG:  swdes dump  C:/devWorks/devWorks2/HWSOC/Vitis/HWSOC/ps7_cortexa9_0/standalone_ps7_cortexa9_0/bsp/system.mss|system_0||
C:/devWorks/devWorks2/HWSOC/Vitis/HWSOC/zynq_fsbl/zynq_fsbl_bsp/system.mss|system||

TRACE::2025-02-17.09:41:47::SCWMssOS::Sw design exists and opened at  C:/devWorks/devWorks2/HWSOC/Vitis/HWSOC/zynq_fsbl/zynq_fsbl_bsp/system.mss
TRACE::2025-02-17.09:41:47::SCWPlatform::Trying to open the hw design at C:/devWorks/devWorks2/HWSOC/Vitis/HWSOC/hw/HWSOC.xsa
TRACE::2025-02-17.09:41:47::SCWPlatform::DSA given C:/devWorks/devWorks2/HWSOC/Vitis/HWSOC/hw/HWSOC.xsa
TRACE::2025-02-17.09:41:47::SCWPlatform::DSA absoulate path C:/devWorks/devWorks2/HWSOC/Vitis/HWSOC/hw/HWSOC.xsa
TRACE::2025-02-17.09:41:47::SCWPlatform::DSA directory C:/devWorks/devWorks2/HWSOC/Vitis/HWSOC/hw
TRACE::2025-02-17.09:41:47::SCWPlatform:: Platform Path C:/devWorks/devWorks2/HWSOC/Vitis/HWSOC/hw/HWSOC.xsa
TRACE::2025-02-17.09:41:47::SCWPlatform:: Unique name xilinx:pynq-z2::0.0
TRACE::2025-02-17.09:41:47::SCWPlatform::Trying to set the existing hwdb with name design_1_wrapper_0
TRACE::2025-02-17.09:41:47::SCWPlatform::Opened existing hwdb design_1_wrapper_0
TRACE::2025-02-17.09:41:47::SCWPlatform::Found the Hw Db part of the input DSA
TRACE::2025-02-17.09:41:47::SCWMssOS::Checking the sw design at  C:/devWorks/devWorks2/HWSOC/Vitis/HWSOC/zynq_fsbl/zynq_fsbl_bsp/system.mss
TRACE::2025-02-17.09:41:47::SCWMssOS::DEBUG:  swdes dump  C:/devWorks/devWorks2/HWSOC/Vitis/HWSOC/ps7_cortexa9_0/standalone_ps7_cortexa9_0/bsp/system.mss|system_0||
C:/devWorks/devWorks2/HWSOC/Vitis/HWSOC/zynq_fsbl/zynq_fsbl_bsp/system.mss|system||

TRACE::2025-02-17.09:41:47::SCWMssOS::Sw design exists and opened at  C:/devWorks/devWorks2/HWSOC/Vitis/HWSOC/zynq_fsbl/zynq_fsbl_bsp/system.mss
TRACE::2025-02-17.09:41:47::SCWPlatform::Trying to open the hw design at C:/devWorks/devWorks2/HWSOC/Vitis/HWSOC/hw/HWSOC.xsa
TRACE::2025-02-17.09:41:47::SCWPlatform::DSA given C:/devWorks/devWorks2/HWSOC/Vitis/HWSOC/hw/HWSOC.xsa
TRACE::2025-02-17.09:41:47::SCWPlatform::DSA absoulate path C:/devWorks/devWorks2/HWSOC/Vitis/HWSOC/hw/HWSOC.xsa
TRACE::2025-02-17.09:41:47::SCWPlatform::DSA directory C:/devWorks/devWorks2/HWSOC/Vitis/HWSOC/hw
TRACE::2025-02-17.09:41:47::SCWPlatform:: Platform Path C:/devWorks/devWorks2/HWSOC/Vitis/HWSOC/hw/HWSOC.xsa
TRACE::2025-02-17.09:41:47::SCWPlatform:: Unique name xilinx:pynq-z2::0.0
TRACE::2025-02-17.09:41:47::SCWPlatform::Trying to set the existing hwdb with name design_1_wrapper_0
TRACE::2025-02-17.09:41:47::SCWPlatform::Opened existing hwdb design_1_wrapper_0
TRACE::2025-02-17.09:41:47::SCWPlatform::Found the Hw Db part of the input DSA
TRACE::2025-02-17.09:41:47::SCWMssOS::Checking the sw design at  C:/devWorks/devWorks2/HWSOC/Vitis/HWSOC/zynq_fsbl/zynq_fsbl_bsp/system.mss
TRACE::2025-02-17.09:41:47::SCWMssOS::DEBUG:  swdes dump  C:/devWorks/devWorks2/HWSOC/Vitis/HWSOC/ps7_cortexa9_0/standalone_ps7_cortexa9_0/bsp/system.mss|system_0||
C:/devWorks/devWorks2/HWSOC/Vitis/HWSOC/zynq_fsbl/zynq_fsbl_bsp/system.mss|system||

TRACE::2025-02-17.09:41:47::SCWMssOS::Sw design exists and opened at  C:/devWorks/devWorks2/HWSOC/Vitis/HWSOC/zynq_fsbl/zynq_fsbl_bsp/system.mss
TRACE::2025-02-17.09:41:47::SCWPlatform::Trying to open the hw design at C:/devWorks/devWorks2/HWSOC/Vitis/HWSOC/hw/HWSOC.xsa
TRACE::2025-02-17.09:41:47::SCWPlatform::DSA given C:/devWorks/devWorks2/HWSOC/Vitis/HWSOC/hw/HWSOC.xsa
TRACE::2025-02-17.09:41:47::SCWPlatform::DSA absoulate path C:/devWorks/devWorks2/HWSOC/Vitis/HWSOC/hw/HWSOC.xsa
TRACE::2025-02-17.09:41:47::SCWPlatform::DSA directory C:/devWorks/devWorks2/HWSOC/Vitis/HWSOC/hw
TRACE::2025-02-17.09:41:47::SCWPlatform:: Platform Path C:/devWorks/devWorks2/HWSOC/Vitis/HWSOC/hw/HWSOC.xsa
TRACE::2025-02-17.09:41:47::SCWPlatform:: Unique name xilinx:pynq-z2::0.0
TRACE::2025-02-17.09:41:47::SCWPlatform::Trying to set the existing hwdb with name design_1_wrapper_0
TRACE::2025-02-17.09:41:47::SCWPlatform::Opened existing hwdb design_1_wrapper_0
TRACE::2025-02-17.09:41:47::SCWPlatform::Found the Hw Db part of the input DSA
TRACE::2025-02-17.09:41:47::SCWMssOS::Checking the sw design at  C:/devWorks/devWorks2/HWSOC/Vitis/HWSOC/ps7_cortexa9_0/standalone_ps7_cortexa9_0/bsp/system.mss
TRACE::2025-02-17.09:41:47::SCWMssOS::DEBUG:  swdes dump  C:/devWorks/devWorks2/HWSOC/Vitis/HWSOC/ps7_cortexa9_0/standalone_ps7_cortexa9_0/bsp/system.mss|system_0||
C:/devWorks/devWorks2/HWSOC/Vitis/HWSOC/zynq_fsbl/zynq_fsbl_bsp/system.mss|system||

TRACE::2025-02-17.09:41:47::SCWMssOS::Sw design exists and opened at  C:/devWorks/devWorks2/HWSOC/Vitis/HWSOC/ps7_cortexa9_0/standalone_ps7_cortexa9_0/bsp/system.mss
TRACE::2025-02-17.09:41:47::SCWPlatform::Trying to open the hw design at C:/devWorks/devWorks2/HWSOC/Vitis/HWSOC/hw/HWSOC.xsa
TRACE::2025-02-17.09:41:47::SCWPlatform::DSA given C:/devWorks/devWorks2/HWSOC/Vitis/HWSOC/hw/HWSOC.xsa
TRACE::2025-02-17.09:41:47::SCWPlatform::DSA absoulate path C:/devWorks/devWorks2/HWSOC/Vitis/HWSOC/hw/HWSOC.xsa
TRACE::2025-02-17.09:41:47::SCWPlatform::DSA directory C:/devWorks/devWorks2/HWSOC/Vitis/HWSOC/hw
TRACE::2025-02-17.09:41:47::SCWPlatform:: Platform Path C:/devWorks/devWorks2/HWSOC/Vitis/HWSOC/hw/HWSOC.xsa
TRACE::2025-02-17.09:41:47::SCWPlatform:: Unique name xilinx:pynq-z2::0.0
TRACE::2025-02-17.09:41:47::SCWPlatform::Trying to set the existing hwdb with name design_1_wrapper_0
TRACE::2025-02-17.09:41:47::SCWPlatform::Opened existing hwdb design_1_wrapper_0
TRACE::2025-02-17.09:41:47::SCWPlatform::Found the Hw Db part of the input DSA
TRACE::2025-02-17.09:41:47::SCWMssOS::Checking the sw design at  C:/devWorks/devWorks2/HWSOC/Vitis/HWSOC/ps7_cortexa9_0/standalone_ps7_cortexa9_0/bsp/system.mss
TRACE::2025-02-17.09:41:47::SCWMssOS::DEBUG:  swdes dump  C:/devWorks/devWorks2/HWSOC/Vitis/HWSOC/ps7_cortexa9_0/standalone_ps7_cortexa9_0/bsp/system.mss|system_0||
C:/devWorks/devWorks2/HWSOC/Vitis/HWSOC/zynq_fsbl/zynq_fsbl_bsp/system.mss|system||

TRACE::2025-02-17.09:41:47::SCWMssOS::Sw design exists and opened at  C:/devWorks/devWorks2/HWSOC/Vitis/HWSOC/ps7_cortexa9_0/standalone_ps7_cortexa9_0/bsp/system.mss
TRACE::2025-02-17.09:41:47::SCWPlatform::Trying to open the hw design at C:/devWorks/devWorks2/HWSOC/Vitis/HWSOC/hw/HWSOC.xsa
TRACE::2025-02-17.09:41:47::SCWPlatform::DSA given C:/devWorks/devWorks2/HWSOC/Vitis/HWSOC/hw/HWSOC.xsa
TRACE::2025-02-17.09:41:47::SCWPlatform::DSA absoulate path C:/devWorks/devWorks2/HWSOC/Vitis/HWSOC/hw/HWSOC.xsa
TRACE::2025-02-17.09:41:47::SCWPlatform::DSA directory C:/devWorks/devWorks2/HWSOC/Vitis/HWSOC/hw
TRACE::2025-02-17.09:41:47::SCWPlatform:: Platform Path C:/devWorks/devWorks2/HWSOC/Vitis/HWSOC/hw/HWSOC.xsa
TRACE::2025-02-17.09:41:47::SCWPlatform:: Unique name xilinx:pynq-z2::0.0
TRACE::2025-02-17.09:41:47::SCWPlatform::Trying to set the existing hwdb with name design_1_wrapper_0
TRACE::2025-02-17.09:41:47::SCWPlatform::Opened existing hwdb design_1_wrapper_0
TRACE::2025-02-17.09:41:47::SCWPlatform::Found the Hw Db part of the input DSA
TRACE::2025-02-17.09:41:47::SCWMssOS::Checking the sw design at  C:/devWorks/devWorks2/HWSOC/Vitis/HWSOC/ps7_cortexa9_0/standalone_ps7_cortexa9_0/bsp/system.mss
TRACE::2025-02-17.09:41:47::SCWMssOS::DEBUG:  swdes dump  C:/devWorks/devWorks2/HWSOC/Vitis/HWSOC/ps7_cortexa9_0/standalone_ps7_cortexa9_0/bsp/system.mss|system_0||
C:/devWorks/devWorks2/HWSOC/Vitis/HWSOC/zynq_fsbl/zynq_fsbl_bsp/system.mss|system||

TRACE::2025-02-17.09:41:47::SCWMssOS::Sw design exists and opened at  C:/devWorks/devWorks2/HWSOC/Vitis/HWSOC/ps7_cortexa9_0/standalone_ps7_cortexa9_0/bsp/system.mss
TRACE::2025-02-17.09:41:47::SCWWriter::formatted JSON is {
	"platformName":	"HWSOC",
	"sprVersion":	"2.0",
	"mode":	"gui",
	"dsaType":	"Fixed",
	"platformDesc":	"HWSOC",
	"platHandOff":	"C:/devWorks/devWorks2/HWSOC/HWSOC.xsa",
	"platIntHandOff":	"<platformDir>/hw/HWSOC.xsa",
	"deviceType":	"zynq",
	"platIsPrebuiltAutogen":	"false",
	"platIsNoBootBsp":	"false",
	"platFsblTarget":	"ps7_cortexa9_0",
	"hasFsblMakeHasChanges":	"false",
	"hasPmufwMakeHasChanges":	"false",
	"fsblExtraCompilerFlags":	"-MMD -MP       -mcpu=cortex-a9 -mfpu=vfpv3 -mfloat-abi=hard ",
	"platPreBuiltFlag":	false,
	"platformSamplesDir":	"",
	"platActiveSys":	"HWSOC",
	"systems":	[{
			"systemName":	"HWSOC",
			"systemDesc":	"HWSOC",
			"sysIsBootAutoGen":	"true",
			"systemDispName":	"HWSOC",
			"sysActiveDom":	"standalone_ps7_cortexa9_0",
			"sysDefaultDom":	"standalone_ps7_cortexa9_0",
			"domains":	[{
					"domainName":	"zynq_fsbl",
					"domainDispName":	"zynq_fsbl",
					"domainDesc":	"FSBL Application BSP - Auto Generated.",
					"processors":	"ps7_cortexa9_0",
					"os":	"standalone",
					"sdxOs":	"standalone",
					"debugEnable":	"",
					"domRuntimes":	["cpp"],
					"swRepo":	"",
					"mssOsVer":	"9.1",
					"mssFile":	"",
					"md5Digest":	"ffd369a5fb623ccfea9e69d09ea25f91",
					"compatibleApp":	"zynq_fsbl",
					"domType":	"bootDomain",
					"arch":	"32-bit",
					"appSettings":	{
						"appCompilerFlags":	"",
						"appLinkerFlags":	""
					},
					"addedLibs":	["xilffs:5.2", "xilrsa:1.8"],
					"libOptions":	{
						"libsContainingOptions":	[]
					},
					"prebuiltLibs":	{
						"prebuiltIncPath":	[],
						"prebuiltLibPath":	[]
					},
					"isolation":	{
					}
				}, {
					"domainName":	"standalone_ps7_cortexa9_0",
					"domainDispName":	"standalone_ps7_cortexa9_0",
					"domainDesc":	"standalone_ps7_cortexa9_0",
					"processors":	"ps7_cortexa9_0",
					"os":	"standalone",
					"sdxOs":	"standalone",
					"qemuArgs":	"<platformDir>/resources/HWSOC/standalone_ps7_cortexa9_0/qemu_args.txt",
					"qemuData":	"<platformDir>/resources/HWSOC/standalone_ps7_cortexa9_0/qemu",
					"debugEnable":	"False",
					"domRuntimes":	["cpp"],
					"swRepo":	"",
					"mssOsVer":	"9.1",
					"mssFile":	"",
					"md5Digest":	"674c771fc4c9fd186c2fce560d2b2e74",
					"compatibleApp":	"hello_world",
					"domType":	"mssDomain",
					"arch":	"32-bit",
					"appSettings":	{
						"appCompilerFlags":	"",
						"appLinkerFlags":	""
					},
					"addedLibs":	[],
					"libOptions":	{
						"libsContainingOptions":	[]
					},
					"prebuiltLibs":	{
						"prebuiltIncPath":	[],
						"prebuiltLibPath":	[]
					},
					"isolation":	{
					}
				}]
		}]
}
LOG::2025-02-17.09:41:47::SCWPlatform::Started generating the artifacts platform HWSOC
TRACE::2025-02-17.09:41:47::SCWPlatform::Sanity checking of platform is completed
LOG::2025-02-17.09:41:47::SCWPlatform::Started generating the artifacts for system configuration HWSOC
LOG::2025-02-17.09:41:47::SCWSystem::Started Processing the domain standalone_ps7_cortexa9_0
TRACE::2025-02-17.09:41:47::SCWDomain::Generating domain artifcats
TRACE::2025-02-17.09:41:47::SCWMssOS::Generating standalone artifcats
TRACE::2025-02-17.09:41:47::SCWMssOS::Copying the qemu file from  C:/devWorks/devWorks2/HWSOC/Vitis/HWSOC/resources/HWSOC/standalone_ps7_cortexa9_0/qemu_args.txt To C:/devWorks/devWorks2/HWSOC/Vitis/HWSOC/export/HWSOC/sw/HWSOC/qemu/
TRACE::2025-02-17.09:41:47::SCWMssOS::Copying the qemu file from  C:/devWorks/devWorks2/HWSOC/Vitis/HWSOC/resources/HWSOC/standalone_ps7_cortexa9_0/qemu_args.txt To C:/devWorks/devWorks2/HWSOC/Vitis/HWSOC/export/HWSOC/sw/HWSOC/standalone_ps7_cortexa9_0/qemu/
TRACE::2025-02-17.09:41:47::SCWMssOS:: Copying the user libraries. 
TRACE::2025-02-17.09:41:47::SCWPlatform::Trying to open the hw design at C:/devWorks/devWorks2/HWSOC/Vitis/HWSOC/hw/HWSOC.xsa
TRACE::2025-02-17.09:41:47::SCWPlatform::DSA given C:/devWorks/devWorks2/HWSOC/Vitis/HWSOC/hw/HWSOC.xsa
TRACE::2025-02-17.09:41:47::SCWPlatform::DSA absoulate path C:/devWorks/devWorks2/HWSOC/Vitis/HWSOC/hw/HWSOC.xsa
TRACE::2025-02-17.09:41:47::SCWPlatform::DSA directory C:/devWorks/devWorks2/HWSOC/Vitis/HWSOC/hw
TRACE::2025-02-17.09:41:47::SCWPlatform:: Platform Path C:/devWorks/devWorks2/HWSOC/Vitis/HWSOC/hw/HWSOC.xsa
TRACE::2025-02-17.09:41:47::SCWPlatform:: Unique name xilinx:pynq-z2::0.0
TRACE::2025-02-17.09:41:47::SCWPlatform::Trying to set the existing hwdb with name design_1_wrapper_0
TRACE::2025-02-17.09:41:47::SCWPlatform::Opened existing hwdb design_1_wrapper_0
TRACE::2025-02-17.09:41:47::SCWPlatform::Found the Hw Db part of the input DSA
TRACE::2025-02-17.09:41:47::SCWMssOS::Checking the sw design at  C:/devWorks/devWorks2/HWSOC/Vitis/HWSOC/ps7_cortexa9_0/standalone_ps7_cortexa9_0/bsp/system.mss
TRACE::2025-02-17.09:41:47::SCWMssOS::DEBUG:  swdes dump  C:/devWorks/devWorks2/HWSOC/Vitis/HWSOC/ps7_cortexa9_0/standalone_ps7_cortexa9_0/bsp/system.mss|system_0||
C:/devWorks/devWorks2/HWSOC/Vitis/HWSOC/zynq_fsbl/zynq_fsbl_bsp/system.mss|system||

TRACE::2025-02-17.09:41:47::SCWMssOS::Sw design exists and opened at  C:/devWorks/devWorks2/HWSOC/Vitis/HWSOC/ps7_cortexa9_0/standalone_ps7_cortexa9_0/bsp/system.mss
TRACE::2025-02-17.09:41:47::SCWMssOS::Completed writing the mss file at C:/devWorks/devWorks2/HWSOC/Vitis/HWSOC/ps7_cortexa9_0/standalone_ps7_cortexa9_0/bsp
TRACE::2025-02-17.09:41:47::SCWMssOS::Mss edits present, copying mssfile into export location C:/devWorks/devWorks2/HWSOC/Vitis/HWSOC/ps7_cortexa9_0/standalone_ps7_cortexa9_0/bsp/system.mss
TRACE::2025-02-17.09:41:47::SCWMssOS::bsp generated is upto date with the mss file. Skipping bsp generation.
TRACE::2025-02-17.09:41:47::SCWMssOS::BSP is already built. skipping the bsp build ... 
TRACE::2025-02-17.09:41:47::SCWDomain::Building the domain as part of full build :  standalone_ps7_cortexa9_0
TRACE::2025-02-17.09:41:47::SCWMssOS::skipping the bsp build ... 
TRACE::2025-02-17.09:41:47::SCWMssOS::Copying to export directory.
TRACE::2025-02-17.09:41:47::SCWMssOS:: Checking if to create the Supporting Applications
TRACE::2025-02-17.09:41:47::SCWMssOS:: No Linux domain exists, trying to generate FSBL 
TRACE::2025-02-17.09:41:47::SCWMssOS:: Completed Standalone Artifacts creation 
LOG::2025-02-17.09:41:47::SCWSystem::Completed Processing the domain standalone_ps7_cortexa9_0
LOG::2025-02-17.09:41:47::SCWSystem::Completed Processing the sysconfig HWSOC
LOG::2025-02-17.09:41:47::SCWPlatform::Completed generating the artifacts for system configuration HWSOC
TRACE::2025-02-17.09:41:47::SCWPlatform::Started preparing the platform 
TRACE::2025-02-17.09:41:47::SCWSystem::Writing the bif file for system config HWSOC
TRACE::2025-02-17.09:41:47::SCWSystem::dir created 
TRACE::2025-02-17.09:41:47::SCWSystem::Writing the bif 
TRACE::2025-02-17.09:41:47::SCWPlatform::Started writing the spfm file 
TRACE::2025-02-17.09:41:47::SCWPlatform::Started writing the xpfm file 
TRACE::2025-02-17.09:41:47::SCWPlatform::Completed generating the platform
TRACE::2025-02-17.09:41:47::SCWMssOS::Saving the mss changes C:/devWorks/devWorks2/HWSOC/Vitis/HWSOC/zynq_fsbl/zynq_fsbl_bsp/system.mss
TRACE::2025-02-17.09:41:47::SCWMssOS::Found a swdesign opened with the mssfile.
TRACE::2025-02-17.09:41:47::SCWMssOS::Completed writemss as part of save.
TRACE::2025-02-17.09:41:47::SCWMssOS::Commit changes completed.
TRACE::2025-02-17.09:41:47::SCWMssOS::Saving the mss changes C:/devWorks/devWorks2/HWSOC/Vitis/HWSOC/ps7_cortexa9_0/standalone_ps7_cortexa9_0/bsp/system.mss
TRACE::2025-02-17.09:41:47::SCWMssOS::Found a swdesign opened with the mssfile.
TRACE::2025-02-17.09:41:47::SCWMssOS::Completed writemss as part of save.
TRACE::2025-02-17.09:41:47::SCWMssOS::Commit changes completed.
TRACE::2025-02-17.09:41:47::SCWPlatform::Trying to open the hw design at C:/devWorks/devWorks2/HWSOC/Vitis/HWSOC/hw/HWSOC.xsa
TRACE::2025-02-17.09:41:47::SCWPlatform::DSA given C:/devWorks/devWorks2/HWSOC/Vitis/HWSOC/hw/HWSOC.xsa
TRACE::2025-02-17.09:41:47::SCWPlatform::DSA absoulate path C:/devWorks/devWorks2/HWSOC/Vitis/HWSOC/hw/HWSOC.xsa
TRACE::2025-02-17.09:41:47::SCWPlatform::DSA directory C:/devWorks/devWorks2/HWSOC/Vitis/HWSOC/hw
TRACE::2025-02-17.09:41:47::SCWPlatform:: Platform Path C:/devWorks/devWorks2/HWSOC/Vitis/HWSOC/hw/HWSOC.xsa
TRACE::2025-02-17.09:41:47::SCWPlatform:: Unique name xilinx:pynq-z2::0.0
TRACE::2025-02-17.09:41:47::SCWPlatform::Trying to set the existing hwdb with name design_1_wrapper_0
TRACE::2025-02-17.09:41:47::SCWPlatform::Opened existing hwdb design_1_wrapper_0
TRACE::2025-02-17.09:41:47::SCWPlatform::Found the Hw Db part of the input DSA
TRACE::2025-02-17.09:41:47::SCWMssOS::Checking the sw design at  C:/devWorks/devWorks2/HWSOC/Vitis/HWSOC/zynq_fsbl/zynq_fsbl_bsp/system.mss
TRACE::2025-02-17.09:41:47::SCWMssOS::DEBUG:  swdes dump  C:/devWorks/devWorks2/HWSOC/Vitis/HWSOC/ps7_cortexa9_0/standalone_ps7_cortexa9_0/bsp/system.mss|system_0||
C:/devWorks/devWorks2/HWSOC/Vitis/HWSOC/zynq_fsbl/zynq_fsbl_bsp/system.mss|system||

TRACE::2025-02-17.09:41:47::SCWMssOS::Sw design exists and opened at  C:/devWorks/devWorks2/HWSOC/Vitis/HWSOC/zynq_fsbl/zynq_fsbl_bsp/system.mss
TRACE::2025-02-17.09:41:47::SCWPlatform::Trying to open the hw design at C:/devWorks/devWorks2/HWSOC/Vitis/HWSOC/hw/HWSOC.xsa
TRACE::2025-02-17.09:41:47::SCWPlatform::DSA given C:/devWorks/devWorks2/HWSOC/Vitis/HWSOC/hw/HWSOC.xsa
TRACE::2025-02-17.09:41:47::SCWPlatform::DSA absoulate path C:/devWorks/devWorks2/HWSOC/Vitis/HWSOC/hw/HWSOC.xsa
TRACE::2025-02-17.09:41:47::SCWPlatform::DSA directory C:/devWorks/devWorks2/HWSOC/Vitis/HWSOC/hw
TRACE::2025-02-17.09:41:47::SCWPlatform:: Platform Path C:/devWorks/devWorks2/HWSOC/Vitis/HWSOC/hw/HWSOC.xsa
TRACE::2025-02-17.09:41:47::SCWPlatform:: Unique name xilinx:pynq-z2::0.0
TRACE::2025-02-17.09:41:47::SCWPlatform::Trying to set the existing hwdb with name design_1_wrapper_0
TRACE::2025-02-17.09:41:47::SCWPlatform::Opened existing hwdb design_1_wrapper_0
TRACE::2025-02-17.09:41:47::SCWPlatform::Found the Hw Db part of the input DSA
TRACE::2025-02-17.09:41:47::SCWMssOS::Checking the sw design at  C:/devWorks/devWorks2/HWSOC/Vitis/HWSOC/zynq_fsbl/zynq_fsbl_bsp/system.mss
TRACE::2025-02-17.09:41:47::SCWMssOS::DEBUG:  swdes dump  C:/devWorks/devWorks2/HWSOC/Vitis/HWSOC/ps7_cortexa9_0/standalone_ps7_cortexa9_0/bsp/system.mss|system_0||
C:/devWorks/devWorks2/HWSOC/Vitis/HWSOC/zynq_fsbl/zynq_fsbl_bsp/system.mss|system||

TRACE::2025-02-17.09:41:47::SCWMssOS::Sw design exists and opened at  C:/devWorks/devWorks2/HWSOC/Vitis/HWSOC/zynq_fsbl/zynq_fsbl_bsp/system.mss
TRACE::2025-02-17.09:41:47::SCWPlatform::Trying to open the hw design at C:/devWorks/devWorks2/HWSOC/Vitis/HWSOC/hw/HWSOC.xsa
TRACE::2025-02-17.09:41:47::SCWPlatform::DSA given C:/devWorks/devWorks2/HWSOC/Vitis/HWSOC/hw/HWSOC.xsa
TRACE::2025-02-17.09:41:47::SCWPlatform::DSA absoulate path C:/devWorks/devWorks2/HWSOC/Vitis/HWSOC/hw/HWSOC.xsa
TRACE::2025-02-17.09:41:47::SCWPlatform::DSA directory C:/devWorks/devWorks2/HWSOC/Vitis/HWSOC/hw
TRACE::2025-02-17.09:41:47::SCWPlatform:: Platform Path C:/devWorks/devWorks2/HWSOC/Vitis/HWSOC/hw/HWSOC.xsa
TRACE::2025-02-17.09:41:47::SCWPlatform:: Unique name xilinx:pynq-z2::0.0
TRACE::2025-02-17.09:41:47::SCWPlatform::Trying to set the existing hwdb with name design_1_wrapper_0
TRACE::2025-02-17.09:41:47::SCWPlatform::Opened existing hwdb design_1_wrapper_0
TRACE::2025-02-17.09:41:47::SCWPlatform::Found the Hw Db part of the input DSA
TRACE::2025-02-17.09:41:47::SCWMssOS::Checking the sw design at  C:/devWorks/devWorks2/HWSOC/Vitis/HWSOC/zynq_fsbl/zynq_fsbl_bsp/system.mss
TRACE::2025-02-17.09:41:47::SCWMssOS::DEBUG:  swdes dump  C:/devWorks/devWorks2/HWSOC/Vitis/HWSOC/ps7_cortexa9_0/standalone_ps7_cortexa9_0/bsp/system.mss|system_0||
C:/devWorks/devWorks2/HWSOC/Vitis/HWSOC/zynq_fsbl/zynq_fsbl_bsp/system.mss|system||

TRACE::2025-02-17.09:41:47::SCWMssOS::Sw design exists and opened at  C:/devWorks/devWorks2/HWSOC/Vitis/HWSOC/zynq_fsbl/zynq_fsbl_bsp/system.mss
TRACE::2025-02-17.09:41:47::SCWPlatform::Trying to open the hw design at C:/devWorks/devWorks2/HWSOC/Vitis/HWSOC/hw/HWSOC.xsa
TRACE::2025-02-17.09:41:47::SCWPlatform::DSA given C:/devWorks/devWorks2/HWSOC/Vitis/HWSOC/hw/HWSOC.xsa
TRACE::2025-02-17.09:41:47::SCWPlatform::DSA absoulate path C:/devWorks/devWorks2/HWSOC/Vitis/HWSOC/hw/HWSOC.xsa
TRACE::2025-02-17.09:41:47::SCWPlatform::DSA directory C:/devWorks/devWorks2/HWSOC/Vitis/HWSOC/hw
TRACE::2025-02-17.09:41:47::SCWPlatform:: Platform Path C:/devWorks/devWorks2/HWSOC/Vitis/HWSOC/hw/HWSOC.xsa
TRACE::2025-02-17.09:41:47::SCWPlatform:: Unique name xilinx:pynq-z2::0.0
TRACE::2025-02-17.09:41:47::SCWPlatform::Trying to set the existing hwdb with name design_1_wrapper_0
TRACE::2025-02-17.09:41:47::SCWPlatform::Opened existing hwdb design_1_wrapper_0
TRACE::2025-02-17.09:41:47::SCWPlatform::Found the Hw Db part of the input DSA
TRACE::2025-02-17.09:41:47::SCWMssOS::Checking the sw design at  C:/devWorks/devWorks2/HWSOC/Vitis/HWSOC/ps7_cortexa9_0/standalone_ps7_cortexa9_0/bsp/system.mss
TRACE::2025-02-17.09:41:47::SCWMssOS::DEBUG:  swdes dump  C:/devWorks/devWorks2/HWSOC/Vitis/HWSOC/ps7_cortexa9_0/standalone_ps7_cortexa9_0/bsp/system.mss|system_0||
C:/devWorks/devWorks2/HWSOC/Vitis/HWSOC/zynq_fsbl/zynq_fsbl_bsp/system.mss|system||

TRACE::2025-02-17.09:41:47::SCWMssOS::Sw design exists and opened at  C:/devWorks/devWorks2/HWSOC/Vitis/HWSOC/ps7_cortexa9_0/standalone_ps7_cortexa9_0/bsp/system.mss
TRACE::2025-02-17.09:41:47::SCWPlatform::Trying to open the hw design at C:/devWorks/devWorks2/HWSOC/Vitis/HWSOC/hw/HWSOC.xsa
TRACE::2025-02-17.09:41:47::SCWPlatform::DSA given C:/devWorks/devWorks2/HWSOC/Vitis/HWSOC/hw/HWSOC.xsa
TRACE::2025-02-17.09:41:47::SCWPlatform::DSA absoulate path C:/devWorks/devWorks2/HWSOC/Vitis/HWSOC/hw/HWSOC.xsa
TRACE::2025-02-17.09:41:47::SCWPlatform::DSA directory C:/devWorks/devWorks2/HWSOC/Vitis/HWSOC/hw
TRACE::2025-02-17.09:41:47::SCWPlatform:: Platform Path C:/devWorks/devWorks2/HWSOC/Vitis/HWSOC/hw/HWSOC.xsa
TRACE::2025-02-17.09:41:47::SCWPlatform:: Unique name xilinx:pynq-z2::0.0
TRACE::2025-02-17.09:41:47::SCWPlatform::Trying to set the existing hwdb with name design_1_wrapper_0
TRACE::2025-02-17.09:41:47::SCWPlatform::Opened existing hwdb design_1_wrapper_0
TRACE::2025-02-17.09:41:47::SCWPlatform::Found the Hw Db part of the input DSA
TRACE::2025-02-17.09:41:47::SCWMssOS::Checking the sw design at  C:/devWorks/devWorks2/HWSOC/Vitis/HWSOC/ps7_cortexa9_0/standalone_ps7_cortexa9_0/bsp/system.mss
TRACE::2025-02-17.09:41:47::SCWMssOS::DEBUG:  swdes dump  C:/devWorks/devWorks2/HWSOC/Vitis/HWSOC/ps7_cortexa9_0/standalone_ps7_cortexa9_0/bsp/system.mss|system_0||
C:/devWorks/devWorks2/HWSOC/Vitis/HWSOC/zynq_fsbl/zynq_fsbl_bsp/system.mss|system||

TRACE::2025-02-17.09:41:47::SCWMssOS::Sw design exists and opened at  C:/devWorks/devWorks2/HWSOC/Vitis/HWSOC/ps7_cortexa9_0/standalone_ps7_cortexa9_0/bsp/system.mss
TRACE::2025-02-17.09:41:47::SCWPlatform::Trying to open the hw design at C:/devWorks/devWorks2/HWSOC/Vitis/HWSOC/hw/HWSOC.xsa
TRACE::2025-02-17.09:41:47::SCWPlatform::DSA given C:/devWorks/devWorks2/HWSOC/Vitis/HWSOC/hw/HWSOC.xsa
TRACE::2025-02-17.09:41:47::SCWPlatform::DSA absoulate path C:/devWorks/devWorks2/HWSOC/Vitis/HWSOC/hw/HWSOC.xsa
TRACE::2025-02-17.09:41:47::SCWPlatform::DSA directory C:/devWorks/devWorks2/HWSOC/Vitis/HWSOC/hw
TRACE::2025-02-17.09:41:47::SCWPlatform:: Platform Path C:/devWorks/devWorks2/HWSOC/Vitis/HWSOC/hw/HWSOC.xsa
TRACE::2025-02-17.09:41:47::SCWPlatform:: Unique name xilinx:pynq-z2::0.0
TRACE::2025-02-17.09:41:47::SCWPlatform::Trying to set the existing hwdb with name design_1_wrapper_0
TRACE::2025-02-17.09:41:47::SCWPlatform::Opened existing hwdb design_1_wrapper_0
TRACE::2025-02-17.09:41:47::SCWPlatform::Found the Hw Db part of the input DSA
TRACE::2025-02-17.09:41:47::SCWMssOS::Checking the sw design at  C:/devWorks/devWorks2/HWSOC/Vitis/HWSOC/ps7_cortexa9_0/standalone_ps7_cortexa9_0/bsp/system.mss
TRACE::2025-02-17.09:41:47::SCWMssOS::DEBUG:  swdes dump  C:/devWorks/devWorks2/HWSOC/Vitis/HWSOC/ps7_cortexa9_0/standalone_ps7_cortexa9_0/bsp/system.mss|system_0||
C:/devWorks/devWorks2/HWSOC/Vitis/HWSOC/zynq_fsbl/zynq_fsbl_bsp/system.mss|system||

TRACE::2025-02-17.09:41:47::SCWMssOS::Sw design exists and opened at  C:/devWorks/devWorks2/HWSOC/Vitis/HWSOC/ps7_cortexa9_0/standalone_ps7_cortexa9_0/bsp/system.mss
TRACE::2025-02-17.09:41:47::SCWWriter::formatted JSON is {
	"platformName":	"HWSOC",
	"sprVersion":	"2.0",
	"mode":	"gui",
	"dsaType":	"Fixed",
	"platformDesc":	"HWSOC",
	"platHandOff":	"C:/devWorks/devWorks2/HWSOC/HWSOC.xsa",
	"platIntHandOff":	"<platformDir>/hw/HWSOC.xsa",
	"deviceType":	"zynq",
	"platIsPrebuiltAutogen":	"false",
	"platIsNoBootBsp":	"false",
	"platFsblTarget":	"ps7_cortexa9_0",
	"hasFsblMakeHasChanges":	"false",
	"hasPmufwMakeHasChanges":	"false",
	"fsblExtraCompilerFlags":	"-MMD -MP       -mcpu=cortex-a9 -mfpu=vfpv3 -mfloat-abi=hard ",
	"platPreBuiltFlag":	false,
	"platformSamplesDir":	"",
	"platActiveSys":	"HWSOC",
	"systems":	[{
			"systemName":	"HWSOC",
			"systemDesc":	"HWSOC",
			"sysIsBootAutoGen":	"true",
			"systemDispName":	"HWSOC",
			"sysActiveDom":	"standalone_ps7_cortexa9_0",
			"sysDefaultDom":	"standalone_ps7_cortexa9_0",
			"domains":	[{
					"domainName":	"zynq_fsbl",
					"domainDispName":	"zynq_fsbl",
					"domainDesc":	"FSBL Application BSP - Auto Generated.",
					"processors":	"ps7_cortexa9_0",
					"os":	"standalone",
					"sdxOs":	"standalone",
					"debugEnable":	"",
					"domRuntimes":	["cpp"],
					"swRepo":	"",
					"mssOsVer":	"9.1",
					"mssFile":	"",
					"md5Digest":	"ffd369a5fb623ccfea9e69d09ea25f91",
					"compatibleApp":	"zynq_fsbl",
					"domType":	"bootDomain",
					"arch":	"32-bit",
					"appSettings":	{
						"appCompilerFlags":	"",
						"appLinkerFlags":	""
					},
					"addedLibs":	["xilffs:5.2", "xilrsa:1.8"],
					"libOptions":	{
						"libsContainingOptions":	[]
					},
					"prebuiltLibs":	{
						"prebuiltIncPath":	[],
						"prebuiltLibPath":	[]
					},
					"isolation":	{
					}
				}, {
					"domainName":	"standalone_ps7_cortexa9_0",
					"domainDispName":	"standalone_ps7_cortexa9_0",
					"domainDesc":	"standalone_ps7_cortexa9_0",
					"processors":	"ps7_cortexa9_0",
					"os":	"standalone",
					"sdxOs":	"standalone",
					"qemuArgs":	"<platformDir>/resources/HWSOC/standalone_ps7_cortexa9_0/qemu_args.txt",
					"qemuData":	"<platformDir>/resources/HWSOC/standalone_ps7_cortexa9_0/qemu",
					"debugEnable":	"False",
					"domRuntimes":	["cpp"],
					"swRepo":	"",
					"mssOsVer":	"9.1",
					"mssFile":	"",
					"md5Digest":	"674c771fc4c9fd186c2fce560d2b2e74",
					"compatibleApp":	"hello_world",
					"domType":	"mssDomain",
					"arch":	"32-bit",
					"appSettings":	{
						"appCompilerFlags":	"",
						"appLinkerFlags":	""
					},
					"addedLibs":	[],
					"libOptions":	{
						"libsContainingOptions":	[]
					},
					"prebuiltLibs":	{
						"prebuiltIncPath":	[],
						"prebuiltLibPath":	[]
					},
					"isolation":	{
					}
				}]
		}]
}
KEYINFO::2025-02-17.09:41:47::SCWPlatform::updated the xpfm file.
LOG::2025-02-17.09:42:31::SCWPlatform::Started generating the artifacts platform HWSOC
TRACE::2025-02-17.09:42:31::SCWPlatform::Sanity checking of platform is completed
LOG::2025-02-17.09:42:31::SCWPlatform::Started generating the artifacts for system configuration HWSOC
LOG::2025-02-17.09:42:31::SCWSystem::Checking the domain zynq_fsbl
LOG::2025-02-17.09:42:31::SCWSystem::Doing application build for :  zynq_fsbl
TRACE::2025-02-17.09:42:31::SCWBDomain::Not a forced makefile updation, No changes are present. 
TRACE::2025-02-17.09:42:31::SCWDomain::Building the domain as part of full build :  zynq_fsbl
TRACE::2025-02-17.09:42:31::SCWPlatform::Trying to open the hw design at C:/devWorks/devWorks2/HWSOC/Vitis/HWSOC/hw/HWSOC.xsa
TRACE::2025-02-17.09:42:31::SCWPlatform::DSA given C:/devWorks/devWorks2/HWSOC/Vitis/HWSOC/hw/HWSOC.xsa
TRACE::2025-02-17.09:42:31::SCWPlatform::DSA absoulate path C:/devWorks/devWorks2/HWSOC/Vitis/HWSOC/hw/HWSOC.xsa
TRACE::2025-02-17.09:42:31::SCWPlatform::DSA directory C:/devWorks/devWorks2/HWSOC/Vitis/HWSOC/hw
TRACE::2025-02-17.09:42:31::SCWPlatform:: Platform Path C:/devWorks/devWorks2/HWSOC/Vitis/HWSOC/hw/HWSOC.xsa
TRACE::2025-02-17.09:42:31::SCWPlatform:: Unique name xilinx:pynq-z2::0.0
TRACE::2025-02-17.09:42:31::SCWPlatform::Trying to set the existing hwdb with name design_1_wrapper_0
TRACE::2025-02-17.09:42:31::SCWPlatform::Opened existing hwdb design_1_wrapper_0
TRACE::2025-02-17.09:42:31::SCWPlatform::Found the Hw Db part of the input DSA
TRACE::2025-02-17.09:42:31::SCWMssOS::Checking the sw design at  C:/devWorks/devWorks2/HWSOC/Vitis/HWSOC/zynq_fsbl/zynq_fsbl_bsp/system.mss
TRACE::2025-02-17.09:42:31::SCWMssOS::DEBUG:  swdes dump  C:/devWorks/devWorks2/HWSOC/Vitis/HWSOC/ps7_cortexa9_0/standalone_ps7_cortexa9_0/bsp/system.mss|system_0||
C:/devWorks/devWorks2/HWSOC/Vitis/HWSOC/zynq_fsbl/zynq_fsbl_bsp/system.mss|system||

TRACE::2025-02-17.09:42:31::SCWMssOS::Sw design exists and opened at  C:/devWorks/devWorks2/HWSOC/Vitis/HWSOC/zynq_fsbl/zynq_fsbl_bsp/system.mss
TRACE::2025-02-17.09:42:31::SCWBDomain::Completed writing the mss file at C:/devWorks/devWorks2/HWSOC/Vitis/HWSOC/zynq_fsbl/zynq_fsbl_bsp
TRACE::2025-02-17.09:42:31::SCWBDomain::bsp generated is upto date with the mss file. Skipping bsp generation.
TRACE::2025-02-17.09:42:31::SCWBDomain::Not a forced makefile updation, No changes are present. 
TRACE::2025-02-17.09:42:31::SCWBDomain::System Command Ran  C:&  cd  C:/devWorks/devWorks2/HWSOC/Vitis/HWSOC/zynq_fsbl& make -C  zynq_fsbl_bsp & make 
TRACE::2025-02-17.09:42:32::SCWBDomain::make: Entering directory 'C:/devWorks/devWorks2/HWSOC/Vitis/HWSOC/zynq_fsbl/zynq_fsbl_bsp'

TRACE::2025-02-17.09:42:32::SCWBDomain::make --no-print-directory seq_libs

TRACE::2025-02-17.09:42:32::SCWBDomain::"Running Make include in ps7_cortexa9_0/libsrc/coresightps_dcc_v1_10/src"

TRACE::2025-02-17.09:42:32::SCWBDomain::make -C ps7_cortexa9_0/libsrc/coresightps_dcc_v1_10/src -s include  "SHELL=CMD" "COMPILER=arm-none-eabi-gcc" "ASSEMBLER=arm-non
TRACE::2025-02-17.09:42:32::SCWBDomain::e-eabi-as" "ARCHIVER=arm-none-eabi-ar" "COMPILER_FLAGS=  -O2 -c" "EXTRA_COMPILER_FLAGS=-mcpu=cortex-a9 -mfpu=vfpv3 -mfloat-abi=
TRACE::2025-02-17.09:42:32::SCWBDomain::hard -nostartfiles -g -Wall -Wextra -fno-tree-loop-distribute-patterns"

TRACE::2025-02-17.09:42:32::SCWBDomain::"Running Make include in ps7_cortexa9_0/libsrc/cpu_cortexa9_v2_12/src"

TRACE::2025-02-17.09:42:32::SCWBDomain::make -C ps7_cortexa9_0/libsrc/cpu_cortexa9_v2_12/src -s include  "SHELL=CMD" "COMPILER=arm-none-eabi-gcc" "ASSEMBLER=arm-none-e
TRACE::2025-02-17.09:42:32::SCWBDomain::abi-as" "ARCHIVER=arm-none-eabi-ar" "COMPILER_FLAGS=  -O2 -c" "EXTRA_COMPILER_FLAGS=-mcpu=cortex-a9 -mfpu=vfpv3 -mfloat-abi=har
TRACE::2025-02-17.09:42:32::SCWBDomain::d -nostartfiles -g -Wall -Wextra -fno-tree-loop-distribute-patterns"

TRACE::2025-02-17.09:42:32::SCWBDomain::"Running Make include in ps7_cortexa9_0/libsrc/ddrps_v1_2/src"

TRACE::2025-02-17.09:42:32::SCWBDomain::make -C ps7_cortexa9_0/libsrc/ddrps_v1_2/src -s include  "SHELL=CMD" "COMPILER=arm-none-eabi-gcc" "ASSEMBLER=arm-none-eabi-as" 
TRACE::2025-02-17.09:42:32::SCWBDomain::"ARCHIVER=arm-none-eabi-ar" "COMPILER_FLAGS=  -O2 -c" "EXTRA_COMPILER_FLAGS=-mcpu=cortex-a9 -mfpu=vfpv3 -mfloat-abi=hard -nosta
TRACE::2025-02-17.09:42:32::SCWBDomain::rtfiles -g -Wall -Wextra -fno-tree-loop-distribute-patterns"

TRACE::2025-02-17.09:42:33::SCWBDomain::"Running Make include in ps7_cortexa9_0/libsrc/devcfg_v3_8/src"

TRACE::2025-02-17.09:42:33::SCWBDomain::make -C ps7_cortexa9_0/libsrc/devcfg_v3_8/src -s include  "SHELL=CMD" "COMPILER=arm-none-eabi-gcc" "ASSEMBLER=arm-none-eabi-as"
TRACE::2025-02-17.09:42:33::SCWBDomain:: "ARCHIVER=arm-none-eabi-ar" "COMPILER_FLAGS=  -O2 -c" "EXTRA_COMPILER_FLAGS=-mcpu=cortex-a9 -mfpu=vfpv3 -mfloat-abi=hard -nost
TRACE::2025-02-17.09:42:33::SCWBDomain::artfiles -g -Wall -Wextra -fno-tree-loop-distribute-patterns"

TRACE::2025-02-17.09:42:33::SCWBDomain::"Running Make include in ps7_cortexa9_0/libsrc/dmaps_v2_10/src"

TRACE::2025-02-17.09:42:33::SCWBDomain::make -C ps7_cortexa9_0/libsrc/dmaps_v2_10/src -s include  "SHELL=CMD" "COMPILER=arm-none-eabi-gcc" "ASSEMBLER=arm-none-eabi-as"
TRACE::2025-02-17.09:42:33::SCWBDomain:: "ARCHIVER=arm-none-eabi-ar" "COMPILER_FLAGS=  -O2 -c" "EXTRA_COMPILER_FLAGS=-mcpu=cortex-a9 -mfpu=vfpv3 -mfloat-abi=hard -nost
TRACE::2025-02-17.09:42:33::SCWBDomain::artfiles -g -Wall -Wextra -fno-tree-loop-distribute-patterns"

TRACE::2025-02-17.09:42:33::SCWBDomain::"Running Make include in ps7_cortexa9_0/libsrc/emacps_v3_20/src"

TRACE::2025-02-17.09:42:33::SCWBDomain::make -C ps7_cortexa9_0/libsrc/emacps_v3_20/src -s include  "SHELL=CMD" "COMPILER=arm-none-eabi-gcc" "ASSEMBLER=arm-none-eabi-as
TRACE::2025-02-17.09:42:33::SCWBDomain::" "ARCHIVER=arm-none-eabi-ar" "COMPILER_FLAGS=  -O2 -c" "EXTRA_COMPILER_FLAGS=-mcpu=cortex-a9 -mfpu=vfpv3 -mfloat-abi=hard -nos
TRACE::2025-02-17.09:42:33::SCWBDomain::tartfiles -g -Wall -Wextra -fno-tree-loop-distribute-patterns"

TRACE::2025-02-17.09:42:33::SCWBDomain::"Running Make include in ps7_cortexa9_0/libsrc/gpiops_v3_13/src"

TRACE::2025-02-17.09:42:33::SCWBDomain::make -C ps7_cortexa9_0/libsrc/gpiops_v3_13/src -s include  "SHELL=CMD" "COMPILER=arm-none-eabi-gcc" "ASSEMBLER=arm-none-eabi-as
TRACE::2025-02-17.09:42:33::SCWBDomain::" "ARCHIVER=arm-none-eabi-ar" "COMPILER_FLAGS=  -O2 -c" "EXTRA_COMPILER_FLAGS=-mcpu=cortex-a9 -mfpu=vfpv3 -mfloat-abi=hard -nos
TRACE::2025-02-17.09:42:33::SCWBDomain::tartfiles -g -Wall -Wextra -fno-tree-loop-distribute-patterns"

TRACE::2025-02-17.09:42:33::SCWBDomain::"Running Make include in ps7_cortexa9_0/libsrc/qspips_v3_12/src"

TRACE::2025-02-17.09:42:33::SCWBDomain::make -C ps7_cortexa9_0/libsrc/qspips_v3_12/src -s include  "SHELL=CMD" "COMPILER=arm-none-eabi-gcc" "ASSEMBLER=arm-none-eabi-as
TRACE::2025-02-17.09:42:33::SCWBDomain::" "ARCHIVER=arm-none-eabi-ar" "COMPILER_FLAGS=  -O2 -c" "EXTRA_COMPILER_FLAGS=-mcpu=cortex-a9 -mfpu=vfpv3 -mfloat-abi=hard -nos
TRACE::2025-02-17.09:42:33::SCWBDomain::tartfiles -g -Wall -Wextra -fno-tree-loop-distribute-patterns"

TRACE::2025-02-17.09:42:33::SCWBDomain::"Running Make include in ps7_cortexa9_0/libsrc/scugic_v5_3/src"

TRACE::2025-02-17.09:42:33::SCWBDomain::make -C ps7_cortexa9_0/libsrc/scugic_v5_3/src -s include  "SHELL=CMD" "COMPILER=arm-none-eabi-gcc" "ASSEMBLER=arm-none-eabi-as"
TRACE::2025-02-17.09:42:33::SCWBDomain:: "ARCHIVER=arm-none-eabi-ar" "COMPILER_FLAGS=  -O2 -c" "EXTRA_COMPILER_FLAGS=-mcpu=cortex-a9 -mfpu=vfpv3 -mfloat-abi=hard -nost
TRACE::2025-02-17.09:42:33::SCWBDomain::artfiles -g -Wall -Wextra -fno-tree-loop-distribute-patterns"

TRACE::2025-02-17.09:42:33::SCWBDomain::"Running Make include in ps7_cortexa9_0/libsrc/scutimer_v2_6/src"

TRACE::2025-02-17.09:42:33::SCWBDomain::make -C ps7_cortexa9_0/libsrc/scutimer_v2_6/src -s include  "SHELL=CMD" "COMPILER=arm-none-eabi-gcc" "ASSEMBLER=arm-none-eabi-a
TRACE::2025-02-17.09:42:33::SCWBDomain::s" "ARCHIVER=arm-none-eabi-ar" "COMPILER_FLAGS=  -O2 -c" "EXTRA_COMPILER_FLAGS=-mcpu=cortex-a9 -mfpu=vfpv3 -mfloat-abi=hard -no
TRACE::2025-02-17.09:42:33::SCWBDomain::startfiles -g -Wall -Wextra -fno-tree-loop-distribute-patterns"

TRACE::2025-02-17.09:42:33::SCWBDomain::"Running Make include in ps7_cortexa9_0/libsrc/scuwdt_v2_5/src"

TRACE::2025-02-17.09:42:33::SCWBDomain::make -C ps7_cortexa9_0/libsrc/scuwdt_v2_5/src -s include  "SHELL=CMD" "COMPILER=arm-none-eabi-gcc" "ASSEMBLER=arm-none-eabi-as"
TRACE::2025-02-17.09:42:33::SCWBDomain:: "ARCHIVER=arm-none-eabi-ar" "COMPILER_FLAGS=  -O2 -c" "EXTRA_COMPILER_FLAGS=-mcpu=cortex-a9 -mfpu=vfpv3 -mfloat-abi=hard -nost
TRACE::2025-02-17.09:42:33::SCWBDomain::artfiles -g -Wall -Wextra -fno-tree-loop-distribute-patterns"

TRACE::2025-02-17.09:42:33::SCWBDomain::"Running Make include in ps7_cortexa9_0/libsrc/sdps_v4_3/src"

TRACE::2025-02-17.09:42:33::SCWBDomain::make -C ps7_cortexa9_0/libsrc/sdps_v4_3/src -s include  "SHELL=CMD" "COMPILER=arm-none-eabi-gcc" "ASSEMBLER=arm-none-eabi-as" "
TRACE::2025-02-17.09:42:33::SCWBDomain::ARCHIVER=arm-none-eabi-ar" "COMPILER_FLAGS=  -O2 -c" "EXTRA_COMPILER_FLAGS=-mcpu=cortex-a9 -mfpu=vfpv3 -mfloat-abi=hard -nostar
TRACE::2025-02-17.09:42:33::SCWBDomain::tfiles -g -Wall -Wextra -fno-tree-loop-distribute-patterns"

TRACE::2025-02-17.09:42:34::SCWBDomain::"Running Make include in ps7_cortexa9_0/libsrc/standalone_v9_1/src"

TRACE::2025-02-17.09:42:34::SCWBDomain::make -C ps7_cortexa9_0/libsrc/standalone_v9_1/src -s include  "SHELL=CMD" "COMPILER=arm-none-eabi-gcc" "ASSEMBLER=arm-none-eabi
TRACE::2025-02-17.09:42:34::SCWBDomain::-as" "ARCHIVER=arm-none-eabi-ar" "COMPILER_FLAGS=  -O2 -c" "EXTRA_COMPILER_FLAGS=-mcpu=cortex-a9 -mfpu=vfpv3 -mfloat-abi=hard -
TRACE::2025-02-17.09:42:34::SCWBDomain::nostartfiles -g -Wall -Wextra -fno-tree-loop-distribute-patterns"

TRACE::2025-02-17.09:42:35::SCWBDomain::"Running Make include in ps7_cortexa9_0/libsrc/uartps_v3_14/src"

TRACE::2025-02-17.09:42:35::SCWBDomain::make -C ps7_cortexa9_0/libsrc/uartps_v3_14/src -s include  "SHELL=CMD" "COMPILER=arm-none-eabi-gcc" "ASSEMBLER=arm-none-eabi-as
TRACE::2025-02-17.09:42:35::SCWBDomain::" "ARCHIVER=arm-none-eabi-ar" "COMPILER_FLAGS=  -O2 -c" "EXTRA_COMPILER_FLAGS=-mcpu=cortex-a9 -mfpu=vfpv3 -mfloat-abi=hard -nos
TRACE::2025-02-17.09:42:35::SCWBDomain::tartfiles -g -Wall -Wextra -fno-tree-loop-distribute-patterns"

TRACE::2025-02-17.09:42:35::SCWBDomain::"Running Make include in ps7_cortexa9_0/libsrc/usbps_v2_9/src"

TRACE::2025-02-17.09:42:35::SCWBDomain::make -C ps7_cortexa9_0/libsrc/usbps_v2_9/src -s include  "SHELL=CMD" "COMPILER=arm-none-eabi-gcc" "ASSEMBLER=arm-none-eabi-as" 
TRACE::2025-02-17.09:42:35::SCWBDomain::"ARCHIVER=arm-none-eabi-ar" "COMPILER_FLAGS=  -O2 -c" "EXTRA_COMPILER_FLAGS=-mcpu=cortex-a9 -mfpu=vfpv3 -mfloat-abi=hard -nosta
TRACE::2025-02-17.09:42:35::SCWBDomain::rtfiles -g -Wall -Wextra -fno-tree-loop-distribute-patterns"

TRACE::2025-02-17.09:42:35::SCWBDomain::"Running Make include in ps7_cortexa9_0/libsrc/xadcps_v2_7/src"

TRACE::2025-02-17.09:42:35::SCWBDomain::make -C ps7_cortexa9_0/libsrc/xadcps_v2_7/src -s include  "SHELL=CMD" "COMPILER=arm-none-eabi-gcc" "ASSEMBLER=arm-none-eabi-as"
TRACE::2025-02-17.09:42:35::SCWBDomain:: "ARCHIVER=arm-none-eabi-ar" "COMPILER_FLAGS=  -O2 -c" "EXTRA_COMPILER_FLAGS=-mcpu=cortex-a9 -mfpu=vfpv3 -mfloat-abi=hard -nost
TRACE::2025-02-17.09:42:35::SCWBDomain::artfiles -g -Wall -Wextra -fno-tree-loop-distribute-patterns"

TRACE::2025-02-17.09:42:35::SCWBDomain::"Running Make include in ps7_cortexa9_0/libsrc/xilffs_v5_2/src"

TRACE::2025-02-17.09:42:35::SCWBDomain::make -C ps7_cortexa9_0/libsrc/xilffs_v5_2/src -s include  "SHELL=CMD" "COMPILER=arm-none-eabi-gcc" "ASSEMBLER=arm-none-eabi-as"
TRACE::2025-02-17.09:42:35::SCWBDomain:: "ARCHIVER=arm-none-eabi-ar" "COMPILER_FLAGS=  -O2 -c" "EXTRA_COMPILER_FLAGS=-mcpu=cortex-a9 -mfpu=vfpv3 -mfloat-abi=hard -nost
TRACE::2025-02-17.09:42:35::SCWBDomain::artfiles -g -Wall -Wextra -fno-tree-loop-distribute-patterns"

TRACE::2025-02-17.09:42:35::SCWBDomain::"Running Make include in ps7_cortexa9_0/libsrc/xilrsa_v1_8/src"

TRACE::2025-02-17.09:42:35::SCWBDomain::make -C ps7_cortexa9_0/libsrc/xilrsa_v1_8/src -s include  "SHELL=CMD" "COMPILER=arm-none-eabi-gcc" "ASSEMBLER=arm-none-eabi-as"
TRACE::2025-02-17.09:42:35::SCWBDomain:: "ARCHIVER=arm-none-eabi-ar" "COMPILER_FLAGS=  -O2 -c" "EXTRA_COMPILER_FLAGS=-mcpu=cortex-a9 -mfpu=vfpv3 -mfloat-abi=hard -nost
TRACE::2025-02-17.09:42:35::SCWBDomain::artfiles -g -Wall -Wextra -fno-tree-loop-distribute-patterns"

TRACE::2025-02-17.09:42:35::SCWBDomain::"Running Make libs in ps7_cortexa9_0/libsrc/xilrsa_v1_8/src"

TRACE::2025-02-17.09:42:35::SCWBDomain::make -C ps7_cortexa9_0/libsrc/xilrsa_v1_8/src -s libs  "SHELL=CMD" "COMPILER=arm-none-eabi-gcc" "ASSEMBLER=arm-none-eabi-as" "A
TRACE::2025-02-17.09:42:35::SCWBDomain::RCHIVER=arm-none-eabi-ar" "COMPILER_FLAGS=  -O2 -c" "EXTRA_COMPILER_FLAGS=-mcpu=cortex-a9 -mfpu=vfpv3 -mfloat-abi=hard -nostart
TRACE::2025-02-17.09:42:35::SCWBDomain::files -g -Wall -Wextra -fno-tree-loop-distribute-patterns"

TRACE::2025-02-17.09:42:35::SCWBDomain::'Finished building libraries sequentially.'

TRACE::2025-02-17.09:42:35::SCWBDomain::make -j 6 --no-print-directory par_libs

TRACE::2025-02-17.09:42:35::SCWBDomain::"Running Make include in ps7_cortexa9_0/libsrc/coresightps_dcc_v1_10/src"

TRACE::2025-02-17.09:42:35::SCWBDomain::make -C ps7_cortexa9_0/libsrc/coresightps_dcc_v1_10/src -s include  "SHELL=CMD" "COMPILER=arm-none-eabi-gcc" "ASSEMBLER=arm-non
TRACE::2025-02-17.09:42:35::SCWBDomain::e-eabi-as" "ARCHIVER=arm-none-eabi-ar" "COMPILER_FLAGS=  -O2 -c" "EXTRA_COMPILER_FLAGS=-mcpu=cortex-a9 -mfpu=vfpv3 -mfloat-abi=
TRACE::2025-02-17.09:42:35::SCWBDomain::hard -nostartfiles -g -Wall -Wextra -fno-tree-loop-distribute-patterns"

TRACE::2025-02-17.09:42:35::SCWBDomain::"Running Make include in ps7_cortexa9_0/libsrc/cpu_cortexa9_v2_12/src"

TRACE::2025-02-17.09:42:35::SCWBDomain::make -C ps7_cortexa9_0/libsrc/cpu_cortexa9_v2_12/src -s include  "SHELL=CMD" "COMPILER=arm-none-eabi-gcc" "ASSEMBLER=arm-none-e
TRACE::2025-02-17.09:42:35::SCWBDomain::abi-as" "ARCHIVER=arm-none-eabi-ar" "COMPILER_FLAGS=  -O2 -c" "EXTRA_COMPILER_FLAGS=-mcpu=cortex-a9 -mfpu=vfpv3 -mfloat-abi=har
TRACE::2025-02-17.09:42:35::SCWBDomain::d -nostartfiles -g -Wall -Wextra -fno-tree-loop-distribute-patterns"

TRACE::2025-02-17.09:42:35::SCWBDomain::"Running Make include in ps7_cortexa9_0/libsrc/ddrps_v1_2/src"

TRACE::2025-02-17.09:42:35::SCWBDomain::make -C ps7_cortexa9_0/libsrc/ddrps_v1_2/src -s include  "SHELL=CMD" "COMPILER=arm-none-eabi-gcc" "ASSEMBLER=arm-none-eabi-as" 
TRACE::2025-02-17.09:42:35::SCWBDomain::"ARCHIVER=arm-none-eabi-ar" "COMPILER_FLAGS=  -O2 -c" "EXTRA_COMPILER_FLAGS=-mcpu=cortex-a9 -mfpu=vfpv3 -mfloat-abi=hard -nosta
TRACE::2025-02-17.09:42:35::SCWBDomain::rtfiles -g -Wall -Wextra -fno-tree-loop-distribute-patterns"

TRACE::2025-02-17.09:42:35::SCWBDomain::"Running Make include in ps7_cortexa9_0/libsrc/devcfg_v3_8/src"

TRACE::2025-02-17.09:42:35::SCWBDomain::make -C ps7_cortexa9_0/libsrc/devcfg_v3_8/src -s include  "SHELL=CMD" "COMPILER=arm-none-eabi-gcc" "ASSEMBLER=arm-none-eabi-as"
TRACE::2025-02-17.09:42:35::SCWBDomain:: "ARCHIVER=arm-none-eabi-ar" "COMPILER_FLAGS=  -O2 -c" "EXTRA_COMPILER_FLAGS=-mcpu=cortex-a9 -mfpu=vfpv3 -mfloat-abi=hard -nost
TRACE::2025-02-17.09:42:35::SCWBDomain::artfiles -g -Wall -Wextra -fno-tree-loop-distribute-patterns"

TRACE::2025-02-17.09:42:35::SCWBDomain::"Running Make include in ps7_cortexa9_0/libsrc/dmaps_v2_10/src"

TRACE::2025-02-17.09:42:35::SCWBDomain::make -C ps7_cortexa9_0/libsrc/dmaps_v2_10/src -s include  "SHELL=CMD" "COMPILER=arm-none-eabi-gcc" "ASSEMBLER=arm-none-eabi-as"
TRACE::2025-02-17.09:42:35::SCWBDomain:: "ARCHIVER=arm-none-eabi-ar" "COMPILER_FLAGS=  -O2 -c" "EXTRA_COMPILER_FLAGS=-mcpu=cortex-a9 -mfpu=vfpv3 -mfloat-abi=hard -nost
TRACE::2025-02-17.09:42:35::SCWBDomain::artfiles -g -Wall -Wextra -fno-tree-loop-distribute-patterns"

TRACE::2025-02-17.09:42:35::SCWBDomain::"Running Make include in ps7_cortexa9_0/libsrc/emacps_v3_20/src"

TRACE::2025-02-17.09:42:35::SCWBDomain::make -C ps7_cortexa9_0/libsrc/emacps_v3_20/src -s include  "SHELL=CMD" "COMPILER=arm-none-eabi-gcc" "ASSEMBLER=arm-none-eabi-as
TRACE::2025-02-17.09:42:35::SCWBDomain::" "ARCHIVER=arm-none-eabi-ar" "COMPILER_FLAGS=  -O2 -c" "EXTRA_COMPILER_FLAGS=-mcpu=cortex-a9 -mfpu=vfpv3 -mfloat-abi=hard -nos
TRACE::2025-02-17.09:42:35::SCWBDomain::tartfiles -g -Wall -Wextra -fno-tree-loop-distribute-patterns"

TRACE::2025-02-17.09:42:35::SCWBDomain::"Running Make include in ps7_cortexa9_0/libsrc/gpiops_v3_13/src"

TRACE::2025-02-17.09:42:35::SCWBDomain::make -C ps7_cortexa9_0/libsrc/gpiops_v3_13/src -s include  "SHELL=CMD" "COMPILER=arm-none-eabi-gcc" "ASSEMBLER=arm-none-eabi-as
TRACE::2025-02-17.09:42:35::SCWBDomain::" "ARCHIVER=arm-none-eabi-ar" "COMPILER_FLAGS=  -O2 -c" "EXTRA_COMPILER_FLAGS=-mcpu=cortex-a9 -mfpu=vfpv3 -mfloat-abi=hard -nos
TRACE::2025-02-17.09:42:35::SCWBDomain::tartfiles -g -Wall -Wextra -fno-tree-loop-distribute-patterns"

TRACE::2025-02-17.09:42:35::SCWBDomain::"Running Make include in ps7_cortexa9_0/libsrc/qspips_v3_12/src"

TRACE::2025-02-17.09:42:35::SCWBDomain::make -C ps7_cortexa9_0/libsrc/qspips_v3_12/src -s include  "SHELL=CMD" "COMPILER=arm-none-eabi-gcc" "ASSEMBLER=arm-none-eabi-as
TRACE::2025-02-17.09:42:35::SCWBDomain::" "ARCHIVER=arm-none-eabi-ar" "COMPILER_FLAGS=  -O2 -c" "EXTRA_COMPILER_FLAGS=-mcpu=cortex-a9 -mfpu=vfpv3 -mfloat-abi=hard -nos
TRACE::2025-02-17.09:42:35::SCWBDomain::tartfiles -g -Wall -Wextra -fno-tree-loop-distribute-patterns"

TRACE::2025-02-17.09:42:35::SCWBDomain::"Running Make include in ps7_cortexa9_0/libsrc/scugic_v5_3/src"

TRACE::2025-02-17.09:42:35::SCWBDomain::make -C ps7_cortexa9_0/libsrc/scugic_v5_3/src -s include  "SHELL=CMD" "COMPILER=arm-none-eabi-gcc" "ASSEMBLER=arm-none-eabi-as"
TRACE::2025-02-17.09:42:35::SCWBDomain:: "ARCHIVER=arm-none-eabi-ar" "COMPILER_FLAGS=  -O2 -c" "EXTRA_COMPILER_FLAGS=-mcpu=cortex-a9 -mfpu=vfpv3 -mfloat-abi=hard -nost
TRACE::2025-02-17.09:42:35::SCWBDomain::artfiles -g -Wall -Wextra -fno-tree-loop-distribute-patterns"

TRACE::2025-02-17.09:42:35::SCWBDomain::"Running Make include in ps7_cortexa9_0/libsrc/scutimer_v2_6/src"

TRACE::2025-02-17.09:42:35::SCWBDomain::make -C ps7_cortexa9_0/libsrc/scutimer_v2_6/src -s include  "SHELL=CMD" "COMPILER=arm-none-eabi-gcc" "ASSEMBLER=arm-none-eabi-a
TRACE::2025-02-17.09:42:35::SCWBDomain::s" "ARCHIVER=arm-none-eabi-ar" "COMPILER_FLAGS=  -O2 -c" "EXTRA_COMPILER_FLAGS=-mcpu=cortex-a9 -mfpu=vfpv3 -mfloat-abi=hard -no
TRACE::2025-02-17.09:42:35::SCWBDomain::startfiles -g -Wall -Wextra -fno-tree-loop-distribute-patterns"

TRACE::2025-02-17.09:42:35::SCWBDomain::"Running Make include in ps7_cortexa9_0/libsrc/scuwdt_v2_5/src"

TRACE::2025-02-17.09:42:35::SCWBDomain::make -C ps7_cortexa9_0/libsrc/scuwdt_v2_5/src -s include  "SHELL=CMD" "COMPILER=arm-none-eabi-gcc" "ASSEMBLER=arm-none-eabi-as"
TRACE::2025-02-17.09:42:35::SCWBDomain:: "ARCHIVER=arm-none-eabi-ar" "COMPILER_FLAGS=  -O2 -c" "EXTRA_COMPILER_FLAGS=-mcpu=cortex-a9 -mfpu=vfpv3 -mfloat-abi=hard -nost
TRACE::2025-02-17.09:42:35::SCWBDomain::artfiles -g -Wall -Wextra -fno-tree-loop-distribute-patterns"

TRACE::2025-02-17.09:42:35::SCWBDomain::"Running Make include in ps7_cortexa9_0/libsrc/sdps_v4_3/src"

TRACE::2025-02-17.09:42:35::SCWBDomain::make -C ps7_cortexa9_0/libsrc/sdps_v4_3/src -s include  "SHELL=CMD" "COMPILER=arm-none-eabi-gcc" "ASSEMBLER=arm-none-eabi-as" "
TRACE::2025-02-17.09:42:35::SCWBDomain::ARCHIVER=arm-none-eabi-ar" "COMPILER_FLAGS=  -O2 -c" "EXTRA_COMPILER_FLAGS=-mcpu=cortex-a9 -mfpu=vfpv3 -mfloat-abi=hard -nostar
TRACE::2025-02-17.09:42:35::SCWBDomain::tfiles -g -Wall -Wextra -fno-tree-loop-distribute-patterns"

TRACE::2025-02-17.09:42:35::SCWBDomain::"Running Make include in ps7_cortexa9_0/libsrc/standalone_v9_1/src"

TRACE::2025-02-17.09:42:35::SCWBDomain::make -C ps7_cortexa9_0/libsrc/standalone_v9_1/src -s include  "SHELL=CMD" "COMPILER=arm-none-eabi-gcc" "ASSEMBLER=arm-none-eabi
TRACE::2025-02-17.09:42:35::SCWBDomain::-as" "ARCHIVER=arm-none-eabi-ar" "COMPILER_FLAGS=  -O2 -c" "EXTRA_COMPILER_FLAGS=-mcpu=cortex-a9 -mfpu=vfpv3 -mfloat-abi=hard -
TRACE::2025-02-17.09:42:35::SCWBDomain::nostartfiles -g -Wall -Wextra -fno-tree-loop-distribute-patterns"

TRACE::2025-02-17.09:42:35::SCWBDomain::"Running Make include in ps7_cortexa9_0/libsrc/uartps_v3_14/src"

TRACE::2025-02-17.09:42:35::SCWBDomain::make -C ps7_cortexa9_0/libsrc/uartps_v3_14/src -s include  "SHELL=CMD" "COMPILER=arm-none-eabi-gcc" "ASSEMBLER=arm-none-eabi-as
TRACE::2025-02-17.09:42:35::SCWBDomain::" "ARCHIVER=arm-none-eabi-ar" "COMPILER_FLAGS=  -O2 -c" "EXTRA_COMPILER_FLAGS=-mcpu=cortex-a9 -mfpu=vfpv3 -mfloat-abi=hard -nos
TRACE::2025-02-17.09:42:35::SCWBDomain::tartfiles -g -Wall -Wextra -fno-tree-loop-distribute-patterns"

TRACE::2025-02-17.09:42:35::SCWBDomain::"Running Make include in ps7_cortexa9_0/libsrc/usbps_v2_9/src"

TRACE::2025-02-17.09:42:35::SCWBDomain::make -C ps7_cortexa9_0/libsrc/usbps_v2_9/src -s include  "SHELL=CMD" "COMPILER=arm-none-eabi-gcc" "ASSEMBLER=arm-none-eabi-as" 
TRACE::2025-02-17.09:42:35::SCWBDomain::"ARCHIVER=arm-none-eabi-ar" "COMPILER_FLAGS=  -O2 -c" "EXTRA_COMPILER_FLAGS=-mcpu=cortex-a9 -mfpu=vfpv3 -mfloat-abi=hard -nosta
TRACE::2025-02-17.09:42:35::SCWBDomain::rtfiles -g -Wall -Wextra -fno-tree-loop-distribute-patterns"

TRACE::2025-02-17.09:42:35::SCWBDomain::"Running Make include in ps7_cortexa9_0/libsrc/xadcps_v2_7/src"

TRACE::2025-02-17.09:42:36::SCWBDomain::make -C ps7_cortexa9_0/libsrc/xadcps_v2_7/src -s include  "SHELL=CMD" "COMPILER=arm-none-eabi-gcc" "ASSEMBLER=arm-none-eabi-as"
TRACE::2025-02-17.09:42:36::SCWBDomain:: "ARCHIVER=arm-none-eabi-ar" "COMPILER_FLAGS=  -O2 -c" "EXTRA_COMPILER_FLAGS=-mcpu=cortex-a9 -mfpu=vfpv3 -mfloat-abi=hard -nost
TRACE::2025-02-17.09:42:36::SCWBDomain::artfiles -g -Wall -Wextra -fno-tree-loop-distribute-patterns"

TRACE::2025-02-17.09:42:36::SCWBDomain::"Running Make include in ps7_cortexa9_0/libsrc/xilffs_v5_2/src"

TRACE::2025-02-17.09:42:36::SCWBDomain::make -C ps7_cortexa9_0/libsrc/xilffs_v5_2/src -s include  "SHELL=CMD" "COMPILER=arm-none-eabi-gcc" "ASSEMBLER=arm-none-eabi-as"
TRACE::2025-02-17.09:42:36::SCWBDomain:: "ARCHIVER=arm-none-eabi-ar" "COMPILER_FLAGS=  -O2 -c" "EXTRA_COMPILER_FLAGS=-mcpu=cortex-a9 -mfpu=vfpv3 -mfloat-abi=hard -nost
TRACE::2025-02-17.09:42:36::SCWBDomain::artfiles -g -Wall -Wextra -fno-tree-loop-distribute-patterns"

TRACE::2025-02-17.09:42:36::SCWBDomain::"Running Make include in ps7_cortexa9_0/libsrc/xilrsa_v1_8/src"

TRACE::2025-02-17.09:42:36::SCWBDomain::make -C ps7_cortexa9_0/libsrc/xilrsa_v1_8/src -s include  "SHELL=CMD" "COMPILER=arm-none-eabi-gcc" "ASSEMBLER=arm-none-eabi-as"
TRACE::2025-02-17.09:42:36::SCWBDomain:: "ARCHIVER=arm-none-eabi-ar" "COMPILER_FLAGS=  -O2 -c" "EXTRA_COMPILER_FLAGS=-mcpu=cortex-a9 -mfpu=vfpv3 -mfloat-abi=hard -nost
TRACE::2025-02-17.09:42:36::SCWBDomain::artfiles -g -Wall -Wextra -fno-tree-loop-distribute-patterns"

TRACE::2025-02-17.09:42:36::SCWBDomain::"Running Make libs in ps7_cortexa9_0/libsrc/coresightps_dcc_v1_10/src"

TRACE::2025-02-17.09:42:36::SCWBDomain::make -C ps7_cortexa9_0/libsrc/coresightps_dcc_v1_10/src -s libs  "SHELL=CMD" "COMPILER=arm-none-eabi-gcc" "ASSEMBLER=arm-none-e
TRACE::2025-02-17.09:42:36::SCWBDomain::abi-as" "ARCHIVER=arm-none-eabi-ar" "COMPILER_FLAGS=  -O2 -c" "EXTRA_COMPILER_FLAGS=-mcpu=cortex-a9 -mfpu=vfpv3 -mfloat-abi=har
TRACE::2025-02-17.09:42:36::SCWBDomain::d -nostartfiles -g -Wall -Wextra -fno-tree-loop-distribute-patterns"

TRACE::2025-02-17.09:42:36::SCWBDomain::"Running Make libs in ps7_cortexa9_0/libsrc/cpu_cortexa9_v2_12/src"

TRACE::2025-02-17.09:42:36::SCWBDomain::make -C ps7_cortexa9_0/libsrc/cpu_cortexa9_v2_12/src -s libs  "SHELL=CMD" "COMPILER=arm-none-eabi-gcc" "ASSEMBLER=arm-none-eabi
TRACE::2025-02-17.09:42:36::SCWBDomain::-as" "ARCHIVER=arm-none-eabi-ar" "COMPILER_FLAGS=  -O2 -c" "EXTRA_COMPILER_FLAGS=-mcpu=cortex-a9 -mfpu=vfpv3 -mfloat-abi=hard -
TRACE::2025-02-17.09:42:36::SCWBDomain::nostartfiles -g -Wall -Wextra -fno-tree-loop-distribute-patterns"

TRACE::2025-02-17.09:42:36::SCWBDomain::"Running Make libs in ps7_cortexa9_0/libsrc/ddrps_v1_2/src"

TRACE::2025-02-17.09:42:36::SCWBDomain::make -C ps7_cortexa9_0/libsrc/ddrps_v1_2/src -s libs  "SHELL=CMD" "COMPILER=arm-none-eabi-gcc" "ASSEMBLER=arm-none-eabi-as" "AR
TRACE::2025-02-17.09:42:36::SCWBDomain::CHIVER=arm-none-eabi-ar" "COMPILER_FLAGS=  -O2 -c" "EXTRA_COMPILER_FLAGS=-mcpu=cortex-a9 -mfpu=vfpv3 -mfloat-abi=hard -nostartf
TRACE::2025-02-17.09:42:36::SCWBDomain::iles -g -Wall -Wextra -fno-tree-loop-distribute-patterns"

TRACE::2025-02-17.09:42:36::SCWBDomain::"Running Make libs in ps7_cortexa9_0/libsrc/devcfg_v3_8/src"

TRACE::2025-02-17.09:42:36::SCWBDomain::make -C ps7_cortexa9_0/libsrc/devcfg_v3_8/src -s libs  "SHELL=CMD" "COMPILER=arm-none-eabi-gcc" "ASSEMBLER=arm-none-eabi-as" "A
TRACE::2025-02-17.09:42:36::SCWBDomain::RCHIVER=arm-none-eabi-ar" "COMPILER_FLAGS=  -O2 -c" "EXTRA_COMPILER_FLAGS=-mcpu=cortex-a9 -mfpu=vfpv3 -mfloat-abi=hard -nostart
TRACE::2025-02-17.09:42:36::SCWBDomain::files -g -Wall -Wextra -fno-tree-loop-distribute-patterns"

TRACE::2025-02-17.09:42:36::SCWBDomain::"Running Make libs in ps7_cortexa9_0/libsrc/dmaps_v2_10/src"

TRACE::2025-02-17.09:42:36::SCWBDomain::make -C ps7_cortexa9_0/libsrc/dmaps_v2_10/src -s libs  "SHELL=CMD" "COMPILER=arm-none-eabi-gcc" "ASSEMBLER=arm-none-eabi-as" "A
TRACE::2025-02-17.09:42:36::SCWBDomain::RCHIVER=arm-none-eabi-ar" "COMPILER_FLAGS=  -O2 -c" "EXTRA_COMPILER_FLAGS=-mcpu=cortex-a9 -mfpu=vfpv3 -mfloat-abi=hard -nostart
TRACE::2025-02-17.09:42:36::SCWBDomain::files -g -Wall -Wextra -fno-tree-loop-distribute-patterns"

TRACE::2025-02-17.09:42:36::SCWBDomain::"Running Make libs in ps7_cortexa9_0/libsrc/emacps_v3_20/src"

TRACE::2025-02-17.09:42:36::SCWBDomain::make -C ps7_cortexa9_0/libsrc/emacps_v3_20/src -s libs  "SHELL=CMD" "COMPILER=arm-none-eabi-gcc" "ASSEMBLER=arm-none-eabi-as" "
TRACE::2025-02-17.09:42:36::SCWBDomain::ARCHIVER=arm-none-eabi-ar" "COMPILER_FLAGS=  -O2 -c" "EXTRA_COMPILER_FLAGS=-mcpu=cortex-a9 -mfpu=vfpv3 -mfloat-abi=hard -nostar
TRACE::2025-02-17.09:42:36::SCWBDomain::tfiles -g -Wall -Wextra -fno-tree-loop-distribute-patterns"

TRACE::2025-02-17.09:42:36::SCWBDomain::"Running Make libs in ps7_cortexa9_0/libsrc/gpiops_v3_13/src"

TRACE::2025-02-17.09:42:36::SCWBDomain::make -C ps7_cortexa9_0/libsrc/gpiops_v3_13/src -s libs  "SHELL=CMD" "COMPILER=arm-none-eabi-gcc" "ASSEMBLER=arm-none-eabi-as" "
TRACE::2025-02-17.09:42:36::SCWBDomain::ARCHIVER=arm-none-eabi-ar" "COMPILER_FLAGS=  -O2 -c" "EXTRA_COMPILER_FLAGS=-mcpu=cortex-a9 -mfpu=vfpv3 -mfloat-abi=hard -nostar
TRACE::2025-02-17.09:42:36::SCWBDomain::tfiles -g -Wall -Wextra -fno-tree-loop-distribute-patterns"

TRACE::2025-02-17.09:42:37::SCWBDomain::"Running Make libs in ps7_cortexa9_0/libsrc/qspips_v3_12/src"

TRACE::2025-02-17.09:42:37::SCWBDomain::make -C ps7_cortexa9_0/libsrc/qspips_v3_12/src -s libs  "SHELL=CMD" "COMPILER=arm-none-eabi-gcc" "ASSEMBLER=arm-none-eabi-as" "
TRACE::2025-02-17.09:42:37::SCWBDomain::ARCHIVER=arm-none-eabi-ar" "COMPILER_FLAGS=  -O2 -c" "EXTRA_COMPILER_FLAGS=-mcpu=cortex-a9 -mfpu=vfpv3 -mfloat-abi=hard -nostar
TRACE::2025-02-17.09:42:37::SCWBDomain::tfiles -g -Wall -Wextra -fno-tree-loop-distribute-patterns"

TRACE::2025-02-17.09:42:37::SCWBDomain::"Running Make libs in ps7_cortexa9_0/libsrc/scugic_v5_3/src"

TRACE::2025-02-17.09:42:37::SCWBDomain::make -C ps7_cortexa9_0/libsrc/scugic_v5_3/src -s libs  "SHELL=CMD" "COMPILER=arm-none-eabi-gcc" "ASSEMBLER=arm-none-eabi-as" "A
TRACE::2025-02-17.09:42:37::SCWBDomain::RCHIVER=arm-none-eabi-ar" "COMPILER_FLAGS=  -O2 -c" "EXTRA_COMPILER_FLAGS=-mcpu=cortex-a9 -mfpu=vfpv3 -mfloat-abi=hard -nostart
TRACE::2025-02-17.09:42:37::SCWBDomain::files -g -Wall -Wextra -fno-tree-loop-distribute-patterns"

TRACE::2025-02-17.09:42:38::SCWBDomain::"Running Make libs in ps7_cortexa9_0/libsrc/scutimer_v2_6/src"

TRACE::2025-02-17.09:42:38::SCWBDomain::make -C ps7_cortexa9_0/libsrc/scutimer_v2_6/src -s libs  "SHELL=CMD" "COMPILER=arm-none-eabi-gcc" "ASSEMBLER=arm-none-eabi-as" 
TRACE::2025-02-17.09:42:38::SCWBDomain::"ARCHIVER=arm-none-eabi-ar" "COMPILER_FLAGS=  -O2 -c" "EXTRA_COMPILER_FLAGS=-mcpu=cortex-a9 -mfpu=vfpv3 -mfloat-abi=hard -nosta
TRACE::2025-02-17.09:42:38::SCWBDomain::rtfiles -g -Wall -Wextra -fno-tree-loop-distribute-patterns"

TRACE::2025-02-17.09:42:39::SCWBDomain::"Running Make libs in ps7_cortexa9_0/libsrc/scuwdt_v2_5/src"

TRACE::2025-02-17.09:42:39::SCWBDomain::make -C ps7_cortexa9_0/libsrc/scuwdt_v2_5/src -s libs  "SHELL=CMD" "COMPILER=arm-none-eabi-gcc" "ASSEMBLER=arm-none-eabi-as" "A
TRACE::2025-02-17.09:42:39::SCWBDomain::RCHIVER=arm-none-eabi-ar" "COMPILER_FLAGS=  -O2 -c" "EXTRA_COMPILER_FLAGS=-mcpu=cortex-a9 -mfpu=vfpv3 -mfloat-abi=hard -nostart
TRACE::2025-02-17.09:42:39::SCWBDomain::files -g -Wall -Wextra -fno-tree-loop-distribute-patterns"

TRACE::2025-02-17.09:42:39::SCWBDomain::"Running Make libs in ps7_cortexa9_0/libsrc/sdps_v4_3/src"

TRACE::2025-02-17.09:42:39::SCWBDomain::make -C ps7_cortexa9_0/libsrc/sdps_v4_3/src -s libs  "SHELL=CMD" "COMPILER=arm-none-eabi-gcc" "ASSEMBLER=arm-none-eabi-as" "ARC
TRACE::2025-02-17.09:42:39::SCWBDomain::HIVER=arm-none-eabi-ar" "COMPILER_FLAGS=  -O2 -c" "EXTRA_COMPILER_FLAGS=-mcpu=cortex-a9 -mfpu=vfpv3 -mfloat-abi=hard -nostartfi
TRACE::2025-02-17.09:42:39::SCWBDomain::les -g -Wall -Wextra -fno-tree-loop-distribute-patterns"

TRACE::2025-02-17.09:42:39::SCWBDomain::"Running Make libs in ps7_cortexa9_0/libsrc/standalone_v9_1/src"

TRACE::2025-02-17.09:42:39::SCWBDomain::make -C ps7_cortexa9_0/libsrc/standalone_v9_1/src -s libs  "SHELL=CMD" "COMPILER=arm-none-eabi-gcc" "ASSEMBLER=arm-none-eabi-as
TRACE::2025-02-17.09:42:39::SCWBDomain::" "ARCHIVER=arm-none-eabi-ar" "COMPILER_FLAGS=  -O2 -c" "EXTRA_COMPILER_FLAGS=-mcpu=cortex-a9 -mfpu=vfpv3 -mfloat-abi=hard -nos
TRACE::2025-02-17.09:42:39::SCWBDomain::tartfiles -g -Wall -Wextra -fno-tree-loop-distribute-patterns"

TRACE::2025-02-17.09:42:40::SCWBDomain::"Running Make libs in ps7_cortexa9_0/libsrc/uartps_v3_14/src"

TRACE::2025-02-17.09:42:40::SCWBDomain::make -C ps7_cortexa9_0/libsrc/uartps_v3_14/src -s libs  "SHELL=CMD" "COMPILER=arm-none-eabi-gcc" "ASSEMBLER=arm-none-eabi-as" "
TRACE::2025-02-17.09:42:40::SCWBDomain::ARCHIVER=arm-none-eabi-ar" "COMPILER_FLAGS=  -O2 -c" "EXTRA_COMPILER_FLAGS=-mcpu=cortex-a9 -mfpu=vfpv3 -mfloat-abi=hard -nostar
TRACE::2025-02-17.09:42:40::SCWBDomain::tfiles -g -Wall -Wextra -fno-tree-loop-distribute-patterns"

TRACE::2025-02-17.09:42:40::SCWBDomain::"Running Make libs in ps7_cortexa9_0/libsrc/usbps_v2_9/src"

TRACE::2025-02-17.09:42:40::SCWBDomain::make -C ps7_cortexa9_0/libsrc/usbps_v2_9/src -s libs  "SHELL=CMD" "COMPILER=arm-none-eabi-gcc" "ASSEMBLER=arm-none-eabi-as" "AR
TRACE::2025-02-17.09:42:40::SCWBDomain::CHIVER=arm-none-eabi-ar" "COMPILER_FLAGS=  -O2 -c" "EXTRA_COMPILER_FLAGS=-mcpu=cortex-a9 -mfpu=vfpv3 -mfloat-abi=hard -nostartf
TRACE::2025-02-17.09:42:40::SCWBDomain::iles -g -Wall -Wextra -fno-tree-loop-distribute-patterns"

TRACE::2025-02-17.09:42:40::SCWBDomain::"Running Make libs in ps7_cortexa9_0/libsrc/xadcps_v2_7/src"

TRACE::2025-02-17.09:42:40::SCWBDomain::make -C ps7_cortexa9_0/libsrc/xadcps_v2_7/src -s libs  "SHELL=CMD" "COMPILER=arm-none-eabi-gcc" "ASSEMBLER=arm-none-eabi-as" "A
TRACE::2025-02-17.09:42:40::SCWBDomain::RCHIVER=arm-none-eabi-ar" "COMPILER_FLAGS=  -O2 -c" "EXTRA_COMPILER_FLAGS=-mcpu=cortex-a9 -mfpu=vfpv3 -mfloat-abi=hard -nostart
TRACE::2025-02-17.09:42:40::SCWBDomain::files -g -Wall -Wextra -fno-tree-loop-distribute-patterns"

TRACE::2025-02-17.09:42:41::SCWBDomain::"Running Make libs in ps7_cortexa9_0/libsrc/xilffs_v5_2/src"

TRACE::2025-02-17.09:42:41::SCWBDomain::make -C ps7_cortexa9_0/libsrc/xilffs_v5_2/src -s libs  "SHELL=CMD" "COMPILER=arm-none-eabi-gcc" "ASSEMBLER=arm-none-eabi-as" "A
TRACE::2025-02-17.09:42:41::SCWBDomain::RCHIVER=arm-none-eabi-ar" "COMPILER_FLAGS=  -O2 -c" "EXTRA_COMPILER_FLAGS=-mcpu=cortex-a9 -mfpu=vfpv3 -mfloat-abi=hard -nostart
TRACE::2025-02-17.09:42:41::SCWBDomain::files -g -Wall -Wextra -fno-tree-loop-distribute-patterns"

TRACE::2025-02-17.09:42:45::SCWBDomain::'Finished building libraries parallelly.'

TRACE::2025-02-17.09:42:45::SCWBDomain::make --no-print-directory archive

TRACE::2025-02-17.09:42:46::SCWBDomain::arm-none-eabi-ar -r  ps7_cortexa9_0/lib/libxil.a ps7_cortexa9_0/lib/_exit.o ps7_cortexa9_0/lib/_open.o ps7_cortexa9_0/lib/_sbrk
TRACE::2025-02-17.09:42:46::SCWBDomain::.o ps7_cortexa9_0/lib/abort.o ps7_cortexa9_0/lib/asm_vectors.o ps7_cortexa9_0/lib/boot.o ps7_cortexa9_0/lib/close.o ps7_cortexa
TRACE::2025-02-17.09:42:46::SCWBDomain::9_0/lib/cpputest_time.o ps7_cortexa9_0/lib/cpu_init.o ps7_cortexa9_0/lib/errno.o ps7_cortexa9_0/lib/fcntl.o ps7_cortexa9_0/lib/
TRACE::2025-02-17.09:42:46::SCWBDomain::fstat.o ps7_cortexa9_0/lib/getentropy.o ps7_cortexa9_0/lib/getpid.o ps7_cortexa9_0/lib/inbyte.o ps7_cortexa9_0/lib/isatty.o ps7
TRACE::2025-02-17.09:42:46::SCWBDomain::_cortexa9_0/lib/kill.o ps7_cortexa9_0/lib/lseek.o ps7_cortexa9_0/lib/open.o ps7_cortexa9_0/lib/outbyte.o ps7_cortexa9_0/lib/pri
TRACE::2025-02-17.09:42:46::SCWBDomain::nt.o ps7_cortexa9_0/lib/putnum.o ps7_cortexa9_0/lib/read.o ps7_cortexa9_0/lib/sbrk.o ps7_cortexa9_0/lib/sleep.o ps7_cortexa9_0/
TRACE::2025-02-17.09:42:46::SCWBDomain::lib/time.o ps7_cortexa9_0/lib/translation_table.o ps7_cortexa9_0/lib/unlink.o ps7_cortexa9_0/lib/usleep.o ps7_cortexa9_0/lib/ve
TRACE::2025-02-17.09:42:46::SCWBDomain::ctors.o ps7_cortexa9_0/lib/write.o ps7_cortexa9_0/lib/xadcps.o ps7_cortexa9_0/lib/xadcps_g.o ps7_cortexa9_0/lib/xadcps_intr.o p
TRACE::2025-02-17.09:42:46::SCWBDomain::s7_cortexa9_0/lib/xadcps_selftest.o ps7_cortexa9_0/lib/xadcps_sinit.o ps7_cortexa9_0/lib/xcoresightpsdcc.o ps7_cortexa9_0/lib/x
TRACE::2025-02-17.09:42:46::SCWBDomain::devcfg.o ps7_cortexa9_0/lib/xdevcfg_g.o ps7_cortexa9_0/lib/xdevcfg_hw.o ps7_cortexa9_0/lib/xdevcfg_intr.o ps7_cortexa9_0/lib/xd
TRACE::2025-02-17.09:42:46::SCWBDomain::evcfg_selftest.o ps7_cortexa9_0/lib/xdevcfg_sinit.o ps7_cortexa9_0/lib/xdmaps.o ps7_cortexa9_0/lib/xdmaps_g.o ps7_cortexa9_0/li
TRACE::2025-02-17.09:42:46::SCWBDomain::b/xdmaps_hw.o ps7_cortexa9_0/lib/xdmaps_selftest.o ps7_cortexa9_0/lib/xdmaps_sinit.o ps7_cortexa9_0/lib/xemacps.o ps7_cortexa9_
TRACE::2025-02-17.09:42:46::SCWBDomain::0/lib/xemacps_bdring.o ps7_cortexa9_0/lib/xemacps_control.o ps7_cortexa9_0/lib/xemacps_g.o ps7_cortexa9_0/lib/xemacps_hw.o ps7_
TRACE::2025-02-17.09:42:46::SCWBDomain::cortexa9_0/lib/xemacps_intr.o ps7_cortexa9_0/lib/xemacps_sinit.o ps7_cortexa9_0/lib/xgpiops.o ps7_cortexa9_0/lib/xgpiops_g.o ps
TRACE::2025-02-17.09:42:46::SCWBDomain::7_cortexa9_0/lib/xgpiops_hw.o ps7_cortexa9_0/lib/xgpiops_intr.o ps7_cortexa9_0/lib/xgpiops_selftest.o ps7_cortexa9_0/lib/xgpiop
TRACE::2025-02-17.09:42:46::SCWBDomain::s_sinit.o ps7_cortexa9_0/lib/xil-crt0.o ps7_cortexa9_0/lib/xil_assert.o ps7_cortexa9_0/lib/xil_cache.o ps7_cortexa9_0/lib/xil_c
TRACE::2025-02-17.09:42:46::SCWBDomain::locking.o ps7_cortexa9_0/lib/xil_exception.o ps7_cortexa9_0/lib/xil_mem.o ps7_cortexa9_0/lib/xil_misc_psreset_api.o ps7_cortexa
TRACE::2025-02-17.09:42:46::SCWBDomain::9_0/lib/xil_mmu.o ps7_cortexa9_0/lib/xil_printf.o ps7_cortexa9_0/lib/xil_sleepcommon.o ps7_cortexa9_0/lib/xil_sleeptimer.o ps7_
TRACE::2025-02-17.09:42:46::SCWBDomain::cortexa9_0/lib/xil_spinlock.o ps7_cortexa9_0/lib/xil_testcache.o ps7_cortexa9_0/lib/xil_testio.o ps7_cortexa9_0/lib/xil_testmem
TRACE::2025-02-17.09:42:46::SCWBDomain::.o ps7_cortexa9_0/lib/xil_util.o ps7_cortexa9_0/lib/xinterrupt_wrap.o ps7_cortexa9_0/lib/xl2cc_counter.o ps7_cortexa9_0/lib/xpl
TRACE::2025-02-17.09:42:46::SCWBDomain::atform_info.o ps7_cortexa9_0/lib/xpm_counter.o ps7_cortexa9_0/lib/xpm_init.o ps7_cortexa9_0/lib/xqspips.o ps7_cortexa9_0/lib/xq
TRACE::2025-02-17.09:42:46::SCWBDomain::spips_g.o ps7_cortexa9_0/lib/xqspips_hw.o ps7_cortexa9_0/lib/xqspips_options.o ps7_cortexa9_0/lib/xqspips_selftest.o ps7_cortex
TRACE::2025-02-17.09:42:46::SCWBDomain::a9_0/lib/xqspips_sinit.o ps7_cortexa9_0/lib/xscugic.o ps7_cortexa9_0/lib/xscugic_g.o ps7_cortexa9_0/lib/xscugic_hw.o ps7_cortex
TRACE::2025-02-17.09:42:46::SCWBDomain::a9_0/lib/xscugic_intr.o ps7_cortexa9_0/lib/xscugic_selftest.o ps7_cortexa9_0/lib/xscugic_sinit.o ps7_cortexa9_0/lib/xscutimer.o
TRACE::2025-02-17.09:42:46::SCWBDomain:: ps7_cortexa9_0/lib/xscutimer_g.o ps7_cortexa9_0/lib/xscutimer_selftest.o ps7_cortexa9_0/lib/xscutimer_sinit.o ps7_cortexa9_0/l
TRACE::2025-02-17.09:42:46::SCWBDomain::ib/xscuwdt.o ps7_cortexa9_0/lib/xscuwdt_g.o ps7_cortexa9_0/lib/xscuwdt_selftest.o ps7_cortexa9_0/lib/xscuwdt_sinit.o ps7_cortex
TRACE::2025-02-17.09:42:46::SCWBDomain::a9_0/lib/xsdps.o ps7_cortexa9_0/lib/xsdps_card.o ps7_cortexa9_0/lib/xsdps_g.o ps7_cortexa9_0/lib/xsdps_host.o ps7_cortexa9_0/li
TRACE::2025-02-17.09:42:46::SCWBDomain::b/xsdps_options.o ps7_cortexa9_0/lib/xsdps_sinit.o ps7_cortexa9_0/lib/xtime_l.o ps7_cortexa9_0/lib/xuartps.o ps7_cortexa9_0/lib
TRACE::2025-02-17.09:42:46::SCWBDomain::/xuartps_g.o ps7_cortexa9_0/lib/xuartps_hw.o ps7_cortexa9_0/lib/xuartps_intr.o ps7_cortexa9_0/lib/xuartps_options.o ps7_cortexa
TRACE::2025-02-17.09:42:46::SCWBDomain::9_0/lib/xuartps_selftest.o ps7_cortexa9_0/lib/xuartps_sinit.o ps7_cortexa9_0/lib/xusbps.o ps7_cortexa9_0/lib/xusbps_endpoint.o 
TRACE::2025-02-17.09:42:46::SCWBDomain::ps7_cortexa9_0/lib/xusbps_g.o ps7_cortexa9_0/lib/xusbps_hw.o ps7_cortexa9_0/lib/xusbps_intr.o ps7_cortexa9_0/lib/xusbps_sinit.o
TRACE::2025-02-17.09:42:46::SCWBDomain::

TRACE::2025-02-17.09:42:46::SCWBDomain::'Finished building libraries'

TRACE::2025-02-17.09:42:46::SCWBDomain::make: Leaving directory 'C:/devWorks/devWorks2/HWSOC/Vitis/HWSOC/zynq_fsbl/zynq_fsbl_bsp'

TRACE::2025-02-17.09:42:46::SCWBDomain::arm-none-eabi-gcc  -O2 -c -MMD -MP       -mcpu=cortex-a9 -mfpu=vfpv3 -mfloat-abi=hard  -c sd.c -o sd.o -Izynq_fsbl_bsp/ps7_cort
TRACE::2025-02-17.09:42:46::SCWBDomain::exa9_0/include -I.

TRACE::2025-02-17.09:42:46::SCWBDomain::arm-none-eabi-gcc  -O2 -c -MMD -MP       -mcpu=cortex-a9 -mfpu=vfpv3 -mfloat-abi=hard  -c nand.c -o nand.o -Izynq_fsbl_bsp/ps7_
TRACE::2025-02-17.09:42:46::SCWBDomain::cortexa9_0/include -I.

TRACE::2025-02-17.09:42:46::SCWBDomain::arm-none-eabi-gcc  -O2 -c -MMD -MP       -mcpu=cortex-a9 -mfpu=vfpv3 -mfloat-abi=hard  -c nor.c -o nor.o -Izynq_fsbl_bsp/ps7_co
TRACE::2025-02-17.09:42:46::SCWBDomain::rtexa9_0/include -I.

TRACE::2025-02-17.09:42:46::SCWBDomain::arm-none-eabi-gcc  -O2 -c -MMD -MP       -mcpu=cortex-a9 -mfpu=vfpv3 -mfloat-abi=hard  -c image_mover.c -o image_mover.o -Izynq
TRACE::2025-02-17.09:42:46::SCWBDomain::_fsbl_bsp/ps7_cortexa9_0/include -I.

TRACE::2025-02-17.09:42:47::SCWBDomain::arm-none-eabi-gcc  -O2 -c -MMD -MP       -mcpu=cortex-a9 -mfpu=vfpv3 -mfloat-abi=hard  -c md5.c -o md5.o -Izynq_fsbl_bsp/ps7_co
TRACE::2025-02-17.09:42:47::SCWBDomain::rtexa9_0/include -I.

TRACE::2025-02-17.09:42:47::SCWBDomain::arm-none-eabi-gcc  -O2 -c -MMD -MP       -mcpu=cortex-a9 -mfpu=vfpv3 -mfloat-abi=hard  -c fsbl_hooks.c -o fsbl_hooks.o -Izynq_f
TRACE::2025-02-17.09:42:47::SCWBDomain::sbl_bsp/ps7_cortexa9_0/include -I.

TRACE::2025-02-17.09:42:47::SCWBDomain::arm-none-eabi-gcc  -O2 -c -MMD -MP       -mcpu=cortex-a9 -mfpu=vfpv3 -mfloat-abi=hard  -c main.c -o main.o -Izynq_fsbl_bsp/ps7_
TRACE::2025-02-17.09:42:47::SCWBDomain::cortexa9_0/include -I.

TRACE::2025-02-17.09:42:47::SCWBDomain::arm-none-eabi-gcc  -O2 -c -MMD -MP       -mcpu=cortex-a9 -mfpu=vfpv3 -mfloat-abi=hard  -c rsa.c -o rsa.o -Izynq_fsbl_bsp/ps7_co
TRACE::2025-02-17.09:42:47::SCWBDomain::rtexa9_0/include -I.

TRACE::2025-02-17.09:42:47::SCWBDomain::arm-none-eabi-gcc  -O2 -c -MMD -MP       -mcpu=cortex-a9 -mfpu=vfpv3 -mfloat-abi=hard  -c qspi.c -o qspi.o -Izynq_fsbl_bsp/ps7_
TRACE::2025-02-17.09:42:47::SCWBDomain::cortexa9_0/include -I.

TRACE::2025-02-17.09:42:47::SCWBDomain::arm-none-eabi-gcc  -O2 -c -MMD -MP       -mcpu=cortex-a9 -mfpu=vfpv3 -mfloat-abi=hard  -c ps7_init.c -o ps7_init.o -Izynq_fsbl_
TRACE::2025-02-17.09:42:47::SCWBDomain::bsp/ps7_cortexa9_0/include -I.

TRACE::2025-02-17.09:42:48::SCWBDomain::arm-none-eabi-gcc  -O2 -c -MMD -MP       -mcpu=cortex-a9 -mfpu=vfpv3 -mfloat-abi=hard  -c pcap.c -o pcap.o -Izynq_fsbl_bsp/ps7_
TRACE::2025-02-17.09:42:48::SCWBDomain::cortexa9_0/include -I.

TRACE::2025-02-17.09:42:48::SCWBDomain::arm-none-eabi-gcc  -O2 -c -MMD -MP       -mcpu=cortex-a9 -mfpu=vfpv3 -mfloat-abi=hard  -c fsbl_handoff.S -o fsbl_handoff.o -Izy
TRACE::2025-02-17.09:42:48::SCWBDomain::nq_fsbl_bsp/ps7_cortexa9_0/include -I.

TRACE::2025-02-17.09:42:48::SCWBDomain::arm-none-eabi-gcc -o fsbl.elf fsbl_handoff.o fsbl_hooks.o image_mover.o main.o md5.o nand.o nor.o pcap.o ps7_init.o qspi.o rsa.
TRACE::2025-02-17.09:42:48::SCWBDomain::o sd.o -MMD -MP       -mcpu=cortex-a9 -mfpu=vfpv3 -mfloat-abi=hard   -mcpu=cortex-a9 -mfpu=vfpv3 -mfloat-abi=hard -Wl,-build-id
TRACE::2025-02-17.09:42:48::SCWBDomain::=none -specs=Xilinx.spec  -lrsa -Wl,--start-group,-lxil,-lgcc,-lc,--end-group -Wl,--start-group,-lxilffs,-lxil,-lgcc,-lc,--end-
TRACE::2025-02-17.09:42:48::SCWBDomain::group -Wl,--start-group,-lrsa,-lxil,-lgcc,-lc,--end-group                                   -Wl,--gc-sections -Lzynq_fsbl_bsp/p
TRACE::2025-02-17.09:42:48::SCWBDomain::s7_cortexa9_0/lib -L./ -Tlscript.ld

LOG::2025-02-17.09:42:48::SCWSystem::Checking the domain standalone_ps7_cortexa9_0
LOG::2025-02-17.09:42:48::SCWSystem::Not a boot domain 
LOG::2025-02-17.09:42:48::SCWSystem::Started Processing the domain standalone_ps7_cortexa9_0
TRACE::2025-02-17.09:42:48::SCWDomain::Generating domain artifcats
TRACE::2025-02-17.09:42:48::SCWMssOS::Generating standalone artifcats
TRACE::2025-02-17.09:42:48::SCWMssOS::Copying the qemu file from  C:/devWorks/devWorks2/HWSOC/Vitis/HWSOC/resources/HWSOC/standalone_ps7_cortexa9_0/qemu_args.txt To C:/devWorks/devWorks2/HWSOC/Vitis/HWSOC/export/HWSOC/sw/HWSOC/qemu/
TRACE::2025-02-17.09:42:48::SCWMssOS::Copying the qemu file from  C:/devWorks/devWorks2/HWSOC/Vitis/HWSOC/resources/HWSOC/standalone_ps7_cortexa9_0/qemu_args.txt To C:/devWorks/devWorks2/HWSOC/Vitis/HWSOC/export/HWSOC/sw/HWSOC/standalone_ps7_cortexa9_0/qemu/
TRACE::2025-02-17.09:42:48::SCWMssOS:: Copying the user libraries. 
TRACE::2025-02-17.09:42:48::SCWPlatform::Trying to open the hw design at C:/devWorks/devWorks2/HWSOC/Vitis/HWSOC/hw/HWSOC.xsa
TRACE::2025-02-17.09:42:48::SCWPlatform::DSA given C:/devWorks/devWorks2/HWSOC/Vitis/HWSOC/hw/HWSOC.xsa
TRACE::2025-02-17.09:42:48::SCWPlatform::DSA absoulate path C:/devWorks/devWorks2/HWSOC/Vitis/HWSOC/hw/HWSOC.xsa
TRACE::2025-02-17.09:42:48::SCWPlatform::DSA directory C:/devWorks/devWorks2/HWSOC/Vitis/HWSOC/hw
TRACE::2025-02-17.09:42:48::SCWPlatform:: Platform Path C:/devWorks/devWorks2/HWSOC/Vitis/HWSOC/hw/HWSOC.xsa
TRACE::2025-02-17.09:42:48::SCWPlatform:: Unique name xilinx:pynq-z2::0.0
TRACE::2025-02-17.09:42:48::SCWPlatform::Trying to set the existing hwdb with name design_1_wrapper_0
TRACE::2025-02-17.09:42:48::SCWPlatform::Opened existing hwdb design_1_wrapper_0
TRACE::2025-02-17.09:42:48::SCWPlatform::Found the Hw Db part of the input DSA
TRACE::2025-02-17.09:42:48::SCWMssOS::Checking the sw design at  C:/devWorks/devWorks2/HWSOC/Vitis/HWSOC/ps7_cortexa9_0/standalone_ps7_cortexa9_0/bsp/system.mss
TRACE::2025-02-17.09:42:48::SCWMssOS::DEBUG:  swdes dump  C:/devWorks/devWorks2/HWSOC/Vitis/HWSOC/ps7_cortexa9_0/standalone_ps7_cortexa9_0/bsp/system.mss|system_0||
C:/devWorks/devWorks2/HWSOC/Vitis/HWSOC/zynq_fsbl/zynq_fsbl_bsp/system.mss|system||

TRACE::2025-02-17.09:42:48::SCWMssOS::Sw design exists and opened at  C:/devWorks/devWorks2/HWSOC/Vitis/HWSOC/ps7_cortexa9_0/standalone_ps7_cortexa9_0/bsp/system.mss
TRACE::2025-02-17.09:42:48::SCWMssOS::Completed writing the mss file at C:/devWorks/devWorks2/HWSOC/Vitis/HWSOC/ps7_cortexa9_0/standalone_ps7_cortexa9_0/bsp
TRACE::2025-02-17.09:42:48::SCWMssOS::Mss edits present, copying mssfile into export location C:/devWorks/devWorks2/HWSOC/Vitis/HWSOC/ps7_cortexa9_0/standalone_ps7_cortexa9_0/bsp/system.mss
TRACE::2025-02-17.09:42:48::SCWMssOS::bsp generated is upto date with the mss file. Skipping bsp generation.
TRACE::2025-02-17.09:42:48::SCWMssOS::BSP is already built. skipping the bsp build ... 
TRACE::2025-02-17.09:42:48::SCWDomain::Building the domain as part of full build :  standalone_ps7_cortexa9_0
TRACE::2025-02-17.09:42:48::SCWMssOS::doing bsp build ... 
TRACE::2025-02-17.09:42:48::SCWMssOS::System Command Ran  C: & cd  C:/devWorks/devWorks2/HWSOC/Vitis/HWSOC/ps7_cortexa9_0/standalone_ps7_cortexa9_0/bsp & make 
TRACE::2025-02-17.09:42:48::SCWMssOS::make --no-print-directory seq_libs

TRACE::2025-02-17.09:42:48::SCWMssOS::'Finished building libraries sequentially.'

TRACE::2025-02-17.09:42:48::SCWMssOS::make -j 6 --no-print-directory par_libs

TRACE::2025-02-17.09:42:48::SCWMssOS::"Running Make include in ps7_cortexa9_0/libsrc/coresightps_dcc_v1_10/src"

TRACE::2025-02-17.09:42:48::SCWMssOS::make -C ps7_cortexa9_0/libsrc/coresightps_dcc_v1_10/src -s include  "SHELL=CMD" "COMPILER=arm-none-eabi-gcc" "ASSEMBLER=arm-non
TRACE::2025-02-17.09:42:48::SCWMssOS::e-eabi-as" "ARCHIVER=arm-none-eabi-ar" "COMPILER_FLAGS=  -O2 -c" "EXTRA_COMPILER_FLAGS=-mcpu=cortex-a9 -mfpu=vfpv3 -mfloat-abi=
TRACE::2025-02-17.09:42:48::SCWMssOS::hard -nostartfiles -g -Wall -Wextra -fno-tree-loop-distribute-patterns"

TRACE::2025-02-17.09:42:48::SCWMssOS::"Running Make include in ps7_cortexa9_0/libsrc/cpu_cortexa9_v2_12/src"

TRACE::2025-02-17.09:42:48::SCWMssOS::make -C ps7_cortexa9_0/libsrc/cpu_cortexa9_v2_12/src -s include  "SHELL=CMD" "COMPILER=arm-none-eabi-gcc" "ASSEMBLER=arm-none-e
TRACE::2025-02-17.09:42:48::SCWMssOS::abi-as" "ARCHIVER=arm-none-eabi-ar" "COMPILER_FLAGS=  -O2 -c" "EXTRA_COMPILER_FLAGS=-mcpu=cortex-a9 -mfpu=vfpv3 -mfloat-abi=har
TRACE::2025-02-17.09:42:48::SCWMssOS::d -nostartfiles -g -Wall -Wextra -fno-tree-loop-distribute-patterns"

TRACE::2025-02-17.09:42:48::SCWMssOS::"Running Make include in ps7_cortexa9_0/libsrc/ddrps_v1_2/src"

TRACE::2025-02-17.09:42:48::SCWMssOS::make -C ps7_cortexa9_0/libsrc/ddrps_v1_2/src -s include  "SHELL=CMD" "COMPILER=arm-none-eabi-gcc" "ASSEMBLER=arm-none-eabi-as" 
TRACE::2025-02-17.09:42:48::SCWMssOS::"ARCHIVER=arm-none-eabi-ar" "COMPILER_FLAGS=  -O2 -c" "EXTRA_COMPILER_FLAGS=-mcpu=cortex-a9 -mfpu=vfpv3 -mfloat-abi=hard -nosta
TRACE::2025-02-17.09:42:48::SCWMssOS::rtfiles -g -Wall -Wextra -fno-tree-loop-distribute-patterns"

TRACE::2025-02-17.09:42:48::SCWMssOS::"Running Make include in ps7_cortexa9_0/libsrc/devcfg_v3_8/src"

TRACE::2025-02-17.09:42:48::SCWMssOS::make -C ps7_cortexa9_0/libsrc/devcfg_v3_8/src -s include  "SHELL=CMD" "COMPILER=arm-none-eabi-gcc" "ASSEMBLER=arm-none-eabi-as"
TRACE::2025-02-17.09:42:48::SCWMssOS:: "ARCHIVER=arm-none-eabi-ar" "COMPILER_FLAGS=  -O2 -c" "EXTRA_COMPILER_FLAGS=-mcpu=cortex-a9 -mfpu=vfpv3 -mfloat-abi=hard -nost
TRACE::2025-02-17.09:42:48::SCWMssOS::artfiles -g -Wall -Wextra -fno-tree-loop-distribute-patterns"

TRACE::2025-02-17.09:42:48::SCWMssOS::"Running Make include in ps7_cortexa9_0/libsrc/dmaps_v2_10/src"

TRACE::2025-02-17.09:42:48::SCWMssOS::make -C ps7_cortexa9_0/libsrc/dmaps_v2_10/src -s include  "SHELL=CMD" "COMPILER=arm-none-eabi-gcc" "ASSEMBLER=arm-none-eabi-as"
TRACE::2025-02-17.09:42:48::SCWMssOS:: "ARCHIVER=arm-none-eabi-ar" "COMPILER_FLAGS=  -O2 -c" "EXTRA_COMPILER_FLAGS=-mcpu=cortex-a9 -mfpu=vfpv3 -mfloat-abi=hard -nost
TRACE::2025-02-17.09:42:48::SCWMssOS::artfiles -g -Wall -Wextra -fno-tree-loop-distribute-patterns"

TRACE::2025-02-17.09:42:48::SCWMssOS::"Running Make include in ps7_cortexa9_0/libsrc/emacps_v3_20/src"

TRACE::2025-02-17.09:42:48::SCWMssOS::make -C ps7_cortexa9_0/libsrc/emacps_v3_20/src -s include  "SHELL=CMD" "COMPILER=arm-none-eabi-gcc" "ASSEMBLER=arm-none-eabi-as
TRACE::2025-02-17.09:42:48::SCWMssOS::" "ARCHIVER=arm-none-eabi-ar" "COMPILER_FLAGS=  -O2 -c" "EXTRA_COMPILER_FLAGS=-mcpu=cortex-a9 -mfpu=vfpv3 -mfloat-abi=hard -nos
TRACE::2025-02-17.09:42:48::SCWMssOS::tartfiles -g -Wall -Wextra -fno-tree-loop-distribute-patterns"

TRACE::2025-02-17.09:42:48::SCWMssOS::"Running Make include in ps7_cortexa9_0/libsrc/gpiops_v3_13/src"

TRACE::2025-02-17.09:42:48::SCWMssOS::make -C ps7_cortexa9_0/libsrc/gpiops_v3_13/src -s include  "SHELL=CMD" "COMPILER=arm-none-eabi-gcc" "ASSEMBLER=arm-none-eabi-as
TRACE::2025-02-17.09:42:48::SCWMssOS::" "ARCHIVER=arm-none-eabi-ar" "COMPILER_FLAGS=  -O2 -c" "EXTRA_COMPILER_FLAGS=-mcpu=cortex-a9 -mfpu=vfpv3 -mfloat-abi=hard -nos
TRACE::2025-02-17.09:42:48::SCWMssOS::tartfiles -g -Wall -Wextra -fno-tree-loop-distribute-patterns"

TRACE::2025-02-17.09:42:48::SCWMssOS::"Running Make include in ps7_cortexa9_0/libsrc/qspips_v3_12/src"

TRACE::2025-02-17.09:42:49::SCWMssOS::make -C ps7_cortexa9_0/libsrc/qspips_v3_12/src -s include  "SHELL=CMD" "COMPILER=arm-none-eabi-gcc" "ASSEMBLER=arm-none-eabi-as
TRACE::2025-02-17.09:42:49::SCWMssOS::" "ARCHIVER=arm-none-eabi-ar" "COMPILER_FLAGS=  -O2 -c" "EXTRA_COMPILER_FLAGS=-mcpu=cortex-a9 -mfpu=vfpv3 -mfloat-abi=hard -nos
TRACE::2025-02-17.09:42:49::SCWMssOS::tartfiles -g -Wall -Wextra -fno-tree-loop-distribute-patterns"

TRACE::2025-02-17.09:42:49::SCWMssOS::"Running Make include in ps7_cortexa9_0/libsrc/scugic_v5_3/src"

TRACE::2025-02-17.09:42:49::SCWMssOS::make -C ps7_cortexa9_0/libsrc/scugic_v5_3/src -s include  "SHELL=CMD" "COMPILER=arm-none-eabi-gcc" "ASSEMBLER=arm-none-eabi-as"
TRACE::2025-02-17.09:42:49::SCWMssOS:: "ARCHIVER=arm-none-eabi-ar" "COMPILER_FLAGS=  -O2 -c" "EXTRA_COMPILER_FLAGS=-mcpu=cortex-a9 -mfpu=vfpv3 -mfloat-abi=hard -nost
TRACE::2025-02-17.09:42:49::SCWMssOS::artfiles -g -Wall -Wextra -fno-tree-loop-distribute-patterns"

TRACE::2025-02-17.09:42:49::SCWMssOS::"Running Make include in ps7_cortexa9_0/libsrc/scutimer_v2_6/src"

TRACE::2025-02-17.09:42:49::SCWMssOS::make -C ps7_cortexa9_0/libsrc/scutimer_v2_6/src -s include  "SHELL=CMD" "COMPILER=arm-none-eabi-gcc" "ASSEMBLER=arm-none-eabi-a
TRACE::2025-02-17.09:42:49::SCWMssOS::s" "ARCHIVER=arm-none-eabi-ar" "COMPILER_FLAGS=  -O2 -c" "EXTRA_COMPILER_FLAGS=-mcpu=cortex-a9 -mfpu=vfpv3 -mfloat-abi=hard -no
TRACE::2025-02-17.09:42:49::SCWMssOS::startfiles -g -Wall -Wextra -fno-tree-loop-distribute-patterns"

TRACE::2025-02-17.09:42:49::SCWMssOS::"Running Make include in ps7_cortexa9_0/libsrc/scuwdt_v2_5/src"

TRACE::2025-02-17.09:42:49::SCWMssOS::"Running Make include in ps7_cortexa9_0/libsrc/sdps_v4_3/src"

TRACE::2025-02-17.09:42:49::SCWMssOS::make -C ps7_cortexa9_0/libsrc/scuwdt_v2_5/src -s include  "SHELL=CMD" "COMPILER=arm-none-eabi-gcc" "ASSEMBLER=arm-none-eabi-as"
TRACE::2025-02-17.09:42:49::SCWMssOS:: "ARCHIVER=arm-none-eabi-ar" "COMPILER_FLAGS=  -O2 -c" "EXTRA_COMPILER_FLAGS=-mcpu=cortex-a9 -mfpu=vfpv3 -mfloat-abi=hard -nost
TRACE::2025-02-17.09:42:49::SCWMssOS::artfiles -g -Wall -Wextra -fno-tree-loop-distribute-patterns"

TRACE::2025-02-17.09:42:49::SCWMssOS::"Running Make include in ps7_cortexa9_0/libsrc/standalone_v9_1/src"

TRACE::2025-02-17.09:42:49::SCWMssOS::make -C ps7_cortexa9_0/libsrc/sdps_v4_3/src -s include  "SHELL=CMD" "COMPILER=arm-none-eabi-gcc" "ASSEMBLER=arm-none-eabi-as" "
TRACE::2025-02-17.09:42:49::SCWMssOS::ARCHIVER=arm-none-eabi-ar" "COMPILER_FLAGS=  -O2 -c" "EXTRA_COMPILER_FLAGS=-mcpu=cortex-a9 -mfpu=vfpv3 -mfloat-abi=hard -nostar
TRACE::2025-02-17.09:42:49::SCWMssOS::tfiles -g -Wall -Wextra -fno-tree-loop-distribute-patterns"

TRACE::2025-02-17.09:42:49::SCWMssOS::make -C ps7_cortexa9_0/libsrc/standalone_v9_1/src -s include  "SHELL=CMD" "COMPILER=arm-none-eabi-gcc" "ASSEMBLER=arm-none-eabi
TRACE::2025-02-17.09:42:49::SCWMssOS::-as" "ARCHIVER=arm-none-eabi-ar" "COMPILER_FLAGS=  -O2 -c" "EXTRA_COMPILER_FLAGS=-mcpu=cortex-a9 -mfpu=vfpv3 -mfloat-abi=hard -
TRACE::2025-02-17.09:42:49::SCWMssOS::nostartfiles -g -Wall -Wextra -fno-tree-loop-distribute-patterns"

TRACE::2025-02-17.09:42:49::SCWMssOS::"Running Make include in ps7_cortexa9_0/libsrc/uartps_v3_14/src"

TRACE::2025-02-17.09:42:49::SCWMssOS::make -C ps7_cortexa9_0/libsrc/uartps_v3_14/src -s include  "SHELL=CMD" "COMPILER=arm-none-eabi-gcc" "ASSEMBLER=arm-none-eabi-as
TRACE::2025-02-17.09:42:49::SCWMssOS::" "ARCHIVER=arm-none-eabi-ar" "COMPILER_FLAGS=  -O2 -c" "EXTRA_COMPILER_FLAGS=-mcpu=cortex-a9 -mfpu=vfpv3 -mfloat-abi=hard -nos
TRACE::2025-02-17.09:42:49::SCWMssOS::tartfiles -g -Wall -Wextra -fno-tree-loop-distribute-patterns"

TRACE::2025-02-17.09:42:49::SCWMssOS::"Running Make include in ps7_cortexa9_0/libsrc/usbps_v2_9/src"

TRACE::2025-02-17.09:42:49::SCWMssOS::make -C ps7_cortexa9_0/libsrc/usbps_v2_9/src -s include  "SHELL=CMD" "COMPILER=arm-none-eabi-gcc" "ASSEMBLER=arm-none-eabi-as" 
TRACE::2025-02-17.09:42:49::SCWMssOS::"ARCHIVER=arm-none-eabi-ar" "COMPILER_FLAGS=  -O2 -c" "EXTRA_COMPILER_FLAGS=-mcpu=cortex-a9 -mfpu=vfpv3 -mfloat-abi=hard -nosta
TRACE::2025-02-17.09:42:49::SCWMssOS::rtfiles -g -Wall -Wextra -fno-tree-loop-distribute-patterns"

TRACE::2025-02-17.09:42:49::SCWMssOS::"Running Make include in ps7_cortexa9_0/libsrc/xadcps_v2_7/src"

TRACE::2025-02-17.09:42:49::SCWMssOS::make -C ps7_cortexa9_0/libsrc/xadcps_v2_7/src -s include  "SHELL=CMD" "COMPILER=arm-none-eabi-gcc" "ASSEMBLER=arm-none-eabi-as"
TRACE::2025-02-17.09:42:49::SCWMssOS:: "ARCHIVER=arm-none-eabi-ar" "COMPILER_FLAGS=  -O2 -c" "EXTRA_COMPILER_FLAGS=-mcpu=cortex-a9 -mfpu=vfpv3 -mfloat-abi=hard -nost
TRACE::2025-02-17.09:42:49::SCWMssOS::artfiles -g -Wall -Wextra -fno-tree-loop-distribute-patterns"

TRACE::2025-02-17.09:42:49::SCWMssOS::"Running Make libs in ps7_cortexa9_0/libsrc/coresightps_dcc_v1_10/src"

TRACE::2025-02-17.09:42:49::SCWMssOS::make -C ps7_cortexa9_0/libsrc/coresightps_dcc_v1_10/src -s libs  "SHELL=CMD" "COMPILER=arm-none-eabi-gcc" "ASSEMBLER=arm-none-e
TRACE::2025-02-17.09:42:49::SCWMssOS::abi-as" "ARCHIVER=arm-none-eabi-ar" "COMPILER_FLAGS=  -O2 -c" "EXTRA_COMPILER_FLAGS=-mcpu=cortex-a9 -mfpu=vfpv3 -mfloat-abi=har
TRACE::2025-02-17.09:42:49::SCWMssOS::d -nostartfiles -g -Wall -Wextra -fno-tree-loop-distribute-patterns"

TRACE::2025-02-17.09:42:49::SCWMssOS::"Running Make libs in ps7_cortexa9_0/libsrc/cpu_cortexa9_v2_12/src"

TRACE::2025-02-17.09:42:49::SCWMssOS::make -C ps7_cortexa9_0/libsrc/cpu_cortexa9_v2_12/src -s libs  "SHELL=CMD" "COMPILER=arm-none-eabi-gcc" "ASSEMBLER=arm-none-eabi
TRACE::2025-02-17.09:42:49::SCWMssOS::-as" "ARCHIVER=arm-none-eabi-ar" "COMPILER_FLAGS=  -O2 -c" "EXTRA_COMPILER_FLAGS=-mcpu=cortex-a9 -mfpu=vfpv3 -mfloat-abi=hard -
TRACE::2025-02-17.09:42:49::SCWMssOS::nostartfiles -g -Wall -Wextra -fno-tree-loop-distribute-patterns"

TRACE::2025-02-17.09:42:49::SCWMssOS::"Running Make libs in ps7_cortexa9_0/libsrc/ddrps_v1_2/src"

TRACE::2025-02-17.09:42:49::SCWMssOS::make -C ps7_cortexa9_0/libsrc/ddrps_v1_2/src -s libs  "SHELL=CMD" "COMPILER=arm-none-eabi-gcc" "ASSEMBLER=arm-none-eabi-as" "AR
TRACE::2025-02-17.09:42:49::SCWMssOS::CHIVER=arm-none-eabi-ar" "COMPILER_FLAGS=  -O2 -c" "EXTRA_COMPILER_FLAGS=-mcpu=cortex-a9 -mfpu=vfpv3 -mfloat-abi=hard -nostartf
TRACE::2025-02-17.09:42:49::SCWMssOS::iles -g -Wall -Wextra -fno-tree-loop-distribute-patterns"

TRACE::2025-02-17.09:42:49::SCWMssOS::"Running Make libs in ps7_cortexa9_0/libsrc/devcfg_v3_8/src"

TRACE::2025-02-17.09:42:49::SCWMssOS::make -C ps7_cortexa9_0/libsrc/devcfg_v3_8/src -s libs  "SHELL=CMD" "COMPILER=arm-none-eabi-gcc" "ASSEMBLER=arm-none-eabi-as" "A
TRACE::2025-02-17.09:42:49::SCWMssOS::RCHIVER=arm-none-eabi-ar" "COMPILER_FLAGS=  -O2 -c" "EXTRA_COMPILER_FLAGS=-mcpu=cortex-a9 -mfpu=vfpv3 -mfloat-abi=hard -nostart
TRACE::2025-02-17.09:42:49::SCWMssOS::files -g -Wall -Wextra -fno-tree-loop-distribute-patterns"

TRACE::2025-02-17.09:42:49::SCWMssOS::"Running Make libs in ps7_cortexa9_0/libsrc/dmaps_v2_10/src"

TRACE::2025-02-17.09:42:49::SCWMssOS::make -C ps7_cortexa9_0/libsrc/dmaps_v2_10/src -s libs  "SHELL=CMD" "COMPILER=arm-none-eabi-gcc" "ASSEMBLER=arm-none-eabi-as" "A
TRACE::2025-02-17.09:42:49::SCWMssOS::RCHIVER=arm-none-eabi-ar" "COMPILER_FLAGS=  -O2 -c" "EXTRA_COMPILER_FLAGS=-mcpu=cortex-a9 -mfpu=vfpv3 -mfloat-abi=hard -nostart
TRACE::2025-02-17.09:42:49::SCWMssOS::files -g -Wall -Wextra -fno-tree-loop-distribute-patterns"

TRACE::2025-02-17.09:42:49::SCWMssOS::"Running Make libs in ps7_cortexa9_0/libsrc/emacps_v3_20/src"

TRACE::2025-02-17.09:42:49::SCWMssOS::make -C ps7_cortexa9_0/libsrc/emacps_v3_20/src -s libs  "SHELL=CMD" "COMPILER=arm-none-eabi-gcc" "ASSEMBLER=arm-none-eabi-as" "
TRACE::2025-02-17.09:42:49::SCWMssOS::ARCHIVER=arm-none-eabi-ar" "COMPILER_FLAGS=  -O2 -c" "EXTRA_COMPILER_FLAGS=-mcpu=cortex-a9 -mfpu=vfpv3 -mfloat-abi=hard -nostar
TRACE::2025-02-17.09:42:49::SCWMssOS::tfiles -g -Wall -Wextra -fno-tree-loop-distribute-patterns"

TRACE::2025-02-17.09:42:49::SCWMssOS::"Running Make libs in ps7_cortexa9_0/libsrc/gpiops_v3_13/src"

TRACE::2025-02-17.09:42:49::SCWMssOS::make -C ps7_cortexa9_0/libsrc/gpiops_v3_13/src -s libs  "SHELL=CMD" "COMPILER=arm-none-eabi-gcc" "ASSEMBLER=arm-none-eabi-as" "
TRACE::2025-02-17.09:42:49::SCWMssOS::ARCHIVER=arm-none-eabi-ar" "COMPILER_FLAGS=  -O2 -c" "EXTRA_COMPILER_FLAGS=-mcpu=cortex-a9 -mfpu=vfpv3 -mfloat-abi=hard -nostar
TRACE::2025-02-17.09:42:49::SCWMssOS::tfiles -g -Wall -Wextra -fno-tree-loop-distribute-patterns"

TRACE::2025-02-17.09:42:49::SCWMssOS::"Running Make libs in ps7_cortexa9_0/libsrc/qspips_v3_12/src"

TRACE::2025-02-17.09:42:49::SCWMssOS::make -C ps7_cortexa9_0/libsrc/qspips_v3_12/src -s libs  "SHELL=CMD" "COMPILER=arm-none-eabi-gcc" "ASSEMBLER=arm-none-eabi-as" "
TRACE::2025-02-17.09:42:49::SCWMssOS::ARCHIVER=arm-none-eabi-ar" "COMPILER_FLAGS=  -O2 -c" "EXTRA_COMPILER_FLAGS=-mcpu=cortex-a9 -mfpu=vfpv3 -mfloat-abi=hard -nostar
TRACE::2025-02-17.09:42:49::SCWMssOS::tfiles -g -Wall -Wextra -fno-tree-loop-distribute-patterns"

TRACE::2025-02-17.09:42:50::SCWMssOS::"Running Make libs in ps7_cortexa9_0/libsrc/scugic_v5_3/src"

TRACE::2025-02-17.09:42:50::SCWMssOS::make -C ps7_cortexa9_0/libsrc/scugic_v5_3/src -s libs  "SHELL=CMD" "COMPILER=arm-none-eabi-gcc" "ASSEMBLER=arm-none-eabi-as" "A
TRACE::2025-02-17.09:42:50::SCWMssOS::RCHIVER=arm-none-eabi-ar" "COMPILER_FLAGS=  -O2 -c" "EXTRA_COMPILER_FLAGS=-mcpu=cortex-a9 -mfpu=vfpv3 -mfloat-abi=hard -nostart
TRACE::2025-02-17.09:42:50::SCWMssOS::files -g -Wall -Wextra -fno-tree-loop-distribute-patterns"

TRACE::2025-02-17.09:42:50::SCWMssOS::"Running Make libs in ps7_cortexa9_0/libsrc/scutimer_v2_6/src"

TRACE::2025-02-17.09:42:50::SCWMssOS::make -C ps7_cortexa9_0/libsrc/scutimer_v2_6/src -s libs  "SHELL=CMD" "COMPILER=arm-none-eabi-gcc" "ASSEMBLER=arm-none-eabi-as" 
TRACE::2025-02-17.09:42:50::SCWMssOS::"ARCHIVER=arm-none-eabi-ar" "COMPILER_FLAGS=  -O2 -c" "EXTRA_COMPILER_FLAGS=-mcpu=cortex-a9 -mfpu=vfpv3 -mfloat-abi=hard -nosta
TRACE::2025-02-17.09:42:50::SCWMssOS::rtfiles -g -Wall -Wextra -fno-tree-loop-distribute-patterns"

TRACE::2025-02-17.09:42:50::SCWMssOS::"Running Make libs in ps7_cortexa9_0/libsrc/scuwdt_v2_5/src"

TRACE::2025-02-17.09:42:50::SCWMssOS::make -C ps7_cortexa9_0/libsrc/scuwdt_v2_5/src -s libs  "SHELL=CMD" "COMPILER=arm-none-eabi-gcc" "ASSEMBLER=arm-none-eabi-as" "A
TRACE::2025-02-17.09:42:50::SCWMssOS::RCHIVER=arm-none-eabi-ar" "COMPILER_FLAGS=  -O2 -c" "EXTRA_COMPILER_FLAGS=-mcpu=cortex-a9 -mfpu=vfpv3 -mfloat-abi=hard -nostart
TRACE::2025-02-17.09:42:50::SCWMssOS::files -g -Wall -Wextra -fno-tree-loop-distribute-patterns"

TRACE::2025-02-17.09:42:50::SCWMssOS::"Running Make libs in ps7_cortexa9_0/libsrc/sdps_v4_3/src"

TRACE::2025-02-17.09:42:50::SCWMssOS::make -C ps7_cortexa9_0/libsrc/sdps_v4_3/src -s libs  "SHELL=CMD" "COMPILER=arm-none-eabi-gcc" "ASSEMBLER=arm-none-eabi-as" "ARC
TRACE::2025-02-17.09:42:50::SCWMssOS::HIVER=arm-none-eabi-ar" "COMPILER_FLAGS=  -O2 -c" "EXTRA_COMPILER_FLAGS=-mcpu=cortex-a9 -mfpu=vfpv3 -mfloat-abi=hard -nostartfi
TRACE::2025-02-17.09:42:50::SCWMssOS::les -g -Wall -Wextra -fno-tree-loop-distribute-patterns"

TRACE::2025-02-17.09:42:51::SCWMssOS::"Running Make libs in ps7_cortexa9_0/libsrc/standalone_v9_1/src"

TRACE::2025-02-17.09:42:51::SCWMssOS::make -C ps7_cortexa9_0/libsrc/standalone_v9_1/src -s libs  "SHELL=CMD" "COMPILER=arm-none-eabi-gcc" "ASSEMBLER=arm-none-eabi-as
TRACE::2025-02-17.09:42:51::SCWMssOS::" "ARCHIVER=arm-none-eabi-ar" "COMPILER_FLAGS=  -O2 -c" "EXTRA_COMPILER_FLAGS=-mcpu=cortex-a9 -mfpu=vfpv3 -mfloat-abi=hard -nos
TRACE::2025-02-17.09:42:51::SCWMssOS::tartfiles -g -Wall -Wextra -fno-tree-loop-distribute-patterns"

TRACE::2025-02-17.09:42:51::SCWMssOS::"Running Make libs in ps7_cortexa9_0/libsrc/uartps_v3_14/src"

TRACE::2025-02-17.09:42:51::SCWMssOS::make -C ps7_cortexa9_0/libsrc/uartps_v3_14/src -s libs  "SHELL=CMD" "COMPILER=arm-none-eabi-gcc" "ASSEMBLER=arm-none-eabi-as" "
TRACE::2025-02-17.09:42:51::SCWMssOS::ARCHIVER=arm-none-eabi-ar" "COMPILER_FLAGS=  -O2 -c" "EXTRA_COMPILER_FLAGS=-mcpu=cortex-a9 -mfpu=vfpv3 -mfloat-abi=hard -nostar
TRACE::2025-02-17.09:42:51::SCWMssOS::tfiles -g -Wall -Wextra -fno-tree-loop-distribute-patterns"

TRACE::2025-02-17.09:42:51::SCWMssOS::"Running Make libs in ps7_cortexa9_0/libsrc/usbps_v2_9/src"

TRACE::2025-02-17.09:42:51::SCWMssOS::make -C ps7_cortexa9_0/libsrc/usbps_v2_9/src -s libs  "SHELL=CMD" "COMPILER=arm-none-eabi-gcc" "ASSEMBLER=arm-none-eabi-as" "AR
TRACE::2025-02-17.09:42:51::SCWMssOS::CHIVER=arm-none-eabi-ar" "COMPILER_FLAGS=  -O2 -c" "EXTRA_COMPILER_FLAGS=-mcpu=cortex-a9 -mfpu=vfpv3 -mfloat-abi=hard -nostartf
TRACE::2025-02-17.09:42:51::SCWMssOS::iles -g -Wall -Wextra -fno-tree-loop-distribute-patterns"

TRACE::2025-02-17.09:42:51::SCWMssOS::"Running Make libs in ps7_cortexa9_0/libsrc/xadcps_v2_7/src"

TRACE::2025-02-17.09:42:51::SCWMssOS::make -C ps7_cortexa9_0/libsrc/xadcps_v2_7/src -s libs  "SHELL=CMD" "COMPILER=arm-none-eabi-gcc" "ASSEMBLER=arm-none-eabi-as" "A
TRACE::2025-02-17.09:42:51::SCWMssOS::RCHIVER=arm-none-eabi-ar" "COMPILER_FLAGS=  -O2 -c" "EXTRA_COMPILER_FLAGS=-mcpu=cortex-a9 -mfpu=vfpv3 -mfloat-abi=hard -nostart
TRACE::2025-02-17.09:42:51::SCWMssOS::files -g -Wall -Wextra -fno-tree-loop-distribute-patterns"

TRACE::2025-02-17.09:42:53::SCWMssOS::'Finished building libraries parallelly.'

TRACE::2025-02-17.09:42:53::SCWMssOS::make --no-print-directory archive

TRACE::2025-02-17.09:42:53::SCWMssOS::arm-none-eabi-ar -r  ps7_cortexa9_0/lib/libxil.a ps7_cortexa9_0/lib/_exit.o ps7_cortexa9_0/lib/_open.o ps7_cortexa9_0/lib/_sbrk
TRACE::2025-02-17.09:42:53::SCWMssOS::.o ps7_cortexa9_0/lib/abort.o ps7_cortexa9_0/lib/asm_vectors.o ps7_cortexa9_0/lib/boot.o ps7_cortexa9_0/lib/close.o ps7_cortexa
TRACE::2025-02-17.09:42:53::SCWMssOS::9_0/lib/cpputest_time.o ps7_cortexa9_0/lib/cpu_init.o ps7_cortexa9_0/lib/errno.o ps7_cortexa9_0/lib/fcntl.o ps7_cortexa9_0/lib/
TRACE::2025-02-17.09:42:53::SCWMssOS::fstat.o ps7_cortexa9_0/lib/getentropy.o ps7_cortexa9_0/lib/getpid.o ps7_cortexa9_0/lib/inbyte.o ps7_cortexa9_0/lib/isatty.o ps7
TRACE::2025-02-17.09:42:53::SCWMssOS::_cortexa9_0/lib/kill.o ps7_cortexa9_0/lib/lseek.o ps7_cortexa9_0/lib/open.o ps7_cortexa9_0/lib/outbyte.o ps7_cortexa9_0/lib/pri
TRACE::2025-02-17.09:42:53::SCWMssOS::nt.o ps7_cortexa9_0/lib/putnum.o ps7_cortexa9_0/lib/read.o ps7_cortexa9_0/lib/sbrk.o ps7_cortexa9_0/lib/sleep.o ps7_cortexa9_0/
TRACE::2025-02-17.09:42:53::SCWMssOS::lib/time.o ps7_cortexa9_0/lib/translation_table.o ps7_cortexa9_0/lib/unlink.o ps7_cortexa9_0/lib/usleep.o ps7_cortexa9_0/lib/ve
TRACE::2025-02-17.09:42:53::SCWMssOS::ctors.o ps7_cortexa9_0/lib/write.o ps7_cortexa9_0/lib/xadcps.o ps7_cortexa9_0/lib/xadcps_g.o ps7_cortexa9_0/lib/xadcps_intr.o p
TRACE::2025-02-17.09:42:53::SCWMssOS::s7_cortexa9_0/lib/xadcps_selftest.o ps7_cortexa9_0/lib/xadcps_sinit.o ps7_cortexa9_0/lib/xcoresightpsdcc.o ps7_cortexa9_0/lib/x
TRACE::2025-02-17.09:42:53::SCWMssOS::devcfg.o ps7_cortexa9_0/lib/xdevcfg_g.o ps7_cortexa9_0/lib/xdevcfg_hw.o ps7_cortexa9_0/lib/xdevcfg_intr.o ps7_cortexa9_0/lib/xd
TRACE::2025-02-17.09:42:53::SCWMssOS::evcfg_selftest.o ps7_cortexa9_0/lib/xdevcfg_sinit.o ps7_cortexa9_0/lib/xdmaps.o ps7_cortexa9_0/lib/xdmaps_g.o ps7_cortexa9_0/li
TRACE::2025-02-17.09:42:53::SCWMssOS::b/xdmaps_hw.o ps7_cortexa9_0/lib/xdmaps_selftest.o ps7_cortexa9_0/lib/xdmaps_sinit.o ps7_cortexa9_0/lib/xemacps.o ps7_cortexa9_
TRACE::2025-02-17.09:42:53::SCWMssOS::0/lib/xemacps_bdring.o ps7_cortexa9_0/lib/xemacps_control.o ps7_cortexa9_0/lib/xemacps_g.o ps7_cortexa9_0/lib/xemacps_hw.o ps7_
TRACE::2025-02-17.09:42:53::SCWMssOS::cortexa9_0/lib/xemacps_intr.o ps7_cortexa9_0/lib/xemacps_sinit.o ps7_cortexa9_0/lib/xgpiops.o ps7_cortexa9_0/lib/xgpiops_g.o ps
TRACE::2025-02-17.09:42:53::SCWMssOS::7_cortexa9_0/lib/xgpiops_hw.o ps7_cortexa9_0/lib/xgpiops_intr.o ps7_cortexa9_0/lib/xgpiops_selftest.o ps7_cortexa9_0/lib/xgpiop
TRACE::2025-02-17.09:42:53::SCWMssOS::s_sinit.o ps7_cortexa9_0/lib/xil-crt0.o ps7_cortexa9_0/lib/xil_assert.o ps7_cortexa9_0/lib/xil_cache.o ps7_cortexa9_0/lib/xil_c
TRACE::2025-02-17.09:42:53::SCWMssOS::locking.o ps7_cortexa9_0/lib/xil_exception.o ps7_cortexa9_0/lib/xil_mem.o ps7_cortexa9_0/lib/xil_misc_psreset_api.o ps7_cortexa
TRACE::2025-02-17.09:42:53::SCWMssOS::9_0/lib/xil_mmu.o ps7_cortexa9_0/lib/xil_printf.o ps7_cortexa9_0/lib/xil_sleepcommon.o ps7_cortexa9_0/lib/xil_sleeptimer.o ps7_
TRACE::2025-02-17.09:42:53::SCWMssOS::cortexa9_0/lib/xil_spinlock.o ps7_cortexa9_0/lib/xil_testcache.o ps7_cortexa9_0/lib/xil_testio.o ps7_cortexa9_0/lib/xil_testmem
TRACE::2025-02-17.09:42:53::SCWMssOS::.o ps7_cortexa9_0/lib/xil_util.o ps7_cortexa9_0/lib/xinterrupt_wrap.o ps7_cortexa9_0/lib/xl2cc_counter.o ps7_cortexa9_0/lib/xpl
TRACE::2025-02-17.09:42:53::SCWMssOS::atform_info.o ps7_cortexa9_0/lib/xpm_counter.o ps7_cortexa9_0/lib/xpm_init.o ps7_cortexa9_0/lib/xqspips.o ps7_cortexa9_0/lib/xq
TRACE::2025-02-17.09:42:53::SCWMssOS::spips_g.o ps7_cortexa9_0/lib/xqspips_hw.o ps7_cortexa9_0/lib/xqspips_options.o ps7_cortexa9_0/lib/xqspips_selftest.o ps7_cortex
TRACE::2025-02-17.09:42:53::SCWMssOS::a9_0/lib/xqspips_sinit.o ps7_cortexa9_0/lib/xscugic.o ps7_cortexa9_0/lib/xscugic_g.o ps7_cortexa9_0/lib/xscugic_hw.o ps7_cortex
TRACE::2025-02-17.09:42:53::SCWMssOS::a9_0/lib/xscugic_intr.o ps7_cortexa9_0/lib/xscugic_selftest.o ps7_cortexa9_0/lib/xscugic_sinit.o ps7_cortexa9_0/lib/xscutimer.o
TRACE::2025-02-17.09:42:53::SCWMssOS:: ps7_cortexa9_0/lib/xscutimer_g.o ps7_cortexa9_0/lib/xscutimer_selftest.o ps7_cortexa9_0/lib/xscutimer_sinit.o ps7_cortexa9_0/l
TRACE::2025-02-17.09:42:53::SCWMssOS::ib/xscuwdt.o ps7_cortexa9_0/lib/xscuwdt_g.o ps7_cortexa9_0/lib/xscuwdt_selftest.o ps7_cortexa9_0/lib/xscuwdt_sinit.o ps7_cortex
TRACE::2025-02-17.09:42:53::SCWMssOS::a9_0/lib/xsdps.o ps7_cortexa9_0/lib/xsdps_card.o ps7_cortexa9_0/lib/xsdps_g.o ps7_cortexa9_0/lib/xsdps_host.o ps7_cortexa9_0/li
TRACE::2025-02-17.09:42:53::SCWMssOS::b/xsdps_options.o ps7_cortexa9_0/lib/xsdps_sinit.o ps7_cortexa9_0/lib/xtime_l.o ps7_cortexa9_0/lib/xuartps.o ps7_cortexa9_0/lib
TRACE::2025-02-17.09:42:53::SCWMssOS::/xuartps_g.o ps7_cortexa9_0/lib/xuartps_hw.o ps7_cortexa9_0/lib/xuartps_intr.o ps7_cortexa9_0/lib/xuartps_options.o ps7_cortexa
TRACE::2025-02-17.09:42:53::SCWMssOS::9_0/lib/xuartps_selftest.o ps7_cortexa9_0/lib/xuartps_sinit.o ps7_cortexa9_0/lib/xusbps.o ps7_cortexa9_0/lib/xusbps_endpoint.o 
TRACE::2025-02-17.09:42:53::SCWMssOS::ps7_cortexa9_0/lib/xusbps_g.o ps7_cortexa9_0/lib/xusbps_hw.o ps7_cortexa9_0/lib/xusbps_intr.o ps7_cortexa9_0/lib/xusbps_sinit.o
TRACE::2025-02-17.09:42:53::SCWMssOS::

TRACE::2025-02-17.09:42:53::SCWMssOS::'Finished building libraries'

TRACE::2025-02-17.09:42:53::SCWMssOS::Copying to export directory.
TRACE::2025-02-17.09:42:54::SCWMssOS:: Checking if to create the Supporting Applications
TRACE::2025-02-17.09:42:54::SCWMssOS:: No Linux domain exists, trying to generate FSBL 
LOG::2025-02-17.09:42:54::SCWSystem::Completed Processing the domain standalone_ps7_cortexa9_0
LOG::2025-02-17.09:42:54::SCWSystem::Completed Processing the sysconfig HWSOC
LOG::2025-02-17.09:42:54::SCWPlatform::Completed generating the artifacts for system configuration HWSOC
TRACE::2025-02-17.09:42:54::SCWPlatform::Started preparing the platform 
TRACE::2025-02-17.09:42:54::SCWSystem::Writing the bif file for system config HWSOC
TRACE::2025-02-17.09:42:54::SCWSystem::dir created 
TRACE::2025-02-17.09:42:54::SCWSystem::Writing the bif 
TRACE::2025-02-17.09:42:54::SCWPlatform::Started writing the spfm file 
TRACE::2025-02-17.09:42:54::SCWPlatform::Started writing the xpfm file 
TRACE::2025-02-17.09:42:54::SCWPlatform::Completed generating the platform
TRACE::2025-02-17.09:42:54::SCWMssOS::Saving the mss changes C:/devWorks/devWorks2/HWSOC/Vitis/HWSOC/zynq_fsbl/zynq_fsbl_bsp/system.mss
TRACE::2025-02-17.09:42:54::SCWMssOS::Found a swdesign opened with the mssfile.
TRACE::2025-02-17.09:42:54::SCWMssOS::Completed writemss as part of save.
TRACE::2025-02-17.09:42:54::SCWMssOS::Commit changes completed.
TRACE::2025-02-17.09:42:54::SCWMssOS::Saving the mss changes C:/devWorks/devWorks2/HWSOC/Vitis/HWSOC/ps7_cortexa9_0/standalone_ps7_cortexa9_0/bsp/system.mss
TRACE::2025-02-17.09:42:54::SCWMssOS::Found a swdesign opened with the mssfile.
TRACE::2025-02-17.09:42:54::SCWMssOS::Completed writemss as part of save.
TRACE::2025-02-17.09:42:54::SCWMssOS::Commit changes completed.
TRACE::2025-02-17.09:42:54::SCWPlatform::Trying to open the hw design at C:/devWorks/devWorks2/HWSOC/Vitis/HWSOC/hw/HWSOC.xsa
TRACE::2025-02-17.09:42:54::SCWPlatform::DSA given C:/devWorks/devWorks2/HWSOC/Vitis/HWSOC/hw/HWSOC.xsa
TRACE::2025-02-17.09:42:54::SCWPlatform::DSA absoulate path C:/devWorks/devWorks2/HWSOC/Vitis/HWSOC/hw/HWSOC.xsa
TRACE::2025-02-17.09:42:54::SCWPlatform::DSA directory C:/devWorks/devWorks2/HWSOC/Vitis/HWSOC/hw
TRACE::2025-02-17.09:42:54::SCWPlatform:: Platform Path C:/devWorks/devWorks2/HWSOC/Vitis/HWSOC/hw/HWSOC.xsa
TRACE::2025-02-17.09:42:54::SCWPlatform:: Unique name xilinx:pynq-z2::0.0
TRACE::2025-02-17.09:42:54::SCWPlatform::Trying to set the existing hwdb with name design_1_wrapper_0
TRACE::2025-02-17.09:42:54::SCWPlatform::Opened existing hwdb design_1_wrapper_0
TRACE::2025-02-17.09:42:54::SCWPlatform::Found the Hw Db part of the input DSA
TRACE::2025-02-17.09:42:54::SCWMssOS::Checking the sw design at  C:/devWorks/devWorks2/HWSOC/Vitis/HWSOC/zynq_fsbl/zynq_fsbl_bsp/system.mss
TRACE::2025-02-17.09:42:54::SCWMssOS::DEBUG:  swdes dump  C:/devWorks/devWorks2/HWSOC/Vitis/HWSOC/ps7_cortexa9_0/standalone_ps7_cortexa9_0/bsp/system.mss|system_0||
C:/devWorks/devWorks2/HWSOC/Vitis/HWSOC/zynq_fsbl/zynq_fsbl_bsp/system.mss|system||

TRACE::2025-02-17.09:42:54::SCWMssOS::Sw design exists and opened at  C:/devWorks/devWorks2/HWSOC/Vitis/HWSOC/zynq_fsbl/zynq_fsbl_bsp/system.mss
TRACE::2025-02-17.09:42:54::SCWPlatform::Trying to open the hw design at C:/devWorks/devWorks2/HWSOC/Vitis/HWSOC/hw/HWSOC.xsa
TRACE::2025-02-17.09:42:54::SCWPlatform::DSA given C:/devWorks/devWorks2/HWSOC/Vitis/HWSOC/hw/HWSOC.xsa
TRACE::2025-02-17.09:42:54::SCWPlatform::DSA absoulate path C:/devWorks/devWorks2/HWSOC/Vitis/HWSOC/hw/HWSOC.xsa
TRACE::2025-02-17.09:42:54::SCWPlatform::DSA directory C:/devWorks/devWorks2/HWSOC/Vitis/HWSOC/hw
TRACE::2025-02-17.09:42:54::SCWPlatform:: Platform Path C:/devWorks/devWorks2/HWSOC/Vitis/HWSOC/hw/HWSOC.xsa
TRACE::2025-02-17.09:42:54::SCWPlatform:: Unique name xilinx:pynq-z2::0.0
TRACE::2025-02-17.09:42:54::SCWPlatform::Trying to set the existing hwdb with name design_1_wrapper_0
TRACE::2025-02-17.09:42:54::SCWPlatform::Opened existing hwdb design_1_wrapper_0
TRACE::2025-02-17.09:42:54::SCWPlatform::Found the Hw Db part of the input DSA
TRACE::2025-02-17.09:42:54::SCWMssOS::Checking the sw design at  C:/devWorks/devWorks2/HWSOC/Vitis/HWSOC/zynq_fsbl/zynq_fsbl_bsp/system.mss
TRACE::2025-02-17.09:42:54::SCWMssOS::DEBUG:  swdes dump  C:/devWorks/devWorks2/HWSOC/Vitis/HWSOC/ps7_cortexa9_0/standalone_ps7_cortexa9_0/bsp/system.mss|system_0||
C:/devWorks/devWorks2/HWSOC/Vitis/HWSOC/zynq_fsbl/zynq_fsbl_bsp/system.mss|system||

TRACE::2025-02-17.09:42:54::SCWMssOS::Sw design exists and opened at  C:/devWorks/devWorks2/HWSOC/Vitis/HWSOC/zynq_fsbl/zynq_fsbl_bsp/system.mss
TRACE::2025-02-17.09:42:54::SCWPlatform::Trying to open the hw design at C:/devWorks/devWorks2/HWSOC/Vitis/HWSOC/hw/HWSOC.xsa
TRACE::2025-02-17.09:42:54::SCWPlatform::DSA given C:/devWorks/devWorks2/HWSOC/Vitis/HWSOC/hw/HWSOC.xsa
TRACE::2025-02-17.09:42:54::SCWPlatform::DSA absoulate path C:/devWorks/devWorks2/HWSOC/Vitis/HWSOC/hw/HWSOC.xsa
TRACE::2025-02-17.09:42:54::SCWPlatform::DSA directory C:/devWorks/devWorks2/HWSOC/Vitis/HWSOC/hw
TRACE::2025-02-17.09:42:54::SCWPlatform:: Platform Path C:/devWorks/devWorks2/HWSOC/Vitis/HWSOC/hw/HWSOC.xsa
TRACE::2025-02-17.09:42:54::SCWPlatform:: Unique name xilinx:pynq-z2::0.0
TRACE::2025-02-17.09:42:54::SCWPlatform::Trying to set the existing hwdb with name design_1_wrapper_0
TRACE::2025-02-17.09:42:54::SCWPlatform::Opened existing hwdb design_1_wrapper_0
TRACE::2025-02-17.09:42:54::SCWPlatform::Found the Hw Db part of the input DSA
TRACE::2025-02-17.09:42:54::SCWMssOS::Checking the sw design at  C:/devWorks/devWorks2/HWSOC/Vitis/HWSOC/zynq_fsbl/zynq_fsbl_bsp/system.mss
TRACE::2025-02-17.09:42:54::SCWMssOS::DEBUG:  swdes dump  C:/devWorks/devWorks2/HWSOC/Vitis/HWSOC/ps7_cortexa9_0/standalone_ps7_cortexa9_0/bsp/system.mss|system_0||
C:/devWorks/devWorks2/HWSOC/Vitis/HWSOC/zynq_fsbl/zynq_fsbl_bsp/system.mss|system||

TRACE::2025-02-17.09:42:54::SCWMssOS::Sw design exists and opened at  C:/devWorks/devWorks2/HWSOC/Vitis/HWSOC/zynq_fsbl/zynq_fsbl_bsp/system.mss
TRACE::2025-02-17.09:42:54::SCWPlatform::Trying to open the hw design at C:/devWorks/devWorks2/HWSOC/Vitis/HWSOC/hw/HWSOC.xsa
TRACE::2025-02-17.09:42:54::SCWPlatform::DSA given C:/devWorks/devWorks2/HWSOC/Vitis/HWSOC/hw/HWSOC.xsa
TRACE::2025-02-17.09:42:54::SCWPlatform::DSA absoulate path C:/devWorks/devWorks2/HWSOC/Vitis/HWSOC/hw/HWSOC.xsa
TRACE::2025-02-17.09:42:54::SCWPlatform::DSA directory C:/devWorks/devWorks2/HWSOC/Vitis/HWSOC/hw
TRACE::2025-02-17.09:42:54::SCWPlatform:: Platform Path C:/devWorks/devWorks2/HWSOC/Vitis/HWSOC/hw/HWSOC.xsa
TRACE::2025-02-17.09:42:54::SCWPlatform:: Unique name xilinx:pynq-z2::0.0
TRACE::2025-02-17.09:42:54::SCWPlatform::Trying to set the existing hwdb with name design_1_wrapper_0
TRACE::2025-02-17.09:42:54::SCWPlatform::Opened existing hwdb design_1_wrapper_0
TRACE::2025-02-17.09:42:54::SCWPlatform::Found the Hw Db part of the input DSA
TRACE::2025-02-17.09:42:54::SCWMssOS::Checking the sw design at  C:/devWorks/devWorks2/HWSOC/Vitis/HWSOC/ps7_cortexa9_0/standalone_ps7_cortexa9_0/bsp/system.mss
TRACE::2025-02-17.09:42:54::SCWMssOS::DEBUG:  swdes dump  C:/devWorks/devWorks2/HWSOC/Vitis/HWSOC/ps7_cortexa9_0/standalone_ps7_cortexa9_0/bsp/system.mss|system_0||
C:/devWorks/devWorks2/HWSOC/Vitis/HWSOC/zynq_fsbl/zynq_fsbl_bsp/system.mss|system||

TRACE::2025-02-17.09:42:54::SCWMssOS::Sw design exists and opened at  C:/devWorks/devWorks2/HWSOC/Vitis/HWSOC/ps7_cortexa9_0/standalone_ps7_cortexa9_0/bsp/system.mss
TRACE::2025-02-17.09:42:54::SCWPlatform::Trying to open the hw design at C:/devWorks/devWorks2/HWSOC/Vitis/HWSOC/hw/HWSOC.xsa
TRACE::2025-02-17.09:42:54::SCWPlatform::DSA given C:/devWorks/devWorks2/HWSOC/Vitis/HWSOC/hw/HWSOC.xsa
TRACE::2025-02-17.09:42:54::SCWPlatform::DSA absoulate path C:/devWorks/devWorks2/HWSOC/Vitis/HWSOC/hw/HWSOC.xsa
TRACE::2025-02-17.09:42:54::SCWPlatform::DSA directory C:/devWorks/devWorks2/HWSOC/Vitis/HWSOC/hw
TRACE::2025-02-17.09:42:54::SCWPlatform:: Platform Path C:/devWorks/devWorks2/HWSOC/Vitis/HWSOC/hw/HWSOC.xsa
TRACE::2025-02-17.09:42:54::SCWPlatform:: Unique name xilinx:pynq-z2::0.0
TRACE::2025-02-17.09:42:54::SCWPlatform::Trying to set the existing hwdb with name design_1_wrapper_0
TRACE::2025-02-17.09:42:54::SCWPlatform::Opened existing hwdb design_1_wrapper_0
TRACE::2025-02-17.09:42:54::SCWPlatform::Found the Hw Db part of the input DSA
TRACE::2025-02-17.09:42:54::SCWMssOS::Checking the sw design at  C:/devWorks/devWorks2/HWSOC/Vitis/HWSOC/ps7_cortexa9_0/standalone_ps7_cortexa9_0/bsp/system.mss
TRACE::2025-02-17.09:42:54::SCWMssOS::DEBUG:  swdes dump  C:/devWorks/devWorks2/HWSOC/Vitis/HWSOC/ps7_cortexa9_0/standalone_ps7_cortexa9_0/bsp/system.mss|system_0||
C:/devWorks/devWorks2/HWSOC/Vitis/HWSOC/zynq_fsbl/zynq_fsbl_bsp/system.mss|system||

TRACE::2025-02-17.09:42:54::SCWMssOS::Sw design exists and opened at  C:/devWorks/devWorks2/HWSOC/Vitis/HWSOC/ps7_cortexa9_0/standalone_ps7_cortexa9_0/bsp/system.mss
TRACE::2025-02-17.09:42:54::SCWPlatform::Trying to open the hw design at C:/devWorks/devWorks2/HWSOC/Vitis/HWSOC/hw/HWSOC.xsa
TRACE::2025-02-17.09:42:54::SCWPlatform::DSA given C:/devWorks/devWorks2/HWSOC/Vitis/HWSOC/hw/HWSOC.xsa
TRACE::2025-02-17.09:42:54::SCWPlatform::DSA absoulate path C:/devWorks/devWorks2/HWSOC/Vitis/HWSOC/hw/HWSOC.xsa
TRACE::2025-02-17.09:42:54::SCWPlatform::DSA directory C:/devWorks/devWorks2/HWSOC/Vitis/HWSOC/hw
TRACE::2025-02-17.09:42:54::SCWPlatform:: Platform Path C:/devWorks/devWorks2/HWSOC/Vitis/HWSOC/hw/HWSOC.xsa
TRACE::2025-02-17.09:42:54::SCWPlatform:: Unique name xilinx:pynq-z2::0.0
TRACE::2025-02-17.09:42:54::SCWPlatform::Trying to set the existing hwdb with name design_1_wrapper_0
TRACE::2025-02-17.09:42:54::SCWPlatform::Opened existing hwdb design_1_wrapper_0
TRACE::2025-02-17.09:42:54::SCWPlatform::Found the Hw Db part of the input DSA
TRACE::2025-02-17.09:42:54::SCWMssOS::Checking the sw design at  C:/devWorks/devWorks2/HWSOC/Vitis/HWSOC/ps7_cortexa9_0/standalone_ps7_cortexa9_0/bsp/system.mss
TRACE::2025-02-17.09:42:54::SCWMssOS::DEBUG:  swdes dump  C:/devWorks/devWorks2/HWSOC/Vitis/HWSOC/ps7_cortexa9_0/standalone_ps7_cortexa9_0/bsp/system.mss|system_0||
C:/devWorks/devWorks2/HWSOC/Vitis/HWSOC/zynq_fsbl/zynq_fsbl_bsp/system.mss|system||

TRACE::2025-02-17.09:42:54::SCWMssOS::Sw design exists and opened at  C:/devWorks/devWorks2/HWSOC/Vitis/HWSOC/ps7_cortexa9_0/standalone_ps7_cortexa9_0/bsp/system.mss
TRACE::2025-02-17.09:42:54::SCWWriter::formatted JSON is {
	"platformName":	"HWSOC",
	"sprVersion":	"2.0",
	"mode":	"gui",
	"dsaType":	"Fixed",
	"platformDesc":	"HWSOC",
	"platHandOff":	"C:/devWorks/devWorks2/HWSOC/HWSOC.xsa",
	"platIntHandOff":	"<platformDir>/hw/HWSOC.xsa",
	"deviceType":	"zynq",
	"platIsPrebuiltAutogen":	"false",
	"platIsNoBootBsp":	"false",
	"platFsblTarget":	"ps7_cortexa9_0",
	"hasFsblMakeHasChanges":	"false",
	"hasPmufwMakeHasChanges":	"false",
	"fsblExtraCompilerFlags":	"-MMD -MP       -mcpu=cortex-a9 -mfpu=vfpv3 -mfloat-abi=hard ",
	"platPreBuiltFlag":	false,
	"platformSamplesDir":	"",
	"platActiveSys":	"HWSOC",
	"systems":	[{
			"systemName":	"HWSOC",
			"systemDesc":	"HWSOC",
			"sysIsBootAutoGen":	"true",
			"systemDispName":	"HWSOC",
			"sysActiveDom":	"standalone_ps7_cortexa9_0",
			"sysDefaultDom":	"standalone_ps7_cortexa9_0",
			"domains":	[{
					"domainName":	"zynq_fsbl",
					"domainDispName":	"zynq_fsbl",
					"domainDesc":	"FSBL Application BSP - Auto Generated.",
					"processors":	"ps7_cortexa9_0",
					"os":	"standalone",
					"sdxOs":	"standalone",
					"debugEnable":	"",
					"domRuntimes":	["cpp"],
					"swRepo":	"",
					"mssOsVer":	"9.1",
					"mssFile":	"",
					"md5Digest":	"ffd369a5fb623ccfea9e69d09ea25f91",
					"compatibleApp":	"zynq_fsbl",
					"domType":	"bootDomain",
					"arch":	"32-bit",
					"appSettings":	{
						"appCompilerFlags":	"",
						"appLinkerFlags":	""
					},
					"addedLibs":	["xilffs:5.2", "xilrsa:1.8"],
					"libOptions":	{
						"libsContainingOptions":	[]
					},
					"prebuiltLibs":	{
						"prebuiltIncPath":	[],
						"prebuiltLibPath":	[]
					},
					"isolation":	{
					}
				}, {
					"domainName":	"standalone_ps7_cortexa9_0",
					"domainDispName":	"standalone_ps7_cortexa9_0",
					"domainDesc":	"standalone_ps7_cortexa9_0",
					"processors":	"ps7_cortexa9_0",
					"os":	"standalone",
					"sdxOs":	"standalone",
					"qemuArgs":	"<platformDir>/resources/HWSOC/standalone_ps7_cortexa9_0/qemu_args.txt",
					"qemuData":	"<platformDir>/resources/HWSOC/standalone_ps7_cortexa9_0/qemu",
					"debugEnable":	"False",
					"domRuntimes":	["cpp"],
					"swRepo":	"",
					"mssOsVer":	"9.1",
					"mssFile":	"",
					"md5Digest":	"674c771fc4c9fd186c2fce560d2b2e74",
					"compatibleApp":	"hello_world",
					"domType":	"mssDomain",
					"arch":	"32-bit",
					"appSettings":	{
						"appCompilerFlags":	"",
						"appLinkerFlags":	""
					},
					"addedLibs":	[],
					"libOptions":	{
						"libsContainingOptions":	[]
					},
					"prebuiltLibs":	{
						"prebuiltIncPath":	[],
						"prebuiltLibPath":	[]
					},
					"isolation":	{
					}
				}]
		}]
}
KEYINFO::2025-02-17.09:42:54::SCWPlatform::updated the xpfm file.
TRACE::2025-02-17.09:42:54::SCWPlatform::Trying to open the hw design at C:/devWorks/devWorks2/HWSOC/Vitis/HWSOC/hw/HWSOC.xsa
TRACE::2025-02-17.09:42:54::SCWPlatform::DSA given C:/devWorks/devWorks2/HWSOC/Vitis/HWSOC/hw/HWSOC.xsa
TRACE::2025-02-17.09:42:54::SCWPlatform::DSA absoulate path C:/devWorks/devWorks2/HWSOC/Vitis/HWSOC/hw/HWSOC.xsa
TRACE::2025-02-17.09:42:54::SCWPlatform::DSA directory C:/devWorks/devWorks2/HWSOC/Vitis/HWSOC/hw
TRACE::2025-02-17.09:42:54::SCWPlatform:: Platform Path C:/devWorks/devWorks2/HWSOC/Vitis/HWSOC/hw/HWSOC.xsa
TRACE::2025-02-17.09:42:54::SCWPlatform:: Unique name xilinx:pynq-z2::0.0
TRACE::2025-02-17.09:42:54::SCWPlatform::Trying to set the existing hwdb with name design_1_wrapper_0
TRACE::2025-02-17.09:42:54::SCWPlatform::Opened existing hwdb design_1_wrapper_0
TRACE::2025-02-17.09:42:54::SCWPlatform::Found the Hw Db part of the input DSA
TRACE::2025-02-17.09:42:54::SCWMssOS::Checking the sw design at  C:/devWorks/devWorks2/HWSOC/Vitis/HWSOC/ps7_cortexa9_0/standalone_ps7_cortexa9_0/bsp/system.mss
TRACE::2025-02-17.09:42:54::SCWMssOS::DEBUG:  swdes dump  C:/devWorks/devWorks2/HWSOC/Vitis/HWSOC/ps7_cortexa9_0/standalone_ps7_cortexa9_0/bsp/system.mss|system_0||
C:/devWorks/devWorks2/HWSOC/Vitis/HWSOC/zynq_fsbl/zynq_fsbl_bsp/system.mss|system||

TRACE::2025-02-17.09:42:54::SCWMssOS::Sw design exists and opened at  C:/devWorks/devWorks2/HWSOC/Vitis/HWSOC/ps7_cortexa9_0/standalone_ps7_cortexa9_0/bsp/system.mss
