TRACE::2025-05-05.09:35:58::SCWPlatform::Trying to open the hw design at C:/PXL/devWorks/devWorks2/ILA_DEMO/Vitis/ILADEMO/hw/ILADEMO.xsa
TRACE::2025-05-05.09:35:58::SCWPlatform::DSA given C:/PXL/devWorks/devWorks2/ILA_DEMO/Vitis/ILADEMO/hw/ILADEMO.xsa
TRACE::2025-05-05.09:35:58::SCWPlatform::DSA absoulate path C:/PXL/devWorks/devWorks2/ILA_DEMO/Vitis/ILADEMO/hw/ILADEMO.xsa
TRACE::2025-05-05.09:35:58::SCWPlatform::DSA directory C:/PXL/devWorks/devWorks2/ILA_DEMO/Vitis/ILADEMO/hw
TRACE::2025-05-05.09:35:58::SCWPlatform:: Platform Path C:/PXL/devWorks/devWorks2/ILA_DEMO/Vitis/ILADEMO/hw/ILADEMO.xsa
TRACE::2025-05-05.09:35:58::SCWPlatform:: Unique name xilinx:pynq-z2::0.0
TRACE::2025-05-05.09:35:58::SCWPlatform::Do not have an existing db opened. 
TRACE::2025-05-05.09:36:05::SCWPlatform::Opened new HwDB with name design_1_wrapper_0
TRACE::2025-05-05.09:36:05::SCWWriter::formatted JSON is {
	"platformName":	"ILADEMO",
	"sprVersion":	"2.0",
	"mode":	"gui",
	"dsaType":	"Fixed",
	"platformDesc":	"ILADEMO",
	"platHandOff":	"C:/PXL/devWorks/devWorks2/ILA_DEMO/ILADEMO.xsa",
	"platIntHandOff":	"<platformDir>/hw/ILADEMO.xsa",
	"deviceType":	"zynq",
	"platIsPrebuiltAutogen":	"false",
	"platIsNoBootBsp":	"false",
	"hasFsblMakeHasChanges":	"false",
	"hasPmufwMakeHasChanges":	"false",
	"platPreBuiltFlag":	false,
	"platformSamplesDir":	""
}
TRACE::2025-05-05.09:36:05::SCWWriter::formatted JSON is {
	"platformName":	"ILADEMO",
	"sprVersion":	"2.0",
	"mode":	"gui",
	"dsaType":	"Fixed",
	"platformDesc":	"ILADEMO",
	"platHandOff":	"C:/PXL/devWorks/devWorks2/ILA_DEMO/ILADEMO.xsa",
	"platIntHandOff":	"<platformDir>/hw/ILADEMO.xsa",
	"deviceType":	"zynq",
	"platIsPrebuiltAutogen":	"false",
	"platIsNoBootBsp":	"false",
	"hasFsblMakeHasChanges":	"false",
	"hasPmufwMakeHasChanges":	"false",
	"platPreBuiltFlag":	false,
	"platformSamplesDir":	"",
	"platActiveSys":	"ILADEMO",
	"systems":	[{
			"systemName":	"ILADEMO",
			"systemDesc":	"ILADEMO",
			"sysIsBootAutoGen":	"true",
			"systemDispName":	"ILADEMO"
		}]
}
TRACE::2025-05-05.09:36:05::SCWPlatform::Boot application domains not present, creating them
TRACE::2025-05-05.09:36:05::SCWDomain::checking for install qemu data   : 
TRACE::2025-05-05.09:36:05::SCWDomain:: Using the QEMU Data from install at  : C:/Xilinx/Vitis/2024.1/data/emulation/platforms/zynq/sw/a9_standalone/qemu/
TRACE::2025-05-05.09:36:05::SCWDomain:: Using the QEMU args  from install at  : C:/Xilinx/Vitis/2024.1/data/emulation/platforms/zynq/sw/a9_standalone/qemu/qemu_args.txt
TRACE::2025-05-05.09:36:05::SCWPlatform::Trying to open the hw design at C:/PXL/devWorks/devWorks2/ILA_DEMO/Vitis/ILADEMO/hw/ILADEMO.xsa
TRACE::2025-05-05.09:36:05::SCWPlatform::DSA given C:/PXL/devWorks/devWorks2/ILA_DEMO/Vitis/ILADEMO/hw/ILADEMO.xsa
TRACE::2025-05-05.09:36:05::SCWPlatform::DSA absoulate path C:/PXL/devWorks/devWorks2/ILA_DEMO/Vitis/ILADEMO/hw/ILADEMO.xsa
TRACE::2025-05-05.09:36:05::SCWPlatform::DSA directory C:/PXL/devWorks/devWorks2/ILA_DEMO/Vitis/ILADEMO/hw
TRACE::2025-05-05.09:36:05::SCWPlatform:: Platform Path C:/PXL/devWorks/devWorks2/ILA_DEMO/Vitis/ILADEMO/hw/ILADEMO.xsa
TRACE::2025-05-05.09:36:05::SCWPlatform:: Unique name xilinx:pynq-z2::0.0
TRACE::2025-05-05.09:36:05::SCWPlatform::Trying to set the existing hwdb with name design_1_wrapper_0
TRACE::2025-05-05.09:36:05::SCWPlatform::Opened existing hwdb design_1_wrapper_0
TRACE::2025-05-05.09:36:05::SCWPlatform::Found the Hw Db part of the input DSA
TRACE::2025-05-05.09:36:05::SCWPlatform::Trying to open the hw design at C:/PXL/devWorks/devWorks2/ILA_DEMO/Vitis/ILADEMO/hw/ILADEMO.xsa
TRACE::2025-05-05.09:36:05::SCWPlatform::DSA given C:/PXL/devWorks/devWorks2/ILA_DEMO/Vitis/ILADEMO/hw/ILADEMO.xsa
TRACE::2025-05-05.09:36:05::SCWPlatform::DSA absoulate path C:/PXL/devWorks/devWorks2/ILA_DEMO/Vitis/ILADEMO/hw/ILADEMO.xsa
TRACE::2025-05-05.09:36:05::SCWPlatform::DSA directory C:/PXL/devWorks/devWorks2/ILA_DEMO/Vitis/ILADEMO/hw
TRACE::2025-05-05.09:36:05::SCWPlatform:: Platform Path C:/PXL/devWorks/devWorks2/ILA_DEMO/Vitis/ILADEMO/hw/ILADEMO.xsa
TRACE::2025-05-05.09:36:05::SCWPlatform:: Unique name xilinx:pynq-z2::0.0
TRACE::2025-05-05.09:36:05::SCWPlatform::Trying to set the existing hwdb with name design_1_wrapper_0
TRACE::2025-05-05.09:36:05::SCWPlatform::Opened existing hwdb design_1_wrapper_0
TRACE::2025-05-05.09:36:05::SCWPlatform::Found the Hw Db part of the input DSA
TRACE::2025-05-05.09:36:05::SCWPlatform::Trying to open the hw design at C:/PXL/devWorks/devWorks2/ILA_DEMO/Vitis/ILADEMO/hw/ILADEMO.xsa
TRACE::2025-05-05.09:36:05::SCWPlatform::DSA given C:/PXL/devWorks/devWorks2/ILA_DEMO/Vitis/ILADEMO/hw/ILADEMO.xsa
TRACE::2025-05-05.09:36:05::SCWPlatform::DSA absoulate path C:/PXL/devWorks/devWorks2/ILA_DEMO/Vitis/ILADEMO/hw/ILADEMO.xsa
TRACE::2025-05-05.09:36:05::SCWPlatform::DSA directory C:/PXL/devWorks/devWorks2/ILA_DEMO/Vitis/ILADEMO/hw
TRACE::2025-05-05.09:36:05::SCWPlatform:: Platform Path C:/PXL/devWorks/devWorks2/ILA_DEMO/Vitis/ILADEMO/hw/ILADEMO.xsa
TRACE::2025-05-05.09:36:05::SCWPlatform:: Unique name xilinx:pynq-z2::0.0
TRACE::2025-05-05.09:36:05::SCWPlatform::Trying to set the existing hwdb with name design_1_wrapper_0
TRACE::2025-05-05.09:36:05::SCWPlatform::Opened existing hwdb design_1_wrapper_0
TRACE::2025-05-05.09:36:05::SCWPlatform::Found the Hw Db part of the input DSA
TRACE::2025-05-05.09:36:05::SCWPlatform::Boot application domain added for zynq_fsbl
TRACE::2025-05-05.09:36:05::SCWPlatform::Generating the sources  .
TRACE::2025-05-05.09:36:05::SCWBDomain::Generating boot domain sources.
TRACE::2025-05-05.09:36:05::SCWBDomain:: Generating the zynq_fsbl Application.
TRACE::2025-05-05.09:36:05::SCWPlatform::Trying to open the hw design at C:/PXL/devWorks/devWorks2/ILA_DEMO/Vitis/ILADEMO/hw/ILADEMO.xsa
TRACE::2025-05-05.09:36:05::SCWPlatform::DSA given C:/PXL/devWorks/devWorks2/ILA_DEMO/Vitis/ILADEMO/hw/ILADEMO.xsa
TRACE::2025-05-05.09:36:05::SCWPlatform::DSA absoulate path C:/PXL/devWorks/devWorks2/ILA_DEMO/Vitis/ILADEMO/hw/ILADEMO.xsa
TRACE::2025-05-05.09:36:05::SCWPlatform::DSA directory C:/PXL/devWorks/devWorks2/ILA_DEMO/Vitis/ILADEMO/hw
TRACE::2025-05-05.09:36:05::SCWPlatform:: Platform Path C:/PXL/devWorks/devWorks2/ILA_DEMO/Vitis/ILADEMO/hw/ILADEMO.xsa
TRACE::2025-05-05.09:36:05::SCWPlatform:: Unique name xilinx:pynq-z2::0.0
TRACE::2025-05-05.09:36:05::SCWPlatform::Trying to set the existing hwdb with name design_1_wrapper_0
TRACE::2025-05-05.09:36:05::SCWPlatform::Opened existing hwdb design_1_wrapper_0
TRACE::2025-05-05.09:36:05::SCWPlatform::Found the Hw Db part of the input DSA
TRACE::2025-05-05.09:36:05::SCWMssOS::Checking the sw design at  C:/PXL/devWorks/devWorks2/ILA_DEMO/Vitis/ILADEMO/zynq_fsbl/zynq_fsbl_bsp/system.mss
TRACE::2025-05-05.09:36:05::SCWMssOS::DEBUG:  swdes dump  
TRACE::2025-05-05.09:36:05::SCWMssOS::No sw design opened at  C:/PXL/devWorks/devWorks2/ILA_DEMO/Vitis/ILADEMO/zynq_fsbl/zynq_fsbl_bsp/system.mss
TRACE::2025-05-05.09:36:05::SCWMssOS::mss does not exists at C:/PXL/devWorks/devWorks2/ILA_DEMO/Vitis/ILADEMO/zynq_fsbl/zynq_fsbl_bsp/system.mss
TRACE::2025-05-05.09:36:05::SCWMssOS::Creating sw design at  C:/PXL/devWorks/devWorks2/ILA_DEMO/Vitis/ILADEMO/zynq_fsbl/zynq_fsbl_bsp/system.mss
TRACE::2025-05-05.09:36:05::SCWMssOS::Adding the swdes entry, created swdb C:/PXL/devWorks/devWorks2/ILA_DEMO/Vitis/ILADEMO/zynq_fsbl/zynq_fsbl_bsp/system.mss with des name C:/PXL/devWorks/devWorks2/ILA_DEMO/Vitis/ILADEMO/zynq_fsbl/zynq_fsbl_bsp/system.mss
TRACE::2025-05-05.09:36:05::SCWMssOS::updating the scw layer changes to swdes at   C:/PXL/devWorks/devWorks2/ILA_DEMO/Vitis/ILADEMO/zynq_fsbl/zynq_fsbl_bsp/system.mss
TRACE::2025-05-05.09:36:05::SCWMssOS::Writing mss at C:/PXL/devWorks/devWorks2/ILA_DEMO/Vitis/ILADEMO/zynq_fsbl/zynq_fsbl_bsp/system.mss
TRACE::2025-05-05.09:36:05::SCWMssOS::Completed writing the mss file at C:/PXL/devWorks/devWorks2/ILA_DEMO/Vitis/ILADEMO/zynq_fsbl/zynq_fsbl_bsp
TRACE::2025-05-05.09:36:05::SCWMssOS::Picking up changes from newly written mss file into SCW Layer. 
TRACE::2025-05-05.09:36:05::SCWMssOS::Updated the changes from newly written mss file into SCW Layer. 
TRACE::2025-05-05.09:36:05::SCWBDomain::Completed writing the mss file at C:/PXL/devWorks/devWorks2/ILA_DEMO/Vitis/ILADEMO/zynq_fsbl/zynq_fsbl_bsp
TRACE::2025-05-05.09:36:13::SCWPlatform::Generating sources Done.
TRACE::2025-05-05.09:36:13::SCWPlatform::Trying to open the hw design at C:/PXL/devWorks/devWorks2/ILA_DEMO/Vitis/ILADEMO/hw/ILADEMO.xsa
TRACE::2025-05-05.09:36:13::SCWPlatform::DSA given C:/PXL/devWorks/devWorks2/ILA_DEMO/Vitis/ILADEMO/hw/ILADEMO.xsa
TRACE::2025-05-05.09:36:13::SCWPlatform::DSA absoulate path C:/PXL/devWorks/devWorks2/ILA_DEMO/Vitis/ILADEMO/hw/ILADEMO.xsa
TRACE::2025-05-05.09:36:13::SCWPlatform::DSA directory C:/PXL/devWorks/devWorks2/ILA_DEMO/Vitis/ILADEMO/hw
TRACE::2025-05-05.09:36:13::SCWPlatform:: Platform Path C:/PXL/devWorks/devWorks2/ILA_DEMO/Vitis/ILADEMO/hw/ILADEMO.xsa
TRACE::2025-05-05.09:36:13::SCWPlatform:: Unique name xilinx:pynq-z2::0.0
TRACE::2025-05-05.09:36:13::SCWPlatform::Trying to set the existing hwdb with name design_1_wrapper_0
TRACE::2025-05-05.09:36:13::SCWPlatform::Opened existing hwdb design_1_wrapper_0
TRACE::2025-05-05.09:36:13::SCWPlatform::Found the Hw Db part of the input DSA
TRACE::2025-05-05.09:36:13::SCWMssOS::Checking the sw design at  C:/PXL/devWorks/devWorks2/ILA_DEMO/Vitis/ILADEMO/zynq_fsbl/zynq_fsbl_bsp/system.mss
TRACE::2025-05-05.09:36:13::SCWMssOS::DEBUG:  swdes dump  
TRACE::2025-05-05.09:36:13::SCWMssOS::No sw design opened at  C:/PXL/devWorks/devWorks2/ILA_DEMO/Vitis/ILADEMO/zynq_fsbl/zynq_fsbl_bsp/system.mss
TRACE::2025-05-05.09:36:13::SCWMssOS::mss exists loading the mss file  C:/PXL/devWorks/devWorks2/ILA_DEMO/Vitis/ILADEMO/zynq_fsbl/zynq_fsbl_bsp/system.mss
TRACE::2025-05-05.09:36:13::SCWMssOS::Opened the sw design from mss  C:/PXL/devWorks/devWorks2/ILA_DEMO/Vitis/ILADEMO/zynq_fsbl/zynq_fsbl_bsp/system.mss
TRACE::2025-05-05.09:36:13::SCWMssOS::Adding the swdes entry C:/PXL/devWorks/devWorks2/ILA_DEMO/Vitis/ILADEMO/zynq_fsbl/zynq_fsbl_bsp/system.mss with des name system
TRACE::2025-05-05.09:36:13::SCWMssOS::updating the scw layer about changes
TRACE::2025-05-05.09:36:13::SCWMssOS::Opened the sw design.  C:/PXL/devWorks/devWorks2/ILA_DEMO/Vitis/ILADEMO/zynq_fsbl/zynq_fsbl_bsp/system.mss
TRACE::2025-05-05.09:36:13::SCWMssOS::Saving the mss changes C:/PXL/devWorks/devWorks2/ILA_DEMO/Vitis/ILADEMO/zynq_fsbl/zynq_fsbl_bsp/system.mss
TRACE::2025-05-05.09:36:13::SCWMssOS::Found a swdesign opened with the mssfile.
TRACE::2025-05-05.09:36:13::SCWMssOS::Completed writemss as part of save.
TRACE::2025-05-05.09:36:13::SCWMssOS::Commit changes completed.
TRACE::2025-05-05.09:36:13::SCWPlatform::Trying to open the hw design at C:/PXL/devWorks/devWorks2/ILA_DEMO/Vitis/ILADEMO/hw/ILADEMO.xsa
TRACE::2025-05-05.09:36:13::SCWPlatform::DSA given C:/PXL/devWorks/devWorks2/ILA_DEMO/Vitis/ILADEMO/hw/ILADEMO.xsa
TRACE::2025-05-05.09:36:13::SCWPlatform::DSA absoulate path C:/PXL/devWorks/devWorks2/ILA_DEMO/Vitis/ILADEMO/hw/ILADEMO.xsa
TRACE::2025-05-05.09:36:13::SCWPlatform::DSA directory C:/PXL/devWorks/devWorks2/ILA_DEMO/Vitis/ILADEMO/hw
TRACE::2025-05-05.09:36:13::SCWPlatform:: Platform Path C:/PXL/devWorks/devWorks2/ILA_DEMO/Vitis/ILADEMO/hw/ILADEMO.xsa
TRACE::2025-05-05.09:36:13::SCWPlatform:: Unique name xilinx:pynq-z2::0.0
TRACE::2025-05-05.09:36:13::SCWPlatform::Trying to set the existing hwdb with name design_1_wrapper_0
TRACE::2025-05-05.09:36:13::SCWPlatform::Opened existing hwdb design_1_wrapper_0
TRACE::2025-05-05.09:36:13::SCWPlatform::Found the Hw Db part of the input DSA
TRACE::2025-05-05.09:36:13::SCWMssOS::Checking the sw design at  C:/PXL/devWorks/devWorks2/ILA_DEMO/Vitis/ILADEMO/zynq_fsbl/zynq_fsbl_bsp/system.mss
TRACE::2025-05-05.09:36:13::SCWMssOS::DEBUG:  swdes dump  C:/PXL/devWorks/devWorks2/ILA_DEMO/Vitis/ILADEMO/zynq_fsbl/zynq_fsbl_bsp/system.mss|system||

TRACE::2025-05-05.09:36:13::SCWMssOS::Sw design exists and opened at  C:/PXL/devWorks/devWorks2/ILA_DEMO/Vitis/ILADEMO/zynq_fsbl/zynq_fsbl_bsp/system.mss
TRACE::2025-05-05.09:36:13::SCWPlatform::Trying to open the hw design at C:/PXL/devWorks/devWorks2/ILA_DEMO/Vitis/ILADEMO/hw/ILADEMO.xsa
TRACE::2025-05-05.09:36:13::SCWPlatform::DSA given C:/PXL/devWorks/devWorks2/ILA_DEMO/Vitis/ILADEMO/hw/ILADEMO.xsa
TRACE::2025-05-05.09:36:13::SCWPlatform::DSA absoulate path C:/PXL/devWorks/devWorks2/ILA_DEMO/Vitis/ILADEMO/hw/ILADEMO.xsa
TRACE::2025-05-05.09:36:13::SCWPlatform::DSA directory C:/PXL/devWorks/devWorks2/ILA_DEMO/Vitis/ILADEMO/hw
TRACE::2025-05-05.09:36:13::SCWPlatform:: Platform Path C:/PXL/devWorks/devWorks2/ILA_DEMO/Vitis/ILADEMO/hw/ILADEMO.xsa
TRACE::2025-05-05.09:36:13::SCWPlatform:: Unique name xilinx:pynq-z2::0.0
TRACE::2025-05-05.09:36:13::SCWPlatform::Trying to set the existing hwdb with name design_1_wrapper_0
TRACE::2025-05-05.09:36:13::SCWPlatform::Opened existing hwdb design_1_wrapper_0
TRACE::2025-05-05.09:36:13::SCWPlatform::Found the Hw Db part of the input DSA
TRACE::2025-05-05.09:36:13::SCWMssOS::Checking the sw design at  C:/PXL/devWorks/devWorks2/ILA_DEMO/Vitis/ILADEMO/zynq_fsbl/zynq_fsbl_bsp/system.mss
TRACE::2025-05-05.09:36:13::SCWMssOS::DEBUG:  swdes dump  C:/PXL/devWorks/devWorks2/ILA_DEMO/Vitis/ILADEMO/zynq_fsbl/zynq_fsbl_bsp/system.mss|system||

TRACE::2025-05-05.09:36:13::SCWMssOS::Sw design exists and opened at  C:/PXL/devWorks/devWorks2/ILA_DEMO/Vitis/ILADEMO/zynq_fsbl/zynq_fsbl_bsp/system.mss
TRACE::2025-05-05.09:36:13::SCWPlatform::Trying to open the hw design at C:/PXL/devWorks/devWorks2/ILA_DEMO/Vitis/ILADEMO/hw/ILADEMO.xsa
TRACE::2025-05-05.09:36:13::SCWPlatform::DSA given C:/PXL/devWorks/devWorks2/ILA_DEMO/Vitis/ILADEMO/hw/ILADEMO.xsa
TRACE::2025-05-05.09:36:13::SCWPlatform::DSA absoulate path C:/PXL/devWorks/devWorks2/ILA_DEMO/Vitis/ILADEMO/hw/ILADEMO.xsa
TRACE::2025-05-05.09:36:13::SCWPlatform::DSA directory C:/PXL/devWorks/devWorks2/ILA_DEMO/Vitis/ILADEMO/hw
TRACE::2025-05-05.09:36:13::SCWPlatform:: Platform Path C:/PXL/devWorks/devWorks2/ILA_DEMO/Vitis/ILADEMO/hw/ILADEMO.xsa
TRACE::2025-05-05.09:36:13::SCWPlatform:: Unique name xilinx:pynq-z2::0.0
TRACE::2025-05-05.09:36:13::SCWPlatform::Trying to set the existing hwdb with name design_1_wrapper_0
TRACE::2025-05-05.09:36:13::SCWPlatform::Opened existing hwdb design_1_wrapper_0
TRACE::2025-05-05.09:36:13::SCWPlatform::Found the Hw Db part of the input DSA
TRACE::2025-05-05.09:36:13::SCWMssOS::Checking the sw design at  C:/PXL/devWorks/devWorks2/ILA_DEMO/Vitis/ILADEMO/zynq_fsbl/zynq_fsbl_bsp/system.mss
TRACE::2025-05-05.09:36:13::SCWMssOS::DEBUG:  swdes dump  C:/PXL/devWorks/devWorks2/ILA_DEMO/Vitis/ILADEMO/zynq_fsbl/zynq_fsbl_bsp/system.mss|system||

TRACE::2025-05-05.09:36:13::SCWMssOS::Sw design exists and opened at  C:/PXL/devWorks/devWorks2/ILA_DEMO/Vitis/ILADEMO/zynq_fsbl/zynq_fsbl_bsp/system.mss
TRACE::2025-05-05.09:36:13::SCWWriter::formatted JSON is {
	"platformName":	"ILADEMO",
	"sprVersion":	"2.0",
	"mode":	"gui",
	"dsaType":	"Fixed",
	"platformDesc":	"ILADEMO",
	"platHandOff":	"C:/PXL/devWorks/devWorks2/ILA_DEMO/ILADEMO.xsa",
	"platIntHandOff":	"<platformDir>/hw/ILADEMO.xsa",
	"deviceType":	"zynq",
	"platIsPrebuiltAutogen":	"false",
	"platIsNoBootBsp":	"false",
	"platFsblTarget":	"ps7_cortexa9_0",
	"hasFsblMakeHasChanges":	"false",
	"hasPmufwMakeHasChanges":	"false",
	"fsblExtraCompilerFlags":	"-MMD -MP       -mcpu=cortex-a9 -mfpu=vfpv3 -mfloat-abi=hard ",
	"platPreBuiltFlag":	false,
	"platformSamplesDir":	"",
	"platActiveSys":	"ILADEMO",
	"systems":	[{
			"systemName":	"ILADEMO",
			"systemDesc":	"ILADEMO",
			"sysIsBootAutoGen":	"true",
			"systemDispName":	"ILADEMO",
			"sysActiveDom":	"zynq_fsbl",
			"sysDefaultDom":	"",
			"domains":	[{
					"domainName":	"zynq_fsbl",
					"domainDispName":	"zynq_fsbl",
					"domainDesc":	"FSBL Application BSP - Auto Generated.",
					"processors":	"ps7_cortexa9_0",
					"os":	"standalone",
					"sdxOs":	"standalone",
					"debugEnable":	"",
					"domRuntimes":	["cpp"],
					"swRepo":	"",
					"mssOsVer":	"9.1",
					"mssFile":	"",
					"md5Digest":	"38ba93e41c0d74ae18df48b1f9514907",
					"compatibleApp":	"zynq_fsbl",
					"domType":	"bootDomain",
					"arch":	"32-bit",
					"appSettings":	{
						"appCompilerFlags":	"",
						"appLinkerFlags":	""
					},
					"addedLibs":	["xilffs:5.2", "xilrsa:1.8"],
					"libOptions":	{
						"libsContainingOptions":	[]
					},
					"prebuiltLibs":	{
						"prebuiltIncPath":	[],
						"prebuiltLibPath":	[]
					},
					"isolation":	{
					}
				}]
		}]
}
TRACE::2025-05-05.09:36:13::SCWMssOS::Saving the mss changes C:/PXL/devWorks/devWorks2/ILA_DEMO/Vitis/ILADEMO/zynq_fsbl/zynq_fsbl_bsp/system.mss
TRACE::2025-05-05.09:36:13::SCWMssOS::Found a swdesign opened with the mssfile.
TRACE::2025-05-05.09:36:13::SCWMssOS::Completed writemss as part of save.
TRACE::2025-05-05.09:36:13::SCWMssOS::Commit changes completed.
TRACE::2025-05-05.09:36:13::SCWPlatform::Trying to open the hw design at C:/PXL/devWorks/devWorks2/ILA_DEMO/Vitis/ILADEMO/hw/ILADEMO.xsa
TRACE::2025-05-05.09:36:13::SCWPlatform::DSA given C:/PXL/devWorks/devWorks2/ILA_DEMO/Vitis/ILADEMO/hw/ILADEMO.xsa
TRACE::2025-05-05.09:36:13::SCWPlatform::DSA absoulate path C:/PXL/devWorks/devWorks2/ILA_DEMO/Vitis/ILADEMO/hw/ILADEMO.xsa
TRACE::2025-05-05.09:36:13::SCWPlatform::DSA directory C:/PXL/devWorks/devWorks2/ILA_DEMO/Vitis/ILADEMO/hw
TRACE::2025-05-05.09:36:13::SCWPlatform:: Platform Path C:/PXL/devWorks/devWorks2/ILA_DEMO/Vitis/ILADEMO/hw/ILADEMO.xsa
TRACE::2025-05-05.09:36:13::SCWPlatform:: Unique name xilinx:pynq-z2::0.0
TRACE::2025-05-05.09:36:13::SCWPlatform::Trying to set the existing hwdb with name design_1_wrapper_0
TRACE::2025-05-05.09:36:13::SCWPlatform::Opened existing hwdb design_1_wrapper_0
TRACE::2025-05-05.09:36:13::SCWPlatform::Found the Hw Db part of the input DSA
TRACE::2025-05-05.09:36:13::SCWMssOS::Checking the sw design at  C:/PXL/devWorks/devWorks2/ILA_DEMO/Vitis/ILADEMO/zynq_fsbl/zynq_fsbl_bsp/system.mss
TRACE::2025-05-05.09:36:13::SCWMssOS::DEBUG:  swdes dump  C:/PXL/devWorks/devWorks2/ILA_DEMO/Vitis/ILADEMO/zynq_fsbl/zynq_fsbl_bsp/system.mss|system||

TRACE::2025-05-05.09:36:13::SCWMssOS::Sw design exists and opened at  C:/PXL/devWorks/devWorks2/ILA_DEMO/Vitis/ILADEMO/zynq_fsbl/zynq_fsbl_bsp/system.mss
TRACE::2025-05-05.09:36:13::SCWPlatform::Trying to open the hw design at C:/PXL/devWorks/devWorks2/ILA_DEMO/Vitis/ILADEMO/hw/ILADEMO.xsa
TRACE::2025-05-05.09:36:13::SCWPlatform::DSA given C:/PXL/devWorks/devWorks2/ILA_DEMO/Vitis/ILADEMO/hw/ILADEMO.xsa
TRACE::2025-05-05.09:36:13::SCWPlatform::DSA absoulate path C:/PXL/devWorks/devWorks2/ILA_DEMO/Vitis/ILADEMO/hw/ILADEMO.xsa
TRACE::2025-05-05.09:36:13::SCWPlatform::DSA directory C:/PXL/devWorks/devWorks2/ILA_DEMO/Vitis/ILADEMO/hw
TRACE::2025-05-05.09:36:13::SCWPlatform:: Platform Path C:/PXL/devWorks/devWorks2/ILA_DEMO/Vitis/ILADEMO/hw/ILADEMO.xsa
TRACE::2025-05-05.09:36:13::SCWPlatform:: Unique name xilinx:pynq-z2::0.0
TRACE::2025-05-05.09:36:13::SCWPlatform::Trying to set the existing hwdb with name design_1_wrapper_0
TRACE::2025-05-05.09:36:13::SCWPlatform::Opened existing hwdb design_1_wrapper_0
TRACE::2025-05-05.09:36:13::SCWPlatform::Found the Hw Db part of the input DSA
TRACE::2025-05-05.09:36:13::SCWMssOS::Checking the sw design at  C:/PXL/devWorks/devWorks2/ILA_DEMO/Vitis/ILADEMO/zynq_fsbl/zynq_fsbl_bsp/system.mss
TRACE::2025-05-05.09:36:13::SCWMssOS::DEBUG:  swdes dump  C:/PXL/devWorks/devWorks2/ILA_DEMO/Vitis/ILADEMO/zynq_fsbl/zynq_fsbl_bsp/system.mss|system||

TRACE::2025-05-05.09:36:13::SCWMssOS::Sw design exists and opened at  C:/PXL/devWorks/devWorks2/ILA_DEMO/Vitis/ILADEMO/zynq_fsbl/zynq_fsbl_bsp/system.mss
TRACE::2025-05-05.09:36:13::SCWPlatform::Trying to open the hw design at C:/PXL/devWorks/devWorks2/ILA_DEMO/Vitis/ILADEMO/hw/ILADEMO.xsa
TRACE::2025-05-05.09:36:13::SCWPlatform::DSA given C:/PXL/devWorks/devWorks2/ILA_DEMO/Vitis/ILADEMO/hw/ILADEMO.xsa
TRACE::2025-05-05.09:36:13::SCWPlatform::DSA absoulate path C:/PXL/devWorks/devWorks2/ILA_DEMO/Vitis/ILADEMO/hw/ILADEMO.xsa
TRACE::2025-05-05.09:36:13::SCWPlatform::DSA directory C:/PXL/devWorks/devWorks2/ILA_DEMO/Vitis/ILADEMO/hw
TRACE::2025-05-05.09:36:13::SCWPlatform:: Platform Path C:/PXL/devWorks/devWorks2/ILA_DEMO/Vitis/ILADEMO/hw/ILADEMO.xsa
TRACE::2025-05-05.09:36:13::SCWPlatform:: Unique name xilinx:pynq-z2::0.0
TRACE::2025-05-05.09:36:13::SCWPlatform::Trying to set the existing hwdb with name design_1_wrapper_0
TRACE::2025-05-05.09:36:13::SCWPlatform::Opened existing hwdb design_1_wrapper_0
TRACE::2025-05-05.09:36:13::SCWPlatform::Found the Hw Db part of the input DSA
TRACE::2025-05-05.09:36:13::SCWMssOS::Checking the sw design at  C:/PXL/devWorks/devWorks2/ILA_DEMO/Vitis/ILADEMO/zynq_fsbl/zynq_fsbl_bsp/system.mss
TRACE::2025-05-05.09:36:13::SCWMssOS::DEBUG:  swdes dump  C:/PXL/devWorks/devWorks2/ILA_DEMO/Vitis/ILADEMO/zynq_fsbl/zynq_fsbl_bsp/system.mss|system||

TRACE::2025-05-05.09:36:13::SCWMssOS::Sw design exists and opened at  C:/PXL/devWorks/devWorks2/ILA_DEMO/Vitis/ILADEMO/zynq_fsbl/zynq_fsbl_bsp/system.mss
TRACE::2025-05-05.09:36:13::SCWWriter::formatted JSON is {
	"platformName":	"ILADEMO",
	"sprVersion":	"2.0",
	"mode":	"gui",
	"dsaType":	"Fixed",
	"platformDesc":	"ILADEMO",
	"platHandOff":	"C:/PXL/devWorks/devWorks2/ILA_DEMO/ILADEMO.xsa",
	"platIntHandOff":	"<platformDir>/hw/ILADEMO.xsa",
	"deviceType":	"zynq",
	"platIsPrebuiltAutogen":	"false",
	"platIsNoBootBsp":	"false",
	"platFsblTarget":	"ps7_cortexa9_0",
	"hasFsblMakeHasChanges":	"false",
	"hasPmufwMakeHasChanges":	"false",
	"fsblExtraCompilerFlags":	"-MMD -MP       -mcpu=cortex-a9 -mfpu=vfpv3 -mfloat-abi=hard ",
	"platPreBuiltFlag":	false,
	"platformSamplesDir":	"",
	"platActiveSys":	"ILADEMO",
	"systems":	[{
			"systemName":	"ILADEMO",
			"systemDesc":	"ILADEMO",
			"sysIsBootAutoGen":	"true",
			"systemDispName":	"ILADEMO",
			"sysActiveDom":	"zynq_fsbl",
			"sysDefaultDom":	"",
			"domains":	[{
					"domainName":	"zynq_fsbl",
					"domainDispName":	"zynq_fsbl",
					"domainDesc":	"FSBL Application BSP - Auto Generated.",
					"processors":	"ps7_cortexa9_0",
					"os":	"standalone",
					"sdxOs":	"standalone",
					"debugEnable":	"",
					"domRuntimes":	["cpp"],
					"swRepo":	"",
					"mssOsVer":	"9.1",
					"mssFile":	"",
					"md5Digest":	"38ba93e41c0d74ae18df48b1f9514907",
					"compatibleApp":	"zynq_fsbl",
					"domType":	"bootDomain",
					"arch":	"32-bit",
					"appSettings":	{
						"appCompilerFlags":	"",
						"appLinkerFlags":	""
					},
					"addedLibs":	["xilffs:5.2", "xilrsa:1.8"],
					"libOptions":	{
						"libsContainingOptions":	[]
					},
					"prebuiltLibs":	{
						"prebuiltIncPath":	[],
						"prebuiltLibPath":	[]
					},
					"isolation":	{
					}
				}]
		}]
}
TRACE::2025-05-05.09:36:13::SCWPlatform::Trying to open the hw design at C:/PXL/devWorks/devWorks2/ILA_DEMO/Vitis/ILADEMO/hw/ILADEMO.xsa
TRACE::2025-05-05.09:36:13::SCWPlatform::DSA given C:/PXL/devWorks/devWorks2/ILA_DEMO/Vitis/ILADEMO/hw/ILADEMO.xsa
TRACE::2025-05-05.09:36:13::SCWPlatform::DSA absoulate path C:/PXL/devWorks/devWorks2/ILA_DEMO/Vitis/ILADEMO/hw/ILADEMO.xsa
TRACE::2025-05-05.09:36:13::SCWPlatform::DSA directory C:/PXL/devWorks/devWorks2/ILA_DEMO/Vitis/ILADEMO/hw
TRACE::2025-05-05.09:36:13::SCWPlatform:: Platform Path C:/PXL/devWorks/devWorks2/ILA_DEMO/Vitis/ILADEMO/hw/ILADEMO.xsa
TRACE::2025-05-05.09:36:13::SCWPlatform:: Unique name xilinx:pynq-z2::0.0
TRACE::2025-05-05.09:36:13::SCWPlatform::Trying to set the existing hwdb with name design_1_wrapper_0
TRACE::2025-05-05.09:36:13::SCWPlatform::Opened existing hwdb design_1_wrapper_0
TRACE::2025-05-05.09:36:13::SCWPlatform::Found the Hw Db part of the input DSA
TRACE::2025-05-05.09:36:13::SCWDomain::checking for install qemu data   : 
TRACE::2025-05-05.09:36:13::SCWDomain:: Using the QEMU Data from install at  : C:/Xilinx/Vitis/2024.1/data/emulation/platforms/zynq/sw/a9_standalone/qemu/
TRACE::2025-05-05.09:36:13::SCWDomain:: Using the QEMU args  from install at  : C:/Xilinx/Vitis/2024.1/data/emulation/platforms/zynq/sw/a9_standalone/qemu/qemu_args.txt
TRACE::2025-05-05.09:36:13::SCWPlatform::Trying to open the hw design at C:/PXL/devWorks/devWorks2/ILA_DEMO/Vitis/ILADEMO/hw/ILADEMO.xsa
TRACE::2025-05-05.09:36:13::SCWPlatform::DSA given C:/PXL/devWorks/devWorks2/ILA_DEMO/Vitis/ILADEMO/hw/ILADEMO.xsa
TRACE::2025-05-05.09:36:13::SCWPlatform::DSA absoulate path C:/PXL/devWorks/devWorks2/ILA_DEMO/Vitis/ILADEMO/hw/ILADEMO.xsa
TRACE::2025-05-05.09:36:13::SCWPlatform::DSA directory C:/PXL/devWorks/devWorks2/ILA_DEMO/Vitis/ILADEMO/hw
TRACE::2025-05-05.09:36:13::SCWPlatform:: Platform Path C:/PXL/devWorks/devWorks2/ILA_DEMO/Vitis/ILADEMO/hw/ILADEMO.xsa
TRACE::2025-05-05.09:36:13::SCWPlatform:: Unique name xilinx:pynq-z2::0.0
TRACE::2025-05-05.09:36:13::SCWPlatform::Trying to set the existing hwdb with name design_1_wrapper_0
TRACE::2025-05-05.09:36:13::SCWPlatform::Opened existing hwdb design_1_wrapper_0
TRACE::2025-05-05.09:36:13::SCWPlatform::Found the Hw Db part of the input DSA
TRACE::2025-05-05.09:36:13::SCWPlatform::Trying to open the hw design at C:/PXL/devWorks/devWorks2/ILA_DEMO/Vitis/ILADEMO/hw/ILADEMO.xsa
TRACE::2025-05-05.09:36:13::SCWPlatform::DSA given C:/PXL/devWorks/devWorks2/ILA_DEMO/Vitis/ILADEMO/hw/ILADEMO.xsa
TRACE::2025-05-05.09:36:13::SCWPlatform::DSA absoulate path C:/PXL/devWorks/devWorks2/ILA_DEMO/Vitis/ILADEMO/hw/ILADEMO.xsa
TRACE::2025-05-05.09:36:13::SCWPlatform::DSA directory C:/PXL/devWorks/devWorks2/ILA_DEMO/Vitis/ILADEMO/hw
TRACE::2025-05-05.09:36:13::SCWPlatform:: Platform Path C:/PXL/devWorks/devWorks2/ILA_DEMO/Vitis/ILADEMO/hw/ILADEMO.xsa
TRACE::2025-05-05.09:36:13::SCWPlatform:: Unique name xilinx:pynq-z2::0.0
TRACE::2025-05-05.09:36:13::SCWPlatform::Trying to set the existing hwdb with name design_1_wrapper_0
TRACE::2025-05-05.09:36:13::SCWPlatform::Opened existing hwdb design_1_wrapper_0
TRACE::2025-05-05.09:36:13::SCWPlatform::Found the Hw Db part of the input DSA
TRACE::2025-05-05.09:36:13::SCWDomain::Qemu Directory name is changed from "" to "qemu"
TRACE::2025-05-05.09:36:13::SCWPlatform::Trying to open the hw design at C:/PXL/devWorks/devWorks2/ILA_DEMO/Vitis/ILADEMO/hw/ILADEMO.xsa
TRACE::2025-05-05.09:36:13::SCWPlatform::DSA given C:/PXL/devWorks/devWorks2/ILA_DEMO/Vitis/ILADEMO/hw/ILADEMO.xsa
TRACE::2025-05-05.09:36:13::SCWPlatform::DSA absoulate path C:/PXL/devWorks/devWorks2/ILA_DEMO/Vitis/ILADEMO/hw/ILADEMO.xsa
TRACE::2025-05-05.09:36:13::SCWPlatform::DSA directory C:/PXL/devWorks/devWorks2/ILA_DEMO/Vitis/ILADEMO/hw
TRACE::2025-05-05.09:36:13::SCWPlatform:: Platform Path C:/PXL/devWorks/devWorks2/ILA_DEMO/Vitis/ILADEMO/hw/ILADEMO.xsa
TRACE::2025-05-05.09:36:13::SCWPlatform:: Unique name xilinx:pynq-z2::0.0
TRACE::2025-05-05.09:36:13::SCWPlatform::Trying to set the existing hwdb with name design_1_wrapper_0
TRACE::2025-05-05.09:36:13::SCWPlatform::Opened existing hwdb design_1_wrapper_0
TRACE::2025-05-05.09:36:13::SCWPlatform::Found the Hw Db part of the input DSA
TRACE::2025-05-05.09:36:13::SCWMssOS::Checking the sw design at  C:/PXL/devWorks/devWorks2/ILA_DEMO/Vitis/ILADEMO/ps7_cortexa9_0/standalone_ps7_cortexa9_0/bsp/system.mss
TRACE::2025-05-05.09:36:13::SCWMssOS::DEBUG:  swdes dump  C:/PXL/devWorks/devWorks2/ILA_DEMO/Vitis/ILADEMO/zynq_fsbl/zynq_fsbl_bsp/system.mss|system||

TRACE::2025-05-05.09:36:13::SCWMssOS::No sw design opened at  C:/PXL/devWorks/devWorks2/ILA_DEMO/Vitis/ILADEMO/ps7_cortexa9_0/standalone_ps7_cortexa9_0/bsp/system.mss
TRACE::2025-05-05.09:36:13::SCWMssOS::mss does not exists at C:/PXL/devWorks/devWorks2/ILA_DEMO/Vitis/ILADEMO/ps7_cortexa9_0/standalone_ps7_cortexa9_0/bsp/system.mss
TRACE::2025-05-05.09:36:13::SCWMssOS::Creating sw design at  C:/PXL/devWorks/devWorks2/ILA_DEMO/Vitis/ILADEMO/ps7_cortexa9_0/standalone_ps7_cortexa9_0/bsp/system.mss
TRACE::2025-05-05.09:36:14::SCWMssOS::Adding the swdes entry, created swdb C:/PXL/devWorks/devWorks2/ILA_DEMO/Vitis/ILADEMO/ps7_cortexa9_0/standalone_ps7_cortexa9_0/bsp/system.mss with des name C:/PXL/devWorks/devWorks2/ILA_DEMO/Vitis/ILADEMO/ps7_cortexa9_0/standalone_ps7_cortexa9_0/bsp/system.mss
TRACE::2025-05-05.09:36:14::SCWMssOS::updating the scw layer changes to swdes at   C:/PXL/devWorks/devWorks2/ILA_DEMO/Vitis/ILADEMO/ps7_cortexa9_0/standalone_ps7_cortexa9_0/bsp/system.mss
TRACE::2025-05-05.09:36:14::SCWMssOS::Writing mss at C:/PXL/devWorks/devWorks2/ILA_DEMO/Vitis/ILADEMO/ps7_cortexa9_0/standalone_ps7_cortexa9_0/bsp/system.mss
TRACE::2025-05-05.09:36:14::SCWMssOS::Completed writing the mss file at C:/PXL/devWorks/devWorks2/ILA_DEMO/Vitis/ILADEMO/ps7_cortexa9_0/standalone_ps7_cortexa9_0/bsp
TRACE::2025-05-05.09:36:14::SCWMssOS::Picking up changes from newly written mss file into SCW Layer. 
TRACE::2025-05-05.09:36:14::SCWMssOS::Updated the changes from newly written mss file into SCW Layer. 
TRACE::2025-05-05.09:36:14::SCWMssOS::Completed writing the mss file at C:/PXL/devWorks/devWorks2/ILA_DEMO/Vitis/ILADEMO/ps7_cortexa9_0/standalone_ps7_cortexa9_0/bsp
TRACE::2025-05-05.09:36:14::SCWMssOS::Forcing BSP Sources regeneration.
TRACE::2025-05-05.09:36:15::SCWMssOS::Saving the mss changes C:/PXL/devWorks/devWorks2/ILA_DEMO/Vitis/ILADEMO/zynq_fsbl/zynq_fsbl_bsp/system.mss
TRACE::2025-05-05.09:36:15::SCWMssOS::Found a swdesign opened with the mssfile.
TRACE::2025-05-05.09:36:15::SCWMssOS::Completed writemss as part of save.
TRACE::2025-05-05.09:36:15::SCWMssOS::Commit changes completed.
TRACE::2025-05-05.09:36:15::SCWMssOS::Saving the mss changes C:/PXL/devWorks/devWorks2/ILA_DEMO/Vitis/ILADEMO/ps7_cortexa9_0/standalone_ps7_cortexa9_0/bsp/system.mss
TRACE::2025-05-05.09:36:15::SCWMssOS::Adding the swdes entry, mss present, able to open swdb C:/PXL/devWorks/devWorks2/ILA_DEMO/Vitis/ILADEMO/ps7_cortexa9_0/standalone_ps7_cortexa9_0/bsp/system.mss with des name system_0
TRACE::2025-05-05.09:36:15::SCWMssOS::Writing the mss file completed C:/PXL/devWorks/devWorks2/ILA_DEMO/Vitis/ILADEMO/ps7_cortexa9_0/standalone_ps7_cortexa9_0/bsp/system.mss
TRACE::2025-05-05.09:36:15::SCWMssOS::Commit changes completed.
TRACE::2025-05-05.09:36:15::SCWPlatform::Trying to open the hw design at C:/PXL/devWorks/devWorks2/ILA_DEMO/Vitis/ILADEMO/hw/ILADEMO.xsa
TRACE::2025-05-05.09:36:15::SCWPlatform::DSA given C:/PXL/devWorks/devWorks2/ILA_DEMO/Vitis/ILADEMO/hw/ILADEMO.xsa
TRACE::2025-05-05.09:36:15::SCWPlatform::DSA absoulate path C:/PXL/devWorks/devWorks2/ILA_DEMO/Vitis/ILADEMO/hw/ILADEMO.xsa
TRACE::2025-05-05.09:36:15::SCWPlatform::DSA directory C:/PXL/devWorks/devWorks2/ILA_DEMO/Vitis/ILADEMO/hw
TRACE::2025-05-05.09:36:15::SCWPlatform:: Platform Path C:/PXL/devWorks/devWorks2/ILA_DEMO/Vitis/ILADEMO/hw/ILADEMO.xsa
TRACE::2025-05-05.09:36:15::SCWPlatform:: Unique name xilinx:pynq-z2::0.0
TRACE::2025-05-05.09:36:15::SCWPlatform::Trying to set the existing hwdb with name design_1_wrapper_0
TRACE::2025-05-05.09:36:15::SCWPlatform::Opened existing hwdb design_1_wrapper_0
TRACE::2025-05-05.09:36:15::SCWPlatform::Found the Hw Db part of the input DSA
TRACE::2025-05-05.09:36:15::SCWMssOS::Checking the sw design at  C:/PXL/devWorks/devWorks2/ILA_DEMO/Vitis/ILADEMO/zynq_fsbl/zynq_fsbl_bsp/system.mss
TRACE::2025-05-05.09:36:15::SCWMssOS::DEBUG:  swdes dump  C:/PXL/devWorks/devWorks2/ILA_DEMO/Vitis/ILADEMO/ps7_cortexa9_0/standalone_ps7_cortexa9_0/bsp/system.mss|system_0||
C:/PXL/devWorks/devWorks2/ILA_DEMO/Vitis/ILADEMO/zynq_fsbl/zynq_fsbl_bsp/system.mss|system||

TRACE::2025-05-05.09:36:15::SCWMssOS::Sw design exists and opened at  C:/PXL/devWorks/devWorks2/ILA_DEMO/Vitis/ILADEMO/zynq_fsbl/zynq_fsbl_bsp/system.mss
TRACE::2025-05-05.09:36:15::SCWPlatform::Trying to open the hw design at C:/PXL/devWorks/devWorks2/ILA_DEMO/Vitis/ILADEMO/hw/ILADEMO.xsa
TRACE::2025-05-05.09:36:15::SCWPlatform::DSA given C:/PXL/devWorks/devWorks2/ILA_DEMO/Vitis/ILADEMO/hw/ILADEMO.xsa
TRACE::2025-05-05.09:36:15::SCWPlatform::DSA absoulate path C:/PXL/devWorks/devWorks2/ILA_DEMO/Vitis/ILADEMO/hw/ILADEMO.xsa
TRACE::2025-05-05.09:36:15::SCWPlatform::DSA directory C:/PXL/devWorks/devWorks2/ILA_DEMO/Vitis/ILADEMO/hw
TRACE::2025-05-05.09:36:15::SCWPlatform:: Platform Path C:/PXL/devWorks/devWorks2/ILA_DEMO/Vitis/ILADEMO/hw/ILADEMO.xsa
TRACE::2025-05-05.09:36:15::SCWPlatform:: Unique name xilinx:pynq-z2::0.0
TRACE::2025-05-05.09:36:15::SCWPlatform::Trying to set the existing hwdb with name design_1_wrapper_0
TRACE::2025-05-05.09:36:15::SCWPlatform::Opened existing hwdb design_1_wrapper_0
TRACE::2025-05-05.09:36:15::SCWPlatform::Found the Hw Db part of the input DSA
TRACE::2025-05-05.09:36:15::SCWMssOS::Checking the sw design at  C:/PXL/devWorks/devWorks2/ILA_DEMO/Vitis/ILADEMO/zynq_fsbl/zynq_fsbl_bsp/system.mss
TRACE::2025-05-05.09:36:15::SCWMssOS::DEBUG:  swdes dump  C:/PXL/devWorks/devWorks2/ILA_DEMO/Vitis/ILADEMO/ps7_cortexa9_0/standalone_ps7_cortexa9_0/bsp/system.mss|system_0||
C:/PXL/devWorks/devWorks2/ILA_DEMO/Vitis/ILADEMO/zynq_fsbl/zynq_fsbl_bsp/system.mss|system||

TRACE::2025-05-05.09:36:15::SCWMssOS::Sw design exists and opened at  C:/PXL/devWorks/devWorks2/ILA_DEMO/Vitis/ILADEMO/zynq_fsbl/zynq_fsbl_bsp/system.mss
TRACE::2025-05-05.09:36:15::SCWPlatform::Trying to open the hw design at C:/PXL/devWorks/devWorks2/ILA_DEMO/Vitis/ILADEMO/hw/ILADEMO.xsa
TRACE::2025-05-05.09:36:15::SCWPlatform::DSA given C:/PXL/devWorks/devWorks2/ILA_DEMO/Vitis/ILADEMO/hw/ILADEMO.xsa
TRACE::2025-05-05.09:36:15::SCWPlatform::DSA absoulate path C:/PXL/devWorks/devWorks2/ILA_DEMO/Vitis/ILADEMO/hw/ILADEMO.xsa
TRACE::2025-05-05.09:36:15::SCWPlatform::DSA directory C:/PXL/devWorks/devWorks2/ILA_DEMO/Vitis/ILADEMO/hw
TRACE::2025-05-05.09:36:15::SCWPlatform:: Platform Path C:/PXL/devWorks/devWorks2/ILA_DEMO/Vitis/ILADEMO/hw/ILADEMO.xsa
TRACE::2025-05-05.09:36:15::SCWPlatform:: Unique name xilinx:pynq-z2::0.0
TRACE::2025-05-05.09:36:15::SCWPlatform::Trying to set the existing hwdb with name design_1_wrapper_0
TRACE::2025-05-05.09:36:15::SCWPlatform::Opened existing hwdb design_1_wrapper_0
TRACE::2025-05-05.09:36:15::SCWPlatform::Found the Hw Db part of the input DSA
TRACE::2025-05-05.09:36:15::SCWMssOS::Checking the sw design at  C:/PXL/devWorks/devWorks2/ILA_DEMO/Vitis/ILADEMO/zynq_fsbl/zynq_fsbl_bsp/system.mss
TRACE::2025-05-05.09:36:15::SCWMssOS::DEBUG:  swdes dump  C:/PXL/devWorks/devWorks2/ILA_DEMO/Vitis/ILADEMO/ps7_cortexa9_0/standalone_ps7_cortexa9_0/bsp/system.mss|system_0||
C:/PXL/devWorks/devWorks2/ILA_DEMO/Vitis/ILADEMO/zynq_fsbl/zynq_fsbl_bsp/system.mss|system||

TRACE::2025-05-05.09:36:15::SCWMssOS::Sw design exists and opened at  C:/PXL/devWorks/devWorks2/ILA_DEMO/Vitis/ILADEMO/zynq_fsbl/zynq_fsbl_bsp/system.mss
TRACE::2025-05-05.09:36:15::SCWPlatform::Trying to open the hw design at C:/PXL/devWorks/devWorks2/ILA_DEMO/Vitis/ILADEMO/hw/ILADEMO.xsa
TRACE::2025-05-05.09:36:15::SCWPlatform::DSA given C:/PXL/devWorks/devWorks2/ILA_DEMO/Vitis/ILADEMO/hw/ILADEMO.xsa
TRACE::2025-05-05.09:36:15::SCWPlatform::DSA absoulate path C:/PXL/devWorks/devWorks2/ILA_DEMO/Vitis/ILADEMO/hw/ILADEMO.xsa
TRACE::2025-05-05.09:36:15::SCWPlatform::DSA directory C:/PXL/devWorks/devWorks2/ILA_DEMO/Vitis/ILADEMO/hw
TRACE::2025-05-05.09:36:15::SCWPlatform:: Platform Path C:/PXL/devWorks/devWorks2/ILA_DEMO/Vitis/ILADEMO/hw/ILADEMO.xsa
TRACE::2025-05-05.09:36:15::SCWPlatform:: Unique name xilinx:pynq-z2::0.0
TRACE::2025-05-05.09:36:15::SCWPlatform::Trying to set the existing hwdb with name design_1_wrapper_0
TRACE::2025-05-05.09:36:15::SCWPlatform::Opened existing hwdb design_1_wrapper_0
TRACE::2025-05-05.09:36:15::SCWPlatform::Found the Hw Db part of the input DSA
TRACE::2025-05-05.09:36:15::SCWMssOS::Checking the sw design at  C:/PXL/devWorks/devWorks2/ILA_DEMO/Vitis/ILADEMO/ps7_cortexa9_0/standalone_ps7_cortexa9_0/bsp/system.mss
TRACE::2025-05-05.09:36:15::SCWMssOS::DEBUG:  swdes dump  C:/PXL/devWorks/devWorks2/ILA_DEMO/Vitis/ILADEMO/ps7_cortexa9_0/standalone_ps7_cortexa9_0/bsp/system.mss|system_0||
C:/PXL/devWorks/devWorks2/ILA_DEMO/Vitis/ILADEMO/zynq_fsbl/zynq_fsbl_bsp/system.mss|system||

TRACE::2025-05-05.09:36:15::SCWMssOS::Sw design exists and opened at  C:/PXL/devWorks/devWorks2/ILA_DEMO/Vitis/ILADEMO/ps7_cortexa9_0/standalone_ps7_cortexa9_0/bsp/system.mss
TRACE::2025-05-05.09:36:15::SCWPlatform::Trying to open the hw design at C:/PXL/devWorks/devWorks2/ILA_DEMO/Vitis/ILADEMO/hw/ILADEMO.xsa
TRACE::2025-05-05.09:36:15::SCWPlatform::DSA given C:/PXL/devWorks/devWorks2/ILA_DEMO/Vitis/ILADEMO/hw/ILADEMO.xsa
TRACE::2025-05-05.09:36:15::SCWPlatform::DSA absoulate path C:/PXL/devWorks/devWorks2/ILA_DEMO/Vitis/ILADEMO/hw/ILADEMO.xsa
TRACE::2025-05-05.09:36:15::SCWPlatform::DSA directory C:/PXL/devWorks/devWorks2/ILA_DEMO/Vitis/ILADEMO/hw
TRACE::2025-05-05.09:36:15::SCWPlatform:: Platform Path C:/PXL/devWorks/devWorks2/ILA_DEMO/Vitis/ILADEMO/hw/ILADEMO.xsa
TRACE::2025-05-05.09:36:15::SCWPlatform:: Unique name xilinx:pynq-z2::0.0
TRACE::2025-05-05.09:36:15::SCWPlatform::Trying to set the existing hwdb with name design_1_wrapper_0
TRACE::2025-05-05.09:36:15::SCWPlatform::Opened existing hwdb design_1_wrapper_0
TRACE::2025-05-05.09:36:15::SCWPlatform::Found the Hw Db part of the input DSA
TRACE::2025-05-05.09:36:15::SCWMssOS::Checking the sw design at  C:/PXL/devWorks/devWorks2/ILA_DEMO/Vitis/ILADEMO/ps7_cortexa9_0/standalone_ps7_cortexa9_0/bsp/system.mss
TRACE::2025-05-05.09:36:15::SCWMssOS::DEBUG:  swdes dump  C:/PXL/devWorks/devWorks2/ILA_DEMO/Vitis/ILADEMO/ps7_cortexa9_0/standalone_ps7_cortexa9_0/bsp/system.mss|system_0||
C:/PXL/devWorks/devWorks2/ILA_DEMO/Vitis/ILADEMO/zynq_fsbl/zynq_fsbl_bsp/system.mss|system||

TRACE::2025-05-05.09:36:15::SCWMssOS::Sw design exists and opened at  C:/PXL/devWorks/devWorks2/ILA_DEMO/Vitis/ILADEMO/ps7_cortexa9_0/standalone_ps7_cortexa9_0/bsp/system.mss
TRACE::2025-05-05.09:36:15::SCWPlatform::Trying to open the hw design at C:/PXL/devWorks/devWorks2/ILA_DEMO/Vitis/ILADEMO/hw/ILADEMO.xsa
TRACE::2025-05-05.09:36:15::SCWPlatform::DSA given C:/PXL/devWorks/devWorks2/ILA_DEMO/Vitis/ILADEMO/hw/ILADEMO.xsa
TRACE::2025-05-05.09:36:15::SCWPlatform::DSA absoulate path C:/PXL/devWorks/devWorks2/ILA_DEMO/Vitis/ILADEMO/hw/ILADEMO.xsa
TRACE::2025-05-05.09:36:15::SCWPlatform::DSA directory C:/PXL/devWorks/devWorks2/ILA_DEMO/Vitis/ILADEMO/hw
TRACE::2025-05-05.09:36:15::SCWPlatform:: Platform Path C:/PXL/devWorks/devWorks2/ILA_DEMO/Vitis/ILADEMO/hw/ILADEMO.xsa
TRACE::2025-05-05.09:36:15::SCWPlatform:: Unique name xilinx:pynq-z2::0.0
TRACE::2025-05-05.09:36:15::SCWPlatform::Trying to set the existing hwdb with name design_1_wrapper_0
TRACE::2025-05-05.09:36:15::SCWPlatform::Opened existing hwdb design_1_wrapper_0
TRACE::2025-05-05.09:36:15::SCWPlatform::Found the Hw Db part of the input DSA
TRACE::2025-05-05.09:36:15::SCWMssOS::Checking the sw design at  C:/PXL/devWorks/devWorks2/ILA_DEMO/Vitis/ILADEMO/ps7_cortexa9_0/standalone_ps7_cortexa9_0/bsp/system.mss
TRACE::2025-05-05.09:36:15::SCWMssOS::DEBUG:  swdes dump  C:/PXL/devWorks/devWorks2/ILA_DEMO/Vitis/ILADEMO/ps7_cortexa9_0/standalone_ps7_cortexa9_0/bsp/system.mss|system_0||
C:/PXL/devWorks/devWorks2/ILA_DEMO/Vitis/ILADEMO/zynq_fsbl/zynq_fsbl_bsp/system.mss|system||

TRACE::2025-05-05.09:36:15::SCWMssOS::Sw design exists and opened at  C:/PXL/devWorks/devWorks2/ILA_DEMO/Vitis/ILADEMO/ps7_cortexa9_0/standalone_ps7_cortexa9_0/bsp/system.mss
TRACE::2025-05-05.09:36:15::SCWWriter::formatted JSON is {
	"platformName":	"ILADEMO",
	"sprVersion":	"2.0",
	"mode":	"gui",
	"dsaType":	"Fixed",
	"platformDesc":	"ILADEMO",
	"platHandOff":	"C:/PXL/devWorks/devWorks2/ILA_DEMO/ILADEMO.xsa",
	"platIntHandOff":	"<platformDir>/hw/ILADEMO.xsa",
	"deviceType":	"zynq",
	"platIsPrebuiltAutogen":	"false",
	"platIsNoBootBsp":	"false",
	"platFsblTarget":	"ps7_cortexa9_0",
	"hasFsblMakeHasChanges":	"false",
	"hasPmufwMakeHasChanges":	"false",
	"fsblExtraCompilerFlags":	"-MMD -MP       -mcpu=cortex-a9 -mfpu=vfpv3 -mfloat-abi=hard ",
	"platPreBuiltFlag":	false,
	"platformSamplesDir":	"",
	"platActiveSys":	"ILADEMO",
	"systems":	[{
			"systemName":	"ILADEMO",
			"systemDesc":	"ILADEMO",
			"sysIsBootAutoGen":	"true",
			"systemDispName":	"ILADEMO",
			"sysActiveDom":	"standalone_ps7_cortexa9_0",
			"sysDefaultDom":	"standalone_ps7_cortexa9_0",
			"domains":	[{
					"domainName":	"zynq_fsbl",
					"domainDispName":	"zynq_fsbl",
					"domainDesc":	"FSBL Application BSP - Auto Generated.",
					"processors":	"ps7_cortexa9_0",
					"os":	"standalone",
					"sdxOs":	"standalone",
					"debugEnable":	"",
					"domRuntimes":	["cpp"],
					"swRepo":	"",
					"mssOsVer":	"9.1",
					"mssFile":	"",
					"md5Digest":	"38ba93e41c0d74ae18df48b1f9514907",
					"compatibleApp":	"zynq_fsbl",
					"domType":	"bootDomain",
					"arch":	"32-bit",
					"appSettings":	{
						"appCompilerFlags":	"",
						"appLinkerFlags":	""
					},
					"addedLibs":	["xilffs:5.2", "xilrsa:1.8"],
					"libOptions":	{
						"libsContainingOptions":	[]
					},
					"prebuiltLibs":	{
						"prebuiltIncPath":	[],
						"prebuiltLibPath":	[]
					},
					"isolation":	{
					}
				}, {
					"domainName":	"standalone_ps7_cortexa9_0",
					"domainDispName":	"standalone_ps7_cortexa9_0",
					"domainDesc":	"standalone_ps7_cortexa9_0",
					"processors":	"ps7_cortexa9_0",
					"os":	"standalone",
					"sdxOs":	"standalone",
					"qemuArgs":	"<platformDir>/resources/ILADEMO/standalone_ps7_cortexa9_0/qemu_args.txt",
					"qemuData":	"<platformDir>/resources/ILADEMO/standalone_ps7_cortexa9_0/qemu",
					"debugEnable":	"False",
					"domRuntimes":	["cpp"],
					"swRepo":	"",
					"mssOsVer":	"9.1",
					"mssFile":	"",
					"md5Digest":	"6a262be947555ba770b2f1965ebd288c",
					"compatibleApp":	"hello_world",
					"domType":	"mssDomain",
					"arch":	"32-bit",
					"appSettings":	{
						"appCompilerFlags":	"",
						"appLinkerFlags":	""
					},
					"addedLibs":	[],
					"libOptions":	{
						"libsContainingOptions":	[]
					},
					"prebuiltLibs":	{
						"prebuiltIncPath":	[],
						"prebuiltLibPath":	[]
					},
					"isolation":	{
					}
				}]
		}]
}
LOG::2025-05-05.09:36:15::SCWPlatform::Started generating the artifacts platform ILADEMO
TRACE::2025-05-05.09:36:15::SCWPlatform::Sanity checking of platform is completed
LOG::2025-05-05.09:36:15::SCWPlatform::Started generating the artifacts for system configuration ILADEMO
LOG::2025-05-05.09:36:15::SCWSystem::Checking the domain zynq_fsbl
LOG::2025-05-05.09:36:15::SCWSystem::Doing application build for :  zynq_fsbl
TRACE::2025-05-05.09:36:15::SCWBDomain::Not a forced makefile updation, No changes are present. 
TRACE::2025-05-05.09:36:15::SCWDomain::Skipping the build for domain :  zynq_fsbl
LOG::2025-05-05.09:36:15::SCWSystem::Checking the domain standalone_ps7_cortexa9_0
LOG::2025-05-05.09:36:15::SCWSystem::Not a boot domain 
LOG::2025-05-05.09:36:15::SCWSystem::Started Processing the domain standalone_ps7_cortexa9_0
TRACE::2025-05-05.09:36:15::SCWDomain::Generating domain artifcats
TRACE::2025-05-05.09:36:15::SCWMssOS::Generating standalone artifcats
TRACE::2025-05-05.09:36:15::SCWMssOS::Copying the qemu file from  C:/PXL/devWorks/devWorks2/ILA_DEMO/Vitis/ILADEMO/resources/ILADEMO/standalone_ps7_cortexa9_0/qemu_args.txt To C:/PXL/devWorks/devWorks2/ILA_DEMO/Vitis/ILADEMO/export/ILADEMO/sw/ILADEMO/qemu/
TRACE::2025-05-05.09:36:15::SCWMssOS::Copying the qemu file from  C:/PXL/devWorks/devWorks2/ILA_DEMO/Vitis/ILADEMO/resources/ILADEMO/standalone_ps7_cortexa9_0/qemu_args.txt To C:/PXL/devWorks/devWorks2/ILA_DEMO/Vitis/ILADEMO/export/ILADEMO/sw/ILADEMO/standalone_ps7_cortexa9_0/qemu/
TRACE::2025-05-05.09:36:15::SCWMssOS:: Copying the user libraries. 
TRACE::2025-05-05.09:36:15::SCWPlatform::Trying to open the hw design at C:/PXL/devWorks/devWorks2/ILA_DEMO/Vitis/ILADEMO/hw/ILADEMO.xsa
TRACE::2025-05-05.09:36:15::SCWPlatform::DSA given C:/PXL/devWorks/devWorks2/ILA_DEMO/Vitis/ILADEMO/hw/ILADEMO.xsa
TRACE::2025-05-05.09:36:15::SCWPlatform::DSA absoulate path C:/PXL/devWorks/devWorks2/ILA_DEMO/Vitis/ILADEMO/hw/ILADEMO.xsa
TRACE::2025-05-05.09:36:15::SCWPlatform::DSA directory C:/PXL/devWorks/devWorks2/ILA_DEMO/Vitis/ILADEMO/hw
TRACE::2025-05-05.09:36:15::SCWPlatform:: Platform Path C:/PXL/devWorks/devWorks2/ILA_DEMO/Vitis/ILADEMO/hw/ILADEMO.xsa
TRACE::2025-05-05.09:36:15::SCWPlatform:: Unique name xilinx:pynq-z2::0.0
TRACE::2025-05-05.09:36:15::SCWPlatform::Trying to set the existing hwdb with name design_1_wrapper_0
TRACE::2025-05-05.09:36:15::SCWPlatform::Opened existing hwdb design_1_wrapper_0
TRACE::2025-05-05.09:36:15::SCWPlatform::Found the Hw Db part of the input DSA
TRACE::2025-05-05.09:36:15::SCWMssOS::Checking the sw design at  C:/PXL/devWorks/devWorks2/ILA_DEMO/Vitis/ILADEMO/ps7_cortexa9_0/standalone_ps7_cortexa9_0/bsp/system.mss
TRACE::2025-05-05.09:36:15::SCWMssOS::DEBUG:  swdes dump  C:/PXL/devWorks/devWorks2/ILA_DEMO/Vitis/ILADEMO/ps7_cortexa9_0/standalone_ps7_cortexa9_0/bsp/system.mss|system_0||
C:/PXL/devWorks/devWorks2/ILA_DEMO/Vitis/ILADEMO/zynq_fsbl/zynq_fsbl_bsp/system.mss|system||

TRACE::2025-05-05.09:36:15::SCWMssOS::Sw design exists and opened at  C:/PXL/devWorks/devWorks2/ILA_DEMO/Vitis/ILADEMO/ps7_cortexa9_0/standalone_ps7_cortexa9_0/bsp/system.mss
TRACE::2025-05-05.09:36:15::SCWMssOS::Completed writing the mss file at C:/PXL/devWorks/devWorks2/ILA_DEMO/Vitis/ILADEMO/ps7_cortexa9_0/standalone_ps7_cortexa9_0/bsp
TRACE::2025-05-05.09:36:15::SCWMssOS::Mss edits present, copying mssfile into export location C:/PXL/devWorks/devWorks2/ILA_DEMO/Vitis/ILADEMO/ps7_cortexa9_0/standalone_ps7_cortexa9_0/bsp/system.mss
TRACE::2025-05-05.09:36:15::SCWMssOS::bsp generated is upto date with the mss file. Skipping bsp generation.
TRACE::2025-05-05.09:36:15::SCWMssOS::BSP is already built. skipping the bsp build ... 
TRACE::2025-05-05.09:36:15::SCWDomain::Skipping the build for domain :  standalone_ps7_cortexa9_0
TRACE::2025-05-05.09:36:15::SCWMssOS::skipping the bsp build ... 
TRACE::2025-05-05.09:36:15::SCWMssOS::Copying to export directory.
TRACE::2025-05-05.09:36:15::SCWMssOS:: Checking if to create the Supporting Applications
TRACE::2025-05-05.09:36:15::SCWMssOS:: No Linux domain exists, trying to generate FSBL 
TRACE::2025-05-05.09:36:15::SCWMssOS:: Completed Standalone Artifacts creation 
LOG::2025-05-05.09:36:15::SCWSystem::Completed Processing the domain standalone_ps7_cortexa9_0
LOG::2025-05-05.09:36:15::SCWSystem::Completed Processing the sysconfig ILADEMO
LOG::2025-05-05.09:36:15::SCWPlatform::Completed generating the artifacts for system configuration ILADEMO
TRACE::2025-05-05.09:36:15::SCWPlatform::Started preparing the platform 
TRACE::2025-05-05.09:36:15::SCWSystem::Writing the bif file for system config ILADEMO
TRACE::2025-05-05.09:36:15::SCWSystem::dir created 
TRACE::2025-05-05.09:36:15::SCWSystem::Writing the bif 
TRACE::2025-05-05.09:36:15::SCWPlatform::Started writing the spfm file 
TRACE::2025-05-05.09:36:15::SCWPlatform::Started writing the xpfm file 
TRACE::2025-05-05.09:36:15::SCWPlatform::Completed generating the platform
TRACE::2025-05-05.09:36:15::SCWMssOS::Saving the mss changes C:/PXL/devWorks/devWorks2/ILA_DEMO/Vitis/ILADEMO/zynq_fsbl/zynq_fsbl_bsp/system.mss
TRACE::2025-05-05.09:36:15::SCWMssOS::Found a swdesign opened with the mssfile.
TRACE::2025-05-05.09:36:15::SCWMssOS::Completed writemss as part of save.
TRACE::2025-05-05.09:36:15::SCWMssOS::Commit changes completed.
TRACE::2025-05-05.09:36:15::SCWMssOS::Saving the mss changes C:/PXL/devWorks/devWorks2/ILA_DEMO/Vitis/ILADEMO/ps7_cortexa9_0/standalone_ps7_cortexa9_0/bsp/system.mss
TRACE::2025-05-05.09:36:15::SCWMssOS::Found a swdesign opened with the mssfile.
TRACE::2025-05-05.09:36:15::SCWMssOS::Completed writemss as part of save.
TRACE::2025-05-05.09:36:15::SCWMssOS::Commit changes completed.
TRACE::2025-05-05.09:36:15::SCWPlatform::Trying to open the hw design at C:/PXL/devWorks/devWorks2/ILA_DEMO/Vitis/ILADEMO/hw/ILADEMO.xsa
TRACE::2025-05-05.09:36:15::SCWPlatform::DSA given C:/PXL/devWorks/devWorks2/ILA_DEMO/Vitis/ILADEMO/hw/ILADEMO.xsa
TRACE::2025-05-05.09:36:15::SCWPlatform::DSA absoulate path C:/PXL/devWorks/devWorks2/ILA_DEMO/Vitis/ILADEMO/hw/ILADEMO.xsa
TRACE::2025-05-05.09:36:15::SCWPlatform::DSA directory C:/PXL/devWorks/devWorks2/ILA_DEMO/Vitis/ILADEMO/hw
TRACE::2025-05-05.09:36:15::SCWPlatform:: Platform Path C:/PXL/devWorks/devWorks2/ILA_DEMO/Vitis/ILADEMO/hw/ILADEMO.xsa
TRACE::2025-05-05.09:36:15::SCWPlatform:: Unique name xilinx:pynq-z2::0.0
TRACE::2025-05-05.09:36:15::SCWPlatform::Trying to set the existing hwdb with name design_1_wrapper_0
TRACE::2025-05-05.09:36:15::SCWPlatform::Opened existing hwdb design_1_wrapper_0
TRACE::2025-05-05.09:36:15::SCWPlatform::Found the Hw Db part of the input DSA
TRACE::2025-05-05.09:36:15::SCWMssOS::Checking the sw design at  C:/PXL/devWorks/devWorks2/ILA_DEMO/Vitis/ILADEMO/zynq_fsbl/zynq_fsbl_bsp/system.mss
TRACE::2025-05-05.09:36:15::SCWMssOS::DEBUG:  swdes dump  C:/PXL/devWorks/devWorks2/ILA_DEMO/Vitis/ILADEMO/ps7_cortexa9_0/standalone_ps7_cortexa9_0/bsp/system.mss|system_0||
C:/PXL/devWorks/devWorks2/ILA_DEMO/Vitis/ILADEMO/zynq_fsbl/zynq_fsbl_bsp/system.mss|system||

TRACE::2025-05-05.09:36:15::SCWMssOS::Sw design exists and opened at  C:/PXL/devWorks/devWorks2/ILA_DEMO/Vitis/ILADEMO/zynq_fsbl/zynq_fsbl_bsp/system.mss
TRACE::2025-05-05.09:36:15::SCWPlatform::Trying to open the hw design at C:/PXL/devWorks/devWorks2/ILA_DEMO/Vitis/ILADEMO/hw/ILADEMO.xsa
TRACE::2025-05-05.09:36:15::SCWPlatform::DSA given C:/PXL/devWorks/devWorks2/ILA_DEMO/Vitis/ILADEMO/hw/ILADEMO.xsa
TRACE::2025-05-05.09:36:15::SCWPlatform::DSA absoulate path C:/PXL/devWorks/devWorks2/ILA_DEMO/Vitis/ILADEMO/hw/ILADEMO.xsa
TRACE::2025-05-05.09:36:15::SCWPlatform::DSA directory C:/PXL/devWorks/devWorks2/ILA_DEMO/Vitis/ILADEMO/hw
TRACE::2025-05-05.09:36:15::SCWPlatform:: Platform Path C:/PXL/devWorks/devWorks2/ILA_DEMO/Vitis/ILADEMO/hw/ILADEMO.xsa
TRACE::2025-05-05.09:36:15::SCWPlatform:: Unique name xilinx:pynq-z2::0.0
TRACE::2025-05-05.09:36:15::SCWPlatform::Trying to set the existing hwdb with name design_1_wrapper_0
TRACE::2025-05-05.09:36:15::SCWPlatform::Opened existing hwdb design_1_wrapper_0
TRACE::2025-05-05.09:36:15::SCWPlatform::Found the Hw Db part of the input DSA
TRACE::2025-05-05.09:36:15::SCWMssOS::Checking the sw design at  C:/PXL/devWorks/devWorks2/ILA_DEMO/Vitis/ILADEMO/zynq_fsbl/zynq_fsbl_bsp/system.mss
TRACE::2025-05-05.09:36:15::SCWMssOS::DEBUG:  swdes dump  C:/PXL/devWorks/devWorks2/ILA_DEMO/Vitis/ILADEMO/ps7_cortexa9_0/standalone_ps7_cortexa9_0/bsp/system.mss|system_0||
C:/PXL/devWorks/devWorks2/ILA_DEMO/Vitis/ILADEMO/zynq_fsbl/zynq_fsbl_bsp/system.mss|system||

TRACE::2025-05-05.09:36:15::SCWMssOS::Sw design exists and opened at  C:/PXL/devWorks/devWorks2/ILA_DEMO/Vitis/ILADEMO/zynq_fsbl/zynq_fsbl_bsp/system.mss
TRACE::2025-05-05.09:36:15::SCWPlatform::Trying to open the hw design at C:/PXL/devWorks/devWorks2/ILA_DEMO/Vitis/ILADEMO/hw/ILADEMO.xsa
TRACE::2025-05-05.09:36:15::SCWPlatform::DSA given C:/PXL/devWorks/devWorks2/ILA_DEMO/Vitis/ILADEMO/hw/ILADEMO.xsa
TRACE::2025-05-05.09:36:15::SCWPlatform::DSA absoulate path C:/PXL/devWorks/devWorks2/ILA_DEMO/Vitis/ILADEMO/hw/ILADEMO.xsa
TRACE::2025-05-05.09:36:15::SCWPlatform::DSA directory C:/PXL/devWorks/devWorks2/ILA_DEMO/Vitis/ILADEMO/hw
TRACE::2025-05-05.09:36:15::SCWPlatform:: Platform Path C:/PXL/devWorks/devWorks2/ILA_DEMO/Vitis/ILADEMO/hw/ILADEMO.xsa
TRACE::2025-05-05.09:36:15::SCWPlatform:: Unique name xilinx:pynq-z2::0.0
TRACE::2025-05-05.09:36:15::SCWPlatform::Trying to set the existing hwdb with name design_1_wrapper_0
TRACE::2025-05-05.09:36:15::SCWPlatform::Opened existing hwdb design_1_wrapper_0
TRACE::2025-05-05.09:36:15::SCWPlatform::Found the Hw Db part of the input DSA
TRACE::2025-05-05.09:36:15::SCWMssOS::Checking the sw design at  C:/PXL/devWorks/devWorks2/ILA_DEMO/Vitis/ILADEMO/zynq_fsbl/zynq_fsbl_bsp/system.mss
TRACE::2025-05-05.09:36:15::SCWMssOS::DEBUG:  swdes dump  C:/PXL/devWorks/devWorks2/ILA_DEMO/Vitis/ILADEMO/ps7_cortexa9_0/standalone_ps7_cortexa9_0/bsp/system.mss|system_0||
C:/PXL/devWorks/devWorks2/ILA_DEMO/Vitis/ILADEMO/zynq_fsbl/zynq_fsbl_bsp/system.mss|system||

TRACE::2025-05-05.09:36:15::SCWMssOS::Sw design exists and opened at  C:/PXL/devWorks/devWorks2/ILA_DEMO/Vitis/ILADEMO/zynq_fsbl/zynq_fsbl_bsp/system.mss
TRACE::2025-05-05.09:36:15::SCWPlatform::Trying to open the hw design at C:/PXL/devWorks/devWorks2/ILA_DEMO/Vitis/ILADEMO/hw/ILADEMO.xsa
TRACE::2025-05-05.09:36:15::SCWPlatform::DSA given C:/PXL/devWorks/devWorks2/ILA_DEMO/Vitis/ILADEMO/hw/ILADEMO.xsa
TRACE::2025-05-05.09:36:15::SCWPlatform::DSA absoulate path C:/PXL/devWorks/devWorks2/ILA_DEMO/Vitis/ILADEMO/hw/ILADEMO.xsa
TRACE::2025-05-05.09:36:15::SCWPlatform::DSA directory C:/PXL/devWorks/devWorks2/ILA_DEMO/Vitis/ILADEMO/hw
TRACE::2025-05-05.09:36:15::SCWPlatform:: Platform Path C:/PXL/devWorks/devWorks2/ILA_DEMO/Vitis/ILADEMO/hw/ILADEMO.xsa
TRACE::2025-05-05.09:36:15::SCWPlatform:: Unique name xilinx:pynq-z2::0.0
TRACE::2025-05-05.09:36:15::SCWPlatform::Trying to set the existing hwdb with name design_1_wrapper_0
TRACE::2025-05-05.09:36:15::SCWPlatform::Opened existing hwdb design_1_wrapper_0
TRACE::2025-05-05.09:36:15::SCWPlatform::Found the Hw Db part of the input DSA
TRACE::2025-05-05.09:36:15::SCWMssOS::Checking the sw design at  C:/PXL/devWorks/devWorks2/ILA_DEMO/Vitis/ILADEMO/ps7_cortexa9_0/standalone_ps7_cortexa9_0/bsp/system.mss
TRACE::2025-05-05.09:36:15::SCWMssOS::DEBUG:  swdes dump  C:/PXL/devWorks/devWorks2/ILA_DEMO/Vitis/ILADEMO/ps7_cortexa9_0/standalone_ps7_cortexa9_0/bsp/system.mss|system_0||
C:/PXL/devWorks/devWorks2/ILA_DEMO/Vitis/ILADEMO/zynq_fsbl/zynq_fsbl_bsp/system.mss|system||

TRACE::2025-05-05.09:36:15::SCWMssOS::Sw design exists and opened at  C:/PXL/devWorks/devWorks2/ILA_DEMO/Vitis/ILADEMO/ps7_cortexa9_0/standalone_ps7_cortexa9_0/bsp/system.mss
TRACE::2025-05-05.09:36:15::SCWPlatform::Trying to open the hw design at C:/PXL/devWorks/devWorks2/ILA_DEMO/Vitis/ILADEMO/hw/ILADEMO.xsa
TRACE::2025-05-05.09:36:15::SCWPlatform::DSA given C:/PXL/devWorks/devWorks2/ILA_DEMO/Vitis/ILADEMO/hw/ILADEMO.xsa
TRACE::2025-05-05.09:36:15::SCWPlatform::DSA absoulate path C:/PXL/devWorks/devWorks2/ILA_DEMO/Vitis/ILADEMO/hw/ILADEMO.xsa
TRACE::2025-05-05.09:36:15::SCWPlatform::DSA directory C:/PXL/devWorks/devWorks2/ILA_DEMO/Vitis/ILADEMO/hw
TRACE::2025-05-05.09:36:15::SCWPlatform:: Platform Path C:/PXL/devWorks/devWorks2/ILA_DEMO/Vitis/ILADEMO/hw/ILADEMO.xsa
TRACE::2025-05-05.09:36:15::SCWPlatform:: Unique name xilinx:pynq-z2::0.0
TRACE::2025-05-05.09:36:15::SCWPlatform::Trying to set the existing hwdb with name design_1_wrapper_0
TRACE::2025-05-05.09:36:15::SCWPlatform::Opened existing hwdb design_1_wrapper_0
TRACE::2025-05-05.09:36:15::SCWPlatform::Found the Hw Db part of the input DSA
TRACE::2025-05-05.09:36:15::SCWMssOS::Checking the sw design at  C:/PXL/devWorks/devWorks2/ILA_DEMO/Vitis/ILADEMO/ps7_cortexa9_0/standalone_ps7_cortexa9_0/bsp/system.mss
TRACE::2025-05-05.09:36:15::SCWMssOS::DEBUG:  swdes dump  C:/PXL/devWorks/devWorks2/ILA_DEMO/Vitis/ILADEMO/ps7_cortexa9_0/standalone_ps7_cortexa9_0/bsp/system.mss|system_0||
C:/PXL/devWorks/devWorks2/ILA_DEMO/Vitis/ILADEMO/zynq_fsbl/zynq_fsbl_bsp/system.mss|system||

TRACE::2025-05-05.09:36:15::SCWMssOS::Sw design exists and opened at  C:/PXL/devWorks/devWorks2/ILA_DEMO/Vitis/ILADEMO/ps7_cortexa9_0/standalone_ps7_cortexa9_0/bsp/system.mss
TRACE::2025-05-05.09:36:15::SCWPlatform::Trying to open the hw design at C:/PXL/devWorks/devWorks2/ILA_DEMO/Vitis/ILADEMO/hw/ILADEMO.xsa
TRACE::2025-05-05.09:36:15::SCWPlatform::DSA given C:/PXL/devWorks/devWorks2/ILA_DEMO/Vitis/ILADEMO/hw/ILADEMO.xsa
TRACE::2025-05-05.09:36:15::SCWPlatform::DSA absoulate path C:/PXL/devWorks/devWorks2/ILA_DEMO/Vitis/ILADEMO/hw/ILADEMO.xsa
TRACE::2025-05-05.09:36:15::SCWPlatform::DSA directory C:/PXL/devWorks/devWorks2/ILA_DEMO/Vitis/ILADEMO/hw
TRACE::2025-05-05.09:36:15::SCWPlatform:: Platform Path C:/PXL/devWorks/devWorks2/ILA_DEMO/Vitis/ILADEMO/hw/ILADEMO.xsa
TRACE::2025-05-05.09:36:15::SCWPlatform:: Unique name xilinx:pynq-z2::0.0
TRACE::2025-05-05.09:36:15::SCWPlatform::Trying to set the existing hwdb with name design_1_wrapper_0
TRACE::2025-05-05.09:36:15::SCWPlatform::Opened existing hwdb design_1_wrapper_0
TRACE::2025-05-05.09:36:15::SCWPlatform::Found the Hw Db part of the input DSA
TRACE::2025-05-05.09:36:15::SCWMssOS::Checking the sw design at  C:/PXL/devWorks/devWorks2/ILA_DEMO/Vitis/ILADEMO/ps7_cortexa9_0/standalone_ps7_cortexa9_0/bsp/system.mss
TRACE::2025-05-05.09:36:15::SCWMssOS::DEBUG:  swdes dump  C:/PXL/devWorks/devWorks2/ILA_DEMO/Vitis/ILADEMO/ps7_cortexa9_0/standalone_ps7_cortexa9_0/bsp/system.mss|system_0||
C:/PXL/devWorks/devWorks2/ILA_DEMO/Vitis/ILADEMO/zynq_fsbl/zynq_fsbl_bsp/system.mss|system||

TRACE::2025-05-05.09:36:15::SCWMssOS::Sw design exists and opened at  C:/PXL/devWorks/devWorks2/ILA_DEMO/Vitis/ILADEMO/ps7_cortexa9_0/standalone_ps7_cortexa9_0/bsp/system.mss
TRACE::2025-05-05.09:36:15::SCWWriter::formatted JSON is {
	"platformName":	"ILADEMO",
	"sprVersion":	"2.0",
	"mode":	"gui",
	"dsaType":	"Fixed",
	"platformDesc":	"ILADEMO",
	"platHandOff":	"C:/PXL/devWorks/devWorks2/ILA_DEMO/ILADEMO.xsa",
	"platIntHandOff":	"<platformDir>/hw/ILADEMO.xsa",
	"deviceType":	"zynq",
	"platIsPrebuiltAutogen":	"false",
	"platIsNoBootBsp":	"false",
	"platFsblTarget":	"ps7_cortexa9_0",
	"hasFsblMakeHasChanges":	"false",
	"hasPmufwMakeHasChanges":	"false",
	"fsblExtraCompilerFlags":	"-MMD -MP       -mcpu=cortex-a9 -mfpu=vfpv3 -mfloat-abi=hard ",
	"platPreBuiltFlag":	false,
	"platformSamplesDir":	"",
	"platActiveSys":	"ILADEMO",
	"systems":	[{
			"systemName":	"ILADEMO",
			"systemDesc":	"ILADEMO",
			"sysIsBootAutoGen":	"true",
			"systemDispName":	"ILADEMO",
			"sysActiveDom":	"standalone_ps7_cortexa9_0",
			"sysDefaultDom":	"standalone_ps7_cortexa9_0",
			"domains":	[{
					"domainName":	"zynq_fsbl",
					"domainDispName":	"zynq_fsbl",
					"domainDesc":	"FSBL Application BSP - Auto Generated.",
					"processors":	"ps7_cortexa9_0",
					"os":	"standalone",
					"sdxOs":	"standalone",
					"debugEnable":	"",
					"domRuntimes":	["cpp"],
					"swRepo":	"",
					"mssOsVer":	"9.1",
					"mssFile":	"",
					"md5Digest":	"38ba93e41c0d74ae18df48b1f9514907",
					"compatibleApp":	"zynq_fsbl",
					"domType":	"bootDomain",
					"arch":	"32-bit",
					"appSettings":	{
						"appCompilerFlags":	"",
						"appLinkerFlags":	""
					},
					"addedLibs":	["xilffs:5.2", "xilrsa:1.8"],
					"libOptions":	{
						"libsContainingOptions":	[]
					},
					"prebuiltLibs":	{
						"prebuiltIncPath":	[],
						"prebuiltLibPath":	[]
					},
					"isolation":	{
					}
				}, {
					"domainName":	"standalone_ps7_cortexa9_0",
					"domainDispName":	"standalone_ps7_cortexa9_0",
					"domainDesc":	"standalone_ps7_cortexa9_0",
					"processors":	"ps7_cortexa9_0",
					"os":	"standalone",
					"sdxOs":	"standalone",
					"qemuArgs":	"<platformDir>/resources/ILADEMO/standalone_ps7_cortexa9_0/qemu_args.txt",
					"qemuData":	"<platformDir>/resources/ILADEMO/standalone_ps7_cortexa9_0/qemu",
					"debugEnable":	"False",
					"domRuntimes":	["cpp"],
					"swRepo":	"",
					"mssOsVer":	"9.1",
					"mssFile":	"",
					"md5Digest":	"6a262be947555ba770b2f1965ebd288c",
					"compatibleApp":	"hello_world",
					"domType":	"mssDomain",
					"arch":	"32-bit",
					"appSettings":	{
						"appCompilerFlags":	"",
						"appLinkerFlags":	""
					},
					"addedLibs":	[],
					"libOptions":	{
						"libsContainingOptions":	[]
					},
					"prebuiltLibs":	{
						"prebuiltIncPath":	[],
						"prebuiltLibPath":	[]
					},
					"isolation":	{
					}
				}]
		}]
}
KEYINFO::2025-05-05.09:36:15::SCWPlatform::updated the xpfm file.
TRACE::2025-05-05.09:36:15::SCWPlatform::Trying to open the hw design at C:/PXL/devWorks/devWorks2/ILA_DEMO/Vitis/ILADEMO/hw/ILADEMO.xsa
TRACE::2025-05-05.09:36:15::SCWPlatform::DSA given C:/PXL/devWorks/devWorks2/ILA_DEMO/Vitis/ILADEMO/hw/ILADEMO.xsa
TRACE::2025-05-05.09:36:15::SCWPlatform::DSA absoulate path C:/PXL/devWorks/devWorks2/ILA_DEMO/Vitis/ILADEMO/hw/ILADEMO.xsa
TRACE::2025-05-05.09:36:15::SCWPlatform::DSA directory C:/PXL/devWorks/devWorks2/ILA_DEMO/Vitis/ILADEMO/hw
TRACE::2025-05-05.09:36:15::SCWPlatform:: Platform Path C:/PXL/devWorks/devWorks2/ILA_DEMO/Vitis/ILADEMO/hw/ILADEMO.xsa
TRACE::2025-05-05.09:36:15::SCWPlatform:: Unique name xilinx:pynq-z2::0.0
TRACE::2025-05-05.09:36:15::SCWPlatform::Trying to set the existing hwdb with name design_1_wrapper_0
TRACE::2025-05-05.09:36:15::SCWPlatform::Opened existing hwdb design_1_wrapper_0
TRACE::2025-05-05.09:36:15::SCWPlatform::Found the Hw Db part of the input DSA
TRACE::2025-05-05.09:36:15::SCWMssOS::Checking the sw design at  C:/PXL/devWorks/devWorks2/ILA_DEMO/Vitis/ILADEMO/ps7_cortexa9_0/standalone_ps7_cortexa9_0/bsp/system.mss
TRACE::2025-05-05.09:36:15::SCWMssOS::DEBUG:  swdes dump  C:/PXL/devWorks/devWorks2/ILA_DEMO/Vitis/ILADEMO/ps7_cortexa9_0/standalone_ps7_cortexa9_0/bsp/system.mss|system_0||
C:/PXL/devWorks/devWorks2/ILA_DEMO/Vitis/ILADEMO/zynq_fsbl/zynq_fsbl_bsp/system.mss|system||

TRACE::2025-05-05.09:36:15::SCWMssOS::Sw design exists and opened at  C:/PXL/devWorks/devWorks2/ILA_DEMO/Vitis/ILADEMO/ps7_cortexa9_0/standalone_ps7_cortexa9_0/bsp/system.mss
TRACE::2025-05-05.09:36:15::SCWMssOS::Saving the mss changes C:/PXL/devWorks/devWorks2/ILA_DEMO/Vitis/ILADEMO/zynq_fsbl/zynq_fsbl_bsp/system.mss
TRACE::2025-05-05.09:36:15::SCWMssOS::Found a swdesign opened with the mssfile.
TRACE::2025-05-05.09:36:15::SCWMssOS::Completed writemss as part of save.
TRACE::2025-05-05.09:36:15::SCWMssOS::Commit changes completed.
TRACE::2025-05-05.09:36:15::SCWMssOS::Saving the mss changes C:/PXL/devWorks/devWorks2/ILA_DEMO/Vitis/ILADEMO/ps7_cortexa9_0/standalone_ps7_cortexa9_0/bsp/system.mss
TRACE::2025-05-05.09:36:15::SCWMssOS::Found a swdesign opened with the mssfile.
TRACE::2025-05-05.09:36:15::SCWMssOS::Completed writemss as part of save.
TRACE::2025-05-05.09:36:15::SCWMssOS::Commit changes completed.
TRACE::2025-05-05.09:36:15::SCWPlatform::Trying to open the hw design at C:/PXL/devWorks/devWorks2/ILA_DEMO/Vitis/ILADEMO/hw/ILADEMO.xsa
TRACE::2025-05-05.09:36:15::SCWPlatform::DSA given C:/PXL/devWorks/devWorks2/ILA_DEMO/Vitis/ILADEMO/hw/ILADEMO.xsa
TRACE::2025-05-05.09:36:15::SCWPlatform::DSA absoulate path C:/PXL/devWorks/devWorks2/ILA_DEMO/Vitis/ILADEMO/hw/ILADEMO.xsa
TRACE::2025-05-05.09:36:15::SCWPlatform::DSA directory C:/PXL/devWorks/devWorks2/ILA_DEMO/Vitis/ILADEMO/hw
TRACE::2025-05-05.09:36:15::SCWPlatform:: Platform Path C:/PXL/devWorks/devWorks2/ILA_DEMO/Vitis/ILADEMO/hw/ILADEMO.xsa
TRACE::2025-05-05.09:36:15::SCWPlatform:: Unique name xilinx:pynq-z2::0.0
TRACE::2025-05-05.09:36:15::SCWPlatform::Trying to set the existing hwdb with name design_1_wrapper_0
TRACE::2025-05-05.09:36:15::SCWPlatform::Opened existing hwdb design_1_wrapper_0
TRACE::2025-05-05.09:36:15::SCWPlatform::Found the Hw Db part of the input DSA
TRACE::2025-05-05.09:36:15::SCWMssOS::Checking the sw design at  C:/PXL/devWorks/devWorks2/ILA_DEMO/Vitis/ILADEMO/zynq_fsbl/zynq_fsbl_bsp/system.mss
TRACE::2025-05-05.09:36:15::SCWMssOS::DEBUG:  swdes dump  C:/PXL/devWorks/devWorks2/ILA_DEMO/Vitis/ILADEMO/ps7_cortexa9_0/standalone_ps7_cortexa9_0/bsp/system.mss|system_0||
C:/PXL/devWorks/devWorks2/ILA_DEMO/Vitis/ILADEMO/zynq_fsbl/zynq_fsbl_bsp/system.mss|system||

TRACE::2025-05-05.09:36:15::SCWMssOS::Sw design exists and opened at  C:/PXL/devWorks/devWorks2/ILA_DEMO/Vitis/ILADEMO/zynq_fsbl/zynq_fsbl_bsp/system.mss
TRACE::2025-05-05.09:36:15::SCWPlatform::Trying to open the hw design at C:/PXL/devWorks/devWorks2/ILA_DEMO/Vitis/ILADEMO/hw/ILADEMO.xsa
TRACE::2025-05-05.09:36:15::SCWPlatform::DSA given C:/PXL/devWorks/devWorks2/ILA_DEMO/Vitis/ILADEMO/hw/ILADEMO.xsa
TRACE::2025-05-05.09:36:15::SCWPlatform::DSA absoulate path C:/PXL/devWorks/devWorks2/ILA_DEMO/Vitis/ILADEMO/hw/ILADEMO.xsa
TRACE::2025-05-05.09:36:15::SCWPlatform::DSA directory C:/PXL/devWorks/devWorks2/ILA_DEMO/Vitis/ILADEMO/hw
TRACE::2025-05-05.09:36:15::SCWPlatform:: Platform Path C:/PXL/devWorks/devWorks2/ILA_DEMO/Vitis/ILADEMO/hw/ILADEMO.xsa
TRACE::2025-05-05.09:36:15::SCWPlatform:: Unique name xilinx:pynq-z2::0.0
TRACE::2025-05-05.09:36:15::SCWPlatform::Trying to set the existing hwdb with name design_1_wrapper_0
TRACE::2025-05-05.09:36:15::SCWPlatform::Opened existing hwdb design_1_wrapper_0
TRACE::2025-05-05.09:36:15::SCWPlatform::Found the Hw Db part of the input DSA
TRACE::2025-05-05.09:36:15::SCWMssOS::Checking the sw design at  C:/PXL/devWorks/devWorks2/ILA_DEMO/Vitis/ILADEMO/zynq_fsbl/zynq_fsbl_bsp/system.mss
TRACE::2025-05-05.09:36:15::SCWMssOS::DEBUG:  swdes dump  C:/PXL/devWorks/devWorks2/ILA_DEMO/Vitis/ILADEMO/ps7_cortexa9_0/standalone_ps7_cortexa9_0/bsp/system.mss|system_0||
C:/PXL/devWorks/devWorks2/ILA_DEMO/Vitis/ILADEMO/zynq_fsbl/zynq_fsbl_bsp/system.mss|system||

TRACE::2025-05-05.09:36:15::SCWMssOS::Sw design exists and opened at  C:/PXL/devWorks/devWorks2/ILA_DEMO/Vitis/ILADEMO/zynq_fsbl/zynq_fsbl_bsp/system.mss
TRACE::2025-05-05.09:36:15::SCWPlatform::Trying to open the hw design at C:/PXL/devWorks/devWorks2/ILA_DEMO/Vitis/ILADEMO/hw/ILADEMO.xsa
TRACE::2025-05-05.09:36:15::SCWPlatform::DSA given C:/PXL/devWorks/devWorks2/ILA_DEMO/Vitis/ILADEMO/hw/ILADEMO.xsa
TRACE::2025-05-05.09:36:15::SCWPlatform::DSA absoulate path C:/PXL/devWorks/devWorks2/ILA_DEMO/Vitis/ILADEMO/hw/ILADEMO.xsa
TRACE::2025-05-05.09:36:15::SCWPlatform::DSA directory C:/PXL/devWorks/devWorks2/ILA_DEMO/Vitis/ILADEMO/hw
TRACE::2025-05-05.09:36:15::SCWPlatform:: Platform Path C:/PXL/devWorks/devWorks2/ILA_DEMO/Vitis/ILADEMO/hw/ILADEMO.xsa
TRACE::2025-05-05.09:36:15::SCWPlatform:: Unique name xilinx:pynq-z2::0.0
TRACE::2025-05-05.09:36:15::SCWPlatform::Trying to set the existing hwdb with name design_1_wrapper_0
TRACE::2025-05-05.09:36:15::SCWPlatform::Opened existing hwdb design_1_wrapper_0
TRACE::2025-05-05.09:36:15::SCWPlatform::Found the Hw Db part of the input DSA
TRACE::2025-05-05.09:36:15::SCWMssOS::Checking the sw design at  C:/PXL/devWorks/devWorks2/ILA_DEMO/Vitis/ILADEMO/zynq_fsbl/zynq_fsbl_bsp/system.mss
TRACE::2025-05-05.09:36:15::SCWMssOS::DEBUG:  swdes dump  C:/PXL/devWorks/devWorks2/ILA_DEMO/Vitis/ILADEMO/ps7_cortexa9_0/standalone_ps7_cortexa9_0/bsp/system.mss|system_0||
C:/PXL/devWorks/devWorks2/ILA_DEMO/Vitis/ILADEMO/zynq_fsbl/zynq_fsbl_bsp/system.mss|system||

TRACE::2025-05-05.09:36:15::SCWMssOS::Sw design exists and opened at  C:/PXL/devWorks/devWorks2/ILA_DEMO/Vitis/ILADEMO/zynq_fsbl/zynq_fsbl_bsp/system.mss
TRACE::2025-05-05.09:36:15::SCWPlatform::Trying to open the hw design at C:/PXL/devWorks/devWorks2/ILA_DEMO/Vitis/ILADEMO/hw/ILADEMO.xsa
TRACE::2025-05-05.09:36:15::SCWPlatform::DSA given C:/PXL/devWorks/devWorks2/ILA_DEMO/Vitis/ILADEMO/hw/ILADEMO.xsa
TRACE::2025-05-05.09:36:15::SCWPlatform::DSA absoulate path C:/PXL/devWorks/devWorks2/ILA_DEMO/Vitis/ILADEMO/hw/ILADEMO.xsa
TRACE::2025-05-05.09:36:15::SCWPlatform::DSA directory C:/PXL/devWorks/devWorks2/ILA_DEMO/Vitis/ILADEMO/hw
TRACE::2025-05-05.09:36:15::SCWPlatform:: Platform Path C:/PXL/devWorks/devWorks2/ILA_DEMO/Vitis/ILADEMO/hw/ILADEMO.xsa
TRACE::2025-05-05.09:36:15::SCWPlatform:: Unique name xilinx:pynq-z2::0.0
TRACE::2025-05-05.09:36:15::SCWPlatform::Trying to set the existing hwdb with name design_1_wrapper_0
TRACE::2025-05-05.09:36:15::SCWPlatform::Opened existing hwdb design_1_wrapper_0
TRACE::2025-05-05.09:36:15::SCWPlatform::Found the Hw Db part of the input DSA
TRACE::2025-05-05.09:36:15::SCWMssOS::Checking the sw design at  C:/PXL/devWorks/devWorks2/ILA_DEMO/Vitis/ILADEMO/ps7_cortexa9_0/standalone_ps7_cortexa9_0/bsp/system.mss
TRACE::2025-05-05.09:36:15::SCWMssOS::DEBUG:  swdes dump  C:/PXL/devWorks/devWorks2/ILA_DEMO/Vitis/ILADEMO/ps7_cortexa9_0/standalone_ps7_cortexa9_0/bsp/system.mss|system_0||
C:/PXL/devWorks/devWorks2/ILA_DEMO/Vitis/ILADEMO/zynq_fsbl/zynq_fsbl_bsp/system.mss|system||

TRACE::2025-05-05.09:36:15::SCWMssOS::Sw design exists and opened at  C:/PXL/devWorks/devWorks2/ILA_DEMO/Vitis/ILADEMO/ps7_cortexa9_0/standalone_ps7_cortexa9_0/bsp/system.mss
TRACE::2025-05-05.09:36:15::SCWPlatform::Trying to open the hw design at C:/PXL/devWorks/devWorks2/ILA_DEMO/Vitis/ILADEMO/hw/ILADEMO.xsa
TRACE::2025-05-05.09:36:15::SCWPlatform::DSA given C:/PXL/devWorks/devWorks2/ILA_DEMO/Vitis/ILADEMO/hw/ILADEMO.xsa
TRACE::2025-05-05.09:36:15::SCWPlatform::DSA absoulate path C:/PXL/devWorks/devWorks2/ILA_DEMO/Vitis/ILADEMO/hw/ILADEMO.xsa
TRACE::2025-05-05.09:36:15::SCWPlatform::DSA directory C:/PXL/devWorks/devWorks2/ILA_DEMO/Vitis/ILADEMO/hw
TRACE::2025-05-05.09:36:15::SCWPlatform:: Platform Path C:/PXL/devWorks/devWorks2/ILA_DEMO/Vitis/ILADEMO/hw/ILADEMO.xsa
TRACE::2025-05-05.09:36:15::SCWPlatform:: Unique name xilinx:pynq-z2::0.0
TRACE::2025-05-05.09:36:15::SCWPlatform::Trying to set the existing hwdb with name design_1_wrapper_0
TRACE::2025-05-05.09:36:15::SCWPlatform::Opened existing hwdb design_1_wrapper_0
TRACE::2025-05-05.09:36:15::SCWPlatform::Found the Hw Db part of the input DSA
TRACE::2025-05-05.09:36:15::SCWMssOS::Checking the sw design at  C:/PXL/devWorks/devWorks2/ILA_DEMO/Vitis/ILADEMO/ps7_cortexa9_0/standalone_ps7_cortexa9_0/bsp/system.mss
TRACE::2025-05-05.09:36:15::SCWMssOS::DEBUG:  swdes dump  C:/PXL/devWorks/devWorks2/ILA_DEMO/Vitis/ILADEMO/ps7_cortexa9_0/standalone_ps7_cortexa9_0/bsp/system.mss|system_0||
C:/PXL/devWorks/devWorks2/ILA_DEMO/Vitis/ILADEMO/zynq_fsbl/zynq_fsbl_bsp/system.mss|system||

TRACE::2025-05-05.09:36:15::SCWMssOS::Sw design exists and opened at  C:/PXL/devWorks/devWorks2/ILA_DEMO/Vitis/ILADEMO/ps7_cortexa9_0/standalone_ps7_cortexa9_0/bsp/system.mss
TRACE::2025-05-05.09:36:15::SCWPlatform::Trying to open the hw design at C:/PXL/devWorks/devWorks2/ILA_DEMO/Vitis/ILADEMO/hw/ILADEMO.xsa
TRACE::2025-05-05.09:36:15::SCWPlatform::DSA given C:/PXL/devWorks/devWorks2/ILA_DEMO/Vitis/ILADEMO/hw/ILADEMO.xsa
TRACE::2025-05-05.09:36:15::SCWPlatform::DSA absoulate path C:/PXL/devWorks/devWorks2/ILA_DEMO/Vitis/ILADEMO/hw/ILADEMO.xsa
TRACE::2025-05-05.09:36:15::SCWPlatform::DSA directory C:/PXL/devWorks/devWorks2/ILA_DEMO/Vitis/ILADEMO/hw
TRACE::2025-05-05.09:36:15::SCWPlatform:: Platform Path C:/PXL/devWorks/devWorks2/ILA_DEMO/Vitis/ILADEMO/hw/ILADEMO.xsa
TRACE::2025-05-05.09:36:15::SCWPlatform:: Unique name xilinx:pynq-z2::0.0
TRACE::2025-05-05.09:36:15::SCWPlatform::Trying to set the existing hwdb with name design_1_wrapper_0
TRACE::2025-05-05.09:36:15::SCWPlatform::Opened existing hwdb design_1_wrapper_0
TRACE::2025-05-05.09:36:15::SCWPlatform::Found the Hw Db part of the input DSA
TRACE::2025-05-05.09:36:15::SCWMssOS::Checking the sw design at  C:/PXL/devWorks/devWorks2/ILA_DEMO/Vitis/ILADEMO/ps7_cortexa9_0/standalone_ps7_cortexa9_0/bsp/system.mss
TRACE::2025-05-05.09:36:15::SCWMssOS::DEBUG:  swdes dump  C:/PXL/devWorks/devWorks2/ILA_DEMO/Vitis/ILADEMO/ps7_cortexa9_0/standalone_ps7_cortexa9_0/bsp/system.mss|system_0||
C:/PXL/devWorks/devWorks2/ILA_DEMO/Vitis/ILADEMO/zynq_fsbl/zynq_fsbl_bsp/system.mss|system||

TRACE::2025-05-05.09:36:15::SCWMssOS::Sw design exists and opened at  C:/PXL/devWorks/devWorks2/ILA_DEMO/Vitis/ILADEMO/ps7_cortexa9_0/standalone_ps7_cortexa9_0/bsp/system.mss
TRACE::2025-05-05.09:36:15::SCWWriter::formatted JSON is {
	"platformName":	"ILADEMO",
	"sprVersion":	"2.0",
	"mode":	"gui",
	"dsaType":	"Fixed",
	"platformDesc":	"ILADEMO",
	"platHandOff":	"C:/PXL/devWorks/devWorks2/ILA_DEMO/ILADEMO.xsa",
	"platIntHandOff":	"<platformDir>/hw/ILADEMO.xsa",
	"deviceType":	"zynq",
	"platIsPrebuiltAutogen":	"false",
	"platIsNoBootBsp":	"false",
	"platFsblTarget":	"ps7_cortexa9_0",
	"hasFsblMakeHasChanges":	"false",
	"hasPmufwMakeHasChanges":	"false",
	"fsblExtraCompilerFlags":	"-MMD -MP       -mcpu=cortex-a9 -mfpu=vfpv3 -mfloat-abi=hard ",
	"platPreBuiltFlag":	false,
	"platformSamplesDir":	"",
	"platActiveSys":	"ILADEMO",
	"systems":	[{
			"systemName":	"ILADEMO",
			"systemDesc":	"ILADEMO",
			"sysIsBootAutoGen":	"true",
			"systemDispName":	"ILADEMO",
			"sysActiveDom":	"standalone_ps7_cortexa9_0",
			"sysDefaultDom":	"standalone_ps7_cortexa9_0",
			"domains":	[{
					"domainName":	"zynq_fsbl",
					"domainDispName":	"zynq_fsbl",
					"domainDesc":	"FSBL Application BSP - Auto Generated.",
					"processors":	"ps7_cortexa9_0",
					"os":	"standalone",
					"sdxOs":	"standalone",
					"debugEnable":	"",
					"domRuntimes":	["cpp"],
					"swRepo":	"",
					"mssOsVer":	"9.1",
					"mssFile":	"",
					"md5Digest":	"38ba93e41c0d74ae18df48b1f9514907",
					"compatibleApp":	"zynq_fsbl",
					"domType":	"bootDomain",
					"arch":	"32-bit",
					"appSettings":	{
						"appCompilerFlags":	"",
						"appLinkerFlags":	""
					},
					"addedLibs":	["xilffs:5.2", "xilrsa:1.8"],
					"libOptions":	{
						"libsContainingOptions":	[]
					},
					"prebuiltLibs":	{
						"prebuiltIncPath":	[],
						"prebuiltLibPath":	[]
					},
					"isolation":	{
					}
				}, {
					"domainName":	"standalone_ps7_cortexa9_0",
					"domainDispName":	"standalone_ps7_cortexa9_0",
					"domainDesc":	"standalone_ps7_cortexa9_0",
					"processors":	"ps7_cortexa9_0",
					"os":	"standalone",
					"sdxOs":	"standalone",
					"qemuArgs":	"<platformDir>/resources/ILADEMO/standalone_ps7_cortexa9_0/qemu_args.txt",
					"qemuData":	"<platformDir>/resources/ILADEMO/standalone_ps7_cortexa9_0/qemu",
					"debugEnable":	"False",
					"domRuntimes":	["cpp"],
					"swRepo":	"",
					"mssOsVer":	"9.1",
					"mssFile":	"",
					"md5Digest":	"6a262be947555ba770b2f1965ebd288c",
					"compatibleApp":	"hello_world",
					"domType":	"mssDomain",
					"arch":	"32-bit",
					"appSettings":	{
						"appCompilerFlags":	"",
						"appLinkerFlags":	""
					},
					"addedLibs":	[],
					"libOptions":	{
						"libsContainingOptions":	[]
					},
					"prebuiltLibs":	{
						"prebuiltIncPath":	[],
						"prebuiltLibPath":	[]
					},
					"isolation":	{
					}
				}]
		}]
}
TRACE::2025-05-05.09:36:15::SCWPlatform::Trying to open the hw design at C:/PXL/devWorks/devWorks2/ILA_DEMO/Vitis/ILADEMO/hw/ILADEMO.xsa
TRACE::2025-05-05.09:36:15::SCWPlatform::DSA given C:/PXL/devWorks/devWorks2/ILA_DEMO/Vitis/ILADEMO/hw/ILADEMO.xsa
TRACE::2025-05-05.09:36:15::SCWPlatform::DSA absoulate path C:/PXL/devWorks/devWorks2/ILA_DEMO/Vitis/ILADEMO/hw/ILADEMO.xsa
TRACE::2025-05-05.09:36:15::SCWPlatform::DSA directory C:/PXL/devWorks/devWorks2/ILA_DEMO/Vitis/ILADEMO/hw
TRACE::2025-05-05.09:36:15::SCWPlatform:: Platform Path C:/PXL/devWorks/devWorks2/ILA_DEMO/Vitis/ILADEMO/hw/ILADEMO.xsa
TRACE::2025-05-05.09:36:15::SCWPlatform:: Unique name xilinx:pynq-z2::0.0
TRACE::2025-05-05.09:36:15::SCWPlatform::Trying to set the existing hwdb with name design_1_wrapper_0
TRACE::2025-05-05.09:36:15::SCWPlatform::Opened existing hwdb design_1_wrapper_0
TRACE::2025-05-05.09:36:15::SCWPlatform::Found the Hw Db part of the input DSA
TRACE::2025-05-05.09:36:15::SCWMssOS::Checking the sw design at  C:/PXL/devWorks/devWorks2/ILA_DEMO/Vitis/ILADEMO/ps7_cortexa9_0/standalone_ps7_cortexa9_0/bsp/system.mss
TRACE::2025-05-05.09:36:15::SCWMssOS::DEBUG:  swdes dump  C:/PXL/devWorks/devWorks2/ILA_DEMO/Vitis/ILADEMO/ps7_cortexa9_0/standalone_ps7_cortexa9_0/bsp/system.mss|system_0||
C:/PXL/devWorks/devWorks2/ILA_DEMO/Vitis/ILADEMO/zynq_fsbl/zynq_fsbl_bsp/system.mss|system||

TRACE::2025-05-05.09:36:15::SCWMssOS::Sw design exists and opened at  C:/PXL/devWorks/devWorks2/ILA_DEMO/Vitis/ILADEMO/ps7_cortexa9_0/standalone_ps7_cortexa9_0/bsp/system.mss
TRACE::2025-05-05.09:36:15::SCWPlatform::Trying to open the hw design at C:/PXL/devWorks/devWorks2/ILA_DEMO/Vitis/ILADEMO/hw/ILADEMO.xsa
TRACE::2025-05-05.09:36:15::SCWPlatform::DSA given C:/PXL/devWorks/devWorks2/ILA_DEMO/Vitis/ILADEMO/hw/ILADEMO.xsa
TRACE::2025-05-05.09:36:15::SCWPlatform::DSA absoulate path C:/PXL/devWorks/devWorks2/ILA_DEMO/Vitis/ILADEMO/hw/ILADEMO.xsa
TRACE::2025-05-05.09:36:15::SCWPlatform::DSA directory C:/PXL/devWorks/devWorks2/ILA_DEMO/Vitis/ILADEMO/hw
TRACE::2025-05-05.09:36:15::SCWPlatform:: Platform Path C:/PXL/devWorks/devWorks2/ILA_DEMO/Vitis/ILADEMO/hw/ILADEMO.xsa
TRACE::2025-05-05.09:36:15::SCWPlatform:: Unique name xilinx:pynq-z2::0.0
TRACE::2025-05-05.09:36:15::SCWPlatform::Trying to set the existing hwdb with name design_1_wrapper_0
TRACE::2025-05-05.09:36:15::SCWPlatform::Opened existing hwdb design_1_wrapper_0
TRACE::2025-05-05.09:36:15::SCWPlatform::Found the Hw Db part of the input DSA
TRACE::2025-05-05.09:36:15::SCWMssOS::Checking the sw design at  C:/PXL/devWorks/devWorks2/ILA_DEMO/Vitis/ILADEMO/ps7_cortexa9_0/standalone_ps7_cortexa9_0/bsp/system.mss
TRACE::2025-05-05.09:36:15::SCWMssOS::DEBUG:  swdes dump  C:/PXL/devWorks/devWorks2/ILA_DEMO/Vitis/ILADEMO/ps7_cortexa9_0/standalone_ps7_cortexa9_0/bsp/system.mss|system_0||
C:/PXL/devWorks/devWorks2/ILA_DEMO/Vitis/ILADEMO/zynq_fsbl/zynq_fsbl_bsp/system.mss|system||

TRACE::2025-05-05.09:36:15::SCWMssOS::Sw design exists and opened at  C:/PXL/devWorks/devWorks2/ILA_DEMO/Vitis/ILADEMO/ps7_cortexa9_0/standalone_ps7_cortexa9_0/bsp/system.mss
TRACE::2025-05-05.09:36:15::SCWMssOS::Saving the mss changes C:/PXL/devWorks/devWorks2/ILA_DEMO/Vitis/ILADEMO/zynq_fsbl/zynq_fsbl_bsp/system.mss
TRACE::2025-05-05.09:36:15::SCWMssOS::Found a swdesign opened with the mssfile.
TRACE::2025-05-05.09:36:15::SCWMssOS::Completed writemss as part of save.
TRACE::2025-05-05.09:36:15::SCWMssOS::Commit changes completed.
TRACE::2025-05-05.09:36:15::SCWMssOS::Saving the mss changes C:/PXL/devWorks/devWorks2/ILA_DEMO/Vitis/ILADEMO/ps7_cortexa9_0/standalone_ps7_cortexa9_0/bsp/system.mss
TRACE::2025-05-05.09:36:15::SCWMssOS::Found a swdesign opened with the mssfile.
TRACE::2025-05-05.09:36:15::SCWMssOS::Completed writemss as part of save.
TRACE::2025-05-05.09:36:15::SCWMssOS::Commit changes completed.
TRACE::2025-05-05.09:36:15::SCWPlatform::Trying to open the hw design at C:/PXL/devWorks/devWorks2/ILA_DEMO/Vitis/ILADEMO/hw/ILADEMO.xsa
TRACE::2025-05-05.09:36:15::SCWPlatform::DSA given C:/PXL/devWorks/devWorks2/ILA_DEMO/Vitis/ILADEMO/hw/ILADEMO.xsa
TRACE::2025-05-05.09:36:15::SCWPlatform::DSA absoulate path C:/PXL/devWorks/devWorks2/ILA_DEMO/Vitis/ILADEMO/hw/ILADEMO.xsa
TRACE::2025-05-05.09:36:15::SCWPlatform::DSA directory C:/PXL/devWorks/devWorks2/ILA_DEMO/Vitis/ILADEMO/hw
TRACE::2025-05-05.09:36:15::SCWPlatform:: Platform Path C:/PXL/devWorks/devWorks2/ILA_DEMO/Vitis/ILADEMO/hw/ILADEMO.xsa
TRACE::2025-05-05.09:36:15::SCWPlatform:: Unique name xilinx:pynq-z2::0.0
TRACE::2025-05-05.09:36:15::SCWPlatform::Trying to set the existing hwdb with name design_1_wrapper_0
TRACE::2025-05-05.09:36:15::SCWPlatform::Opened existing hwdb design_1_wrapper_0
TRACE::2025-05-05.09:36:15::SCWPlatform::Found the Hw Db part of the input DSA
TRACE::2025-05-05.09:36:15::SCWMssOS::Checking the sw design at  C:/PXL/devWorks/devWorks2/ILA_DEMO/Vitis/ILADEMO/zynq_fsbl/zynq_fsbl_bsp/system.mss
TRACE::2025-05-05.09:36:15::SCWMssOS::DEBUG:  swdes dump  C:/PXL/devWorks/devWorks2/ILA_DEMO/Vitis/ILADEMO/ps7_cortexa9_0/standalone_ps7_cortexa9_0/bsp/system.mss|system_0||
C:/PXL/devWorks/devWorks2/ILA_DEMO/Vitis/ILADEMO/zynq_fsbl/zynq_fsbl_bsp/system.mss|system||

TRACE::2025-05-05.09:36:15::SCWMssOS::Sw design exists and opened at  C:/PXL/devWorks/devWorks2/ILA_DEMO/Vitis/ILADEMO/zynq_fsbl/zynq_fsbl_bsp/system.mss
TRACE::2025-05-05.09:36:15::SCWPlatform::Trying to open the hw design at C:/PXL/devWorks/devWorks2/ILA_DEMO/Vitis/ILADEMO/hw/ILADEMO.xsa
TRACE::2025-05-05.09:36:15::SCWPlatform::DSA given C:/PXL/devWorks/devWorks2/ILA_DEMO/Vitis/ILADEMO/hw/ILADEMO.xsa
TRACE::2025-05-05.09:36:15::SCWPlatform::DSA absoulate path C:/PXL/devWorks/devWorks2/ILA_DEMO/Vitis/ILADEMO/hw/ILADEMO.xsa
TRACE::2025-05-05.09:36:15::SCWPlatform::DSA directory C:/PXL/devWorks/devWorks2/ILA_DEMO/Vitis/ILADEMO/hw
TRACE::2025-05-05.09:36:15::SCWPlatform:: Platform Path C:/PXL/devWorks/devWorks2/ILA_DEMO/Vitis/ILADEMO/hw/ILADEMO.xsa
TRACE::2025-05-05.09:36:15::SCWPlatform:: Unique name xilinx:pynq-z2::0.0
TRACE::2025-05-05.09:36:15::SCWPlatform::Trying to set the existing hwdb with name design_1_wrapper_0
TRACE::2025-05-05.09:36:15::SCWPlatform::Opened existing hwdb design_1_wrapper_0
TRACE::2025-05-05.09:36:15::SCWPlatform::Found the Hw Db part of the input DSA
TRACE::2025-05-05.09:36:15::SCWMssOS::Checking the sw design at  C:/PXL/devWorks/devWorks2/ILA_DEMO/Vitis/ILADEMO/zynq_fsbl/zynq_fsbl_bsp/system.mss
TRACE::2025-05-05.09:36:15::SCWMssOS::DEBUG:  swdes dump  C:/PXL/devWorks/devWorks2/ILA_DEMO/Vitis/ILADEMO/ps7_cortexa9_0/standalone_ps7_cortexa9_0/bsp/system.mss|system_0||
C:/PXL/devWorks/devWorks2/ILA_DEMO/Vitis/ILADEMO/zynq_fsbl/zynq_fsbl_bsp/system.mss|system||

TRACE::2025-05-05.09:36:15::SCWMssOS::Sw design exists and opened at  C:/PXL/devWorks/devWorks2/ILA_DEMO/Vitis/ILADEMO/zynq_fsbl/zynq_fsbl_bsp/system.mss
TRACE::2025-05-05.09:36:15::SCWPlatform::Trying to open the hw design at C:/PXL/devWorks/devWorks2/ILA_DEMO/Vitis/ILADEMO/hw/ILADEMO.xsa
TRACE::2025-05-05.09:36:15::SCWPlatform::DSA given C:/PXL/devWorks/devWorks2/ILA_DEMO/Vitis/ILADEMO/hw/ILADEMO.xsa
TRACE::2025-05-05.09:36:15::SCWPlatform::DSA absoulate path C:/PXL/devWorks/devWorks2/ILA_DEMO/Vitis/ILADEMO/hw/ILADEMO.xsa
TRACE::2025-05-05.09:36:15::SCWPlatform::DSA directory C:/PXL/devWorks/devWorks2/ILA_DEMO/Vitis/ILADEMO/hw
TRACE::2025-05-05.09:36:16::SCWPlatform:: Platform Path C:/PXL/devWorks/devWorks2/ILA_DEMO/Vitis/ILADEMO/hw/ILADEMO.xsa
TRACE::2025-05-05.09:36:16::SCWPlatform:: Unique name xilinx:pynq-z2::0.0
TRACE::2025-05-05.09:36:16::SCWPlatform::Trying to set the existing hwdb with name design_1_wrapper_0
TRACE::2025-05-05.09:36:16::SCWPlatform::Opened existing hwdb design_1_wrapper_0
TRACE::2025-05-05.09:36:16::SCWPlatform::Found the Hw Db part of the input DSA
TRACE::2025-05-05.09:36:16::SCWMssOS::Checking the sw design at  C:/PXL/devWorks/devWorks2/ILA_DEMO/Vitis/ILADEMO/zynq_fsbl/zynq_fsbl_bsp/system.mss
TRACE::2025-05-05.09:36:16::SCWMssOS::DEBUG:  swdes dump  C:/PXL/devWorks/devWorks2/ILA_DEMO/Vitis/ILADEMO/ps7_cortexa9_0/standalone_ps7_cortexa9_0/bsp/system.mss|system_0||
C:/PXL/devWorks/devWorks2/ILA_DEMO/Vitis/ILADEMO/zynq_fsbl/zynq_fsbl_bsp/system.mss|system||

TRACE::2025-05-05.09:36:16::SCWMssOS::Sw design exists and opened at  C:/PXL/devWorks/devWorks2/ILA_DEMO/Vitis/ILADEMO/zynq_fsbl/zynq_fsbl_bsp/system.mss
TRACE::2025-05-05.09:36:16::SCWPlatform::Trying to open the hw design at C:/PXL/devWorks/devWorks2/ILA_DEMO/Vitis/ILADEMO/hw/ILADEMO.xsa
TRACE::2025-05-05.09:36:16::SCWPlatform::DSA given C:/PXL/devWorks/devWorks2/ILA_DEMO/Vitis/ILADEMO/hw/ILADEMO.xsa
TRACE::2025-05-05.09:36:16::SCWPlatform::DSA absoulate path C:/PXL/devWorks/devWorks2/ILA_DEMO/Vitis/ILADEMO/hw/ILADEMO.xsa
TRACE::2025-05-05.09:36:16::SCWPlatform::DSA directory C:/PXL/devWorks/devWorks2/ILA_DEMO/Vitis/ILADEMO/hw
TRACE::2025-05-05.09:36:16::SCWPlatform:: Platform Path C:/PXL/devWorks/devWorks2/ILA_DEMO/Vitis/ILADEMO/hw/ILADEMO.xsa
TRACE::2025-05-05.09:36:16::SCWPlatform:: Unique name xilinx:pynq-z2::0.0
TRACE::2025-05-05.09:36:16::SCWPlatform::Trying to set the existing hwdb with name design_1_wrapper_0
TRACE::2025-05-05.09:36:16::SCWPlatform::Opened existing hwdb design_1_wrapper_0
TRACE::2025-05-05.09:36:16::SCWPlatform::Found the Hw Db part of the input DSA
TRACE::2025-05-05.09:36:16::SCWMssOS::Checking the sw design at  C:/PXL/devWorks/devWorks2/ILA_DEMO/Vitis/ILADEMO/ps7_cortexa9_0/standalone_ps7_cortexa9_0/bsp/system.mss
TRACE::2025-05-05.09:36:16::SCWMssOS::DEBUG:  swdes dump  C:/PXL/devWorks/devWorks2/ILA_DEMO/Vitis/ILADEMO/ps7_cortexa9_0/standalone_ps7_cortexa9_0/bsp/system.mss|system_0||
C:/PXL/devWorks/devWorks2/ILA_DEMO/Vitis/ILADEMO/zynq_fsbl/zynq_fsbl_bsp/system.mss|system||

TRACE::2025-05-05.09:36:16::SCWMssOS::Sw design exists and opened at  C:/PXL/devWorks/devWorks2/ILA_DEMO/Vitis/ILADEMO/ps7_cortexa9_0/standalone_ps7_cortexa9_0/bsp/system.mss
TRACE::2025-05-05.09:36:16::SCWPlatform::Trying to open the hw design at C:/PXL/devWorks/devWorks2/ILA_DEMO/Vitis/ILADEMO/hw/ILADEMO.xsa
TRACE::2025-05-05.09:36:16::SCWPlatform::DSA given C:/PXL/devWorks/devWorks2/ILA_DEMO/Vitis/ILADEMO/hw/ILADEMO.xsa
TRACE::2025-05-05.09:36:16::SCWPlatform::DSA absoulate path C:/PXL/devWorks/devWorks2/ILA_DEMO/Vitis/ILADEMO/hw/ILADEMO.xsa
TRACE::2025-05-05.09:36:16::SCWPlatform::DSA directory C:/PXL/devWorks/devWorks2/ILA_DEMO/Vitis/ILADEMO/hw
TRACE::2025-05-05.09:36:16::SCWPlatform:: Platform Path C:/PXL/devWorks/devWorks2/ILA_DEMO/Vitis/ILADEMO/hw/ILADEMO.xsa
TRACE::2025-05-05.09:36:16::SCWPlatform:: Unique name xilinx:pynq-z2::0.0
TRACE::2025-05-05.09:36:16::SCWPlatform::Trying to set the existing hwdb with name design_1_wrapper_0
TRACE::2025-05-05.09:36:16::SCWPlatform::Opened existing hwdb design_1_wrapper_0
TRACE::2025-05-05.09:36:16::SCWPlatform::Found the Hw Db part of the input DSA
TRACE::2025-05-05.09:36:16::SCWMssOS::Checking the sw design at  C:/PXL/devWorks/devWorks2/ILA_DEMO/Vitis/ILADEMO/ps7_cortexa9_0/standalone_ps7_cortexa9_0/bsp/system.mss
TRACE::2025-05-05.09:36:16::SCWMssOS::DEBUG:  swdes dump  C:/PXL/devWorks/devWorks2/ILA_DEMO/Vitis/ILADEMO/ps7_cortexa9_0/standalone_ps7_cortexa9_0/bsp/system.mss|system_0||
C:/PXL/devWorks/devWorks2/ILA_DEMO/Vitis/ILADEMO/zynq_fsbl/zynq_fsbl_bsp/system.mss|system||

TRACE::2025-05-05.09:36:16::SCWMssOS::Sw design exists and opened at  C:/PXL/devWorks/devWorks2/ILA_DEMO/Vitis/ILADEMO/ps7_cortexa9_0/standalone_ps7_cortexa9_0/bsp/system.mss
TRACE::2025-05-05.09:36:16::SCWPlatform::Trying to open the hw design at C:/PXL/devWorks/devWorks2/ILA_DEMO/Vitis/ILADEMO/hw/ILADEMO.xsa
TRACE::2025-05-05.09:36:16::SCWPlatform::DSA given C:/PXL/devWorks/devWorks2/ILA_DEMO/Vitis/ILADEMO/hw/ILADEMO.xsa
TRACE::2025-05-05.09:36:16::SCWPlatform::DSA absoulate path C:/PXL/devWorks/devWorks2/ILA_DEMO/Vitis/ILADEMO/hw/ILADEMO.xsa
TRACE::2025-05-05.09:36:16::SCWPlatform::DSA directory C:/PXL/devWorks/devWorks2/ILA_DEMO/Vitis/ILADEMO/hw
TRACE::2025-05-05.09:36:16::SCWPlatform:: Platform Path C:/PXL/devWorks/devWorks2/ILA_DEMO/Vitis/ILADEMO/hw/ILADEMO.xsa
TRACE::2025-05-05.09:36:16::SCWPlatform:: Unique name xilinx:pynq-z2::0.0
TRACE::2025-05-05.09:36:16::SCWPlatform::Trying to set the existing hwdb with name design_1_wrapper_0
TRACE::2025-05-05.09:36:16::SCWPlatform::Opened existing hwdb design_1_wrapper_0
TRACE::2025-05-05.09:36:16::SCWPlatform::Found the Hw Db part of the input DSA
TRACE::2025-05-05.09:36:16::SCWMssOS::Checking the sw design at  C:/PXL/devWorks/devWorks2/ILA_DEMO/Vitis/ILADEMO/ps7_cortexa9_0/standalone_ps7_cortexa9_0/bsp/system.mss
TRACE::2025-05-05.09:36:16::SCWMssOS::DEBUG:  swdes dump  C:/PXL/devWorks/devWorks2/ILA_DEMO/Vitis/ILADEMO/ps7_cortexa9_0/standalone_ps7_cortexa9_0/bsp/system.mss|system_0||
C:/PXL/devWorks/devWorks2/ILA_DEMO/Vitis/ILADEMO/zynq_fsbl/zynq_fsbl_bsp/system.mss|system||

TRACE::2025-05-05.09:36:16::SCWMssOS::Sw design exists and opened at  C:/PXL/devWorks/devWorks2/ILA_DEMO/Vitis/ILADEMO/ps7_cortexa9_0/standalone_ps7_cortexa9_0/bsp/system.mss
TRACE::2025-05-05.09:36:16::SCWWriter::formatted JSON is {
	"platformName":	"ILADEMO",
	"sprVersion":	"2.0",
	"mode":	"gui",
	"dsaType":	"Fixed",
	"platformDesc":	"ILADEMO",
	"platHandOff":	"C:/PXL/devWorks/devWorks2/ILA_DEMO/ILADEMO.xsa",
	"platIntHandOff":	"<platformDir>/hw/ILADEMO.xsa",
	"deviceType":	"zynq",
	"platIsPrebuiltAutogen":	"false",
	"platIsNoBootBsp":	"false",
	"platFsblTarget":	"ps7_cortexa9_0",
	"hasFsblMakeHasChanges":	"false",
	"hasPmufwMakeHasChanges":	"false",
	"fsblExtraCompilerFlags":	"-MMD -MP       -mcpu=cortex-a9 -mfpu=vfpv3 -mfloat-abi=hard ",
	"platPreBuiltFlag":	false,
	"platformSamplesDir":	"",
	"platActiveSys":	"ILADEMO",
	"systems":	[{
			"systemName":	"ILADEMO",
			"systemDesc":	"ILADEMO",
			"sysIsBootAutoGen":	"true",
			"systemDispName":	"ILADEMO",
			"sysActiveDom":	"standalone_ps7_cortexa9_0",
			"sysDefaultDom":	"standalone_ps7_cortexa9_0",
			"domains":	[{
					"domainName":	"zynq_fsbl",
					"domainDispName":	"zynq_fsbl",
					"domainDesc":	"FSBL Application BSP - Auto Generated.",
					"processors":	"ps7_cortexa9_0",
					"os":	"standalone",
					"sdxOs":	"standalone",
					"debugEnable":	"",
					"domRuntimes":	["cpp"],
					"swRepo":	"",
					"mssOsVer":	"9.1",
					"mssFile":	"",
					"md5Digest":	"38ba93e41c0d74ae18df48b1f9514907",
					"compatibleApp":	"zynq_fsbl",
					"domType":	"bootDomain",
					"arch":	"32-bit",
					"appSettings":	{
						"appCompilerFlags":	"",
						"appLinkerFlags":	""
					},
					"addedLibs":	["xilffs:5.2", "xilrsa:1.8"],
					"libOptions":	{
						"libsContainingOptions":	[]
					},
					"prebuiltLibs":	{
						"prebuiltIncPath":	[],
						"prebuiltLibPath":	[]
					},
					"isolation":	{
					}
				}, {
					"domainName":	"standalone_ps7_cortexa9_0",
					"domainDispName":	"standalone_ps7_cortexa9_0",
					"domainDesc":	"standalone_ps7_cortexa9_0",
					"processors":	"ps7_cortexa9_0",
					"os":	"standalone",
					"sdxOs":	"standalone",
					"qemuArgs":	"<platformDir>/resources/ILADEMO/standalone_ps7_cortexa9_0/qemu_args.txt",
					"qemuData":	"<platformDir>/resources/ILADEMO/standalone_ps7_cortexa9_0/qemu",
					"debugEnable":	"False",
					"domRuntimes":	["cpp"],
					"swRepo":	"",
					"mssOsVer":	"9.1",
					"mssFile":	"",
					"md5Digest":	"6a262be947555ba770b2f1965ebd288c",
					"compatibleApp":	"hello_world",
					"domType":	"mssDomain",
					"arch":	"32-bit",
					"appSettings":	{
						"appCompilerFlags":	"",
						"appLinkerFlags":	""
					},
					"addedLibs":	[],
					"libOptions":	{
						"libsContainingOptions":	[]
					},
					"prebuiltLibs":	{
						"prebuiltIncPath":	[],
						"prebuiltLibPath":	[]
					},
					"isolation":	{
					}
				}]
		}]
}
LOG::2025-05-05.09:36:16::SCWPlatform::Started generating the artifacts platform ILADEMO
TRACE::2025-05-05.09:36:16::SCWPlatform::Sanity checking of platform is completed
LOG::2025-05-05.09:36:16::SCWPlatform::Started generating the artifacts for system configuration ILADEMO
LOG::2025-05-05.09:36:16::SCWSystem::Started Processing the domain standalone_ps7_cortexa9_0
TRACE::2025-05-05.09:36:16::SCWDomain::Generating domain artifcats
TRACE::2025-05-05.09:36:16::SCWMssOS::Generating standalone artifcats
TRACE::2025-05-05.09:36:16::SCWMssOS::Copying the qemu file from  C:/PXL/devWorks/devWorks2/ILA_DEMO/Vitis/ILADEMO/resources/ILADEMO/standalone_ps7_cortexa9_0/qemu_args.txt To C:/PXL/devWorks/devWorks2/ILA_DEMO/Vitis/ILADEMO/export/ILADEMO/sw/ILADEMO/qemu/
TRACE::2025-05-05.09:36:16::SCWMssOS::Copying the qemu file from  C:/PXL/devWorks/devWorks2/ILA_DEMO/Vitis/ILADEMO/resources/ILADEMO/standalone_ps7_cortexa9_0/qemu_args.txt To C:/PXL/devWorks/devWorks2/ILA_DEMO/Vitis/ILADEMO/export/ILADEMO/sw/ILADEMO/standalone_ps7_cortexa9_0/qemu/
TRACE::2025-05-05.09:36:16::SCWMssOS:: Copying the user libraries. 
TRACE::2025-05-05.09:36:16::SCWPlatform::Trying to open the hw design at C:/PXL/devWorks/devWorks2/ILA_DEMO/Vitis/ILADEMO/hw/ILADEMO.xsa
TRACE::2025-05-05.09:36:16::SCWPlatform::DSA given C:/PXL/devWorks/devWorks2/ILA_DEMO/Vitis/ILADEMO/hw/ILADEMO.xsa
TRACE::2025-05-05.09:36:16::SCWPlatform::DSA absoulate path C:/PXL/devWorks/devWorks2/ILA_DEMO/Vitis/ILADEMO/hw/ILADEMO.xsa
TRACE::2025-05-05.09:36:16::SCWPlatform::DSA directory C:/PXL/devWorks/devWorks2/ILA_DEMO/Vitis/ILADEMO/hw
TRACE::2025-05-05.09:36:16::SCWPlatform:: Platform Path C:/PXL/devWorks/devWorks2/ILA_DEMO/Vitis/ILADEMO/hw/ILADEMO.xsa
TRACE::2025-05-05.09:36:16::SCWPlatform:: Unique name xilinx:pynq-z2::0.0
TRACE::2025-05-05.09:36:16::SCWPlatform::Trying to set the existing hwdb with name design_1_wrapper_0
TRACE::2025-05-05.09:36:16::SCWPlatform::Opened existing hwdb design_1_wrapper_0
TRACE::2025-05-05.09:36:16::SCWPlatform::Found the Hw Db part of the input DSA
TRACE::2025-05-05.09:36:16::SCWMssOS::Checking the sw design at  C:/PXL/devWorks/devWorks2/ILA_DEMO/Vitis/ILADEMO/ps7_cortexa9_0/standalone_ps7_cortexa9_0/bsp/system.mss
TRACE::2025-05-05.09:36:16::SCWMssOS::DEBUG:  swdes dump  C:/PXL/devWorks/devWorks2/ILA_DEMO/Vitis/ILADEMO/ps7_cortexa9_0/standalone_ps7_cortexa9_0/bsp/system.mss|system_0||
C:/PXL/devWorks/devWorks2/ILA_DEMO/Vitis/ILADEMO/zynq_fsbl/zynq_fsbl_bsp/system.mss|system||

TRACE::2025-05-05.09:36:16::SCWMssOS::Sw design exists and opened at  C:/PXL/devWorks/devWorks2/ILA_DEMO/Vitis/ILADEMO/ps7_cortexa9_0/standalone_ps7_cortexa9_0/bsp/system.mss
TRACE::2025-05-05.09:36:16::SCWMssOS::Completed writing the mss file at C:/PXL/devWorks/devWorks2/ILA_DEMO/Vitis/ILADEMO/ps7_cortexa9_0/standalone_ps7_cortexa9_0/bsp
TRACE::2025-05-05.09:36:16::SCWMssOS::Mss edits present, copying mssfile into export location C:/PXL/devWorks/devWorks2/ILA_DEMO/Vitis/ILADEMO/ps7_cortexa9_0/standalone_ps7_cortexa9_0/bsp/system.mss
TRACE::2025-05-05.09:36:16::SCWMssOS::bsp generated is upto date with the mss file. Skipping bsp generation.
TRACE::2025-05-05.09:36:16::SCWMssOS::BSP is already built. skipping the bsp build ... 
TRACE::2025-05-05.09:36:16::SCWDomain::Building the domain as part of full build :  standalone_ps7_cortexa9_0
TRACE::2025-05-05.09:36:16::SCWMssOS::skipping the bsp build ... 
TRACE::2025-05-05.09:36:16::SCWMssOS::Copying to export directory.
TRACE::2025-05-05.09:36:16::SCWMssOS:: Checking if to create the Supporting Applications
TRACE::2025-05-05.09:36:16::SCWMssOS:: No Linux domain exists, trying to generate FSBL 
TRACE::2025-05-05.09:36:16::SCWMssOS:: Completed Standalone Artifacts creation 
LOG::2025-05-05.09:36:16::SCWSystem::Completed Processing the domain standalone_ps7_cortexa9_0
LOG::2025-05-05.09:36:16::SCWSystem::Completed Processing the sysconfig ILADEMO
LOG::2025-05-05.09:36:16::SCWPlatform::Completed generating the artifacts for system configuration ILADEMO
TRACE::2025-05-05.09:36:16::SCWPlatform::Started preparing the platform 
TRACE::2025-05-05.09:36:16::SCWSystem::Writing the bif file for system config ILADEMO
TRACE::2025-05-05.09:36:16::SCWSystem::dir created 
TRACE::2025-05-05.09:36:16::SCWSystem::Writing the bif 
TRACE::2025-05-05.09:36:16::SCWPlatform::Started writing the spfm file 
TRACE::2025-05-05.09:36:16::SCWPlatform::Started writing the xpfm file 
TRACE::2025-05-05.09:36:16::SCWPlatform::Completed generating the platform
TRACE::2025-05-05.09:36:16::SCWMssOS::Saving the mss changes C:/PXL/devWorks/devWorks2/ILA_DEMO/Vitis/ILADEMO/zynq_fsbl/zynq_fsbl_bsp/system.mss
TRACE::2025-05-05.09:36:16::SCWMssOS::Found a swdesign opened with the mssfile.
TRACE::2025-05-05.09:36:16::SCWMssOS::Completed writemss as part of save.
TRACE::2025-05-05.09:36:16::SCWMssOS::Commit changes completed.
TRACE::2025-05-05.09:36:16::SCWMssOS::Saving the mss changes C:/PXL/devWorks/devWorks2/ILA_DEMO/Vitis/ILADEMO/ps7_cortexa9_0/standalone_ps7_cortexa9_0/bsp/system.mss
TRACE::2025-05-05.09:36:16::SCWMssOS::Found a swdesign opened with the mssfile.
TRACE::2025-05-05.09:36:16::SCWMssOS::Completed writemss as part of save.
TRACE::2025-05-05.09:36:16::SCWMssOS::Commit changes completed.
TRACE::2025-05-05.09:36:16::SCWPlatform::Trying to open the hw design at C:/PXL/devWorks/devWorks2/ILA_DEMO/Vitis/ILADEMO/hw/ILADEMO.xsa
TRACE::2025-05-05.09:36:16::SCWPlatform::DSA given C:/PXL/devWorks/devWorks2/ILA_DEMO/Vitis/ILADEMO/hw/ILADEMO.xsa
TRACE::2025-05-05.09:36:16::SCWPlatform::DSA absoulate path C:/PXL/devWorks/devWorks2/ILA_DEMO/Vitis/ILADEMO/hw/ILADEMO.xsa
TRACE::2025-05-05.09:36:16::SCWPlatform::DSA directory C:/PXL/devWorks/devWorks2/ILA_DEMO/Vitis/ILADEMO/hw
TRACE::2025-05-05.09:36:16::SCWPlatform:: Platform Path C:/PXL/devWorks/devWorks2/ILA_DEMO/Vitis/ILADEMO/hw/ILADEMO.xsa
TRACE::2025-05-05.09:36:16::SCWPlatform:: Unique name xilinx:pynq-z2::0.0
TRACE::2025-05-05.09:36:16::SCWPlatform::Trying to set the existing hwdb with name design_1_wrapper_0
TRACE::2025-05-05.09:36:16::SCWPlatform::Opened existing hwdb design_1_wrapper_0
TRACE::2025-05-05.09:36:16::SCWPlatform::Found the Hw Db part of the input DSA
TRACE::2025-05-05.09:36:16::SCWMssOS::Checking the sw design at  C:/PXL/devWorks/devWorks2/ILA_DEMO/Vitis/ILADEMO/zynq_fsbl/zynq_fsbl_bsp/system.mss
TRACE::2025-05-05.09:36:16::SCWMssOS::DEBUG:  swdes dump  C:/PXL/devWorks/devWorks2/ILA_DEMO/Vitis/ILADEMO/ps7_cortexa9_0/standalone_ps7_cortexa9_0/bsp/system.mss|system_0||
C:/PXL/devWorks/devWorks2/ILA_DEMO/Vitis/ILADEMO/zynq_fsbl/zynq_fsbl_bsp/system.mss|system||

TRACE::2025-05-05.09:36:16::SCWMssOS::Sw design exists and opened at  C:/PXL/devWorks/devWorks2/ILA_DEMO/Vitis/ILADEMO/zynq_fsbl/zynq_fsbl_bsp/system.mss
TRACE::2025-05-05.09:36:16::SCWPlatform::Trying to open the hw design at C:/PXL/devWorks/devWorks2/ILA_DEMO/Vitis/ILADEMO/hw/ILADEMO.xsa
TRACE::2025-05-05.09:36:16::SCWPlatform::DSA given C:/PXL/devWorks/devWorks2/ILA_DEMO/Vitis/ILADEMO/hw/ILADEMO.xsa
TRACE::2025-05-05.09:36:16::SCWPlatform::DSA absoulate path C:/PXL/devWorks/devWorks2/ILA_DEMO/Vitis/ILADEMO/hw/ILADEMO.xsa
TRACE::2025-05-05.09:36:16::SCWPlatform::DSA directory C:/PXL/devWorks/devWorks2/ILA_DEMO/Vitis/ILADEMO/hw
TRACE::2025-05-05.09:36:16::SCWPlatform:: Platform Path C:/PXL/devWorks/devWorks2/ILA_DEMO/Vitis/ILADEMO/hw/ILADEMO.xsa
TRACE::2025-05-05.09:36:16::SCWPlatform:: Unique name xilinx:pynq-z2::0.0
TRACE::2025-05-05.09:36:16::SCWPlatform::Trying to set the existing hwdb with name design_1_wrapper_0
TRACE::2025-05-05.09:36:16::SCWPlatform::Opened existing hwdb design_1_wrapper_0
TRACE::2025-05-05.09:36:16::SCWPlatform::Found the Hw Db part of the input DSA
TRACE::2025-05-05.09:36:16::SCWMssOS::Checking the sw design at  C:/PXL/devWorks/devWorks2/ILA_DEMO/Vitis/ILADEMO/zynq_fsbl/zynq_fsbl_bsp/system.mss
TRACE::2025-05-05.09:36:16::SCWMssOS::DEBUG:  swdes dump  C:/PXL/devWorks/devWorks2/ILA_DEMO/Vitis/ILADEMO/ps7_cortexa9_0/standalone_ps7_cortexa9_0/bsp/system.mss|system_0||
C:/PXL/devWorks/devWorks2/ILA_DEMO/Vitis/ILADEMO/zynq_fsbl/zynq_fsbl_bsp/system.mss|system||

TRACE::2025-05-05.09:36:16::SCWMssOS::Sw design exists and opened at  C:/PXL/devWorks/devWorks2/ILA_DEMO/Vitis/ILADEMO/zynq_fsbl/zynq_fsbl_bsp/system.mss
TRACE::2025-05-05.09:36:16::SCWPlatform::Trying to open the hw design at C:/PXL/devWorks/devWorks2/ILA_DEMO/Vitis/ILADEMO/hw/ILADEMO.xsa
TRACE::2025-05-05.09:36:16::SCWPlatform::DSA given C:/PXL/devWorks/devWorks2/ILA_DEMO/Vitis/ILADEMO/hw/ILADEMO.xsa
TRACE::2025-05-05.09:36:16::SCWPlatform::DSA absoulate path C:/PXL/devWorks/devWorks2/ILA_DEMO/Vitis/ILADEMO/hw/ILADEMO.xsa
TRACE::2025-05-05.09:36:16::SCWPlatform::DSA directory C:/PXL/devWorks/devWorks2/ILA_DEMO/Vitis/ILADEMO/hw
TRACE::2025-05-05.09:36:16::SCWPlatform:: Platform Path C:/PXL/devWorks/devWorks2/ILA_DEMO/Vitis/ILADEMO/hw/ILADEMO.xsa
TRACE::2025-05-05.09:36:16::SCWPlatform:: Unique name xilinx:pynq-z2::0.0
TRACE::2025-05-05.09:36:16::SCWPlatform::Trying to set the existing hwdb with name design_1_wrapper_0
TRACE::2025-05-05.09:36:16::SCWPlatform::Opened existing hwdb design_1_wrapper_0
TRACE::2025-05-05.09:36:16::SCWPlatform::Found the Hw Db part of the input DSA
TRACE::2025-05-05.09:36:16::SCWMssOS::Checking the sw design at  C:/PXL/devWorks/devWorks2/ILA_DEMO/Vitis/ILADEMO/zynq_fsbl/zynq_fsbl_bsp/system.mss
TRACE::2025-05-05.09:36:16::SCWMssOS::DEBUG:  swdes dump  C:/PXL/devWorks/devWorks2/ILA_DEMO/Vitis/ILADEMO/ps7_cortexa9_0/standalone_ps7_cortexa9_0/bsp/system.mss|system_0||
C:/PXL/devWorks/devWorks2/ILA_DEMO/Vitis/ILADEMO/zynq_fsbl/zynq_fsbl_bsp/system.mss|system||

TRACE::2025-05-05.09:36:16::SCWMssOS::Sw design exists and opened at  C:/PXL/devWorks/devWorks2/ILA_DEMO/Vitis/ILADEMO/zynq_fsbl/zynq_fsbl_bsp/system.mss
TRACE::2025-05-05.09:36:16::SCWPlatform::Trying to open the hw design at C:/PXL/devWorks/devWorks2/ILA_DEMO/Vitis/ILADEMO/hw/ILADEMO.xsa
TRACE::2025-05-05.09:36:16::SCWPlatform::DSA given C:/PXL/devWorks/devWorks2/ILA_DEMO/Vitis/ILADEMO/hw/ILADEMO.xsa
TRACE::2025-05-05.09:36:16::SCWPlatform::DSA absoulate path C:/PXL/devWorks/devWorks2/ILA_DEMO/Vitis/ILADEMO/hw/ILADEMO.xsa
TRACE::2025-05-05.09:36:16::SCWPlatform::DSA directory C:/PXL/devWorks/devWorks2/ILA_DEMO/Vitis/ILADEMO/hw
TRACE::2025-05-05.09:36:16::SCWPlatform:: Platform Path C:/PXL/devWorks/devWorks2/ILA_DEMO/Vitis/ILADEMO/hw/ILADEMO.xsa
TRACE::2025-05-05.09:36:16::SCWPlatform:: Unique name xilinx:pynq-z2::0.0
TRACE::2025-05-05.09:36:16::SCWPlatform::Trying to set the existing hwdb with name design_1_wrapper_0
TRACE::2025-05-05.09:36:16::SCWPlatform::Opened existing hwdb design_1_wrapper_0
TRACE::2025-05-05.09:36:16::SCWPlatform::Found the Hw Db part of the input DSA
TRACE::2025-05-05.09:36:16::SCWMssOS::Checking the sw design at  C:/PXL/devWorks/devWorks2/ILA_DEMO/Vitis/ILADEMO/ps7_cortexa9_0/standalone_ps7_cortexa9_0/bsp/system.mss
TRACE::2025-05-05.09:36:16::SCWMssOS::DEBUG:  swdes dump  C:/PXL/devWorks/devWorks2/ILA_DEMO/Vitis/ILADEMO/ps7_cortexa9_0/standalone_ps7_cortexa9_0/bsp/system.mss|system_0||
C:/PXL/devWorks/devWorks2/ILA_DEMO/Vitis/ILADEMO/zynq_fsbl/zynq_fsbl_bsp/system.mss|system||

TRACE::2025-05-05.09:36:16::SCWMssOS::Sw design exists and opened at  C:/PXL/devWorks/devWorks2/ILA_DEMO/Vitis/ILADEMO/ps7_cortexa9_0/standalone_ps7_cortexa9_0/bsp/system.mss
TRACE::2025-05-05.09:36:16::SCWPlatform::Trying to open the hw design at C:/PXL/devWorks/devWorks2/ILA_DEMO/Vitis/ILADEMO/hw/ILADEMO.xsa
TRACE::2025-05-05.09:36:16::SCWPlatform::DSA given C:/PXL/devWorks/devWorks2/ILA_DEMO/Vitis/ILADEMO/hw/ILADEMO.xsa
TRACE::2025-05-05.09:36:16::SCWPlatform::DSA absoulate path C:/PXL/devWorks/devWorks2/ILA_DEMO/Vitis/ILADEMO/hw/ILADEMO.xsa
TRACE::2025-05-05.09:36:16::SCWPlatform::DSA directory C:/PXL/devWorks/devWorks2/ILA_DEMO/Vitis/ILADEMO/hw
TRACE::2025-05-05.09:36:16::SCWPlatform:: Platform Path C:/PXL/devWorks/devWorks2/ILA_DEMO/Vitis/ILADEMO/hw/ILADEMO.xsa
TRACE::2025-05-05.09:36:16::SCWPlatform:: Unique name xilinx:pynq-z2::0.0
TRACE::2025-05-05.09:36:16::SCWPlatform::Trying to set the existing hwdb with name design_1_wrapper_0
TRACE::2025-05-05.09:36:16::SCWPlatform::Opened existing hwdb design_1_wrapper_0
TRACE::2025-05-05.09:36:16::SCWPlatform::Found the Hw Db part of the input DSA
TRACE::2025-05-05.09:36:16::SCWMssOS::Checking the sw design at  C:/PXL/devWorks/devWorks2/ILA_DEMO/Vitis/ILADEMO/ps7_cortexa9_0/standalone_ps7_cortexa9_0/bsp/system.mss
TRACE::2025-05-05.09:36:16::SCWMssOS::DEBUG:  swdes dump  C:/PXL/devWorks/devWorks2/ILA_DEMO/Vitis/ILADEMO/ps7_cortexa9_0/standalone_ps7_cortexa9_0/bsp/system.mss|system_0||
C:/PXL/devWorks/devWorks2/ILA_DEMO/Vitis/ILADEMO/zynq_fsbl/zynq_fsbl_bsp/system.mss|system||

TRACE::2025-05-05.09:36:16::SCWMssOS::Sw design exists and opened at  C:/PXL/devWorks/devWorks2/ILA_DEMO/Vitis/ILADEMO/ps7_cortexa9_0/standalone_ps7_cortexa9_0/bsp/system.mss
TRACE::2025-05-05.09:36:16::SCWPlatform::Trying to open the hw design at C:/PXL/devWorks/devWorks2/ILA_DEMO/Vitis/ILADEMO/hw/ILADEMO.xsa
TRACE::2025-05-05.09:36:16::SCWPlatform::DSA given C:/PXL/devWorks/devWorks2/ILA_DEMO/Vitis/ILADEMO/hw/ILADEMO.xsa
TRACE::2025-05-05.09:36:16::SCWPlatform::DSA absoulate path C:/PXL/devWorks/devWorks2/ILA_DEMO/Vitis/ILADEMO/hw/ILADEMO.xsa
TRACE::2025-05-05.09:36:16::SCWPlatform::DSA directory C:/PXL/devWorks/devWorks2/ILA_DEMO/Vitis/ILADEMO/hw
TRACE::2025-05-05.09:36:16::SCWPlatform:: Platform Path C:/PXL/devWorks/devWorks2/ILA_DEMO/Vitis/ILADEMO/hw/ILADEMO.xsa
TRACE::2025-05-05.09:36:16::SCWPlatform:: Unique name xilinx:pynq-z2::0.0
TRACE::2025-05-05.09:36:16::SCWPlatform::Trying to set the existing hwdb with name design_1_wrapper_0
TRACE::2025-05-05.09:36:16::SCWPlatform::Opened existing hwdb design_1_wrapper_0
TRACE::2025-05-05.09:36:16::SCWPlatform::Found the Hw Db part of the input DSA
TRACE::2025-05-05.09:36:16::SCWMssOS::Checking the sw design at  C:/PXL/devWorks/devWorks2/ILA_DEMO/Vitis/ILADEMO/ps7_cortexa9_0/standalone_ps7_cortexa9_0/bsp/system.mss
TRACE::2025-05-05.09:36:16::SCWMssOS::DEBUG:  swdes dump  C:/PXL/devWorks/devWorks2/ILA_DEMO/Vitis/ILADEMO/ps7_cortexa9_0/standalone_ps7_cortexa9_0/bsp/system.mss|system_0||
C:/PXL/devWorks/devWorks2/ILA_DEMO/Vitis/ILADEMO/zynq_fsbl/zynq_fsbl_bsp/system.mss|system||

TRACE::2025-05-05.09:36:16::SCWMssOS::Sw design exists and opened at  C:/PXL/devWorks/devWorks2/ILA_DEMO/Vitis/ILADEMO/ps7_cortexa9_0/standalone_ps7_cortexa9_0/bsp/system.mss
TRACE::2025-05-05.09:36:16::SCWWriter::formatted JSON is {
	"platformName":	"ILADEMO",
	"sprVersion":	"2.0",
	"mode":	"gui",
	"dsaType":	"Fixed",
	"platformDesc":	"ILADEMO",
	"platHandOff":	"C:/PXL/devWorks/devWorks2/ILA_DEMO/ILADEMO.xsa",
	"platIntHandOff":	"<platformDir>/hw/ILADEMO.xsa",
	"deviceType":	"zynq",
	"platIsPrebuiltAutogen":	"false",
	"platIsNoBootBsp":	"false",
	"platFsblTarget":	"ps7_cortexa9_0",
	"hasFsblMakeHasChanges":	"false",
	"hasPmufwMakeHasChanges":	"false",
	"fsblExtraCompilerFlags":	"-MMD -MP       -mcpu=cortex-a9 -mfpu=vfpv3 -mfloat-abi=hard ",
	"platPreBuiltFlag":	false,
	"platformSamplesDir":	"",
	"platActiveSys":	"ILADEMO",
	"systems":	[{
			"systemName":	"ILADEMO",
			"systemDesc":	"ILADEMO",
			"sysIsBootAutoGen":	"true",
			"systemDispName":	"ILADEMO",
			"sysActiveDom":	"standalone_ps7_cortexa9_0",
			"sysDefaultDom":	"standalone_ps7_cortexa9_0",
			"domains":	[{
					"domainName":	"zynq_fsbl",
					"domainDispName":	"zynq_fsbl",
					"domainDesc":	"FSBL Application BSP - Auto Generated.",
					"processors":	"ps7_cortexa9_0",
					"os":	"standalone",
					"sdxOs":	"standalone",
					"debugEnable":	"",
					"domRuntimes":	["cpp"],
					"swRepo":	"",
					"mssOsVer":	"9.1",
					"mssFile":	"",
					"md5Digest":	"38ba93e41c0d74ae18df48b1f9514907",
					"compatibleApp":	"zynq_fsbl",
					"domType":	"bootDomain",
					"arch":	"32-bit",
					"appSettings":	{
						"appCompilerFlags":	"",
						"appLinkerFlags":	""
					},
					"addedLibs":	["xilffs:5.2", "xilrsa:1.8"],
					"libOptions":	{
						"libsContainingOptions":	[]
					},
					"prebuiltLibs":	{
						"prebuiltIncPath":	[],
						"prebuiltLibPath":	[]
					},
					"isolation":	{
					}
				}, {
					"domainName":	"standalone_ps7_cortexa9_0",
					"domainDispName":	"standalone_ps7_cortexa9_0",
					"domainDesc":	"standalone_ps7_cortexa9_0",
					"processors":	"ps7_cortexa9_0",
					"os":	"standalone",
					"sdxOs":	"standalone",
					"qemuArgs":	"<platformDir>/resources/ILADEMO/standalone_ps7_cortexa9_0/qemu_args.txt",
					"qemuData":	"<platformDir>/resources/ILADEMO/standalone_ps7_cortexa9_0/qemu",
					"debugEnable":	"False",
					"domRuntimes":	["cpp"],
					"swRepo":	"",
					"mssOsVer":	"9.1",
					"mssFile":	"",
					"md5Digest":	"6a262be947555ba770b2f1965ebd288c",
					"compatibleApp":	"hello_world",
					"domType":	"mssDomain",
					"arch":	"32-bit",
					"appSettings":	{
						"appCompilerFlags":	"",
						"appLinkerFlags":	""
					},
					"addedLibs":	[],
					"libOptions":	{
						"libsContainingOptions":	[]
					},
					"prebuiltLibs":	{
						"prebuiltIncPath":	[],
						"prebuiltLibPath":	[]
					},
					"isolation":	{
					}
				}]
		}]
}
KEYINFO::2025-05-05.09:36:16::SCWPlatform::updated the xpfm file.
LOG::2025-05-05.09:40:28::SCWPlatform::Started generating the artifacts platform ILADEMO
TRACE::2025-05-05.09:40:28::SCWPlatform::Sanity checking of platform is completed
LOG::2025-05-05.09:40:28::SCWPlatform::Started generating the artifacts for system configuration ILADEMO
LOG::2025-05-05.09:40:28::SCWSystem::Checking the domain zynq_fsbl
LOG::2025-05-05.09:40:28::SCWSystem::Doing application build for :  zynq_fsbl
TRACE::2025-05-05.09:40:28::SCWBDomain::Not a forced makefile updation, No changes are present. 
TRACE::2025-05-05.09:40:28::SCWDomain::Building the domain as part of full build :  zynq_fsbl
TRACE::2025-05-05.09:40:28::SCWPlatform::Trying to open the hw design at C:/PXL/devWorks/devWorks2/ILA_DEMO/Vitis/ILADEMO/hw/ILADEMO.xsa
TRACE::2025-05-05.09:40:28::SCWPlatform::DSA given C:/PXL/devWorks/devWorks2/ILA_DEMO/Vitis/ILADEMO/hw/ILADEMO.xsa
TRACE::2025-05-05.09:40:28::SCWPlatform::DSA absoulate path C:/PXL/devWorks/devWorks2/ILA_DEMO/Vitis/ILADEMO/hw/ILADEMO.xsa
TRACE::2025-05-05.09:40:28::SCWPlatform::DSA directory C:/PXL/devWorks/devWorks2/ILA_DEMO/Vitis/ILADEMO/hw
TRACE::2025-05-05.09:40:28::SCWPlatform:: Platform Path C:/PXL/devWorks/devWorks2/ILA_DEMO/Vitis/ILADEMO/hw/ILADEMO.xsa
TRACE::2025-05-05.09:40:28::SCWPlatform:: Unique name xilinx:pynq-z2::0.0
TRACE::2025-05-05.09:40:28::SCWPlatform::Trying to set the existing hwdb with name design_1_wrapper_0
TRACE::2025-05-05.09:40:28::SCWPlatform::Opened existing hwdb design_1_wrapper_0
TRACE::2025-05-05.09:40:28::SCWPlatform::Found the Hw Db part of the input DSA
TRACE::2025-05-05.09:40:28::SCWMssOS::Checking the sw design at  C:/PXL/devWorks/devWorks2/ILA_DEMO/Vitis/ILADEMO/zynq_fsbl/zynq_fsbl_bsp/system.mss
TRACE::2025-05-05.09:40:28::SCWMssOS::DEBUG:  swdes dump  C:/PXL/devWorks/devWorks2/ILA_DEMO/Vitis/ILADEMO/ps7_cortexa9_0/standalone_ps7_cortexa9_0/bsp/system.mss|system_0||
C:/PXL/devWorks/devWorks2/ILA_DEMO/Vitis/ILADEMO/zynq_fsbl/zynq_fsbl_bsp/system.mss|system||

TRACE::2025-05-05.09:40:28::SCWMssOS::Sw design exists and opened at  C:/PXL/devWorks/devWorks2/ILA_DEMO/Vitis/ILADEMO/zynq_fsbl/zynq_fsbl_bsp/system.mss
TRACE::2025-05-05.09:40:28::SCWBDomain::Completed writing the mss file at C:/PXL/devWorks/devWorks2/ILA_DEMO/Vitis/ILADEMO/zynq_fsbl/zynq_fsbl_bsp
TRACE::2025-05-05.09:40:28::SCWBDomain::bsp generated is upto date with the mss file. Skipping bsp generation.
TRACE::2025-05-05.09:40:28::SCWBDomain::Not a forced makefile updation, No changes are present. 
TRACE::2025-05-05.09:40:28::SCWBDomain::System Command Ran  C:&  cd  C:/PXL/devWorks/devWorks2/ILA_DEMO/Vitis/ILADEMO/zynq_fsbl& make -C  zynq_fsbl_bsp & make 
TRACE::2025-05-05.09:40:29::SCWBDomain::make: Entering directory 'C:/PXL/devWorks/devWorks2/ILA_DEMO/Vitis/ILADEMO/zynq_fsbl/zynq_fsbl_bsp'

TRACE::2025-05-05.09:40:29::SCWBDomain::make --no-print-directory seq_libs

TRACE::2025-05-05.09:40:29::SCWBDomain::"Running Make include in ps7_cortexa9_0/libsrc/coresightps_dcc_v1_10/src"

TRACE::2025-05-05.09:40:29::SCWBDomain::make -C ps7_cortexa9_0/libsrc/coresightps_dcc_v1_10/src -s include  "SHELL=CMD" "COMPILER=arm-none-eabi-gcc" "ASSEMBLER=arm-non
TRACE::2025-05-05.09:40:29::SCWBDomain::e-eabi-as" "ARCHIVER=arm-none-eabi-ar" "COMPILER_FLAGS=  -O2 -c" "EXTRA_COMPILER_FLAGS=-mcpu=cortex-a9 -mfpu=vfpv3 -mfloat-abi=
TRACE::2025-05-05.09:40:29::SCWBDomain::hard -nostartfiles -g -Wall -Wextra -fno-tree-loop-distribute-patterns"

TRACE::2025-05-05.09:40:29::SCWBDomain::"Running Make include in ps7_cortexa9_0/libsrc/cpu_cortexa9_v2_12/src"

TRACE::2025-05-05.09:40:29::SCWBDomain::make -C ps7_cortexa9_0/libsrc/cpu_cortexa9_v2_12/src -s include  "SHELL=CMD" "COMPILER=arm-none-eabi-gcc" "ASSEMBLER=arm-none-e
TRACE::2025-05-05.09:40:29::SCWBDomain::abi-as" "ARCHIVER=arm-none-eabi-ar" "COMPILER_FLAGS=  -O2 -c" "EXTRA_COMPILER_FLAGS=-mcpu=cortex-a9 -mfpu=vfpv3 -mfloat-abi=har
TRACE::2025-05-05.09:40:29::SCWBDomain::d -nostartfiles -g -Wall -Wextra -fno-tree-loop-distribute-patterns"

TRACE::2025-05-05.09:40:29::SCWBDomain::"Running Make include in ps7_cortexa9_0/libsrc/ddrps_v1_2/src"

TRACE::2025-05-05.09:40:30::SCWBDomain::make -C ps7_cortexa9_0/libsrc/ddrps_v1_2/src -s include  "SHELL=CMD" "COMPILER=arm-none-eabi-gcc" "ASSEMBLER=arm-none-eabi-as" 
TRACE::2025-05-05.09:40:30::SCWBDomain::"ARCHIVER=arm-none-eabi-ar" "COMPILER_FLAGS=  -O2 -c" "EXTRA_COMPILER_FLAGS=-mcpu=cortex-a9 -mfpu=vfpv3 -mfloat-abi=hard -nosta
TRACE::2025-05-05.09:40:30::SCWBDomain::rtfiles -g -Wall -Wextra -fno-tree-loop-distribute-patterns"

TRACE::2025-05-05.09:40:30::SCWBDomain::"Running Make include in ps7_cortexa9_0/libsrc/devcfg_v3_8/src"

TRACE::2025-05-05.09:40:30::SCWBDomain::make -C ps7_cortexa9_0/libsrc/devcfg_v3_8/src -s include  "SHELL=CMD" "COMPILER=arm-none-eabi-gcc" "ASSEMBLER=arm-none-eabi-as"
TRACE::2025-05-05.09:40:30::SCWBDomain:: "ARCHIVER=arm-none-eabi-ar" "COMPILER_FLAGS=  -O2 -c" "EXTRA_COMPILER_FLAGS=-mcpu=cortex-a9 -mfpu=vfpv3 -mfloat-abi=hard -nost
TRACE::2025-05-05.09:40:30::SCWBDomain::artfiles -g -Wall -Wextra -fno-tree-loop-distribute-patterns"

TRACE::2025-05-05.09:40:30::SCWBDomain::"Running Make include in ps7_cortexa9_0/libsrc/dmaps_v2_10/src"

TRACE::2025-05-05.09:40:30::SCWBDomain::make -C ps7_cortexa9_0/libsrc/dmaps_v2_10/src -s include  "SHELL=CMD" "COMPILER=arm-none-eabi-gcc" "ASSEMBLER=arm-none-eabi-as"
TRACE::2025-05-05.09:40:30::SCWBDomain:: "ARCHIVER=arm-none-eabi-ar" "COMPILER_FLAGS=  -O2 -c" "EXTRA_COMPILER_FLAGS=-mcpu=cortex-a9 -mfpu=vfpv3 -mfloat-abi=hard -nost
TRACE::2025-05-05.09:40:30::SCWBDomain::artfiles -g -Wall -Wextra -fno-tree-loop-distribute-patterns"

TRACE::2025-05-05.09:40:30::SCWBDomain::"Running Make include in ps7_cortexa9_0/libsrc/emacps_v3_20/src"

TRACE::2025-05-05.09:40:30::SCWBDomain::make -C ps7_cortexa9_0/libsrc/emacps_v3_20/src -s include  "SHELL=CMD" "COMPILER=arm-none-eabi-gcc" "ASSEMBLER=arm-none-eabi-as
TRACE::2025-05-05.09:40:30::SCWBDomain::" "ARCHIVER=arm-none-eabi-ar" "COMPILER_FLAGS=  -O2 -c" "EXTRA_COMPILER_FLAGS=-mcpu=cortex-a9 -mfpu=vfpv3 -mfloat-abi=hard -nos
TRACE::2025-05-05.09:40:30::SCWBDomain::tartfiles -g -Wall -Wextra -fno-tree-loop-distribute-patterns"

TRACE::2025-05-05.09:40:30::SCWBDomain::"Running Make include in ps7_cortexa9_0/libsrc/gpiops_v3_13/src"

TRACE::2025-05-05.09:40:30::SCWBDomain::make -C ps7_cortexa9_0/libsrc/gpiops_v3_13/src -s include  "SHELL=CMD" "COMPILER=arm-none-eabi-gcc" "ASSEMBLER=arm-none-eabi-as
TRACE::2025-05-05.09:40:30::SCWBDomain::" "ARCHIVER=arm-none-eabi-ar" "COMPILER_FLAGS=  -O2 -c" "EXTRA_COMPILER_FLAGS=-mcpu=cortex-a9 -mfpu=vfpv3 -mfloat-abi=hard -nos
TRACE::2025-05-05.09:40:30::SCWBDomain::tartfiles -g -Wall -Wextra -fno-tree-loop-distribute-patterns"

TRACE::2025-05-05.09:40:30::SCWBDomain::"Running Make include in ps7_cortexa9_0/libsrc/gpio_v4_11/src"

TRACE::2025-05-05.09:40:30::SCWBDomain::make -C ps7_cortexa9_0/libsrc/gpio_v4_11/src -s include  "SHELL=CMD" "COMPILER=arm-none-eabi-gcc" "ASSEMBLER=arm-none-eabi-as" 
TRACE::2025-05-05.09:40:30::SCWBDomain::"ARCHIVER=arm-none-eabi-ar" "COMPILER_FLAGS=  -O2 -c" "EXTRA_COMPILER_FLAGS=-mcpu=cortex-a9 -mfpu=vfpv3 -mfloat-abi=hard -nosta
TRACE::2025-05-05.09:40:30::SCWBDomain::rtfiles -g -Wall -Wextra -fno-tree-loop-distribute-patterns"

TRACE::2025-05-05.09:40:30::SCWBDomain::"Running Make include in ps7_cortexa9_0/libsrc/qspips_v3_12/src"

TRACE::2025-05-05.09:40:30::SCWBDomain::make -C ps7_cortexa9_0/libsrc/qspips_v3_12/src -s include  "SHELL=CMD" "COMPILER=arm-none-eabi-gcc" "ASSEMBLER=arm-none-eabi-as
TRACE::2025-05-05.09:40:30::SCWBDomain::" "ARCHIVER=arm-none-eabi-ar" "COMPILER_FLAGS=  -O2 -c" "EXTRA_COMPILER_FLAGS=-mcpu=cortex-a9 -mfpu=vfpv3 -mfloat-abi=hard -nos
TRACE::2025-05-05.09:40:30::SCWBDomain::tartfiles -g -Wall -Wextra -fno-tree-loop-distribute-patterns"

TRACE::2025-05-05.09:40:30::SCWBDomain::"Running Make include in ps7_cortexa9_0/libsrc/scugic_v5_3/src"

TRACE::2025-05-05.09:40:30::SCWBDomain::make -C ps7_cortexa9_0/libsrc/scugic_v5_3/src -s include  "SHELL=CMD" "COMPILER=arm-none-eabi-gcc" "ASSEMBLER=arm-none-eabi-as"
TRACE::2025-05-05.09:40:30::SCWBDomain:: "ARCHIVER=arm-none-eabi-ar" "COMPILER_FLAGS=  -O2 -c" "EXTRA_COMPILER_FLAGS=-mcpu=cortex-a9 -mfpu=vfpv3 -mfloat-abi=hard -nost
TRACE::2025-05-05.09:40:30::SCWBDomain::artfiles -g -Wall -Wextra -fno-tree-loop-distribute-patterns"

TRACE::2025-05-05.09:40:30::SCWBDomain::"Running Make include in ps7_cortexa9_0/libsrc/scutimer_v2_6/src"

TRACE::2025-05-05.09:40:30::SCWBDomain::make -C ps7_cortexa9_0/libsrc/scutimer_v2_6/src -s include  "SHELL=CMD" "COMPILER=arm-none-eabi-gcc" "ASSEMBLER=arm-none-eabi-a
TRACE::2025-05-05.09:40:30::SCWBDomain::s" "ARCHIVER=arm-none-eabi-ar" "COMPILER_FLAGS=  -O2 -c" "EXTRA_COMPILER_FLAGS=-mcpu=cortex-a9 -mfpu=vfpv3 -mfloat-abi=hard -no
TRACE::2025-05-05.09:40:30::SCWBDomain::startfiles -g -Wall -Wextra -fno-tree-loop-distribute-patterns"

TRACE::2025-05-05.09:40:31::SCWBDomain::"Running Make include in ps7_cortexa9_0/libsrc/scuwdt_v2_5/src"

TRACE::2025-05-05.09:40:31::SCWBDomain::make -C ps7_cortexa9_0/libsrc/scuwdt_v2_5/src -s include  "SHELL=CMD" "COMPILER=arm-none-eabi-gcc" "ASSEMBLER=arm-none-eabi-as"
TRACE::2025-05-05.09:40:31::SCWBDomain:: "ARCHIVER=arm-none-eabi-ar" "COMPILER_FLAGS=  -O2 -c" "EXTRA_COMPILER_FLAGS=-mcpu=cortex-a9 -mfpu=vfpv3 -mfloat-abi=hard -nost
TRACE::2025-05-05.09:40:31::SCWBDomain::artfiles -g -Wall -Wextra -fno-tree-loop-distribute-patterns"

TRACE::2025-05-05.09:40:31::SCWBDomain::"Running Make include in ps7_cortexa9_0/libsrc/sdps_v4_3/src"

TRACE::2025-05-05.09:40:31::SCWBDomain::make -C ps7_cortexa9_0/libsrc/sdps_v4_3/src -s include  "SHELL=CMD" "COMPILER=arm-none-eabi-gcc" "ASSEMBLER=arm-none-eabi-as" "
TRACE::2025-05-05.09:40:31::SCWBDomain::ARCHIVER=arm-none-eabi-ar" "COMPILER_FLAGS=  -O2 -c" "EXTRA_COMPILER_FLAGS=-mcpu=cortex-a9 -mfpu=vfpv3 -mfloat-abi=hard -nostar
TRACE::2025-05-05.09:40:31::SCWBDomain::tfiles -g -Wall -Wextra -fno-tree-loop-distribute-patterns"

TRACE::2025-05-05.09:40:31::SCWBDomain::"Running Make include in ps7_cortexa9_0/libsrc/standalone_v9_1/src"

TRACE::2025-05-05.09:40:31::SCWBDomain::make -C ps7_cortexa9_0/libsrc/standalone_v9_1/src -s include  "SHELL=CMD" "COMPILER=arm-none-eabi-gcc" "ASSEMBLER=arm-none-eabi
TRACE::2025-05-05.09:40:31::SCWBDomain::-as" "ARCHIVER=arm-none-eabi-ar" "COMPILER_FLAGS=  -O2 -c" "EXTRA_COMPILER_FLAGS=-mcpu=cortex-a9 -mfpu=vfpv3 -mfloat-abi=hard -
TRACE::2025-05-05.09:40:31::SCWBDomain::nostartfiles -g -Wall -Wextra -fno-tree-loop-distribute-patterns"

TRACE::2025-05-05.09:40:32::SCWBDomain::"Running Make include in ps7_cortexa9_0/libsrc/uartps_v3_14/src"

TRACE::2025-05-05.09:40:32::SCWBDomain::make -C ps7_cortexa9_0/libsrc/uartps_v3_14/src -s include  "SHELL=CMD" "COMPILER=arm-none-eabi-gcc" "ASSEMBLER=arm-none-eabi-as
TRACE::2025-05-05.09:40:32::SCWBDomain::" "ARCHIVER=arm-none-eabi-ar" "COMPILER_FLAGS=  -O2 -c" "EXTRA_COMPILER_FLAGS=-mcpu=cortex-a9 -mfpu=vfpv3 -mfloat-abi=hard -nos
TRACE::2025-05-05.09:40:32::SCWBDomain::tartfiles -g -Wall -Wextra -fno-tree-loop-distribute-patterns"

TRACE::2025-05-05.09:40:32::SCWBDomain::"Running Make include in ps7_cortexa9_0/libsrc/usbps_v2_9/src"

TRACE::2025-05-05.09:40:32::SCWBDomain::make -C ps7_cortexa9_0/libsrc/usbps_v2_9/src -s include  "SHELL=CMD" "COMPILER=arm-none-eabi-gcc" "ASSEMBLER=arm-none-eabi-as" 
TRACE::2025-05-05.09:40:32::SCWBDomain::"ARCHIVER=arm-none-eabi-ar" "COMPILER_FLAGS=  -O2 -c" "EXTRA_COMPILER_FLAGS=-mcpu=cortex-a9 -mfpu=vfpv3 -mfloat-abi=hard -nosta
TRACE::2025-05-05.09:40:32::SCWBDomain::rtfiles -g -Wall -Wextra -fno-tree-loop-distribute-patterns"

TRACE::2025-05-05.09:40:32::SCWBDomain::"Running Make include in ps7_cortexa9_0/libsrc/xadcps_v2_7/src"

TRACE::2025-05-05.09:40:32::SCWBDomain::make -C ps7_cortexa9_0/libsrc/xadcps_v2_7/src -s include  "SHELL=CMD" "COMPILER=arm-none-eabi-gcc" "ASSEMBLER=arm-none-eabi-as"
TRACE::2025-05-05.09:40:32::SCWBDomain:: "ARCHIVER=arm-none-eabi-ar" "COMPILER_FLAGS=  -O2 -c" "EXTRA_COMPILER_FLAGS=-mcpu=cortex-a9 -mfpu=vfpv3 -mfloat-abi=hard -nost
TRACE::2025-05-05.09:40:32::SCWBDomain::artfiles -g -Wall -Wextra -fno-tree-loop-distribute-patterns"

TRACE::2025-05-05.09:40:32::SCWBDomain::"Running Make include in ps7_cortexa9_0/libsrc/xilffs_v5_2/src"

TRACE::2025-05-05.09:40:32::SCWBDomain::make -C ps7_cortexa9_0/libsrc/xilffs_v5_2/src -s include  "SHELL=CMD" "COMPILER=arm-none-eabi-gcc" "ASSEMBLER=arm-none-eabi-as"
TRACE::2025-05-05.09:40:32::SCWBDomain:: "ARCHIVER=arm-none-eabi-ar" "COMPILER_FLAGS=  -O2 -c" "EXTRA_COMPILER_FLAGS=-mcpu=cortex-a9 -mfpu=vfpv3 -mfloat-abi=hard -nost
TRACE::2025-05-05.09:40:32::SCWBDomain::artfiles -g -Wall -Wextra -fno-tree-loop-distribute-patterns"

TRACE::2025-05-05.09:40:32::SCWBDomain::"Running Make include in ps7_cortexa9_0/libsrc/xilrsa_v1_8/src"

TRACE::2025-05-05.09:40:32::SCWBDomain::make -C ps7_cortexa9_0/libsrc/xilrsa_v1_8/src -s include  "SHELL=CMD" "COMPILER=arm-none-eabi-gcc" "ASSEMBLER=arm-none-eabi-as"
TRACE::2025-05-05.09:40:32::SCWBDomain:: "ARCHIVER=arm-none-eabi-ar" "COMPILER_FLAGS=  -O2 -c" "EXTRA_COMPILER_FLAGS=-mcpu=cortex-a9 -mfpu=vfpv3 -mfloat-abi=hard -nost
TRACE::2025-05-05.09:40:32::SCWBDomain::artfiles -g -Wall -Wextra -fno-tree-loop-distribute-patterns"

TRACE::2025-05-05.09:40:32::SCWBDomain::"Running Make libs in ps7_cortexa9_0/libsrc/xilrsa_v1_8/src"

TRACE::2025-05-05.09:40:32::SCWBDomain::make -C ps7_cortexa9_0/libsrc/xilrsa_v1_8/src -s libs  "SHELL=CMD" "COMPILER=arm-none-eabi-gcc" "ASSEMBLER=arm-none-eabi-as" "A
TRACE::2025-05-05.09:40:32::SCWBDomain::RCHIVER=arm-none-eabi-ar" "COMPILER_FLAGS=  -O2 -c" "EXTRA_COMPILER_FLAGS=-mcpu=cortex-a9 -mfpu=vfpv3 -mfloat-abi=hard -nostart
TRACE::2025-05-05.09:40:32::SCWBDomain::files -g -Wall -Wextra -fno-tree-loop-distribute-patterns"

TRACE::2025-05-05.09:40:32::SCWBDomain::'Finished building libraries sequentially.'

TRACE::2025-05-05.09:40:32::SCWBDomain::make -j 6 --no-print-directory par_libs

TRACE::2025-05-05.09:40:33::SCWBDomain::"Running Make include in ps7_cortexa9_0/libsrc/coresightps_dcc_v1_10/src"

TRACE::2025-05-05.09:40:33::SCWBDomain::make -C ps7_cortexa9_0/libsrc/coresightps_dcc_v1_10/src -s include  "SHELL=CMD" "COMPILER=arm-none-eabi-gcc" "ASSEMBLER=arm-non
TRACE::2025-05-05.09:40:33::SCWBDomain::e-eabi-as" "ARCHIVER=arm-none-eabi-ar" "COMPILER_FLAGS=  -O2 -c" "EXTRA_COMPILER_FLAGS=-mcpu=cortex-a9 -mfpu=vfpv3 -mfloat-abi=
TRACE::2025-05-05.09:40:33::SCWBDomain::hard -nostartfiles -g -Wall -Wextra -fno-tree-loop-distribute-patterns"

TRACE::2025-05-05.09:40:33::SCWBDomain::"Running Make include in ps7_cortexa9_0/libsrc/cpu_cortexa9_v2_12/src"

TRACE::2025-05-05.09:40:33::SCWBDomain::make -C ps7_cortexa9_0/libsrc/cpu_cortexa9_v2_12/src -s include  "SHELL=CMD" "COMPILER=arm-none-eabi-gcc" "ASSEMBLER=arm-none-e
TRACE::2025-05-05.09:40:33::SCWBDomain::abi-as" "ARCHIVER=arm-none-eabi-ar" "COMPILER_FLAGS=  -O2 -c" "EXTRA_COMPILER_FLAGS=-mcpu=cortex-a9 -mfpu=vfpv3 -mfloat-abi=har
TRACE::2025-05-05.09:40:33::SCWBDomain::d -nostartfiles -g -Wall -Wextra -fno-tree-loop-distribute-patterns"

TRACE::2025-05-05.09:40:33::SCWBDomain::"Running Make include in ps7_cortexa9_0/libsrc/ddrps_v1_2/src"

TRACE::2025-05-05.09:40:33::SCWBDomain::make -C ps7_cortexa9_0/libsrc/ddrps_v1_2/src -s include  "SHELL=CMD" "COMPILER=arm-none-eabi-gcc" "ASSEMBLER=arm-none-eabi-as" 
TRACE::2025-05-05.09:40:33::SCWBDomain::"ARCHIVER=arm-none-eabi-ar" "COMPILER_FLAGS=  -O2 -c" "EXTRA_COMPILER_FLAGS=-mcpu=cortex-a9 -mfpu=vfpv3 -mfloat-abi=hard -nosta
TRACE::2025-05-05.09:40:33::SCWBDomain::rtfiles -g -Wall -Wextra -fno-tree-loop-distribute-patterns"

TRACE::2025-05-05.09:40:33::SCWBDomain::"Running Make include in ps7_cortexa9_0/libsrc/devcfg_v3_8/src"

TRACE::2025-05-05.09:40:33::SCWBDomain::make -C ps7_cortexa9_0/libsrc/devcfg_v3_8/src -s include  "SHELL=CMD" "COMPILER=arm-none-eabi-gcc" "ASSEMBLER=arm-none-eabi-as"
TRACE::2025-05-05.09:40:33::SCWBDomain:: "ARCHIVER=arm-none-eabi-ar" "COMPILER_FLAGS=  -O2 -c" "EXTRA_COMPILER_FLAGS=-mcpu=cortex-a9 -mfpu=vfpv3 -mfloat-abi=hard -nost
TRACE::2025-05-05.09:40:33::SCWBDomain::artfiles -g -Wall -Wextra -fno-tree-loop-distribute-patterns"

TRACE::2025-05-05.09:40:33::SCWBDomain::"Running Make include in ps7_cortexa9_0/libsrc/dmaps_v2_10/src"

TRACE::2025-05-05.09:40:33::SCWBDomain::make -C ps7_cortexa9_0/libsrc/dmaps_v2_10/src -s include  "SHELL=CMD" "COMPILER=arm-none-eabi-gcc" "ASSEMBLER=arm-none-eabi-as"
TRACE::2025-05-05.09:40:33::SCWBDomain:: "ARCHIVER=arm-none-eabi-ar" "COMPILER_FLAGS=  -O2 -c" "EXTRA_COMPILER_FLAGS=-mcpu=cortex-a9 -mfpu=vfpv3 -mfloat-abi=hard -nost
TRACE::2025-05-05.09:40:33::SCWBDomain::artfiles -g -Wall -Wextra -fno-tree-loop-distribute-patterns"

TRACE::2025-05-05.09:40:33::SCWBDomain::"Running Make include in ps7_cortexa9_0/libsrc/emacps_v3_20/src"

TRACE::2025-05-05.09:40:33::SCWBDomain::make -C ps7_cortexa9_0/libsrc/emacps_v3_20/src -s include  "SHELL=CMD" "COMPILER=arm-none-eabi-gcc" "ASSEMBLER=arm-none-eabi-as
TRACE::2025-05-05.09:40:33::SCWBDomain::" "ARCHIVER=arm-none-eabi-ar" "COMPILER_FLAGS=  -O2 -c" "EXTRA_COMPILER_FLAGS=-mcpu=cortex-a9 -mfpu=vfpv3 -mfloat-abi=hard -nos
TRACE::2025-05-05.09:40:33::SCWBDomain::tartfiles -g -Wall -Wextra -fno-tree-loop-distribute-patterns"

TRACE::2025-05-05.09:40:33::SCWBDomain::"Running Make include in ps7_cortexa9_0/libsrc/gpiops_v3_13/src"

TRACE::2025-05-05.09:40:33::SCWBDomain::make -C ps7_cortexa9_0/libsrc/gpiops_v3_13/src -s include  "SHELL=CMD" "COMPILER=arm-none-eabi-gcc" "ASSEMBLER=arm-none-eabi-as
TRACE::2025-05-05.09:40:33::SCWBDomain::" "ARCHIVER=arm-none-eabi-ar" "COMPILER_FLAGS=  -O2 -c" "EXTRA_COMPILER_FLAGS=-mcpu=cortex-a9 -mfpu=vfpv3 -mfloat-abi=hard -nos
TRACE::2025-05-05.09:40:33::SCWBDomain::tartfiles -g -Wall -Wextra -fno-tree-loop-distribute-patterns"

TRACE::2025-05-05.09:40:33::SCWBDomain::"Running Make include in ps7_cortexa9_0/libsrc/gpio_v4_11/src"

TRACE::2025-05-05.09:40:33::SCWBDomain::make -C ps7_cortexa9_0/libsrc/gpio_v4_11/src -s include  "SHELL=CMD" "COMPILER=arm-none-eabi-gcc" "ASSEMBLER=arm-none-eabi-as" 
TRACE::2025-05-05.09:40:33::SCWBDomain::"ARCHIVER=arm-none-eabi-ar" "COMPILER_FLAGS=  -O2 -c" "EXTRA_COMPILER_FLAGS=-mcpu=cortex-a9 -mfpu=vfpv3 -mfloat-abi=hard -nosta
TRACE::2025-05-05.09:40:33::SCWBDomain::rtfiles -g -Wall -Wextra -fno-tree-loop-distribute-patterns"

TRACE::2025-05-05.09:40:33::SCWBDomain::"Running Make include in ps7_cortexa9_0/libsrc/qspips_v3_12/src"

TRACE::2025-05-05.09:40:33::SCWBDomain::make -C ps7_cortexa9_0/libsrc/qspips_v3_12/src -s include  "SHELL=CMD" "COMPILER=arm-none-eabi-gcc" "ASSEMBLER=arm-none-eabi-as
TRACE::2025-05-05.09:40:33::SCWBDomain::" "ARCHIVER=arm-none-eabi-ar" "COMPILER_FLAGS=  -O2 -c" "EXTRA_COMPILER_FLAGS=-mcpu=cortex-a9 -mfpu=vfpv3 -mfloat-abi=hard -nos
TRACE::2025-05-05.09:40:33::SCWBDomain::tartfiles -g -Wall -Wextra -fno-tree-loop-distribute-patterns"

TRACE::2025-05-05.09:40:33::SCWBDomain::"Running Make include in ps7_cortexa9_0/libsrc/scugic_v5_3/src"

TRACE::2025-05-05.09:40:33::SCWBDomain::make -C ps7_cortexa9_0/libsrc/scugic_v5_3/src -s include  "SHELL=CMD" "COMPILER=arm-none-eabi-gcc" "ASSEMBLER=arm-none-eabi-as"
TRACE::2025-05-05.09:40:33::SCWBDomain:: "ARCHIVER=arm-none-eabi-ar" "COMPILER_FLAGS=  -O2 -c" "EXTRA_COMPILER_FLAGS=-mcpu=cortex-a9 -mfpu=vfpv3 -mfloat-abi=hard -nost
TRACE::2025-05-05.09:40:33::SCWBDomain::artfiles -g -Wall -Wextra -fno-tree-loop-distribute-patterns"

TRACE::2025-05-05.09:40:33::SCWBDomain::"Running Make include in ps7_cortexa9_0/libsrc/scutimer_v2_6/src"

TRACE::2025-05-05.09:40:33::SCWBDomain::make -C ps7_cortexa9_0/libsrc/scutimer_v2_6/src -s include  "SHELL=CMD" "COMPILER=arm-none-eabi-gcc" "ASSEMBLER=arm-none-eabi-a
TRACE::2025-05-05.09:40:33::SCWBDomain::s" "ARCHIVER=arm-none-eabi-ar" "COMPILER_FLAGS=  -O2 -c" "EXTRA_COMPILER_FLAGS=-mcpu=cortex-a9 -mfpu=vfpv3 -mfloat-abi=hard -no
TRACE::2025-05-05.09:40:33::SCWBDomain::startfiles -g -Wall -Wextra -fno-tree-loop-distribute-patterns"

TRACE::2025-05-05.09:40:33::SCWBDomain::"Running Make include in ps7_cortexa9_0/libsrc/scuwdt_v2_5/src"

TRACE::2025-05-05.09:40:33::SCWBDomain::make -C ps7_cortexa9_0/libsrc/scuwdt_v2_5/src -s include  "SHELL=CMD" "COMPILER=arm-none-eabi-gcc" "ASSEMBLER=arm-none-eabi-as"
TRACE::2025-05-05.09:40:33::SCWBDomain:: "ARCHIVER=arm-none-eabi-ar" "COMPILER_FLAGS=  -O2 -c" "EXTRA_COMPILER_FLAGS=-mcpu=cortex-a9 -mfpu=vfpv3 -mfloat-abi=hard -nost
TRACE::2025-05-05.09:40:33::SCWBDomain::artfiles -g -Wall -Wextra -fno-tree-loop-distribute-patterns"

TRACE::2025-05-05.09:40:33::SCWBDomain::"Running Make include in ps7_cortexa9_0/libsrc/sdps_v4_3/src"

TRACE::2025-05-05.09:40:33::SCWBDomain::make -C ps7_cortexa9_0/libsrc/sdps_v4_3/src -s include  "SHELL=CMD" "COMPILER=arm-none-eabi-gcc" "ASSEMBLER=arm-none-eabi-as" "
TRACE::2025-05-05.09:40:33::SCWBDomain::ARCHIVER=arm-none-eabi-ar" "COMPILER_FLAGS=  -O2 -c" "EXTRA_COMPILER_FLAGS=-mcpu=cortex-a9 -mfpu=vfpv3 -mfloat-abi=hard -nostar
TRACE::2025-05-05.09:40:33::SCWBDomain::tfiles -g -Wall -Wextra -fno-tree-loop-distribute-patterns"

TRACE::2025-05-05.09:40:33::SCWBDomain::"Running Make include in ps7_cortexa9_0/libsrc/standalone_v9_1/src"

TRACE::2025-05-05.09:40:33::SCWBDomain::make -C ps7_cortexa9_0/libsrc/standalone_v9_1/src -s include  "SHELL=CMD" "COMPILER=arm-none-eabi-gcc" "ASSEMBLER=arm-none-eabi
TRACE::2025-05-05.09:40:33::SCWBDomain::-as" "ARCHIVER=arm-none-eabi-ar" "COMPILER_FLAGS=  -O2 -c" "EXTRA_COMPILER_FLAGS=-mcpu=cortex-a9 -mfpu=vfpv3 -mfloat-abi=hard -
TRACE::2025-05-05.09:40:33::SCWBDomain::nostartfiles -g -Wall -Wextra -fno-tree-loop-distribute-patterns"

TRACE::2025-05-05.09:40:33::SCWBDomain::"Running Make include in ps7_cortexa9_0/libsrc/uartps_v3_14/src"

TRACE::2025-05-05.09:40:33::SCWBDomain::make -C ps7_cortexa9_0/libsrc/uartps_v3_14/src -s include  "SHELL=CMD" "COMPILER=arm-none-eabi-gcc" "ASSEMBLER=arm-none-eabi-as
TRACE::2025-05-05.09:40:33::SCWBDomain::" "ARCHIVER=arm-none-eabi-ar" "COMPILER_FLAGS=  -O2 -c" "EXTRA_COMPILER_FLAGS=-mcpu=cortex-a9 -mfpu=vfpv3 -mfloat-abi=hard -nos
TRACE::2025-05-05.09:40:33::SCWBDomain::tartfiles -g -Wall -Wextra -fno-tree-loop-distribute-patterns"

TRACE::2025-05-05.09:40:33::SCWBDomain::"Running Make include in ps7_cortexa9_0/libsrc/usbps_v2_9/src"

TRACE::2025-05-05.09:40:33::SCWBDomain::make -C ps7_cortexa9_0/libsrc/usbps_v2_9/src -s include  "SHELL=CMD" "COMPILER=arm-none-eabi-gcc" "ASSEMBLER=arm-none-eabi-as" 
TRACE::2025-05-05.09:40:33::SCWBDomain::"ARCHIVER=arm-none-eabi-ar" "COMPILER_FLAGS=  -O2 -c" "EXTRA_COMPILER_FLAGS=-mcpu=cortex-a9 -mfpu=vfpv3 -mfloat-abi=hard -nosta
TRACE::2025-05-05.09:40:33::SCWBDomain::rtfiles -g -Wall -Wextra -fno-tree-loop-distribute-patterns"

TRACE::2025-05-05.09:40:33::SCWBDomain::"Running Make include in ps7_cortexa9_0/libsrc/xadcps_v2_7/src"

TRACE::2025-05-05.09:40:33::SCWBDomain::make -C ps7_cortexa9_0/libsrc/xadcps_v2_7/src -s include  "SHELL=CMD" "COMPILER=arm-none-eabi-gcc" "ASSEMBLER=arm-none-eabi-as"
TRACE::2025-05-05.09:40:33::SCWBDomain:: "ARCHIVER=arm-none-eabi-ar" "COMPILER_FLAGS=  -O2 -c" "EXTRA_COMPILER_FLAGS=-mcpu=cortex-a9 -mfpu=vfpv3 -mfloat-abi=hard -nost
TRACE::2025-05-05.09:40:33::SCWBDomain::artfiles -g -Wall -Wextra -fno-tree-loop-distribute-patterns"

TRACE::2025-05-05.09:40:33::SCWBDomain::"Running Make include in ps7_cortexa9_0/libsrc/xilffs_v5_2/src"

TRACE::2025-05-05.09:40:33::SCWBDomain::make -C ps7_cortexa9_0/libsrc/xilffs_v5_2/src -s include  "SHELL=CMD" "COMPILER=arm-none-eabi-gcc" "ASSEMBLER=arm-none-eabi-as"
TRACE::2025-05-05.09:40:33::SCWBDomain:: "ARCHIVER=arm-none-eabi-ar" "COMPILER_FLAGS=  -O2 -c" "EXTRA_COMPILER_FLAGS=-mcpu=cortex-a9 -mfpu=vfpv3 -mfloat-abi=hard -nost
TRACE::2025-05-05.09:40:33::SCWBDomain::artfiles -g -Wall -Wextra -fno-tree-loop-distribute-patterns"

TRACE::2025-05-05.09:40:33::SCWBDomain::"Running Make include in ps7_cortexa9_0/libsrc/xilrsa_v1_8/src"

TRACE::2025-05-05.09:40:33::SCWBDomain::make -C ps7_cortexa9_0/libsrc/xilrsa_v1_8/src -s include  "SHELL=CMD" "COMPILER=arm-none-eabi-gcc" "ASSEMBLER=arm-none-eabi-as"
TRACE::2025-05-05.09:40:33::SCWBDomain:: "ARCHIVER=arm-none-eabi-ar" "COMPILER_FLAGS=  -O2 -c" "EXTRA_COMPILER_FLAGS=-mcpu=cortex-a9 -mfpu=vfpv3 -mfloat-abi=hard -nost
TRACE::2025-05-05.09:40:33::SCWBDomain::artfiles -g -Wall -Wextra -fno-tree-loop-distribute-patterns"

TRACE::2025-05-05.09:40:33::SCWBDomain::"Running Make libs in ps7_cortexa9_0/libsrc/coresightps_dcc_v1_10/src"

TRACE::2025-05-05.09:40:33::SCWBDomain::make -C ps7_cortexa9_0/libsrc/coresightps_dcc_v1_10/src -s libs  "SHELL=CMD" "COMPILER=arm-none-eabi-gcc" "ASSEMBLER=arm-none-e
TRACE::2025-05-05.09:40:33::SCWBDomain::abi-as" "ARCHIVER=arm-none-eabi-ar" "COMPILER_FLAGS=  -O2 -c" "EXTRA_COMPILER_FLAGS=-mcpu=cortex-a9 -mfpu=vfpv3 -mfloat-abi=har
TRACE::2025-05-05.09:40:33::SCWBDomain::d -nostartfiles -g -Wall -Wextra -fno-tree-loop-distribute-patterns"

TRACE::2025-05-05.09:40:33::SCWBDomain::"Running Make libs in ps7_cortexa9_0/libsrc/cpu_cortexa9_v2_12/src"

TRACE::2025-05-05.09:40:33::SCWBDomain::make -C ps7_cortexa9_0/libsrc/cpu_cortexa9_v2_12/src -s libs  "SHELL=CMD" "COMPILER=arm-none-eabi-gcc" "ASSEMBLER=arm-none-eabi
TRACE::2025-05-05.09:40:33::SCWBDomain::-as" "ARCHIVER=arm-none-eabi-ar" "COMPILER_FLAGS=  -O2 -c" "EXTRA_COMPILER_FLAGS=-mcpu=cortex-a9 -mfpu=vfpv3 -mfloat-abi=hard -
TRACE::2025-05-05.09:40:33::SCWBDomain::nostartfiles -g -Wall -Wextra -fno-tree-loop-distribute-patterns"

TRACE::2025-05-05.09:40:33::SCWBDomain::"Running Make libs in ps7_cortexa9_0/libsrc/ddrps_v1_2/src"

TRACE::2025-05-05.09:40:33::SCWBDomain::make -C ps7_cortexa9_0/libsrc/ddrps_v1_2/src -s libs  "SHELL=CMD" "COMPILER=arm-none-eabi-gcc" "ASSEMBLER=arm-none-eabi-as" "AR
TRACE::2025-05-05.09:40:33::SCWBDomain::CHIVER=arm-none-eabi-ar" "COMPILER_FLAGS=  -O2 -c" "EXTRA_COMPILER_FLAGS=-mcpu=cortex-a9 -mfpu=vfpv3 -mfloat-abi=hard -nostartf
TRACE::2025-05-05.09:40:33::SCWBDomain::iles -g -Wall -Wextra -fno-tree-loop-distribute-patterns"

TRACE::2025-05-05.09:40:33::SCWBDomain::"Running Make libs in ps7_cortexa9_0/libsrc/devcfg_v3_8/src"

TRACE::2025-05-05.09:40:33::SCWBDomain::make -C ps7_cortexa9_0/libsrc/devcfg_v3_8/src -s libs  "SHELL=CMD" "COMPILER=arm-none-eabi-gcc" "ASSEMBLER=arm-none-eabi-as" "A
TRACE::2025-05-05.09:40:33::SCWBDomain::RCHIVER=arm-none-eabi-ar" "COMPILER_FLAGS=  -O2 -c" "EXTRA_COMPILER_FLAGS=-mcpu=cortex-a9 -mfpu=vfpv3 -mfloat-abi=hard -nostart
TRACE::2025-05-05.09:40:33::SCWBDomain::files -g -Wall -Wextra -fno-tree-loop-distribute-patterns"

TRACE::2025-05-05.09:40:33::SCWBDomain::"Running Make libs in ps7_cortexa9_0/libsrc/dmaps_v2_10/src"

TRACE::2025-05-05.09:40:33::SCWBDomain::make -C ps7_cortexa9_0/libsrc/dmaps_v2_10/src -s libs  "SHELL=CMD" "COMPILER=arm-none-eabi-gcc" "ASSEMBLER=arm-none-eabi-as" "A
TRACE::2025-05-05.09:40:33::SCWBDomain::RCHIVER=arm-none-eabi-ar" "COMPILER_FLAGS=  -O2 -c" "EXTRA_COMPILER_FLAGS=-mcpu=cortex-a9 -mfpu=vfpv3 -mfloat-abi=hard -nostart
TRACE::2025-05-05.09:40:33::SCWBDomain::files -g -Wall -Wextra -fno-tree-loop-distribute-patterns"

TRACE::2025-05-05.09:40:33::SCWBDomain::"Running Make libs in ps7_cortexa9_0/libsrc/emacps_v3_20/src"

TRACE::2025-05-05.09:40:33::SCWBDomain::make -C ps7_cortexa9_0/libsrc/emacps_v3_20/src -s libs  "SHELL=CMD" "COMPILER=arm-none-eabi-gcc" "ASSEMBLER=arm-none-eabi-as" "
TRACE::2025-05-05.09:40:33::SCWBDomain::ARCHIVER=arm-none-eabi-ar" "COMPILER_FLAGS=  -O2 -c" "EXTRA_COMPILER_FLAGS=-mcpu=cortex-a9 -mfpu=vfpv3 -mfloat-abi=hard -nostar
TRACE::2025-05-05.09:40:33::SCWBDomain::tfiles -g -Wall -Wextra -fno-tree-loop-distribute-patterns"

TRACE::2025-05-05.09:40:33::SCWBDomain::"Running Make libs in ps7_cortexa9_0/libsrc/gpiops_v3_13/src"

TRACE::2025-05-05.09:40:33::SCWBDomain::make -C ps7_cortexa9_0/libsrc/gpiops_v3_13/src -s libs  "SHELL=CMD" "COMPILER=arm-none-eabi-gcc" "ASSEMBLER=arm-none-eabi-as" "
TRACE::2025-05-05.09:40:33::SCWBDomain::ARCHIVER=arm-none-eabi-ar" "COMPILER_FLAGS=  -O2 -c" "EXTRA_COMPILER_FLAGS=-mcpu=cortex-a9 -mfpu=vfpv3 -mfloat-abi=hard -nostar
TRACE::2025-05-05.09:40:33::SCWBDomain::tfiles -g -Wall -Wextra -fno-tree-loop-distribute-patterns"

TRACE::2025-05-05.09:40:34::SCWBDomain::"Running Make libs in ps7_cortexa9_0/libsrc/gpio_v4_11/src"

TRACE::2025-05-05.09:40:34::SCWBDomain::make -C ps7_cortexa9_0/libsrc/gpio_v4_11/src -s libs  "SHELL=CMD" "COMPILER=arm-none-eabi-gcc" "ASSEMBLER=arm-none-eabi-as" "AR
TRACE::2025-05-05.09:40:34::SCWBDomain::CHIVER=arm-none-eabi-ar" "COMPILER_FLAGS=  -O2 -c" "EXTRA_COMPILER_FLAGS=-mcpu=cortex-a9 -mfpu=vfpv3 -mfloat-abi=hard -nostartf
TRACE::2025-05-05.09:40:34::SCWBDomain::iles -g -Wall -Wextra -fno-tree-loop-distribute-patterns"

TRACE::2025-05-05.09:40:35::SCWBDomain::"Running Make libs in ps7_cortexa9_0/libsrc/qspips_v3_12/src"

TRACE::2025-05-05.09:40:35::SCWBDomain::make -C ps7_cortexa9_0/libsrc/qspips_v3_12/src -s libs  "SHELL=CMD" "COMPILER=arm-none-eabi-gcc" "ASSEMBLER=arm-none-eabi-as" "
TRACE::2025-05-05.09:40:35::SCWBDomain::ARCHIVER=arm-none-eabi-ar" "COMPILER_FLAGS=  -O2 -c" "EXTRA_COMPILER_FLAGS=-mcpu=cortex-a9 -mfpu=vfpv3 -mfloat-abi=hard -nostar
TRACE::2025-05-05.09:40:35::SCWBDomain::tfiles -g -Wall -Wextra -fno-tree-loop-distribute-patterns"

TRACE::2025-05-05.09:40:36::SCWBDomain::"Running Make libs in ps7_cortexa9_0/libsrc/scugic_v5_3/src"

TRACE::2025-05-05.09:40:36::SCWBDomain::make -C ps7_cortexa9_0/libsrc/scugic_v5_3/src -s libs  "SHELL=CMD" "COMPILER=arm-none-eabi-gcc" "ASSEMBLER=arm-none-eabi-as" "A
TRACE::2025-05-05.09:40:36::SCWBDomain::RCHIVER=arm-none-eabi-ar" "COMPILER_FLAGS=  -O2 -c" "EXTRA_COMPILER_FLAGS=-mcpu=cortex-a9 -mfpu=vfpv3 -mfloat-abi=hard -nostart
TRACE::2025-05-05.09:40:36::SCWBDomain::files -g -Wall -Wextra -fno-tree-loop-distribute-patterns"

TRACE::2025-05-05.09:40:36::SCWBDomain::"Running Make libs in ps7_cortexa9_0/libsrc/scutimer_v2_6/src"

TRACE::2025-05-05.09:40:36::SCWBDomain::make -C ps7_cortexa9_0/libsrc/scutimer_v2_6/src -s libs  "SHELL=CMD" "COMPILER=arm-none-eabi-gcc" "ASSEMBLER=arm-none-eabi-as" 
TRACE::2025-05-05.09:40:36::SCWBDomain::"ARCHIVER=arm-none-eabi-ar" "COMPILER_FLAGS=  -O2 -c" "EXTRA_COMPILER_FLAGS=-mcpu=cortex-a9 -mfpu=vfpv3 -mfloat-abi=hard -nosta
TRACE::2025-05-05.09:40:36::SCWBDomain::rtfiles -g -Wall -Wextra -fno-tree-loop-distribute-patterns"

TRACE::2025-05-05.09:40:37::SCWBDomain::"Running Make libs in ps7_cortexa9_0/libsrc/scuwdt_v2_5/src"

TRACE::2025-05-05.09:40:37::SCWBDomain::make -C ps7_cortexa9_0/libsrc/scuwdt_v2_5/src -s libs  "SHELL=CMD" "COMPILER=arm-none-eabi-gcc" "ASSEMBLER=arm-none-eabi-as" "A
TRACE::2025-05-05.09:40:37::SCWBDomain::RCHIVER=arm-none-eabi-ar" "COMPILER_FLAGS=  -O2 -c" "EXTRA_COMPILER_FLAGS=-mcpu=cortex-a9 -mfpu=vfpv3 -mfloat-abi=hard -nostart
TRACE::2025-05-05.09:40:37::SCWBDomain::files -g -Wall -Wextra -fno-tree-loop-distribute-patterns"

TRACE::2025-05-05.09:40:37::SCWBDomain::"Running Make libs in ps7_cortexa9_0/libsrc/sdps_v4_3/src"

TRACE::2025-05-05.09:40:37::SCWBDomain::make -C ps7_cortexa9_0/libsrc/sdps_v4_3/src -s libs  "SHELL=CMD" "COMPILER=arm-none-eabi-gcc" "ASSEMBLER=arm-none-eabi-as" "ARC
TRACE::2025-05-05.09:40:37::SCWBDomain::HIVER=arm-none-eabi-ar" "COMPILER_FLAGS=  -O2 -c" "EXTRA_COMPILER_FLAGS=-mcpu=cortex-a9 -mfpu=vfpv3 -mfloat-abi=hard -nostartfi
TRACE::2025-05-05.09:40:37::SCWBDomain::les -g -Wall -Wextra -fno-tree-loop-distribute-patterns"

TRACE::2025-05-05.09:40:38::SCWBDomain::"Running Make libs in ps7_cortexa9_0/libsrc/standalone_v9_1/src"

TRACE::2025-05-05.09:40:38::SCWBDomain::make -C ps7_cortexa9_0/libsrc/standalone_v9_1/src -s libs  "SHELL=CMD" "COMPILER=arm-none-eabi-gcc" "ASSEMBLER=arm-none-eabi-as
TRACE::2025-05-05.09:40:38::SCWBDomain::" "ARCHIVER=arm-none-eabi-ar" "COMPILER_FLAGS=  -O2 -c" "EXTRA_COMPILER_FLAGS=-mcpu=cortex-a9 -mfpu=vfpv3 -mfloat-abi=hard -nos
TRACE::2025-05-05.09:40:38::SCWBDomain::tartfiles -g -Wall -Wextra -fno-tree-loop-distribute-patterns"

TRACE::2025-05-05.09:40:38::SCWBDomain::"Running Make libs in ps7_cortexa9_0/libsrc/uartps_v3_14/src"

TRACE::2025-05-05.09:40:38::SCWBDomain::make -C ps7_cortexa9_0/libsrc/uartps_v3_14/src -s libs  "SHELL=CMD" "COMPILER=arm-none-eabi-gcc" "ASSEMBLER=arm-none-eabi-as" "
TRACE::2025-05-05.09:40:38::SCWBDomain::ARCHIVER=arm-none-eabi-ar" "COMPILER_FLAGS=  -O2 -c" "EXTRA_COMPILER_FLAGS=-mcpu=cortex-a9 -mfpu=vfpv3 -mfloat-abi=hard -nostar
TRACE::2025-05-05.09:40:38::SCWBDomain::tfiles -g -Wall -Wextra -fno-tree-loop-distribute-patterns"

TRACE::2025-05-05.09:40:39::SCWBDomain::"Running Make libs in ps7_cortexa9_0/libsrc/usbps_v2_9/src"

TRACE::2025-05-05.09:40:39::SCWBDomain::make -C ps7_cortexa9_0/libsrc/usbps_v2_9/src -s libs  "SHELL=CMD" "COMPILER=arm-none-eabi-gcc" "ASSEMBLER=arm-none-eabi-as" "AR
TRACE::2025-05-05.09:40:39::SCWBDomain::CHIVER=arm-none-eabi-ar" "COMPILER_FLAGS=  -O2 -c" "EXTRA_COMPILER_FLAGS=-mcpu=cortex-a9 -mfpu=vfpv3 -mfloat-abi=hard -nostartf
TRACE::2025-05-05.09:40:39::SCWBDomain::iles -g -Wall -Wextra -fno-tree-loop-distribute-patterns"

TRACE::2025-05-05.09:40:39::SCWBDomain::"Running Make libs in ps7_cortexa9_0/libsrc/xadcps_v2_7/src"

TRACE::2025-05-05.09:40:39::SCWBDomain::make -C ps7_cortexa9_0/libsrc/xadcps_v2_7/src -s libs  "SHELL=CMD" "COMPILER=arm-none-eabi-gcc" "ASSEMBLER=arm-none-eabi-as" "A
TRACE::2025-05-05.09:40:39::SCWBDomain::RCHIVER=arm-none-eabi-ar" "COMPILER_FLAGS=  -O2 -c" "EXTRA_COMPILER_FLAGS=-mcpu=cortex-a9 -mfpu=vfpv3 -mfloat-abi=hard -nostart
TRACE::2025-05-05.09:40:39::SCWBDomain::files -g -Wall -Wextra -fno-tree-loop-distribute-patterns"

TRACE::2025-05-05.09:40:39::SCWBDomain::"Running Make libs in ps7_cortexa9_0/libsrc/xilffs_v5_2/src"

TRACE::2025-05-05.09:40:39::SCWBDomain::make -C ps7_cortexa9_0/libsrc/xilffs_v5_2/src -s libs  "SHELL=CMD" "COMPILER=arm-none-eabi-gcc" "ASSEMBLER=arm-none-eabi-as" "A
TRACE::2025-05-05.09:40:39::SCWBDomain::RCHIVER=arm-none-eabi-ar" "COMPILER_FLAGS=  -O2 -c" "EXTRA_COMPILER_FLAGS=-mcpu=cortex-a9 -mfpu=vfpv3 -mfloat-abi=hard -nostart
TRACE::2025-05-05.09:40:39::SCWBDomain::files -g -Wall -Wextra -fno-tree-loop-distribute-patterns"

TRACE::2025-05-05.09:40:44::SCWBDomain::'Finished building libraries parallelly.'

TRACE::2025-05-05.09:40:44::SCWBDomain::make --no-print-directory archive

TRACE::2025-05-05.09:40:44::SCWBDomain::arm-none-eabi-ar -r  ps7_cortexa9_0/lib/libxil.a ps7_cortexa9_0/lib/_exit.o ps7_cortexa9_0/lib/_open.o ps7_cortexa9_0/lib/_sbrk
TRACE::2025-05-05.09:40:44::SCWBDomain::.o ps7_cortexa9_0/lib/abort.o ps7_cortexa9_0/lib/asm_vectors.o ps7_cortexa9_0/lib/boot.o ps7_cortexa9_0/lib/close.o ps7_cortexa
TRACE::2025-05-05.09:40:44::SCWBDomain::9_0/lib/cpputest_time.o ps7_cortexa9_0/lib/cpu_init.o ps7_cortexa9_0/lib/errno.o ps7_cortexa9_0/lib/fcntl.o ps7_cortexa9_0/lib/
TRACE::2025-05-05.09:40:44::SCWBDomain::fstat.o ps7_cortexa9_0/lib/getentropy.o ps7_cortexa9_0/lib/getpid.o ps7_cortexa9_0/lib/inbyte.o ps7_cortexa9_0/lib/isatty.o ps7
TRACE::2025-05-05.09:40:44::SCWBDomain::_cortexa9_0/lib/kill.o ps7_cortexa9_0/lib/lseek.o ps7_cortexa9_0/lib/open.o ps7_cortexa9_0/lib/outbyte.o ps7_cortexa9_0/lib/pri
TRACE::2025-05-05.09:40:44::SCWBDomain::nt.o ps7_cortexa9_0/lib/putnum.o ps7_cortexa9_0/lib/read.o ps7_cortexa9_0/lib/sbrk.o ps7_cortexa9_0/lib/sleep.o ps7_cortexa9_0/
TRACE::2025-05-05.09:40:44::SCWBDomain::lib/time.o ps7_cortexa9_0/lib/translation_table.o ps7_cortexa9_0/lib/unlink.o ps7_cortexa9_0/lib/usleep.o ps7_cortexa9_0/lib/ve
TRACE::2025-05-05.09:40:44::SCWBDomain::ctors.o ps7_cortexa9_0/lib/write.o ps7_cortexa9_0/lib/xadcps.o ps7_cortexa9_0/lib/xadcps_g.o ps7_cortexa9_0/lib/xadcps_intr.o p
TRACE::2025-05-05.09:40:44::SCWBDomain::s7_cortexa9_0/lib/xadcps_selftest.o ps7_cortexa9_0/lib/xadcps_sinit.o ps7_cortexa9_0/lib/xcoresightpsdcc.o ps7_cortexa9_0/lib/x
TRACE::2025-05-05.09:40:44::SCWBDomain::devcfg.o ps7_cortexa9_0/lib/xdevcfg_g.o ps7_cortexa9_0/lib/xdevcfg_hw.o ps7_cortexa9_0/lib/xdevcfg_intr.o ps7_cortexa9_0/lib/xd
TRACE::2025-05-05.09:40:44::SCWBDomain::evcfg_selftest.o ps7_cortexa9_0/lib/xdevcfg_sinit.o ps7_cortexa9_0/lib/xdmaps.o ps7_cortexa9_0/lib/xdmaps_g.o ps7_cortexa9_0/li
TRACE::2025-05-05.09:40:44::SCWBDomain::b/xdmaps_hw.o ps7_cortexa9_0/lib/xdmaps_selftest.o ps7_cortexa9_0/lib/xdmaps_sinit.o ps7_cortexa9_0/lib/xemacps.o ps7_cortexa9_
TRACE::2025-05-05.09:40:44::SCWBDomain::0/lib/xemacps_bdring.o ps7_cortexa9_0/lib/xemacps_control.o ps7_cortexa9_0/lib/xemacps_g.o ps7_cortexa9_0/lib/xemacps_hw.o ps7_
TRACE::2025-05-05.09:40:44::SCWBDomain::cortexa9_0/lib/xemacps_intr.o ps7_cortexa9_0/lib/xemacps_sinit.o ps7_cortexa9_0/lib/xgpio.o ps7_cortexa9_0/lib/xgpio_extra.o ps
TRACE::2025-05-05.09:40:44::SCWBDomain::7_cortexa9_0/lib/xgpio_g.o ps7_cortexa9_0/lib/xgpio_intr.o ps7_cortexa9_0/lib/xgpio_selftest.o ps7_cortexa9_0/lib/xgpio_sinit.o
TRACE::2025-05-05.09:40:44::SCWBDomain:: ps7_cortexa9_0/lib/xgpiops.o ps7_cortexa9_0/lib/xgpiops_g.o ps7_cortexa9_0/lib/xgpiops_hw.o ps7_cortexa9_0/lib/xgpiops_intr.o 
TRACE::2025-05-05.09:40:44::SCWBDomain::ps7_cortexa9_0/lib/xgpiops_selftest.o ps7_cortexa9_0/lib/xgpiops_sinit.o ps7_cortexa9_0/lib/xil-crt0.o ps7_cortexa9_0/lib/xil_a
TRACE::2025-05-05.09:40:44::SCWBDomain::ssert.o ps7_cortexa9_0/lib/xil_cache.o ps7_cortexa9_0/lib/xil_clocking.o ps7_cortexa9_0/lib/xil_exception.o ps7_cortexa9_0/lib/
TRACE::2025-05-05.09:40:44::SCWBDomain::xil_mem.o ps7_cortexa9_0/lib/xil_misc_psreset_api.o ps7_cortexa9_0/lib/xil_mmu.o ps7_cortexa9_0/lib/xil_printf.o ps7_cortexa9_0
TRACE::2025-05-05.09:40:44::SCWBDomain::/lib/xil_sleepcommon.o ps7_cortexa9_0/lib/xil_sleeptimer.o ps7_cortexa9_0/lib/xil_spinlock.o ps7_cortexa9_0/lib/xil_testcache.o
TRACE::2025-05-05.09:40:44::SCWBDomain:: ps7_cortexa9_0/lib/xil_testio.o ps7_cortexa9_0/lib/xil_testmem.o ps7_cortexa9_0/lib/xil_util.o ps7_cortexa9_0/lib/xinterrupt_w
TRACE::2025-05-05.09:40:44::SCWBDomain::rap.o ps7_cortexa9_0/lib/xl2cc_counter.o ps7_cortexa9_0/lib/xplatform_info.o ps7_cortexa9_0/lib/xpm_counter.o ps7_cortexa9_0/li
TRACE::2025-05-05.09:40:44::SCWBDomain::b/xpm_init.o ps7_cortexa9_0/lib/xqspips.o ps7_cortexa9_0/lib/xqspips_g.o ps7_cortexa9_0/lib/xqspips_hw.o ps7_cortexa9_0/lib/xqs
TRACE::2025-05-05.09:40:44::SCWBDomain::pips_options.o ps7_cortexa9_0/lib/xqspips_selftest.o ps7_cortexa9_0/lib/xqspips_sinit.o ps7_cortexa9_0/lib/xscugic.o ps7_cortex
TRACE::2025-05-05.09:40:44::SCWBDomain::a9_0/lib/xscugic_g.o ps7_cortexa9_0/lib/xscugic_hw.o ps7_cortexa9_0/lib/xscugic_intr.o ps7_cortexa9_0/lib/xscugic_selftest.o ps
TRACE::2025-05-05.09:40:44::SCWBDomain::7_cortexa9_0/lib/xscugic_sinit.o ps7_cortexa9_0/lib/xscutimer.o ps7_cortexa9_0/lib/xscutimer_g.o ps7_cortexa9_0/lib/xscutimer_s
TRACE::2025-05-05.09:40:44::SCWBDomain::elftest.o ps7_cortexa9_0/lib/xscutimer_sinit.o ps7_cortexa9_0/lib/xscuwdt.o ps7_cortexa9_0/lib/xscuwdt_g.o ps7_cortexa9_0/lib/x
TRACE::2025-05-05.09:40:44::SCWBDomain::scuwdt_selftest.o ps7_cortexa9_0/lib/xscuwdt_sinit.o ps7_cortexa9_0/lib/xsdps.o ps7_cortexa9_0/lib/xsdps_card.o ps7_cortexa9_0/
TRACE::2025-05-05.09:40:44::SCWBDomain::lib/xsdps_g.o ps7_cortexa9_0/lib/xsdps_host.o ps7_cortexa9_0/lib/xsdps_options.o ps7_cortexa9_0/lib/xsdps_sinit.o ps7_cortexa9_
TRACE::2025-05-05.09:40:44::SCWBDomain::0/lib/xtime_l.o ps7_cortexa9_0/lib/xuartps.o ps7_cortexa9_0/lib/xuartps_g.o ps7_cortexa9_0/lib/xuartps_hw.o ps7_cortexa9_0/lib/
TRACE::2025-05-05.09:40:44::SCWBDomain::xuartps_intr.o ps7_cortexa9_0/lib/xuartps_options.o ps7_cortexa9_0/lib/xuartps_selftest.o ps7_cortexa9_0/lib/xuartps_sinit.o ps
TRACE::2025-05-05.09:40:44::SCWBDomain::7_cortexa9_0/lib/xusbps.o ps7_cortexa9_0/lib/xusbps_endpoint.o ps7_cortexa9_0/lib/xusbps_g.o ps7_cortexa9_0/lib/xusbps_hw.o ps7
TRACE::2025-05-05.09:40:44::SCWBDomain::_cortexa9_0/lib/xusbps_intr.o ps7_cortexa9_0/lib/xusbps_sinit.o

TRACE::2025-05-05.09:40:44::SCWBDomain::'Finished building libraries'

TRACE::2025-05-05.09:40:44::SCWBDomain::make: Leaving directory 'C:/PXL/devWorks/devWorks2/ILA_DEMO/Vitis/ILADEMO/zynq_fsbl/zynq_fsbl_bsp'

TRACE::2025-05-05.09:40:44::SCWBDomain::arm-none-eabi-gcc  -O2 -c -MMD -MP       -mcpu=cortex-a9 -mfpu=vfpv3 -mfloat-abi=hard  -c sd.c -o sd.o -Izynq_fsbl_bsp/ps7_cort
TRACE::2025-05-05.09:40:44::SCWBDomain::exa9_0/include -I.

TRACE::2025-05-05.09:40:45::SCWBDomain::arm-none-eabi-gcc  -O2 -c -MMD -MP       -mcpu=cortex-a9 -mfpu=vfpv3 -mfloat-abi=hard  -c nand.c -o nand.o -Izynq_fsbl_bsp/ps7_
TRACE::2025-05-05.09:40:45::SCWBDomain::cortexa9_0/include -I.

TRACE::2025-05-05.09:40:45::SCWBDomain::arm-none-eabi-gcc  -O2 -c -MMD -MP       -mcpu=cortex-a9 -mfpu=vfpv3 -mfloat-abi=hard  -c nor.c -o nor.o -Izynq_fsbl_bsp/ps7_co
TRACE::2025-05-05.09:40:45::SCWBDomain::rtexa9_0/include -I.

TRACE::2025-05-05.09:40:45::SCWBDomain::arm-none-eabi-gcc  -O2 -c -MMD -MP       -mcpu=cortex-a9 -mfpu=vfpv3 -mfloat-abi=hard  -c image_mover.c -o image_mover.o -Izynq
TRACE::2025-05-05.09:40:45::SCWBDomain::_fsbl_bsp/ps7_cortexa9_0/include -I.

TRACE::2025-05-05.09:40:45::SCWBDomain::arm-none-eabi-gcc  -O2 -c -MMD -MP       -mcpu=cortex-a9 -mfpu=vfpv3 -mfloat-abi=hard  -c md5.c -o md5.o -Izynq_fsbl_bsp/ps7_co
TRACE::2025-05-05.09:40:45::SCWBDomain::rtexa9_0/include -I.

TRACE::2025-05-05.09:40:46::SCWBDomain::arm-none-eabi-gcc  -O2 -c -MMD -MP       -mcpu=cortex-a9 -mfpu=vfpv3 -mfloat-abi=hard  -c fsbl_hooks.c -o fsbl_hooks.o -Izynq_f
TRACE::2025-05-05.09:40:46::SCWBDomain::sbl_bsp/ps7_cortexa9_0/include -I.

TRACE::2025-05-05.09:40:46::SCWBDomain::arm-none-eabi-gcc  -O2 -c -MMD -MP       -mcpu=cortex-a9 -mfpu=vfpv3 -mfloat-abi=hard  -c main.c -o main.o -Izynq_fsbl_bsp/ps7_
TRACE::2025-05-05.09:40:46::SCWBDomain::cortexa9_0/include -I.

TRACE::2025-05-05.09:40:46::SCWBDomain::arm-none-eabi-gcc  -O2 -c -MMD -MP       -mcpu=cortex-a9 -mfpu=vfpv3 -mfloat-abi=hard  -c rsa.c -o rsa.o -Izynq_fsbl_bsp/ps7_co
TRACE::2025-05-05.09:40:46::SCWBDomain::rtexa9_0/include -I.

TRACE::2025-05-05.09:40:46::SCWBDomain::arm-none-eabi-gcc  -O2 -c -MMD -MP       -mcpu=cortex-a9 -mfpu=vfpv3 -mfloat-abi=hard  -c qspi.c -o qspi.o -Izynq_fsbl_bsp/ps7_
TRACE::2025-05-05.09:40:46::SCWBDomain::cortexa9_0/include -I.

TRACE::2025-05-05.09:40:46::SCWBDomain::arm-none-eabi-gcc  -O2 -c -MMD -MP       -mcpu=cortex-a9 -mfpu=vfpv3 -mfloat-abi=hard  -c ps7_init.c -o ps7_init.o -Izynq_fsbl_
TRACE::2025-05-05.09:40:46::SCWBDomain::bsp/ps7_cortexa9_0/include -I.

TRACE::2025-05-05.09:40:46::SCWBDomain::arm-none-eabi-gcc  -O2 -c -MMD -MP       -mcpu=cortex-a9 -mfpu=vfpv3 -mfloat-abi=hard  -c pcap.c -o pcap.o -Izynq_fsbl_bsp/ps7_
TRACE::2025-05-05.09:40:46::SCWBDomain::cortexa9_0/include -I.

TRACE::2025-05-05.09:40:47::SCWBDomain::arm-none-eabi-gcc  -O2 -c -MMD -MP       -mcpu=cortex-a9 -mfpu=vfpv3 -mfloat-abi=hard  -c fsbl_handoff.S -o fsbl_handoff.o -Izy
TRACE::2025-05-05.09:40:47::SCWBDomain::nq_fsbl_bsp/ps7_cortexa9_0/include -I.

TRACE::2025-05-05.09:40:47::SCWBDomain::arm-none-eabi-gcc -o fsbl.elf fsbl_handoff.o fsbl_hooks.o image_mover.o main.o md5.o nand.o nor.o pcap.o ps7_init.o qspi.o rsa.
TRACE::2025-05-05.09:40:47::SCWBDomain::o sd.o -MMD -MP       -mcpu=cortex-a9 -mfpu=vfpv3 -mfloat-abi=hard   -mcpu=cortex-a9 -mfpu=vfpv3 -mfloat-abi=hard -Wl,-build-id
TRACE::2025-05-05.09:40:47::SCWBDomain::=none -specs=Xilinx.spec  -lrsa -Wl,--start-group,-lxil,-lgcc,-lc,--end-group -Wl,--start-group,-lxilffs,-lxil,-lgcc,-lc,--end-
TRACE::2025-05-05.09:40:47::SCWBDomain::group -Wl,--start-group,-lrsa,-lxil,-lgcc,-lc,--end-group                                    -Wl,--gc-sections -Lzynq_fsbl_bsp/
TRACE::2025-05-05.09:40:47::SCWBDomain::ps7_cortexa9_0/lib -L./ -Tlscript.ld

LOG::2025-05-05.09:40:47::SCWSystem::Checking the domain standalone_ps7_cortexa9_0
LOG::2025-05-05.09:40:47::SCWSystem::Not a boot domain 
LOG::2025-05-05.09:40:47::SCWSystem::Started Processing the domain standalone_ps7_cortexa9_0
TRACE::2025-05-05.09:40:47::SCWDomain::Generating domain artifcats
TRACE::2025-05-05.09:40:47::SCWMssOS::Generating standalone artifcats
TRACE::2025-05-05.09:40:47::SCWMssOS::Copying the qemu file from  C:/PXL/devWorks/devWorks2/ILA_DEMO/Vitis/ILADEMO/resources/ILADEMO/standalone_ps7_cortexa9_0/qemu_args.txt To C:/PXL/devWorks/devWorks2/ILA_DEMO/Vitis/ILADEMO/export/ILADEMO/sw/ILADEMO/qemu/
TRACE::2025-05-05.09:40:47::SCWMssOS::Copying the qemu file from  C:/PXL/devWorks/devWorks2/ILA_DEMO/Vitis/ILADEMO/resources/ILADEMO/standalone_ps7_cortexa9_0/qemu_args.txt To C:/PXL/devWorks/devWorks2/ILA_DEMO/Vitis/ILADEMO/export/ILADEMO/sw/ILADEMO/standalone_ps7_cortexa9_0/qemu/
TRACE::2025-05-05.09:40:47::SCWMssOS:: Copying the user libraries. 
TRACE::2025-05-05.09:40:47::SCWPlatform::Trying to open the hw design at C:/PXL/devWorks/devWorks2/ILA_DEMO/Vitis/ILADEMO/hw/ILADEMO.xsa
TRACE::2025-05-05.09:40:47::SCWPlatform::DSA given C:/PXL/devWorks/devWorks2/ILA_DEMO/Vitis/ILADEMO/hw/ILADEMO.xsa
TRACE::2025-05-05.09:40:47::SCWPlatform::DSA absoulate path C:/PXL/devWorks/devWorks2/ILA_DEMO/Vitis/ILADEMO/hw/ILADEMO.xsa
TRACE::2025-05-05.09:40:47::SCWPlatform::DSA directory C:/PXL/devWorks/devWorks2/ILA_DEMO/Vitis/ILADEMO/hw
TRACE::2025-05-05.09:40:47::SCWPlatform:: Platform Path C:/PXL/devWorks/devWorks2/ILA_DEMO/Vitis/ILADEMO/hw/ILADEMO.xsa
TRACE::2025-05-05.09:40:47::SCWPlatform:: Unique name xilinx:pynq-z2::0.0
TRACE::2025-05-05.09:40:47::SCWPlatform::Trying to set the existing hwdb with name design_1_wrapper_0
TRACE::2025-05-05.09:40:47::SCWPlatform::Opened existing hwdb design_1_wrapper_0
TRACE::2025-05-05.09:40:47::SCWPlatform::Found the Hw Db part of the input DSA
TRACE::2025-05-05.09:40:47::SCWMssOS::Checking the sw design at  C:/PXL/devWorks/devWorks2/ILA_DEMO/Vitis/ILADEMO/ps7_cortexa9_0/standalone_ps7_cortexa9_0/bsp/system.mss
TRACE::2025-05-05.09:40:47::SCWMssOS::DEBUG:  swdes dump  C:/PXL/devWorks/devWorks2/ILA_DEMO/Vitis/ILADEMO/ps7_cortexa9_0/standalone_ps7_cortexa9_0/bsp/system.mss|system_0||
C:/PXL/devWorks/devWorks2/ILA_DEMO/Vitis/ILADEMO/zynq_fsbl/zynq_fsbl_bsp/system.mss|system||

TRACE::2025-05-05.09:40:47::SCWMssOS::Sw design exists and opened at  C:/PXL/devWorks/devWorks2/ILA_DEMO/Vitis/ILADEMO/ps7_cortexa9_0/standalone_ps7_cortexa9_0/bsp/system.mss
TRACE::2025-05-05.09:40:47::SCWMssOS::Completed writing the mss file at C:/PXL/devWorks/devWorks2/ILA_DEMO/Vitis/ILADEMO/ps7_cortexa9_0/standalone_ps7_cortexa9_0/bsp
TRACE::2025-05-05.09:40:47::SCWMssOS::Mss edits present, copying mssfile into export location C:/PXL/devWorks/devWorks2/ILA_DEMO/Vitis/ILADEMO/ps7_cortexa9_0/standalone_ps7_cortexa9_0/bsp/system.mss
TRACE::2025-05-05.09:40:47::SCWMssOS::bsp generated is upto date with the mss file. Skipping bsp generation.
TRACE::2025-05-05.09:40:47::SCWMssOS::BSP is already built. skipping the bsp build ... 
TRACE::2025-05-05.09:40:47::SCWDomain::Building the domain as part of full build :  standalone_ps7_cortexa9_0
TRACE::2025-05-05.09:40:47::SCWMssOS::doing bsp build ... 
TRACE::2025-05-05.09:40:47::SCWMssOS::System Command Ran  C: & cd  C:/PXL/devWorks/devWorks2/ILA_DEMO/Vitis/ILADEMO/ps7_cortexa9_0/standalone_ps7_cortexa9_0/bsp & make 
TRACE::2025-05-05.09:40:47::SCWMssOS::make --no-print-directory seq_libs

TRACE::2025-05-05.09:40:47::SCWMssOS::'Finished building libraries sequentially.'

TRACE::2025-05-05.09:40:47::SCWMssOS::make -j 6 --no-print-directory par_libs

TRACE::2025-05-05.09:40:47::SCWMssOS::"Running Make include in ps7_cortexa9_0/libsrc/coresightps_dcc_v1_10/src"

TRACE::2025-05-05.09:40:47::SCWMssOS::make -C ps7_cortexa9_0/libsrc/coresightps_dcc_v1_10/src -s include  "SHELL=CMD" "COMPILER=arm-none-eabi-gcc" "ASSEMBLER=arm-non
TRACE::2025-05-05.09:40:47::SCWMssOS::e-eabi-as" "ARCHIVER=arm-none-eabi-ar" "COMPILER_FLAGS=  -O2 -c" "EXTRA_COMPILER_FLAGS=-mcpu=cortex-a9 -mfpu=vfpv3 -mfloat-abi=
TRACE::2025-05-05.09:40:47::SCWMssOS::hard -nostartfiles -g -Wall -Wextra -fno-tree-loop-distribute-patterns"

TRACE::2025-05-05.09:40:47::SCWMssOS::"Running Make include in ps7_cortexa9_0/libsrc/cpu_cortexa9_v2_12/src"

TRACE::2025-05-05.09:40:47::SCWMssOS::make -C ps7_cortexa9_0/libsrc/cpu_cortexa9_v2_12/src -s include  "SHELL=CMD" "COMPILER=arm-none-eabi-gcc" "ASSEMBLER=arm-none-e
TRACE::2025-05-05.09:40:47::SCWMssOS::abi-as" "ARCHIVER=arm-none-eabi-ar" "COMPILER_FLAGS=  -O2 -c" "EXTRA_COMPILER_FLAGS=-mcpu=cortex-a9 -mfpu=vfpv3 -mfloat-abi=har
TRACE::2025-05-05.09:40:47::SCWMssOS::d -nostartfiles -g -Wall -Wextra -fno-tree-loop-distribute-patterns"

TRACE::2025-05-05.09:40:47::SCWMssOS::"Running Make include in ps7_cortexa9_0/libsrc/ddrps_v1_2/src"

TRACE::2025-05-05.09:40:47::SCWMssOS::make -C ps7_cortexa9_0/libsrc/ddrps_v1_2/src -s include  "SHELL=CMD" "COMPILER=arm-none-eabi-gcc" "ASSEMBLER=arm-none-eabi-as" 
TRACE::2025-05-05.09:40:47::SCWMssOS::"ARCHIVER=arm-none-eabi-ar" "COMPILER_FLAGS=  -O2 -c" "EXTRA_COMPILER_FLAGS=-mcpu=cortex-a9 -mfpu=vfpv3 -mfloat-abi=hard -nosta
TRACE::2025-05-05.09:40:47::SCWMssOS::rtfiles -g -Wall -Wextra -fno-tree-loop-distribute-patterns"

TRACE::2025-05-05.09:40:47::SCWMssOS::"Running Make include in ps7_cortexa9_0/libsrc/devcfg_v3_8/src"

TRACE::2025-05-05.09:40:47::SCWMssOS::make -C ps7_cortexa9_0/libsrc/devcfg_v3_8/src -s include  "SHELL=CMD" "COMPILER=arm-none-eabi-gcc" "ASSEMBLER=arm-none-eabi-as"
TRACE::2025-05-05.09:40:47::SCWMssOS:: "ARCHIVER=arm-none-eabi-ar" "COMPILER_FLAGS=  -O2 -c" "EXTRA_COMPILER_FLAGS=-mcpu=cortex-a9 -mfpu=vfpv3 -mfloat-abi=hard -nost
TRACE::2025-05-05.09:40:47::SCWMssOS::artfiles -g -Wall -Wextra -fno-tree-loop-distribute-patterns"

TRACE::2025-05-05.09:40:47::SCWMssOS::"Running Make include in ps7_cortexa9_0/libsrc/dmaps_v2_10/src"

TRACE::2025-05-05.09:40:47::SCWMssOS::make -C ps7_cortexa9_0/libsrc/dmaps_v2_10/src -s include  "SHELL=CMD" "COMPILER=arm-none-eabi-gcc" "ASSEMBLER=arm-none-eabi-as"
TRACE::2025-05-05.09:40:47::SCWMssOS:: "ARCHIVER=arm-none-eabi-ar" "COMPILER_FLAGS=  -O2 -c" "EXTRA_COMPILER_FLAGS=-mcpu=cortex-a9 -mfpu=vfpv3 -mfloat-abi=hard -nost
TRACE::2025-05-05.09:40:47::SCWMssOS::artfiles -g -Wall -Wextra -fno-tree-loop-distribute-patterns"

TRACE::2025-05-05.09:40:47::SCWMssOS::"Running Make include in ps7_cortexa9_0/libsrc/emacps_v3_20/src"

TRACE::2025-05-05.09:40:47::SCWMssOS::make -C ps7_cortexa9_0/libsrc/emacps_v3_20/src -s include  "SHELL=CMD" "COMPILER=arm-none-eabi-gcc" "ASSEMBLER=arm-none-eabi-as
TRACE::2025-05-05.09:40:47::SCWMssOS::" "ARCHIVER=arm-none-eabi-ar" "COMPILER_FLAGS=  -O2 -c" "EXTRA_COMPILER_FLAGS=-mcpu=cortex-a9 -mfpu=vfpv3 -mfloat-abi=hard -nos
TRACE::2025-05-05.09:40:47::SCWMssOS::tartfiles -g -Wall -Wextra -fno-tree-loop-distribute-patterns"

TRACE::2025-05-05.09:40:47::SCWMssOS::"Running Make include in ps7_cortexa9_0/libsrc/gpiops_v3_13/src"

TRACE::2025-05-05.09:40:47::SCWMssOS::"Running Make include in ps7_cortexa9_0/libsrc/gpio_v4_11/src"

TRACE::2025-05-05.09:40:47::SCWMssOS::make -C ps7_cortexa9_0/libsrc/gpiops_v3_13/src -s include  "SHELL=CMD" "COMPILER=arm-none-eabi-gcc" "ASSEMBLER=arm-none-eabi-as
TRACE::2025-05-05.09:40:47::SCWMssOS::" "ARCHIVER=arm-none-eabi-ar" "COMPILER_FLAGS=  -O2 -c" "EXTRA_COMPILER_FLAGS=-mcpu=cortex-a9 -mfpu=vfpv3 -mfloat-abi=hard -nos
TRACE::2025-05-05.09:40:47::SCWMssOS::tartfiles -g -Wall -Wextra -fno-tree-loop-distribute-patterns"

TRACE::2025-05-05.09:40:47::SCWMssOS::make -C ps7_cortexa9_0/libsrc/gpio_v4_11/src -s include  "SHELL=CMD" "COMPILER=arm-none-eabi-gcc" "ASSEMBLER=arm-none-eabi-as" 
TRACE::2025-05-05.09:40:47::SCWMssOS::"ARCHIVER=arm-none-eabi-ar" "COMPILER_FLAGS=  -O2 -c" "EXTRA_COMPILER_FLAGS=-mcpu=cortex-a9 -mfpu=vfpv3 -mfloat-abi=hard -nosta
TRACE::2025-05-05.09:40:47::SCWMssOS::rtfiles -g -Wall -Wextra -fno-tree-loop-distribute-patterns"

TRACE::2025-05-05.09:40:47::SCWMssOS::"Running Make include in ps7_cortexa9_0/libsrc/qspips_v3_12/src"

TRACE::2025-05-05.09:40:47::SCWMssOS::make -C ps7_cortexa9_0/libsrc/qspips_v3_12/src -s include  "SHELL=CMD" "COMPILER=arm-none-eabi-gcc" "ASSEMBLER=arm-none-eabi-as
TRACE::2025-05-05.09:40:47::SCWMssOS::" "ARCHIVER=arm-none-eabi-ar" "COMPILER_FLAGS=  -O2 -c" "EXTRA_COMPILER_FLAGS=-mcpu=cortex-a9 -mfpu=vfpv3 -mfloat-abi=hard -nos
TRACE::2025-05-05.09:40:47::SCWMssOS::tartfiles -g -Wall -Wextra -fno-tree-loop-distribute-patterns"

TRACE::2025-05-05.09:40:47::SCWMssOS::"Running Make include in ps7_cortexa9_0/libsrc/scugic_v5_3/src"

TRACE::2025-05-05.09:40:47::SCWMssOS::make -C ps7_cortexa9_0/libsrc/scugic_v5_3/src -s include  "SHELL=CMD" "COMPILER=arm-none-eabi-gcc" "ASSEMBLER=arm-none-eabi-as"
TRACE::2025-05-05.09:40:47::SCWMssOS:: "ARCHIVER=arm-none-eabi-ar" "COMPILER_FLAGS=  -O2 -c" "EXTRA_COMPILER_FLAGS=-mcpu=cortex-a9 -mfpu=vfpv3 -mfloat-abi=hard -nost
TRACE::2025-05-05.09:40:47::SCWMssOS::artfiles -g -Wall -Wextra -fno-tree-loop-distribute-patterns"

TRACE::2025-05-05.09:40:47::SCWMssOS::"Running Make include in ps7_cortexa9_0/libsrc/scutimer_v2_6/src"

TRACE::2025-05-05.09:40:47::SCWMssOS::make -C ps7_cortexa9_0/libsrc/scutimer_v2_6/src -s include  "SHELL=CMD" "COMPILER=arm-none-eabi-gcc" "ASSEMBLER=arm-none-eabi-a
TRACE::2025-05-05.09:40:47::SCWMssOS::s" "ARCHIVER=arm-none-eabi-ar" "COMPILER_FLAGS=  -O2 -c" "EXTRA_COMPILER_FLAGS=-mcpu=cortex-a9 -mfpu=vfpv3 -mfloat-abi=hard -no
TRACE::2025-05-05.09:40:47::SCWMssOS::startfiles -g -Wall -Wextra -fno-tree-loop-distribute-patterns"

TRACE::2025-05-05.09:40:47::SCWMssOS::"Running Make include in ps7_cortexa9_0/libsrc/scuwdt_v2_5/src"

TRACE::2025-05-05.09:40:48::SCWMssOS::make -C ps7_cortexa9_0/libsrc/scuwdt_v2_5/src -s include  "SHELL=CMD" "COMPILER=arm-none-eabi-gcc" "ASSEMBLER=arm-none-eabi-as"
TRACE::2025-05-05.09:40:48::SCWMssOS:: "ARCHIVER=arm-none-eabi-ar" "COMPILER_FLAGS=  -O2 -c" "EXTRA_COMPILER_FLAGS=-mcpu=cortex-a9 -mfpu=vfpv3 -mfloat-abi=hard -nost
TRACE::2025-05-05.09:40:48::SCWMssOS::artfiles -g -Wall -Wextra -fno-tree-loop-distribute-patterns"

TRACE::2025-05-05.09:40:48::SCWMssOS::"Running Make include in ps7_cortexa9_0/libsrc/sdps_v4_3/src"

TRACE::2025-05-05.09:40:48::SCWMssOS::make -C ps7_cortexa9_0/libsrc/sdps_v4_3/src -s include  "SHELL=CMD" "COMPILER=arm-none-eabi-gcc" "ASSEMBLER=arm-none-eabi-as" "
TRACE::2025-05-05.09:40:48::SCWMssOS::ARCHIVER=arm-none-eabi-ar" "COMPILER_FLAGS=  -O2 -c" "EXTRA_COMPILER_FLAGS=-mcpu=cortex-a9 -mfpu=vfpv3 -mfloat-abi=hard -nostar
TRACE::2025-05-05.09:40:48::SCWMssOS::tfiles -g -Wall -Wextra -fno-tree-loop-distribute-patterns"

TRACE::2025-05-05.09:40:48::SCWMssOS::"Running Make include in ps7_cortexa9_0/libsrc/standalone_v9_1/src"

TRACE::2025-05-05.09:40:48::SCWMssOS::make -C ps7_cortexa9_0/libsrc/standalone_v9_1/src -s include  "SHELL=CMD" "COMPILER=arm-none-eabi-gcc" "ASSEMBLER=arm-none-eabi
TRACE::2025-05-05.09:40:48::SCWMssOS::-as" "ARCHIVER=arm-none-eabi-ar" "COMPILER_FLAGS=  -O2 -c" "EXTRA_COMPILER_FLAGS=-mcpu=cortex-a9 -mfpu=vfpv3 -mfloat-abi=hard -
TRACE::2025-05-05.09:40:48::SCWMssOS::nostartfiles -g -Wall -Wextra -fno-tree-loop-distribute-patterns"

TRACE::2025-05-05.09:40:48::SCWMssOS::"Running Make include in ps7_cortexa9_0/libsrc/uartps_v3_14/src"

TRACE::2025-05-05.09:40:48::SCWMssOS::make -C ps7_cortexa9_0/libsrc/uartps_v3_14/src -s include  "SHELL=CMD" "COMPILER=arm-none-eabi-gcc" "ASSEMBLER=arm-none-eabi-as
TRACE::2025-05-05.09:40:48::SCWMssOS::" "ARCHIVER=arm-none-eabi-ar" "COMPILER_FLAGS=  -O2 -c" "EXTRA_COMPILER_FLAGS=-mcpu=cortex-a9 -mfpu=vfpv3 -mfloat-abi=hard -nos
TRACE::2025-05-05.09:40:48::SCWMssOS::tartfiles -g -Wall -Wextra -fno-tree-loop-distribute-patterns"

TRACE::2025-05-05.09:40:48::SCWMssOS::"Running Make include in ps7_cortexa9_0/libsrc/usbps_v2_9/src"

TRACE::2025-05-05.09:40:48::SCWMssOS::make -C ps7_cortexa9_0/libsrc/usbps_v2_9/src -s include  "SHELL=CMD" "COMPILER=arm-none-eabi-gcc" "ASSEMBLER=arm-none-eabi-as" 
TRACE::2025-05-05.09:40:48::SCWMssOS::"ARCHIVER=arm-none-eabi-ar" "COMPILER_FLAGS=  -O2 -c" "EXTRA_COMPILER_FLAGS=-mcpu=cortex-a9 -mfpu=vfpv3 -mfloat-abi=hard -nosta
TRACE::2025-05-05.09:40:48::SCWMssOS::rtfiles -g -Wall -Wextra -fno-tree-loop-distribute-patterns"

TRACE::2025-05-05.09:40:48::SCWMssOS::"Running Make include in ps7_cortexa9_0/libsrc/xadcps_v2_7/src"

TRACE::2025-05-05.09:40:48::SCWMssOS::make -C ps7_cortexa9_0/libsrc/xadcps_v2_7/src -s include  "SHELL=CMD" "COMPILER=arm-none-eabi-gcc" "ASSEMBLER=arm-none-eabi-as"
TRACE::2025-05-05.09:40:48::SCWMssOS:: "ARCHIVER=arm-none-eabi-ar" "COMPILER_FLAGS=  -O2 -c" "EXTRA_COMPILER_FLAGS=-mcpu=cortex-a9 -mfpu=vfpv3 -mfloat-abi=hard -nost
TRACE::2025-05-05.09:40:48::SCWMssOS::artfiles -g -Wall -Wextra -fno-tree-loop-distribute-patterns"

TRACE::2025-05-05.09:40:48::SCWMssOS::"Running Make libs in ps7_cortexa9_0/libsrc/coresightps_dcc_v1_10/src"

TRACE::2025-05-05.09:40:48::SCWMssOS::make -C ps7_cortexa9_0/libsrc/coresightps_dcc_v1_10/src -s libs  "SHELL=CMD" "COMPILER=arm-none-eabi-gcc" "ASSEMBLER=arm-none-e
TRACE::2025-05-05.09:40:48::SCWMssOS::abi-as" "ARCHIVER=arm-none-eabi-ar" "COMPILER_FLAGS=  -O2 -c" "EXTRA_COMPILER_FLAGS=-mcpu=cortex-a9 -mfpu=vfpv3 -mfloat-abi=har
TRACE::2025-05-05.09:40:48::SCWMssOS::d -nostartfiles -g -Wall -Wextra -fno-tree-loop-distribute-patterns"

TRACE::2025-05-05.09:40:48::SCWMssOS::"Running Make libs in ps7_cortexa9_0/libsrc/cpu_cortexa9_v2_12/src"

TRACE::2025-05-05.09:40:48::SCWMssOS::make -C ps7_cortexa9_0/libsrc/cpu_cortexa9_v2_12/src -s libs  "SHELL=CMD" "COMPILER=arm-none-eabi-gcc" "ASSEMBLER=arm-none-eabi
TRACE::2025-05-05.09:40:48::SCWMssOS::-as" "ARCHIVER=arm-none-eabi-ar" "COMPILER_FLAGS=  -O2 -c" "EXTRA_COMPILER_FLAGS=-mcpu=cortex-a9 -mfpu=vfpv3 -mfloat-abi=hard -
TRACE::2025-05-05.09:40:48::SCWMssOS::nostartfiles -g -Wall -Wextra -fno-tree-loop-distribute-patterns"

TRACE::2025-05-05.09:40:48::SCWMssOS::"Running Make libs in ps7_cortexa9_0/libsrc/ddrps_v1_2/src"

TRACE::2025-05-05.09:40:48::SCWMssOS::make -C ps7_cortexa9_0/libsrc/ddrps_v1_2/src -s libs  "SHELL=CMD" "COMPILER=arm-none-eabi-gcc" "ASSEMBLER=arm-none-eabi-as" "AR
TRACE::2025-05-05.09:40:48::SCWMssOS::CHIVER=arm-none-eabi-ar" "COMPILER_FLAGS=  -O2 -c" "EXTRA_COMPILER_FLAGS=-mcpu=cortex-a9 -mfpu=vfpv3 -mfloat-abi=hard -nostartf
TRACE::2025-05-05.09:40:48::SCWMssOS::iles -g -Wall -Wextra -fno-tree-loop-distribute-patterns"

TRACE::2025-05-05.09:40:48::SCWMssOS::"Running Make libs in ps7_cortexa9_0/libsrc/devcfg_v3_8/src"

TRACE::2025-05-05.09:40:48::SCWMssOS::make -C ps7_cortexa9_0/libsrc/devcfg_v3_8/src -s libs  "SHELL=CMD" "COMPILER=arm-none-eabi-gcc" "ASSEMBLER=arm-none-eabi-as" "A
TRACE::2025-05-05.09:40:48::SCWMssOS::RCHIVER=arm-none-eabi-ar" "COMPILER_FLAGS=  -O2 -c" "EXTRA_COMPILER_FLAGS=-mcpu=cortex-a9 -mfpu=vfpv3 -mfloat-abi=hard -nostart
TRACE::2025-05-05.09:40:48::SCWMssOS::files -g -Wall -Wextra -fno-tree-loop-distribute-patterns"

TRACE::2025-05-05.09:40:48::SCWMssOS::"Running Make libs in ps7_cortexa9_0/libsrc/dmaps_v2_10/src"

TRACE::2025-05-05.09:40:48::SCWMssOS::make -C ps7_cortexa9_0/libsrc/dmaps_v2_10/src -s libs  "SHELL=CMD" "COMPILER=arm-none-eabi-gcc" "ASSEMBLER=arm-none-eabi-as" "A
TRACE::2025-05-05.09:40:48::SCWMssOS::RCHIVER=arm-none-eabi-ar" "COMPILER_FLAGS=  -O2 -c" "EXTRA_COMPILER_FLAGS=-mcpu=cortex-a9 -mfpu=vfpv3 -mfloat-abi=hard -nostart
TRACE::2025-05-05.09:40:48::SCWMssOS::files -g -Wall -Wextra -fno-tree-loop-distribute-patterns"

TRACE::2025-05-05.09:40:48::SCWMssOS::"Running Make libs in ps7_cortexa9_0/libsrc/emacps_v3_20/src"

TRACE::2025-05-05.09:40:48::SCWMssOS::make -C ps7_cortexa9_0/libsrc/emacps_v3_20/src -s libs  "SHELL=CMD" "COMPILER=arm-none-eabi-gcc" "ASSEMBLER=arm-none-eabi-as" "
TRACE::2025-05-05.09:40:48::SCWMssOS::ARCHIVER=arm-none-eabi-ar" "COMPILER_FLAGS=  -O2 -c" "EXTRA_COMPILER_FLAGS=-mcpu=cortex-a9 -mfpu=vfpv3 -mfloat-abi=hard -nostar
TRACE::2025-05-05.09:40:48::SCWMssOS::tfiles -g -Wall -Wextra -fno-tree-loop-distribute-patterns"

TRACE::2025-05-05.09:40:48::SCWMssOS::"Running Make libs in ps7_cortexa9_0/libsrc/gpiops_v3_13/src"

TRACE::2025-05-05.09:40:48::SCWMssOS::make -C ps7_cortexa9_0/libsrc/gpiops_v3_13/src -s libs  "SHELL=CMD" "COMPILER=arm-none-eabi-gcc" "ASSEMBLER=arm-none-eabi-as" "
TRACE::2025-05-05.09:40:48::SCWMssOS::ARCHIVER=arm-none-eabi-ar" "COMPILER_FLAGS=  -O2 -c" "EXTRA_COMPILER_FLAGS=-mcpu=cortex-a9 -mfpu=vfpv3 -mfloat-abi=hard -nostar
TRACE::2025-05-05.09:40:48::SCWMssOS::tfiles -g -Wall -Wextra -fno-tree-loop-distribute-patterns"

TRACE::2025-05-05.09:40:48::SCWMssOS::"Running Make libs in ps7_cortexa9_0/libsrc/gpio_v4_11/src"

TRACE::2025-05-05.09:40:48::SCWMssOS::make -C ps7_cortexa9_0/libsrc/gpio_v4_11/src -s libs  "SHELL=CMD" "COMPILER=arm-none-eabi-gcc" "ASSEMBLER=arm-none-eabi-as" "AR
TRACE::2025-05-05.09:40:48::SCWMssOS::CHIVER=arm-none-eabi-ar" "COMPILER_FLAGS=  -O2 -c" "EXTRA_COMPILER_FLAGS=-mcpu=cortex-a9 -mfpu=vfpv3 -mfloat-abi=hard -nostartf
TRACE::2025-05-05.09:40:48::SCWMssOS::iles -g -Wall -Wextra -fno-tree-loop-distribute-patterns"

TRACE::2025-05-05.09:40:49::SCWMssOS::"Running Make libs in ps7_cortexa9_0/libsrc/qspips_v3_12/src"

TRACE::2025-05-05.09:40:49::SCWMssOS::make -C ps7_cortexa9_0/libsrc/qspips_v3_12/src -s libs  "SHELL=CMD" "COMPILER=arm-none-eabi-gcc" "ASSEMBLER=arm-none-eabi-as" "
TRACE::2025-05-05.09:40:49::SCWMssOS::ARCHIVER=arm-none-eabi-ar" "COMPILER_FLAGS=  -O2 -c" "EXTRA_COMPILER_FLAGS=-mcpu=cortex-a9 -mfpu=vfpv3 -mfloat-abi=hard -nostar
TRACE::2025-05-05.09:40:49::SCWMssOS::tfiles -g -Wall -Wextra -fno-tree-loop-distribute-patterns"

TRACE::2025-05-05.09:40:49::SCWMssOS::"Running Make libs in ps7_cortexa9_0/libsrc/scugic_v5_3/src"

TRACE::2025-05-05.09:40:49::SCWMssOS::make -C ps7_cortexa9_0/libsrc/scugic_v5_3/src -s libs  "SHELL=CMD" "COMPILER=arm-none-eabi-gcc" "ASSEMBLER=arm-none-eabi-as" "A
TRACE::2025-05-05.09:40:49::SCWMssOS::RCHIVER=arm-none-eabi-ar" "COMPILER_FLAGS=  -O2 -c" "EXTRA_COMPILER_FLAGS=-mcpu=cortex-a9 -mfpu=vfpv3 -mfloat-abi=hard -nostart
TRACE::2025-05-05.09:40:49::SCWMssOS::files -g -Wall -Wextra -fno-tree-loop-distribute-patterns"

TRACE::2025-05-05.09:40:49::SCWMssOS::"Running Make libs in ps7_cortexa9_0/libsrc/scutimer_v2_6/src"

TRACE::2025-05-05.09:40:49::SCWMssOS::make -C ps7_cortexa9_0/libsrc/scutimer_v2_6/src -s libs  "SHELL=CMD" "COMPILER=arm-none-eabi-gcc" "ASSEMBLER=arm-none-eabi-as" 
TRACE::2025-05-05.09:40:49::SCWMssOS::"ARCHIVER=arm-none-eabi-ar" "COMPILER_FLAGS=  -O2 -c" "EXTRA_COMPILER_FLAGS=-mcpu=cortex-a9 -mfpu=vfpv3 -mfloat-abi=hard -nosta
TRACE::2025-05-05.09:40:49::SCWMssOS::rtfiles -g -Wall -Wextra -fno-tree-loop-distribute-patterns"

TRACE::2025-05-05.09:40:50::SCWMssOS::"Running Make libs in ps7_cortexa9_0/libsrc/scuwdt_v2_5/src"

TRACE::2025-05-05.09:40:50::SCWMssOS::make -C ps7_cortexa9_0/libsrc/scuwdt_v2_5/src -s libs  "SHELL=CMD" "COMPILER=arm-none-eabi-gcc" "ASSEMBLER=arm-none-eabi-as" "A
TRACE::2025-05-05.09:40:50::SCWMssOS::RCHIVER=arm-none-eabi-ar" "COMPILER_FLAGS=  -O2 -c" "EXTRA_COMPILER_FLAGS=-mcpu=cortex-a9 -mfpu=vfpv3 -mfloat-abi=hard -nostart
TRACE::2025-05-05.09:40:50::SCWMssOS::files -g -Wall -Wextra -fno-tree-loop-distribute-patterns"

TRACE::2025-05-05.09:40:50::SCWMssOS::"Running Make libs in ps7_cortexa9_0/libsrc/sdps_v4_3/src"

TRACE::2025-05-05.09:40:50::SCWMssOS::make -C ps7_cortexa9_0/libsrc/sdps_v4_3/src -s libs  "SHELL=CMD" "COMPILER=arm-none-eabi-gcc" "ASSEMBLER=arm-none-eabi-as" "ARC
TRACE::2025-05-05.09:40:50::SCWMssOS::HIVER=arm-none-eabi-ar" "COMPILER_FLAGS=  -O2 -c" "EXTRA_COMPILER_FLAGS=-mcpu=cortex-a9 -mfpu=vfpv3 -mfloat-abi=hard -nostartfi
TRACE::2025-05-05.09:40:50::SCWMssOS::les -g -Wall -Wextra -fno-tree-loop-distribute-patterns"

TRACE::2025-05-05.09:40:50::SCWMssOS::"Running Make libs in ps7_cortexa9_0/libsrc/standalone_v9_1/src"

TRACE::2025-05-05.09:40:50::SCWMssOS::make -C ps7_cortexa9_0/libsrc/standalone_v9_1/src -s libs  "SHELL=CMD" "COMPILER=arm-none-eabi-gcc" "ASSEMBLER=arm-none-eabi-as
TRACE::2025-05-05.09:40:50::SCWMssOS::" "ARCHIVER=arm-none-eabi-ar" "COMPILER_FLAGS=  -O2 -c" "EXTRA_COMPILER_FLAGS=-mcpu=cortex-a9 -mfpu=vfpv3 -mfloat-abi=hard -nos
TRACE::2025-05-05.09:40:50::SCWMssOS::tartfiles -g -Wall -Wextra -fno-tree-loop-distribute-patterns"

TRACE::2025-05-05.09:40:50::SCWMssOS::"Running Make libs in ps7_cortexa9_0/libsrc/uartps_v3_14/src"

TRACE::2025-05-05.09:40:50::SCWMssOS::make -C ps7_cortexa9_0/libsrc/uartps_v3_14/src -s libs  "SHELL=CMD" "COMPILER=arm-none-eabi-gcc" "ASSEMBLER=arm-none-eabi-as" "
TRACE::2025-05-05.09:40:50::SCWMssOS::ARCHIVER=arm-none-eabi-ar" "COMPILER_FLAGS=  -O2 -c" "EXTRA_COMPILER_FLAGS=-mcpu=cortex-a9 -mfpu=vfpv3 -mfloat-abi=hard -nostar
TRACE::2025-05-05.09:40:50::SCWMssOS::tfiles -g -Wall -Wextra -fno-tree-loop-distribute-patterns"

TRACE::2025-05-05.09:40:50::SCWMssOS::"Running Make libs in ps7_cortexa9_0/libsrc/usbps_v2_9/src"

TRACE::2025-05-05.09:40:50::SCWMssOS::make -C ps7_cortexa9_0/libsrc/usbps_v2_9/src -s libs  "SHELL=CMD" "COMPILER=arm-none-eabi-gcc" "ASSEMBLER=arm-none-eabi-as" "AR
TRACE::2025-05-05.09:40:50::SCWMssOS::CHIVER=arm-none-eabi-ar" "COMPILER_FLAGS=  -O2 -c" "EXTRA_COMPILER_FLAGS=-mcpu=cortex-a9 -mfpu=vfpv3 -mfloat-abi=hard -nostartf
TRACE::2025-05-05.09:40:50::SCWMssOS::iles -g -Wall -Wextra -fno-tree-loop-distribute-patterns"

TRACE::2025-05-05.09:40:50::SCWMssOS::"Running Make libs in ps7_cortexa9_0/libsrc/xadcps_v2_7/src"

TRACE::2025-05-05.09:40:50::SCWMssOS::make -C ps7_cortexa9_0/libsrc/xadcps_v2_7/src -s libs  "SHELL=CMD" "COMPILER=arm-none-eabi-gcc" "ASSEMBLER=arm-none-eabi-as" "A
TRACE::2025-05-05.09:40:50::SCWMssOS::RCHIVER=arm-none-eabi-ar" "COMPILER_FLAGS=  -O2 -c" "EXTRA_COMPILER_FLAGS=-mcpu=cortex-a9 -mfpu=vfpv3 -mfloat-abi=hard -nostart
TRACE::2025-05-05.09:40:50::SCWMssOS::files -g -Wall -Wextra -fno-tree-loop-distribute-patterns"

TRACE::2025-05-05.09:40:53::SCWMssOS::'Finished building libraries parallelly.'

TRACE::2025-05-05.09:40:53::SCWMssOS::make --no-print-directory archive

TRACE::2025-05-05.09:40:53::SCWMssOS::arm-none-eabi-ar -r  ps7_cortexa9_0/lib/libxil.a ps7_cortexa9_0/lib/_exit.o ps7_cortexa9_0/lib/_open.o ps7_cortexa9_0/lib/_sbrk
TRACE::2025-05-05.09:40:53::SCWMssOS::.o ps7_cortexa9_0/lib/abort.o ps7_cortexa9_0/lib/asm_vectors.o ps7_cortexa9_0/lib/boot.o ps7_cortexa9_0/lib/close.o ps7_cortexa
TRACE::2025-05-05.09:40:53::SCWMssOS::9_0/lib/cpputest_time.o ps7_cortexa9_0/lib/cpu_init.o ps7_cortexa9_0/lib/errno.o ps7_cortexa9_0/lib/fcntl.o ps7_cortexa9_0/lib/
TRACE::2025-05-05.09:40:53::SCWMssOS::fstat.o ps7_cortexa9_0/lib/getentropy.o ps7_cortexa9_0/lib/getpid.o ps7_cortexa9_0/lib/inbyte.o ps7_cortexa9_0/lib/isatty.o ps7
TRACE::2025-05-05.09:40:53::SCWMssOS::_cortexa9_0/lib/kill.o ps7_cortexa9_0/lib/lseek.o ps7_cortexa9_0/lib/open.o ps7_cortexa9_0/lib/outbyte.o ps7_cortexa9_0/lib/pri
TRACE::2025-05-05.09:40:53::SCWMssOS::nt.o ps7_cortexa9_0/lib/putnum.o ps7_cortexa9_0/lib/read.o ps7_cortexa9_0/lib/sbrk.o ps7_cortexa9_0/lib/sleep.o ps7_cortexa9_0/
TRACE::2025-05-05.09:40:53::SCWMssOS::lib/time.o ps7_cortexa9_0/lib/translation_table.o ps7_cortexa9_0/lib/unlink.o ps7_cortexa9_0/lib/usleep.o ps7_cortexa9_0/lib/ve
TRACE::2025-05-05.09:40:53::SCWMssOS::ctors.o ps7_cortexa9_0/lib/write.o ps7_cortexa9_0/lib/xadcps.o ps7_cortexa9_0/lib/xadcps_g.o ps7_cortexa9_0/lib/xadcps_intr.o p
TRACE::2025-05-05.09:40:53::SCWMssOS::s7_cortexa9_0/lib/xadcps_selftest.o ps7_cortexa9_0/lib/xadcps_sinit.o ps7_cortexa9_0/lib/xcoresightpsdcc.o ps7_cortexa9_0/lib/x
TRACE::2025-05-05.09:40:53::SCWMssOS::devcfg.o ps7_cortexa9_0/lib/xdevcfg_g.o ps7_cortexa9_0/lib/xdevcfg_hw.o ps7_cortexa9_0/lib/xdevcfg_intr.o ps7_cortexa9_0/lib/xd
TRACE::2025-05-05.09:40:53::SCWMssOS::evcfg_selftest.o ps7_cortexa9_0/lib/xdevcfg_sinit.o ps7_cortexa9_0/lib/xdmaps.o ps7_cortexa9_0/lib/xdmaps_g.o ps7_cortexa9_0/li
TRACE::2025-05-05.09:40:53::SCWMssOS::b/xdmaps_hw.o ps7_cortexa9_0/lib/xdmaps_selftest.o ps7_cortexa9_0/lib/xdmaps_sinit.o ps7_cortexa9_0/lib/xemacps.o ps7_cortexa9_
TRACE::2025-05-05.09:40:53::SCWMssOS::0/lib/xemacps_bdring.o ps7_cortexa9_0/lib/xemacps_control.o ps7_cortexa9_0/lib/xemacps_g.o ps7_cortexa9_0/lib/xemacps_hw.o ps7_
TRACE::2025-05-05.09:40:53::SCWMssOS::cortexa9_0/lib/xemacps_intr.o ps7_cortexa9_0/lib/xemacps_sinit.o ps7_cortexa9_0/lib/xgpio.o ps7_cortexa9_0/lib/xgpio_extra.o ps
TRACE::2025-05-05.09:40:53::SCWMssOS::7_cortexa9_0/lib/xgpio_g.o ps7_cortexa9_0/lib/xgpio_intr.o ps7_cortexa9_0/lib/xgpio_selftest.o ps7_cortexa9_0/lib/xgpio_sinit.o
TRACE::2025-05-05.09:40:53::SCWMssOS:: ps7_cortexa9_0/lib/xgpiops.o ps7_cortexa9_0/lib/xgpiops_g.o ps7_cortexa9_0/lib/xgpiops_hw.o ps7_cortexa9_0/lib/xgpiops_intr.o 
TRACE::2025-05-05.09:40:53::SCWMssOS::ps7_cortexa9_0/lib/xgpiops_selftest.o ps7_cortexa9_0/lib/xgpiops_sinit.o ps7_cortexa9_0/lib/xil-crt0.o ps7_cortexa9_0/lib/xil_a
TRACE::2025-05-05.09:40:53::SCWMssOS::ssert.o ps7_cortexa9_0/lib/xil_cache.o ps7_cortexa9_0/lib/xil_clocking.o ps7_cortexa9_0/lib/xil_exception.o ps7_cortexa9_0/lib/
TRACE::2025-05-05.09:40:53::SCWMssOS::xil_mem.o ps7_cortexa9_0/lib/xil_misc_psreset_api.o ps7_cortexa9_0/lib/xil_mmu.o ps7_cortexa9_0/lib/xil_printf.o ps7_cortexa9_0
TRACE::2025-05-05.09:40:53::SCWMssOS::/lib/xil_sleepcommon.o ps7_cortexa9_0/lib/xil_sleeptimer.o ps7_cortexa9_0/lib/xil_spinlock.o ps7_cortexa9_0/lib/xil_testcache.o
TRACE::2025-05-05.09:40:53::SCWMssOS:: ps7_cortexa9_0/lib/xil_testio.o ps7_cortexa9_0/lib/xil_testmem.o ps7_cortexa9_0/lib/xil_util.o ps7_cortexa9_0/lib/xinterrupt_w
TRACE::2025-05-05.09:40:53::SCWMssOS::rap.o ps7_cortexa9_0/lib/xl2cc_counter.o ps7_cortexa9_0/lib/xplatform_info.o ps7_cortexa9_0/lib/xpm_counter.o ps7_cortexa9_0/li
TRACE::2025-05-05.09:40:53::SCWMssOS::b/xpm_init.o ps7_cortexa9_0/lib/xqspips.o ps7_cortexa9_0/lib/xqspips_g.o ps7_cortexa9_0/lib/xqspips_hw.o ps7_cortexa9_0/lib/xqs
TRACE::2025-05-05.09:40:53::SCWMssOS::pips_options.o ps7_cortexa9_0/lib/xqspips_selftest.o ps7_cortexa9_0/lib/xqspips_sinit.o ps7_cortexa9_0/lib/xscugic.o ps7_cortex
TRACE::2025-05-05.09:40:53::SCWMssOS::a9_0/lib/xscugic_g.o ps7_cortexa9_0/lib/xscugic_hw.o ps7_cortexa9_0/lib/xscugic_intr.o ps7_cortexa9_0/lib/xscugic_selftest.o ps
TRACE::2025-05-05.09:40:53::SCWMssOS::7_cortexa9_0/lib/xscugic_sinit.o ps7_cortexa9_0/lib/xscutimer.o ps7_cortexa9_0/lib/xscutimer_g.o ps7_cortexa9_0/lib/xscutimer_s
TRACE::2025-05-05.09:40:53::SCWMssOS::elftest.o ps7_cortexa9_0/lib/xscutimer_sinit.o ps7_cortexa9_0/lib/xscuwdt.o ps7_cortexa9_0/lib/xscuwdt_g.o ps7_cortexa9_0/lib/x
TRACE::2025-05-05.09:40:53::SCWMssOS::scuwdt_selftest.o ps7_cortexa9_0/lib/xscuwdt_sinit.o ps7_cortexa9_0/lib/xsdps.o ps7_cortexa9_0/lib/xsdps_card.o ps7_cortexa9_0/
TRACE::2025-05-05.09:40:53::SCWMssOS::lib/xsdps_g.o ps7_cortexa9_0/lib/xsdps_host.o ps7_cortexa9_0/lib/xsdps_options.o ps7_cortexa9_0/lib/xsdps_sinit.o ps7_cortexa9_
TRACE::2025-05-05.09:40:53::SCWMssOS::0/lib/xtime_l.o ps7_cortexa9_0/lib/xuartps.o ps7_cortexa9_0/lib/xuartps_g.o ps7_cortexa9_0/lib/xuartps_hw.o ps7_cortexa9_0/lib/
TRACE::2025-05-05.09:40:53::SCWMssOS::xuartps_intr.o ps7_cortexa9_0/lib/xuartps_options.o ps7_cortexa9_0/lib/xuartps_selftest.o ps7_cortexa9_0/lib/xuartps_sinit.o ps
TRACE::2025-05-05.09:40:53::SCWMssOS::7_cortexa9_0/lib/xusbps.o ps7_cortexa9_0/lib/xusbps_endpoint.o ps7_cortexa9_0/lib/xusbps_g.o ps7_cortexa9_0/lib/xusbps_hw.o ps7
TRACE::2025-05-05.09:40:53::SCWMssOS::_cortexa9_0/lib/xusbps_intr.o ps7_cortexa9_0/lib/xusbps_sinit.o

TRACE::2025-05-05.09:40:53::SCWMssOS::'Finished building libraries'

TRACE::2025-05-05.09:40:53::SCWMssOS::Copying to export directory.
TRACE::2025-05-05.09:40:53::SCWMssOS:: Checking if to create the Supporting Applications
TRACE::2025-05-05.09:40:53::SCWMssOS:: No Linux domain exists, trying to generate FSBL 
LOG::2025-05-05.09:40:53::SCWSystem::Completed Processing the domain standalone_ps7_cortexa9_0
LOG::2025-05-05.09:40:53::SCWSystem::Completed Processing the sysconfig ILADEMO
LOG::2025-05-05.09:40:53::SCWPlatform::Completed generating the artifacts for system configuration ILADEMO
TRACE::2025-05-05.09:40:53::SCWPlatform::Started preparing the platform 
TRACE::2025-05-05.09:40:53::SCWSystem::Writing the bif file for system config ILADEMO
TRACE::2025-05-05.09:40:53::SCWSystem::dir created 
TRACE::2025-05-05.09:40:53::SCWSystem::Writing the bif 
TRACE::2025-05-05.09:40:53::SCWPlatform::Started writing the spfm file 
TRACE::2025-05-05.09:40:53::SCWPlatform::Started writing the xpfm file 
TRACE::2025-05-05.09:40:53::SCWPlatform::Completed generating the platform
TRACE::2025-05-05.09:40:53::SCWMssOS::Saving the mss changes C:/PXL/devWorks/devWorks2/ILA_DEMO/Vitis/ILADEMO/zynq_fsbl/zynq_fsbl_bsp/system.mss
TRACE::2025-05-05.09:40:53::SCWMssOS::Found a swdesign opened with the mssfile.
TRACE::2025-05-05.09:40:53::SCWMssOS::Completed writemss as part of save.
TRACE::2025-05-05.09:40:53::SCWMssOS::Commit changes completed.
TRACE::2025-05-05.09:40:53::SCWMssOS::Saving the mss changes C:/PXL/devWorks/devWorks2/ILA_DEMO/Vitis/ILADEMO/ps7_cortexa9_0/standalone_ps7_cortexa9_0/bsp/system.mss
TRACE::2025-05-05.09:40:53::SCWMssOS::Found a swdesign opened with the mssfile.
TRACE::2025-05-05.09:40:53::SCWMssOS::Completed writemss as part of save.
TRACE::2025-05-05.09:40:53::SCWMssOS::Commit changes completed.
TRACE::2025-05-05.09:40:53::SCWPlatform::Trying to open the hw design at C:/PXL/devWorks/devWorks2/ILA_DEMO/Vitis/ILADEMO/hw/ILADEMO.xsa
TRACE::2025-05-05.09:40:53::SCWPlatform::DSA given C:/PXL/devWorks/devWorks2/ILA_DEMO/Vitis/ILADEMO/hw/ILADEMO.xsa
TRACE::2025-05-05.09:40:53::SCWPlatform::DSA absoulate path C:/PXL/devWorks/devWorks2/ILA_DEMO/Vitis/ILADEMO/hw/ILADEMO.xsa
TRACE::2025-05-05.09:40:53::SCWPlatform::DSA directory C:/PXL/devWorks/devWorks2/ILA_DEMO/Vitis/ILADEMO/hw
TRACE::2025-05-05.09:40:53::SCWPlatform:: Platform Path C:/PXL/devWorks/devWorks2/ILA_DEMO/Vitis/ILADEMO/hw/ILADEMO.xsa
TRACE::2025-05-05.09:40:53::SCWPlatform:: Unique name xilinx:pynq-z2::0.0
TRACE::2025-05-05.09:40:53::SCWPlatform::Trying to set the existing hwdb with name design_1_wrapper_0
TRACE::2025-05-05.09:40:53::SCWPlatform::Opened existing hwdb design_1_wrapper_0
TRACE::2025-05-05.09:40:53::SCWPlatform::Found the Hw Db part of the input DSA
TRACE::2025-05-05.09:40:53::SCWMssOS::Checking the sw design at  C:/PXL/devWorks/devWorks2/ILA_DEMO/Vitis/ILADEMO/zynq_fsbl/zynq_fsbl_bsp/system.mss
TRACE::2025-05-05.09:40:53::SCWMssOS::DEBUG:  swdes dump  C:/PXL/devWorks/devWorks2/ILA_DEMO/Vitis/ILADEMO/ps7_cortexa9_0/standalone_ps7_cortexa9_0/bsp/system.mss|system_0||
C:/PXL/devWorks/devWorks2/ILA_DEMO/Vitis/ILADEMO/zynq_fsbl/zynq_fsbl_bsp/system.mss|system||

TRACE::2025-05-05.09:40:53::SCWMssOS::Sw design exists and opened at  C:/PXL/devWorks/devWorks2/ILA_DEMO/Vitis/ILADEMO/zynq_fsbl/zynq_fsbl_bsp/system.mss
TRACE::2025-05-05.09:40:53::SCWPlatform::Trying to open the hw design at C:/PXL/devWorks/devWorks2/ILA_DEMO/Vitis/ILADEMO/hw/ILADEMO.xsa
TRACE::2025-05-05.09:40:53::SCWPlatform::DSA given C:/PXL/devWorks/devWorks2/ILA_DEMO/Vitis/ILADEMO/hw/ILADEMO.xsa
TRACE::2025-05-05.09:40:53::SCWPlatform::DSA absoulate path C:/PXL/devWorks/devWorks2/ILA_DEMO/Vitis/ILADEMO/hw/ILADEMO.xsa
TRACE::2025-05-05.09:40:53::SCWPlatform::DSA directory C:/PXL/devWorks/devWorks2/ILA_DEMO/Vitis/ILADEMO/hw
TRACE::2025-05-05.09:40:53::SCWPlatform:: Platform Path C:/PXL/devWorks/devWorks2/ILA_DEMO/Vitis/ILADEMO/hw/ILADEMO.xsa
TRACE::2025-05-05.09:40:53::SCWPlatform:: Unique name xilinx:pynq-z2::0.0
TRACE::2025-05-05.09:40:53::SCWPlatform::Trying to set the existing hwdb with name design_1_wrapper_0
TRACE::2025-05-05.09:40:53::SCWPlatform::Opened existing hwdb design_1_wrapper_0
TRACE::2025-05-05.09:40:53::SCWPlatform::Found the Hw Db part of the input DSA
TRACE::2025-05-05.09:40:53::SCWMssOS::Checking the sw design at  C:/PXL/devWorks/devWorks2/ILA_DEMO/Vitis/ILADEMO/zynq_fsbl/zynq_fsbl_bsp/system.mss
TRACE::2025-05-05.09:40:53::SCWMssOS::DEBUG:  swdes dump  C:/PXL/devWorks/devWorks2/ILA_DEMO/Vitis/ILADEMO/ps7_cortexa9_0/standalone_ps7_cortexa9_0/bsp/system.mss|system_0||
C:/PXL/devWorks/devWorks2/ILA_DEMO/Vitis/ILADEMO/zynq_fsbl/zynq_fsbl_bsp/system.mss|system||

TRACE::2025-05-05.09:40:53::SCWMssOS::Sw design exists and opened at  C:/PXL/devWorks/devWorks2/ILA_DEMO/Vitis/ILADEMO/zynq_fsbl/zynq_fsbl_bsp/system.mss
TRACE::2025-05-05.09:40:53::SCWPlatform::Trying to open the hw design at C:/PXL/devWorks/devWorks2/ILA_DEMO/Vitis/ILADEMO/hw/ILADEMO.xsa
TRACE::2025-05-05.09:40:53::SCWPlatform::DSA given C:/PXL/devWorks/devWorks2/ILA_DEMO/Vitis/ILADEMO/hw/ILADEMO.xsa
TRACE::2025-05-05.09:40:53::SCWPlatform::DSA absoulate path C:/PXL/devWorks/devWorks2/ILA_DEMO/Vitis/ILADEMO/hw/ILADEMO.xsa
TRACE::2025-05-05.09:40:53::SCWPlatform::DSA directory C:/PXL/devWorks/devWorks2/ILA_DEMO/Vitis/ILADEMO/hw
TRACE::2025-05-05.09:40:53::SCWPlatform:: Platform Path C:/PXL/devWorks/devWorks2/ILA_DEMO/Vitis/ILADEMO/hw/ILADEMO.xsa
TRACE::2025-05-05.09:40:53::SCWPlatform:: Unique name xilinx:pynq-z2::0.0
TRACE::2025-05-05.09:40:53::SCWPlatform::Trying to set the existing hwdb with name design_1_wrapper_0
TRACE::2025-05-05.09:40:53::SCWPlatform::Opened existing hwdb design_1_wrapper_0
TRACE::2025-05-05.09:40:53::SCWPlatform::Found the Hw Db part of the input DSA
TRACE::2025-05-05.09:40:53::SCWMssOS::Checking the sw design at  C:/PXL/devWorks/devWorks2/ILA_DEMO/Vitis/ILADEMO/zynq_fsbl/zynq_fsbl_bsp/system.mss
TRACE::2025-05-05.09:40:53::SCWMssOS::DEBUG:  swdes dump  C:/PXL/devWorks/devWorks2/ILA_DEMO/Vitis/ILADEMO/ps7_cortexa9_0/standalone_ps7_cortexa9_0/bsp/system.mss|system_0||
C:/PXL/devWorks/devWorks2/ILA_DEMO/Vitis/ILADEMO/zynq_fsbl/zynq_fsbl_bsp/system.mss|system||

TRACE::2025-05-05.09:40:53::SCWMssOS::Sw design exists and opened at  C:/PXL/devWorks/devWorks2/ILA_DEMO/Vitis/ILADEMO/zynq_fsbl/zynq_fsbl_bsp/system.mss
TRACE::2025-05-05.09:40:53::SCWPlatform::Trying to open the hw design at C:/PXL/devWorks/devWorks2/ILA_DEMO/Vitis/ILADEMO/hw/ILADEMO.xsa
TRACE::2025-05-05.09:40:53::SCWPlatform::DSA given C:/PXL/devWorks/devWorks2/ILA_DEMO/Vitis/ILADEMO/hw/ILADEMO.xsa
TRACE::2025-05-05.09:40:53::SCWPlatform::DSA absoulate path C:/PXL/devWorks/devWorks2/ILA_DEMO/Vitis/ILADEMO/hw/ILADEMO.xsa
TRACE::2025-05-05.09:40:53::SCWPlatform::DSA directory C:/PXL/devWorks/devWorks2/ILA_DEMO/Vitis/ILADEMO/hw
TRACE::2025-05-05.09:40:53::SCWPlatform:: Platform Path C:/PXL/devWorks/devWorks2/ILA_DEMO/Vitis/ILADEMO/hw/ILADEMO.xsa
TRACE::2025-05-05.09:40:53::SCWPlatform:: Unique name xilinx:pynq-z2::0.0
TRACE::2025-05-05.09:40:53::SCWPlatform::Trying to set the existing hwdb with name design_1_wrapper_0
TRACE::2025-05-05.09:40:53::SCWPlatform::Opened existing hwdb design_1_wrapper_0
TRACE::2025-05-05.09:40:53::SCWPlatform::Found the Hw Db part of the input DSA
TRACE::2025-05-05.09:40:53::SCWMssOS::Checking the sw design at  C:/PXL/devWorks/devWorks2/ILA_DEMO/Vitis/ILADEMO/ps7_cortexa9_0/standalone_ps7_cortexa9_0/bsp/system.mss
TRACE::2025-05-05.09:40:53::SCWMssOS::DEBUG:  swdes dump  C:/PXL/devWorks/devWorks2/ILA_DEMO/Vitis/ILADEMO/ps7_cortexa9_0/standalone_ps7_cortexa9_0/bsp/system.mss|system_0||
C:/PXL/devWorks/devWorks2/ILA_DEMO/Vitis/ILADEMO/zynq_fsbl/zynq_fsbl_bsp/system.mss|system||

TRACE::2025-05-05.09:40:53::SCWMssOS::Sw design exists and opened at  C:/PXL/devWorks/devWorks2/ILA_DEMO/Vitis/ILADEMO/ps7_cortexa9_0/standalone_ps7_cortexa9_0/bsp/system.mss
TRACE::2025-05-05.09:40:53::SCWPlatform::Trying to open the hw design at C:/PXL/devWorks/devWorks2/ILA_DEMO/Vitis/ILADEMO/hw/ILADEMO.xsa
TRACE::2025-05-05.09:40:53::SCWPlatform::DSA given C:/PXL/devWorks/devWorks2/ILA_DEMO/Vitis/ILADEMO/hw/ILADEMO.xsa
TRACE::2025-05-05.09:40:53::SCWPlatform::DSA absoulate path C:/PXL/devWorks/devWorks2/ILA_DEMO/Vitis/ILADEMO/hw/ILADEMO.xsa
TRACE::2025-05-05.09:40:53::SCWPlatform::DSA directory C:/PXL/devWorks/devWorks2/ILA_DEMO/Vitis/ILADEMO/hw
TRACE::2025-05-05.09:40:53::SCWPlatform:: Platform Path C:/PXL/devWorks/devWorks2/ILA_DEMO/Vitis/ILADEMO/hw/ILADEMO.xsa
TRACE::2025-05-05.09:40:53::SCWPlatform:: Unique name xilinx:pynq-z2::0.0
TRACE::2025-05-05.09:40:53::SCWPlatform::Trying to set the existing hwdb with name design_1_wrapper_0
TRACE::2025-05-05.09:40:53::SCWPlatform::Opened existing hwdb design_1_wrapper_0
TRACE::2025-05-05.09:40:53::SCWPlatform::Found the Hw Db part of the input DSA
TRACE::2025-05-05.09:40:53::SCWMssOS::Checking the sw design at  C:/PXL/devWorks/devWorks2/ILA_DEMO/Vitis/ILADEMO/ps7_cortexa9_0/standalone_ps7_cortexa9_0/bsp/system.mss
TRACE::2025-05-05.09:40:53::SCWMssOS::DEBUG:  swdes dump  C:/PXL/devWorks/devWorks2/ILA_DEMO/Vitis/ILADEMO/ps7_cortexa9_0/standalone_ps7_cortexa9_0/bsp/system.mss|system_0||
C:/PXL/devWorks/devWorks2/ILA_DEMO/Vitis/ILADEMO/zynq_fsbl/zynq_fsbl_bsp/system.mss|system||

TRACE::2025-05-05.09:40:53::SCWMssOS::Sw design exists and opened at  C:/PXL/devWorks/devWorks2/ILA_DEMO/Vitis/ILADEMO/ps7_cortexa9_0/standalone_ps7_cortexa9_0/bsp/system.mss
TRACE::2025-05-05.09:40:53::SCWPlatform::Trying to open the hw design at C:/PXL/devWorks/devWorks2/ILA_DEMO/Vitis/ILADEMO/hw/ILADEMO.xsa
TRACE::2025-05-05.09:40:53::SCWPlatform::DSA given C:/PXL/devWorks/devWorks2/ILA_DEMO/Vitis/ILADEMO/hw/ILADEMO.xsa
TRACE::2025-05-05.09:40:53::SCWPlatform::DSA absoulate path C:/PXL/devWorks/devWorks2/ILA_DEMO/Vitis/ILADEMO/hw/ILADEMO.xsa
TRACE::2025-05-05.09:40:53::SCWPlatform::DSA directory C:/PXL/devWorks/devWorks2/ILA_DEMO/Vitis/ILADEMO/hw
TRACE::2025-05-05.09:40:53::SCWPlatform:: Platform Path C:/PXL/devWorks/devWorks2/ILA_DEMO/Vitis/ILADEMO/hw/ILADEMO.xsa
TRACE::2025-05-05.09:40:53::SCWPlatform:: Unique name xilinx:pynq-z2::0.0
TRACE::2025-05-05.09:40:53::SCWPlatform::Trying to set the existing hwdb with name design_1_wrapper_0
TRACE::2025-05-05.09:40:53::SCWPlatform::Opened existing hwdb design_1_wrapper_0
TRACE::2025-05-05.09:40:53::SCWPlatform::Found the Hw Db part of the input DSA
TRACE::2025-05-05.09:40:53::SCWMssOS::Checking the sw design at  C:/PXL/devWorks/devWorks2/ILA_DEMO/Vitis/ILADEMO/ps7_cortexa9_0/standalone_ps7_cortexa9_0/bsp/system.mss
TRACE::2025-05-05.09:40:53::SCWMssOS::DEBUG:  swdes dump  C:/PXL/devWorks/devWorks2/ILA_DEMO/Vitis/ILADEMO/ps7_cortexa9_0/standalone_ps7_cortexa9_0/bsp/system.mss|system_0||
C:/PXL/devWorks/devWorks2/ILA_DEMO/Vitis/ILADEMO/zynq_fsbl/zynq_fsbl_bsp/system.mss|system||

TRACE::2025-05-05.09:40:53::SCWMssOS::Sw design exists and opened at  C:/PXL/devWorks/devWorks2/ILA_DEMO/Vitis/ILADEMO/ps7_cortexa9_0/standalone_ps7_cortexa9_0/bsp/system.mss
TRACE::2025-05-05.09:40:53::SCWWriter::formatted JSON is {
	"platformName":	"ILADEMO",
	"sprVersion":	"2.0",
	"mode":	"gui",
	"dsaType":	"Fixed",
	"platformDesc":	"ILADEMO",
	"platHandOff":	"C:/PXL/devWorks/devWorks2/ILA_DEMO/ILADEMO.xsa",
	"platIntHandOff":	"<platformDir>/hw/ILADEMO.xsa",
	"deviceType":	"zynq",
	"platIsPrebuiltAutogen":	"false",
	"platIsNoBootBsp":	"false",
	"platFsblTarget":	"ps7_cortexa9_0",
	"hasFsblMakeHasChanges":	"false",
	"hasPmufwMakeHasChanges":	"false",
	"fsblExtraCompilerFlags":	"-MMD -MP       -mcpu=cortex-a9 -mfpu=vfpv3 -mfloat-abi=hard ",
	"platPreBuiltFlag":	false,
	"platformSamplesDir":	"",
	"platActiveSys":	"ILADEMO",
	"systems":	[{
			"systemName":	"ILADEMO",
			"systemDesc":	"ILADEMO",
			"sysIsBootAutoGen":	"true",
			"systemDispName":	"ILADEMO",
			"sysActiveDom":	"standalone_ps7_cortexa9_0",
			"sysDefaultDom":	"standalone_ps7_cortexa9_0",
			"domains":	[{
					"domainName":	"zynq_fsbl",
					"domainDispName":	"zynq_fsbl",
					"domainDesc":	"FSBL Application BSP - Auto Generated.",
					"processors":	"ps7_cortexa9_0",
					"os":	"standalone",
					"sdxOs":	"standalone",
					"debugEnable":	"",
					"domRuntimes":	["cpp"],
					"swRepo":	"",
					"mssOsVer":	"9.1",
					"mssFile":	"",
					"md5Digest":	"38ba93e41c0d74ae18df48b1f9514907",
					"compatibleApp":	"zynq_fsbl",
					"domType":	"bootDomain",
					"arch":	"32-bit",
					"appSettings":	{
						"appCompilerFlags":	"",
						"appLinkerFlags":	""
					},
					"addedLibs":	["xilffs:5.2", "xilrsa:1.8"],
					"libOptions":	{
						"libsContainingOptions":	[]
					},
					"prebuiltLibs":	{
						"prebuiltIncPath":	[],
						"prebuiltLibPath":	[]
					},
					"isolation":	{
					}
				}, {
					"domainName":	"standalone_ps7_cortexa9_0",
					"domainDispName":	"standalone_ps7_cortexa9_0",
					"domainDesc":	"standalone_ps7_cortexa9_0",
					"processors":	"ps7_cortexa9_0",
					"os":	"standalone",
					"sdxOs":	"standalone",
					"qemuArgs":	"<platformDir>/resources/ILADEMO/standalone_ps7_cortexa9_0/qemu_args.txt",
					"qemuData":	"<platformDir>/resources/ILADEMO/standalone_ps7_cortexa9_0/qemu",
					"debugEnable":	"False",
					"domRuntimes":	["cpp"],
					"swRepo":	"",
					"mssOsVer":	"9.1",
					"mssFile":	"",
					"md5Digest":	"6a262be947555ba770b2f1965ebd288c",
					"compatibleApp":	"hello_world",
					"domType":	"mssDomain",
					"arch":	"32-bit",
					"appSettings":	{
						"appCompilerFlags":	"",
						"appLinkerFlags":	""
					},
					"addedLibs":	[],
					"libOptions":	{
						"libsContainingOptions":	[]
					},
					"prebuiltLibs":	{
						"prebuiltIncPath":	[],
						"prebuiltLibPath":	[]
					},
					"isolation":	{
					}
				}]
		}]
}
KEYINFO::2025-05-05.09:40:53::SCWPlatform::updated the xpfm file.
TRACE::2025-05-05.09:40:53::SCWPlatform::Trying to open the hw design at C:/PXL/devWorks/devWorks2/ILA_DEMO/Vitis/ILADEMO/hw/ILADEMO.xsa
TRACE::2025-05-05.09:40:53::SCWPlatform::DSA given C:/PXL/devWorks/devWorks2/ILA_DEMO/Vitis/ILADEMO/hw/ILADEMO.xsa
TRACE::2025-05-05.09:40:53::SCWPlatform::DSA absoulate path C:/PXL/devWorks/devWorks2/ILA_DEMO/Vitis/ILADEMO/hw/ILADEMO.xsa
TRACE::2025-05-05.09:40:53::SCWPlatform::DSA directory C:/PXL/devWorks/devWorks2/ILA_DEMO/Vitis/ILADEMO/hw
TRACE::2025-05-05.09:40:53::SCWPlatform:: Platform Path C:/PXL/devWorks/devWorks2/ILA_DEMO/Vitis/ILADEMO/hw/ILADEMO.xsa
TRACE::2025-05-05.09:40:53::SCWPlatform:: Unique name xilinx:pynq-z2::0.0
TRACE::2025-05-05.09:40:53::SCWPlatform::Trying to set the existing hwdb with name design_1_wrapper_0
TRACE::2025-05-05.09:40:53::SCWPlatform::Opened existing hwdb design_1_wrapper_0
TRACE::2025-05-05.09:40:53::SCWPlatform::Found the Hw Db part of the input DSA
TRACE::2025-05-05.09:40:53::SCWMssOS::Checking the sw design at  C:/PXL/devWorks/devWorks2/ILA_DEMO/Vitis/ILADEMO/ps7_cortexa9_0/standalone_ps7_cortexa9_0/bsp/system.mss
TRACE::2025-05-05.09:40:53::SCWMssOS::DEBUG:  swdes dump  C:/PXL/devWorks/devWorks2/ILA_DEMO/Vitis/ILADEMO/ps7_cortexa9_0/standalone_ps7_cortexa9_0/bsp/system.mss|system_0||
C:/PXL/devWorks/devWorks2/ILA_DEMO/Vitis/ILADEMO/zynq_fsbl/zynq_fsbl_bsp/system.mss|system||

TRACE::2025-05-05.09:40:53::SCWMssOS::Sw design exists and opened at  C:/PXL/devWorks/devWorks2/ILA_DEMO/Vitis/ILADEMO/ps7_cortexa9_0/standalone_ps7_cortexa9_0/bsp/system.mss
