TRACE::2025-06-12.09:12:27::SCWPlatform::Trying to open the hw design at C:/PXL/devWorks/devWorks2/Examen/ExamenSoC/hw/ExamenSoC.xsa
TRACE::2025-06-12.09:12:27::SCWPlatform::DSA given C:/PXL/devWorks/devWorks2/Examen/ExamenSoC/hw/ExamenSoC.xsa
TRACE::2025-06-12.09:12:27::SCWPlatform::DSA absoulate path C:/PXL/devWorks/devWorks2/Examen/ExamenSoC/hw/ExamenSoC.xsa
TRACE::2025-06-12.09:12:27::SCWPlatform::DSA directory C:/PXL/devWorks/devWorks2/Examen/ExamenSoC/hw
TRACE::2025-06-12.09:12:27::SCWPlatform:: Platform Path C:/PXL/devWorks/devWorks2/Examen/ExamenSoC/hw/ExamenSoC.xsa
TRACE::2025-06-12.09:12:27::SCWPlatform:: Unique name xilinx:pynq-z2::0.0
TRACE::2025-06-12.09:12:27::SCWPlatform::Do not have an existing db opened. 
TRACE::2025-06-12.09:12:30::SCWPlatform::Opened new HwDB with name design_1_wrapper_0
TRACE::2025-06-12.09:12:30::SCWWriter::formatted JSON is {
	"platformName":	"ExamenSoC",
	"sprVersion":	"2.0",
	"mode":	"gui",
	"dsaType":	"Fixed",
	"platformDesc":	"ExamenSoC",
	"platHandOff":	"<platformDir>.xsa",
	"platIntHandOff":	"<platformDir>/hw/ExamenSoC.xsa",
	"deviceType":	"zynq",
	"platIsPrebuiltAutogen":	"false",
	"platIsNoBootBsp":	"false",
	"hasFsblMakeHasChanges":	"false",
	"hasPmufwMakeHasChanges":	"false",
	"platPreBuiltFlag":	false,
	"platformSamplesDir":	""
}
TRACE::2025-06-12.09:12:30::SCWWriter::formatted JSON is {
	"platformName":	"ExamenSoC",
	"sprVersion":	"2.0",
	"mode":	"gui",
	"dsaType":	"Fixed",
	"platformDesc":	"ExamenSoC",
	"platHandOff":	"<platformDir>.xsa",
	"platIntHandOff":	"<platformDir>/hw/ExamenSoC.xsa",
	"deviceType":	"zynq",
	"platIsPrebuiltAutogen":	"false",
	"platIsNoBootBsp":	"false",
	"hasFsblMakeHasChanges":	"false",
	"hasPmufwMakeHasChanges":	"false",
	"platPreBuiltFlag":	false,
	"platformSamplesDir":	"",
	"platActiveSys":	"ExamenSoC",
	"systems":	[{
			"systemName":	"ExamenSoC",
			"systemDesc":	"ExamenSoC",
			"sysIsBootAutoGen":	"true",
			"systemDispName":	"ExamenSoC"
		}]
}
TRACE::2025-06-12.09:12:30::SCWPlatform::Boot application domains not present, creating them
TRACE::2025-06-12.09:12:30::SCWDomain::checking for install qemu data   : 
TRACE::2025-06-12.09:12:30::SCWDomain:: Using the QEMU Data from install at  : C:/Xilinx/Vitis/2024.1/data/emulation/platforms/zynq/sw/a9_standalone/qemu/
TRACE::2025-06-12.09:12:30::SCWDomain:: Using the QEMU args  from install at  : C:/Xilinx/Vitis/2024.1/data/emulation/platforms/zynq/sw/a9_standalone/qemu/qemu_args.txt
TRACE::2025-06-12.09:12:30::SCWPlatform::Trying to open the hw design at C:/PXL/devWorks/devWorks2/Examen/ExamenSoC/hw/ExamenSoC.xsa
TRACE::2025-06-12.09:12:30::SCWPlatform::DSA given C:/PXL/devWorks/devWorks2/Examen/ExamenSoC/hw/ExamenSoC.xsa
TRACE::2025-06-12.09:12:30::SCWPlatform::DSA absoulate path C:/PXL/devWorks/devWorks2/Examen/ExamenSoC/hw/ExamenSoC.xsa
TRACE::2025-06-12.09:12:30::SCWPlatform::DSA directory C:/PXL/devWorks/devWorks2/Examen/ExamenSoC/hw
TRACE::2025-06-12.09:12:30::SCWPlatform:: Platform Path C:/PXL/devWorks/devWorks2/Examen/ExamenSoC/hw/ExamenSoC.xsa
TRACE::2025-06-12.09:12:30::SCWPlatform:: Unique name xilinx:pynq-z2::0.0
TRACE::2025-06-12.09:12:30::SCWPlatform::Trying to set the existing hwdb with name design_1_wrapper_0
TRACE::2025-06-12.09:12:30::SCWPlatform::Opened existing hwdb design_1_wrapper_0
TRACE::2025-06-12.09:12:30::SCWPlatform::Found the Hw Db part of the input DSA
TRACE::2025-06-12.09:12:30::SCWPlatform::Trying to open the hw design at C:/PXL/devWorks/devWorks2/Examen/ExamenSoC/hw/ExamenSoC.xsa
TRACE::2025-06-12.09:12:30::SCWPlatform::DSA given C:/PXL/devWorks/devWorks2/Examen/ExamenSoC/hw/ExamenSoC.xsa
TRACE::2025-06-12.09:12:30::SCWPlatform::DSA absoulate path C:/PXL/devWorks/devWorks2/Examen/ExamenSoC/hw/ExamenSoC.xsa
TRACE::2025-06-12.09:12:30::SCWPlatform::DSA directory C:/PXL/devWorks/devWorks2/Examen/ExamenSoC/hw
TRACE::2025-06-12.09:12:30::SCWPlatform:: Platform Path C:/PXL/devWorks/devWorks2/Examen/ExamenSoC/hw/ExamenSoC.xsa
TRACE::2025-06-12.09:12:30::SCWPlatform:: Unique name xilinx:pynq-z2::0.0
TRACE::2025-06-12.09:12:30::SCWPlatform::Trying to set the existing hwdb with name design_1_wrapper_0
TRACE::2025-06-12.09:12:30::SCWPlatform::Opened existing hwdb design_1_wrapper_0
TRACE::2025-06-12.09:12:30::SCWPlatform::Found the Hw Db part of the input DSA
TRACE::2025-06-12.09:12:30::SCWPlatform::Trying to open the hw design at C:/PXL/devWorks/devWorks2/Examen/ExamenSoC/hw/ExamenSoC.xsa
TRACE::2025-06-12.09:12:30::SCWPlatform::DSA given C:/PXL/devWorks/devWorks2/Examen/ExamenSoC/hw/ExamenSoC.xsa
TRACE::2025-06-12.09:12:30::SCWPlatform::DSA absoulate path C:/PXL/devWorks/devWorks2/Examen/ExamenSoC/hw/ExamenSoC.xsa
TRACE::2025-06-12.09:12:30::SCWPlatform::DSA directory C:/PXL/devWorks/devWorks2/Examen/ExamenSoC/hw
TRACE::2025-06-12.09:12:30::SCWPlatform:: Platform Path C:/PXL/devWorks/devWorks2/Examen/ExamenSoC/hw/ExamenSoC.xsa
TRACE::2025-06-12.09:12:30::SCWPlatform:: Unique name xilinx:pynq-z2::0.0
TRACE::2025-06-12.09:12:30::SCWPlatform::Trying to set the existing hwdb with name design_1_wrapper_0
TRACE::2025-06-12.09:12:30::SCWPlatform::Opened existing hwdb design_1_wrapper_0
TRACE::2025-06-12.09:12:30::SCWPlatform::Found the Hw Db part of the input DSA
TRACE::2025-06-12.09:12:30::SCWPlatform::Boot application domain added for zynq_fsbl
TRACE::2025-06-12.09:12:30::SCWPlatform::Generating the sources  .
TRACE::2025-06-12.09:12:30::SCWBDomain::Generating boot domain sources.
TRACE::2025-06-12.09:12:30::SCWBDomain:: Generating the zynq_fsbl Application.
TRACE::2025-06-12.09:12:30::SCWPlatform::Trying to open the hw design at C:/PXL/devWorks/devWorks2/Examen/ExamenSoC/hw/ExamenSoC.xsa
TRACE::2025-06-12.09:12:30::SCWPlatform::DSA given C:/PXL/devWorks/devWorks2/Examen/ExamenSoC/hw/ExamenSoC.xsa
TRACE::2025-06-12.09:12:30::SCWPlatform::DSA absoulate path C:/PXL/devWorks/devWorks2/Examen/ExamenSoC/hw/ExamenSoC.xsa
TRACE::2025-06-12.09:12:30::SCWPlatform::DSA directory C:/PXL/devWorks/devWorks2/Examen/ExamenSoC/hw
TRACE::2025-06-12.09:12:30::SCWPlatform:: Platform Path C:/PXL/devWorks/devWorks2/Examen/ExamenSoC/hw/ExamenSoC.xsa
TRACE::2025-06-12.09:12:30::SCWPlatform:: Unique name xilinx:pynq-z2::0.0
TRACE::2025-06-12.09:12:30::SCWPlatform::Trying to set the existing hwdb with name design_1_wrapper_0
TRACE::2025-06-12.09:12:30::SCWPlatform::Opened existing hwdb design_1_wrapper_0
TRACE::2025-06-12.09:12:30::SCWPlatform::Found the Hw Db part of the input DSA
TRACE::2025-06-12.09:12:30::SCWMssOS::Checking the sw design at  C:/PXL/devWorks/devWorks2/Examen/ExamenSoC/zynq_fsbl/zynq_fsbl_bsp/system.mss
TRACE::2025-06-12.09:12:30::SCWMssOS::DEBUG:  swdes dump  
TRACE::2025-06-12.09:12:30::SCWMssOS::No sw design opened at  C:/PXL/devWorks/devWorks2/Examen/ExamenSoC/zynq_fsbl/zynq_fsbl_bsp/system.mss
TRACE::2025-06-12.09:12:30::SCWMssOS::mss does not exists at C:/PXL/devWorks/devWorks2/Examen/ExamenSoC/zynq_fsbl/zynq_fsbl_bsp/system.mss
TRACE::2025-06-12.09:12:30::SCWMssOS::Creating sw design at  C:/PXL/devWorks/devWorks2/Examen/ExamenSoC/zynq_fsbl/zynq_fsbl_bsp/system.mss
TRACE::2025-06-12.09:12:30::SCWMssOS::Adding the swdes entry, created swdb C:/PXL/devWorks/devWorks2/Examen/ExamenSoC/zynq_fsbl/zynq_fsbl_bsp/system.mss with des name C:/PXL/devWorks/devWorks2/Examen/ExamenSoC/zynq_fsbl/zynq_fsbl_bsp/system.mss
TRACE::2025-06-12.09:12:30::SCWMssOS::updating the scw layer changes to swdes at   C:/PXL/devWorks/devWorks2/Examen/ExamenSoC/zynq_fsbl/zynq_fsbl_bsp/system.mss
TRACE::2025-06-12.09:12:30::SCWMssOS::Writing mss at C:/PXL/devWorks/devWorks2/Examen/ExamenSoC/zynq_fsbl/zynq_fsbl_bsp/system.mss
TRACE::2025-06-12.09:12:30::SCWMssOS::Completed writing the mss file at C:/PXL/devWorks/devWorks2/Examen/ExamenSoC/zynq_fsbl/zynq_fsbl_bsp
TRACE::2025-06-12.09:12:30::SCWMssOS::Picking up changes from newly written mss file into SCW Layer. 
TRACE::2025-06-12.09:12:30::SCWMssOS::Updated the changes from newly written mss file into SCW Layer. 
TRACE::2025-06-12.09:12:30::SCWBDomain::Completed writing the mss file at C:/PXL/devWorks/devWorks2/Examen/ExamenSoC/zynq_fsbl/zynq_fsbl_bsp
TRACE::2025-06-12.09:12:36::SCWPlatform::Generating sources Done.
TRACE::2025-06-12.09:12:36::SCWPlatform::Trying to open the hw design at C:/PXL/devWorks/devWorks2/Examen/ExamenSoC/hw/ExamenSoC.xsa
TRACE::2025-06-12.09:12:36::SCWPlatform::DSA given C:/PXL/devWorks/devWorks2/Examen/ExamenSoC/hw/ExamenSoC.xsa
TRACE::2025-06-12.09:12:36::SCWPlatform::DSA absoulate path C:/PXL/devWorks/devWorks2/Examen/ExamenSoC/hw/ExamenSoC.xsa
TRACE::2025-06-12.09:12:36::SCWPlatform::DSA directory C:/PXL/devWorks/devWorks2/Examen/ExamenSoC/hw
TRACE::2025-06-12.09:12:36::SCWPlatform:: Platform Path C:/PXL/devWorks/devWorks2/Examen/ExamenSoC/hw/ExamenSoC.xsa
TRACE::2025-06-12.09:12:36::SCWPlatform:: Unique name xilinx:pynq-z2::0.0
TRACE::2025-06-12.09:12:36::SCWPlatform::Trying to set the existing hwdb with name design_1_wrapper_0
TRACE::2025-06-12.09:12:36::SCWPlatform::Opened existing hwdb design_1_wrapper_0
TRACE::2025-06-12.09:12:36::SCWPlatform::Found the Hw Db part of the input DSA
TRACE::2025-06-12.09:12:36::SCWMssOS::Checking the sw design at  C:/PXL/devWorks/devWorks2/Examen/ExamenSoC/zynq_fsbl/zynq_fsbl_bsp/system.mss
TRACE::2025-06-12.09:12:36::SCWMssOS::DEBUG:  swdes dump  
TRACE::2025-06-12.09:12:36::SCWMssOS::No sw design opened at  C:/PXL/devWorks/devWorks2/Examen/ExamenSoC/zynq_fsbl/zynq_fsbl_bsp/system.mss
TRACE::2025-06-12.09:12:36::SCWMssOS::mss exists loading the mss file  C:/PXL/devWorks/devWorks2/Examen/ExamenSoC/zynq_fsbl/zynq_fsbl_bsp/system.mss
TRACE::2025-06-12.09:12:36::SCWMssOS::Opened the sw design from mss  C:/PXL/devWorks/devWorks2/Examen/ExamenSoC/zynq_fsbl/zynq_fsbl_bsp/system.mss
TRACE::2025-06-12.09:12:36::SCWMssOS::Adding the swdes entry C:/PXL/devWorks/devWorks2/Examen/ExamenSoC/zynq_fsbl/zynq_fsbl_bsp/system.mss with des name system
TRACE::2025-06-12.09:12:36::SCWMssOS::updating the scw layer about changes
TRACE::2025-06-12.09:12:36::SCWMssOS::Opened the sw design.  C:/PXL/devWorks/devWorks2/Examen/ExamenSoC/zynq_fsbl/zynq_fsbl_bsp/system.mss
TRACE::2025-06-12.09:12:36::SCWMssOS::Saving the mss changes C:/PXL/devWorks/devWorks2/Examen/ExamenSoC/zynq_fsbl/zynq_fsbl_bsp/system.mss
TRACE::2025-06-12.09:12:36::SCWMssOS::Found a swdesign opened with the mssfile.
TRACE::2025-06-12.09:12:36::SCWMssOS::Completed writemss as part of save.
TRACE::2025-06-12.09:12:36::SCWMssOS::Commit changes completed.
TRACE::2025-06-12.09:12:36::SCWPlatform::Trying to open the hw design at C:/PXL/devWorks/devWorks2/Examen/ExamenSoC/hw/ExamenSoC.xsa
TRACE::2025-06-12.09:12:36::SCWPlatform::DSA given C:/PXL/devWorks/devWorks2/Examen/ExamenSoC/hw/ExamenSoC.xsa
TRACE::2025-06-12.09:12:36::SCWPlatform::DSA absoulate path C:/PXL/devWorks/devWorks2/Examen/ExamenSoC/hw/ExamenSoC.xsa
TRACE::2025-06-12.09:12:36::SCWPlatform::DSA directory C:/PXL/devWorks/devWorks2/Examen/ExamenSoC/hw
TRACE::2025-06-12.09:12:36::SCWPlatform:: Platform Path C:/PXL/devWorks/devWorks2/Examen/ExamenSoC/hw/ExamenSoC.xsa
TRACE::2025-06-12.09:12:36::SCWPlatform:: Unique name xilinx:pynq-z2::0.0
TRACE::2025-06-12.09:12:36::SCWPlatform::Trying to set the existing hwdb with name design_1_wrapper_0
TRACE::2025-06-12.09:12:36::SCWPlatform::Opened existing hwdb design_1_wrapper_0
TRACE::2025-06-12.09:12:36::SCWPlatform::Found the Hw Db part of the input DSA
TRACE::2025-06-12.09:12:36::SCWMssOS::Checking the sw design at  C:/PXL/devWorks/devWorks2/Examen/ExamenSoC/zynq_fsbl/zynq_fsbl_bsp/system.mss
TRACE::2025-06-12.09:12:36::SCWMssOS::DEBUG:  swdes dump  C:/PXL/devWorks/devWorks2/Examen/ExamenSoC/zynq_fsbl/zynq_fsbl_bsp/system.mss|system||

TRACE::2025-06-12.09:12:36::SCWMssOS::Sw design exists and opened at  C:/PXL/devWorks/devWorks2/Examen/ExamenSoC/zynq_fsbl/zynq_fsbl_bsp/system.mss
TRACE::2025-06-12.09:12:36::SCWPlatform::Trying to open the hw design at C:/PXL/devWorks/devWorks2/Examen/ExamenSoC/hw/ExamenSoC.xsa
TRACE::2025-06-12.09:12:36::SCWPlatform::DSA given C:/PXL/devWorks/devWorks2/Examen/ExamenSoC/hw/ExamenSoC.xsa
TRACE::2025-06-12.09:12:36::SCWPlatform::DSA absoulate path C:/PXL/devWorks/devWorks2/Examen/ExamenSoC/hw/ExamenSoC.xsa
TRACE::2025-06-12.09:12:36::SCWPlatform::DSA directory C:/PXL/devWorks/devWorks2/Examen/ExamenSoC/hw
TRACE::2025-06-12.09:12:36::SCWPlatform:: Platform Path C:/PXL/devWorks/devWorks2/Examen/ExamenSoC/hw/ExamenSoC.xsa
TRACE::2025-06-12.09:12:36::SCWPlatform:: Unique name xilinx:pynq-z2::0.0
TRACE::2025-06-12.09:12:36::SCWPlatform::Trying to set the existing hwdb with name design_1_wrapper_0
TRACE::2025-06-12.09:12:36::SCWPlatform::Opened existing hwdb design_1_wrapper_0
TRACE::2025-06-12.09:12:36::SCWPlatform::Found the Hw Db part of the input DSA
TRACE::2025-06-12.09:12:36::SCWMssOS::Checking the sw design at  C:/PXL/devWorks/devWorks2/Examen/ExamenSoC/zynq_fsbl/zynq_fsbl_bsp/system.mss
TRACE::2025-06-12.09:12:36::SCWMssOS::DEBUG:  swdes dump  C:/PXL/devWorks/devWorks2/Examen/ExamenSoC/zynq_fsbl/zynq_fsbl_bsp/system.mss|system||

TRACE::2025-06-12.09:12:36::SCWMssOS::Sw design exists and opened at  C:/PXL/devWorks/devWorks2/Examen/ExamenSoC/zynq_fsbl/zynq_fsbl_bsp/system.mss
TRACE::2025-06-12.09:12:36::SCWPlatform::Trying to open the hw design at C:/PXL/devWorks/devWorks2/Examen/ExamenSoC/hw/ExamenSoC.xsa
TRACE::2025-06-12.09:12:36::SCWPlatform::DSA given C:/PXL/devWorks/devWorks2/Examen/ExamenSoC/hw/ExamenSoC.xsa
TRACE::2025-06-12.09:12:36::SCWPlatform::DSA absoulate path C:/PXL/devWorks/devWorks2/Examen/ExamenSoC/hw/ExamenSoC.xsa
TRACE::2025-06-12.09:12:36::SCWPlatform::DSA directory C:/PXL/devWorks/devWorks2/Examen/ExamenSoC/hw
TRACE::2025-06-12.09:12:36::SCWPlatform:: Platform Path C:/PXL/devWorks/devWorks2/Examen/ExamenSoC/hw/ExamenSoC.xsa
TRACE::2025-06-12.09:12:36::SCWPlatform:: Unique name xilinx:pynq-z2::0.0
TRACE::2025-06-12.09:12:36::SCWPlatform::Trying to set the existing hwdb with name design_1_wrapper_0
TRACE::2025-06-12.09:12:36::SCWPlatform::Opened existing hwdb design_1_wrapper_0
TRACE::2025-06-12.09:12:36::SCWPlatform::Found the Hw Db part of the input DSA
TRACE::2025-06-12.09:12:36::SCWMssOS::Checking the sw design at  C:/PXL/devWorks/devWorks2/Examen/ExamenSoC/zynq_fsbl/zynq_fsbl_bsp/system.mss
TRACE::2025-06-12.09:12:36::SCWMssOS::DEBUG:  swdes dump  C:/PXL/devWorks/devWorks2/Examen/ExamenSoC/zynq_fsbl/zynq_fsbl_bsp/system.mss|system||

TRACE::2025-06-12.09:12:36::SCWMssOS::Sw design exists and opened at  C:/PXL/devWorks/devWorks2/Examen/ExamenSoC/zynq_fsbl/zynq_fsbl_bsp/system.mss
TRACE::2025-06-12.09:12:36::SCWWriter::formatted JSON is {
	"platformName":	"ExamenSoC",
	"sprVersion":	"2.0",
	"mode":	"gui",
	"dsaType":	"Fixed",
	"platformDesc":	"ExamenSoC",
	"platHandOff":	"<platformDir>.xsa",
	"platIntHandOff":	"<platformDir>/hw/ExamenSoC.xsa",
	"deviceType":	"zynq",
	"platIsPrebuiltAutogen":	"false",
	"platIsNoBootBsp":	"false",
	"platFsblTarget":	"ps7_cortexa9_0",
	"hasFsblMakeHasChanges":	"false",
	"hasPmufwMakeHasChanges":	"false",
	"fsblExtraCompilerFlags":	"-MMD -MP       -mcpu=cortex-a9 -mfpu=vfpv3 -mfloat-abi=hard ",
	"platPreBuiltFlag":	false,
	"platformSamplesDir":	"",
	"platActiveSys":	"ExamenSoC",
	"systems":	[{
			"systemName":	"ExamenSoC",
			"systemDesc":	"ExamenSoC",
			"sysIsBootAutoGen":	"true",
			"systemDispName":	"ExamenSoC",
			"sysActiveDom":	"zynq_fsbl",
			"sysDefaultDom":	"",
			"domains":	[{
					"domainName":	"zynq_fsbl",
					"domainDispName":	"zynq_fsbl",
					"domainDesc":	"FSBL Application BSP - Auto Generated.",
					"processors":	"ps7_cortexa9_0",
					"os":	"standalone",
					"sdxOs":	"standalone",
					"debugEnable":	"",
					"domRuntimes":	["cpp"],
					"swRepo":	"",
					"mssOsVer":	"9.1",
					"mssFile":	"",
					"md5Digest":	"3401672d81d6210691b472c6ff9ee9be",
					"compatibleApp":	"zynq_fsbl",
					"domType":	"bootDomain",
					"arch":	"32-bit",
					"appSettings":	{
						"appCompilerFlags":	"",
						"appLinkerFlags":	""
					},
					"addedLibs":	["xilffs:5.2", "xilrsa:1.8"],
					"libOptions":	{
						"libsContainingOptions":	[]
					},
					"prebuiltLibs":	{
						"prebuiltIncPath":	[],
						"prebuiltLibPath":	[]
					},
					"isolation":	{
					}
				}]
		}]
}
TRACE::2025-06-12.09:12:36::SCWMssOS::Saving the mss changes C:/PXL/devWorks/devWorks2/Examen/ExamenSoC/zynq_fsbl/zynq_fsbl_bsp/system.mss
TRACE::2025-06-12.09:12:36::SCWMssOS::Found a swdesign opened with the mssfile.
TRACE::2025-06-12.09:12:36::SCWMssOS::Completed writemss as part of save.
TRACE::2025-06-12.09:12:36::SCWMssOS::Commit changes completed.
TRACE::2025-06-12.09:12:36::SCWPlatform::Trying to open the hw design at C:/PXL/devWorks/devWorks2/Examen/ExamenSoC/hw/ExamenSoC.xsa
TRACE::2025-06-12.09:12:36::SCWPlatform::DSA given C:/PXL/devWorks/devWorks2/Examen/ExamenSoC/hw/ExamenSoC.xsa
TRACE::2025-06-12.09:12:36::SCWPlatform::DSA absoulate path C:/PXL/devWorks/devWorks2/Examen/ExamenSoC/hw/ExamenSoC.xsa
TRACE::2025-06-12.09:12:36::SCWPlatform::DSA directory C:/PXL/devWorks/devWorks2/Examen/ExamenSoC/hw
TRACE::2025-06-12.09:12:36::SCWPlatform:: Platform Path C:/PXL/devWorks/devWorks2/Examen/ExamenSoC/hw/ExamenSoC.xsa
TRACE::2025-06-12.09:12:36::SCWPlatform:: Unique name xilinx:pynq-z2::0.0
TRACE::2025-06-12.09:12:36::SCWPlatform::Trying to set the existing hwdb with name design_1_wrapper_0
TRACE::2025-06-12.09:12:36::SCWPlatform::Opened existing hwdb design_1_wrapper_0
TRACE::2025-06-12.09:12:36::SCWPlatform::Found the Hw Db part of the input DSA
TRACE::2025-06-12.09:12:36::SCWMssOS::Checking the sw design at  C:/PXL/devWorks/devWorks2/Examen/ExamenSoC/zynq_fsbl/zynq_fsbl_bsp/system.mss
TRACE::2025-06-12.09:12:36::SCWMssOS::DEBUG:  swdes dump  C:/PXL/devWorks/devWorks2/Examen/ExamenSoC/zynq_fsbl/zynq_fsbl_bsp/system.mss|system||

TRACE::2025-06-12.09:12:36::SCWMssOS::Sw design exists and opened at  C:/PXL/devWorks/devWorks2/Examen/ExamenSoC/zynq_fsbl/zynq_fsbl_bsp/system.mss
TRACE::2025-06-12.09:12:36::SCWPlatform::Trying to open the hw design at C:/PXL/devWorks/devWorks2/Examen/ExamenSoC/hw/ExamenSoC.xsa
TRACE::2025-06-12.09:12:36::SCWPlatform::DSA given C:/PXL/devWorks/devWorks2/Examen/ExamenSoC/hw/ExamenSoC.xsa
TRACE::2025-06-12.09:12:36::SCWPlatform::DSA absoulate path C:/PXL/devWorks/devWorks2/Examen/ExamenSoC/hw/ExamenSoC.xsa
TRACE::2025-06-12.09:12:36::SCWPlatform::DSA directory C:/PXL/devWorks/devWorks2/Examen/ExamenSoC/hw
TRACE::2025-06-12.09:12:36::SCWPlatform:: Platform Path C:/PXL/devWorks/devWorks2/Examen/ExamenSoC/hw/ExamenSoC.xsa
TRACE::2025-06-12.09:12:36::SCWPlatform:: Unique name xilinx:pynq-z2::0.0
TRACE::2025-06-12.09:12:36::SCWPlatform::Trying to set the existing hwdb with name design_1_wrapper_0
TRACE::2025-06-12.09:12:36::SCWPlatform::Opened existing hwdb design_1_wrapper_0
TRACE::2025-06-12.09:12:36::SCWPlatform::Found the Hw Db part of the input DSA
TRACE::2025-06-12.09:12:36::SCWMssOS::Checking the sw design at  C:/PXL/devWorks/devWorks2/Examen/ExamenSoC/zynq_fsbl/zynq_fsbl_bsp/system.mss
TRACE::2025-06-12.09:12:36::SCWMssOS::DEBUG:  swdes dump  C:/PXL/devWorks/devWorks2/Examen/ExamenSoC/zynq_fsbl/zynq_fsbl_bsp/system.mss|system||

TRACE::2025-06-12.09:12:36::SCWMssOS::Sw design exists and opened at  C:/PXL/devWorks/devWorks2/Examen/ExamenSoC/zynq_fsbl/zynq_fsbl_bsp/system.mss
TRACE::2025-06-12.09:12:36::SCWPlatform::Trying to open the hw design at C:/PXL/devWorks/devWorks2/Examen/ExamenSoC/hw/ExamenSoC.xsa
TRACE::2025-06-12.09:12:36::SCWPlatform::DSA given C:/PXL/devWorks/devWorks2/Examen/ExamenSoC/hw/ExamenSoC.xsa
TRACE::2025-06-12.09:12:36::SCWPlatform::DSA absoulate path C:/PXL/devWorks/devWorks2/Examen/ExamenSoC/hw/ExamenSoC.xsa
TRACE::2025-06-12.09:12:36::SCWPlatform::DSA directory C:/PXL/devWorks/devWorks2/Examen/ExamenSoC/hw
TRACE::2025-06-12.09:12:36::SCWPlatform:: Platform Path C:/PXL/devWorks/devWorks2/Examen/ExamenSoC/hw/ExamenSoC.xsa
TRACE::2025-06-12.09:12:36::SCWPlatform:: Unique name xilinx:pynq-z2::0.0
TRACE::2025-06-12.09:12:36::SCWPlatform::Trying to set the existing hwdb with name design_1_wrapper_0
TRACE::2025-06-12.09:12:36::SCWPlatform::Opened existing hwdb design_1_wrapper_0
TRACE::2025-06-12.09:12:36::SCWPlatform::Found the Hw Db part of the input DSA
TRACE::2025-06-12.09:12:36::SCWMssOS::Checking the sw design at  C:/PXL/devWorks/devWorks2/Examen/ExamenSoC/zynq_fsbl/zynq_fsbl_bsp/system.mss
TRACE::2025-06-12.09:12:36::SCWMssOS::DEBUG:  swdes dump  C:/PXL/devWorks/devWorks2/Examen/ExamenSoC/zynq_fsbl/zynq_fsbl_bsp/system.mss|system||

TRACE::2025-06-12.09:12:36::SCWMssOS::Sw design exists and opened at  C:/PXL/devWorks/devWorks2/Examen/ExamenSoC/zynq_fsbl/zynq_fsbl_bsp/system.mss
TRACE::2025-06-12.09:12:36::SCWWriter::formatted JSON is {
	"platformName":	"ExamenSoC",
	"sprVersion":	"2.0",
	"mode":	"gui",
	"dsaType":	"Fixed",
	"platformDesc":	"ExamenSoC",
	"platHandOff":	"<platformDir>.xsa",
	"platIntHandOff":	"<platformDir>/hw/ExamenSoC.xsa",
	"deviceType":	"zynq",
	"platIsPrebuiltAutogen":	"false",
	"platIsNoBootBsp":	"false",
	"platFsblTarget":	"ps7_cortexa9_0",
	"hasFsblMakeHasChanges":	"false",
	"hasPmufwMakeHasChanges":	"false",
	"fsblExtraCompilerFlags":	"-MMD -MP       -mcpu=cortex-a9 -mfpu=vfpv3 -mfloat-abi=hard ",
	"platPreBuiltFlag":	false,
	"platformSamplesDir":	"",
	"platActiveSys":	"ExamenSoC",
	"systems":	[{
			"systemName":	"ExamenSoC",
			"systemDesc":	"ExamenSoC",
			"sysIsBootAutoGen":	"true",
			"systemDispName":	"ExamenSoC",
			"sysActiveDom":	"zynq_fsbl",
			"sysDefaultDom":	"",
			"domains":	[{
					"domainName":	"zynq_fsbl",
					"domainDispName":	"zynq_fsbl",
					"domainDesc":	"FSBL Application BSP - Auto Generated.",
					"processors":	"ps7_cortexa9_0",
					"os":	"standalone",
					"sdxOs":	"standalone",
					"debugEnable":	"",
					"domRuntimes":	["cpp"],
					"swRepo":	"",
					"mssOsVer":	"9.1",
					"mssFile":	"",
					"md5Digest":	"3401672d81d6210691b472c6ff9ee9be",
					"compatibleApp":	"zynq_fsbl",
					"domType":	"bootDomain",
					"arch":	"32-bit",
					"appSettings":	{
						"appCompilerFlags":	"",
						"appLinkerFlags":	""
					},
					"addedLibs":	["xilffs:5.2", "xilrsa:1.8"],
					"libOptions":	{
						"libsContainingOptions":	[]
					},
					"prebuiltLibs":	{
						"prebuiltIncPath":	[],
						"prebuiltLibPath":	[]
					},
					"isolation":	{
					}
				}]
		}]
}
TRACE::2025-06-12.09:12:36::SCWPlatform::Trying to open the hw design at C:/PXL/devWorks/devWorks2/Examen/ExamenSoC/hw/ExamenSoC.xsa
TRACE::2025-06-12.09:12:36::SCWPlatform::DSA given C:/PXL/devWorks/devWorks2/Examen/ExamenSoC/hw/ExamenSoC.xsa
TRACE::2025-06-12.09:12:36::SCWPlatform::DSA absoulate path C:/PXL/devWorks/devWorks2/Examen/ExamenSoC/hw/ExamenSoC.xsa
TRACE::2025-06-12.09:12:36::SCWPlatform::DSA directory C:/PXL/devWorks/devWorks2/Examen/ExamenSoC/hw
TRACE::2025-06-12.09:12:36::SCWPlatform:: Platform Path C:/PXL/devWorks/devWorks2/Examen/ExamenSoC/hw/ExamenSoC.xsa
TRACE::2025-06-12.09:12:36::SCWPlatform:: Unique name xilinx:pynq-z2::0.0
TRACE::2025-06-12.09:12:36::SCWPlatform::Trying to set the existing hwdb with name design_1_wrapper_0
TRACE::2025-06-12.09:12:36::SCWPlatform::Opened existing hwdb design_1_wrapper_0
TRACE::2025-06-12.09:12:36::SCWPlatform::Found the Hw Db part of the input DSA
TRACE::2025-06-12.09:12:36::SCWDomain::checking for install qemu data   : 
TRACE::2025-06-12.09:12:36::SCWDomain:: Using the QEMU Data from install at  : C:/Xilinx/Vitis/2024.1/data/emulation/platforms/zynq/sw/a9_standalone/qemu/
TRACE::2025-06-12.09:12:36::SCWDomain:: Using the QEMU args  from install at  : C:/Xilinx/Vitis/2024.1/data/emulation/platforms/zynq/sw/a9_standalone/qemu/qemu_args.txt
TRACE::2025-06-12.09:12:36::SCWPlatform::Trying to open the hw design at C:/PXL/devWorks/devWorks2/Examen/ExamenSoC/hw/ExamenSoC.xsa
TRACE::2025-06-12.09:12:36::SCWPlatform::DSA given C:/PXL/devWorks/devWorks2/Examen/ExamenSoC/hw/ExamenSoC.xsa
TRACE::2025-06-12.09:12:36::SCWPlatform::DSA absoulate path C:/PXL/devWorks/devWorks2/Examen/ExamenSoC/hw/ExamenSoC.xsa
TRACE::2025-06-12.09:12:36::SCWPlatform::DSA directory C:/PXL/devWorks/devWorks2/Examen/ExamenSoC/hw
TRACE::2025-06-12.09:12:36::SCWPlatform:: Platform Path C:/PXL/devWorks/devWorks2/Examen/ExamenSoC/hw/ExamenSoC.xsa
TRACE::2025-06-12.09:12:36::SCWPlatform:: Unique name xilinx:pynq-z2::0.0
TRACE::2025-06-12.09:12:36::SCWPlatform::Trying to set the existing hwdb with name design_1_wrapper_0
TRACE::2025-06-12.09:12:36::SCWPlatform::Opened existing hwdb design_1_wrapper_0
TRACE::2025-06-12.09:12:36::SCWPlatform::Found the Hw Db part of the input DSA
TRACE::2025-06-12.09:12:36::SCWPlatform::Trying to open the hw design at C:/PXL/devWorks/devWorks2/Examen/ExamenSoC/hw/ExamenSoC.xsa
TRACE::2025-06-12.09:12:36::SCWPlatform::DSA given C:/PXL/devWorks/devWorks2/Examen/ExamenSoC/hw/ExamenSoC.xsa
TRACE::2025-06-12.09:12:36::SCWPlatform::DSA absoulate path C:/PXL/devWorks/devWorks2/Examen/ExamenSoC/hw/ExamenSoC.xsa
TRACE::2025-06-12.09:12:36::SCWPlatform::DSA directory C:/PXL/devWorks/devWorks2/Examen/ExamenSoC/hw
TRACE::2025-06-12.09:12:36::SCWPlatform:: Platform Path C:/PXL/devWorks/devWorks2/Examen/ExamenSoC/hw/ExamenSoC.xsa
TRACE::2025-06-12.09:12:36::SCWPlatform:: Unique name xilinx:pynq-z2::0.0
TRACE::2025-06-12.09:12:36::SCWPlatform::Trying to set the existing hwdb with name design_1_wrapper_0
TRACE::2025-06-12.09:12:36::SCWPlatform::Opened existing hwdb design_1_wrapper_0
TRACE::2025-06-12.09:12:36::SCWPlatform::Found the Hw Db part of the input DSA
TRACE::2025-06-12.09:12:36::SCWDomain::Qemu Directory name is changed from "" to "qemu"
TRACE::2025-06-12.09:12:36::SCWPlatform::Trying to open the hw design at C:/PXL/devWorks/devWorks2/Examen/ExamenSoC/hw/ExamenSoC.xsa
TRACE::2025-06-12.09:12:36::SCWPlatform::DSA given C:/PXL/devWorks/devWorks2/Examen/ExamenSoC/hw/ExamenSoC.xsa
TRACE::2025-06-12.09:12:36::SCWPlatform::DSA absoulate path C:/PXL/devWorks/devWorks2/Examen/ExamenSoC/hw/ExamenSoC.xsa
TRACE::2025-06-12.09:12:36::SCWPlatform::DSA directory C:/PXL/devWorks/devWorks2/Examen/ExamenSoC/hw
TRACE::2025-06-12.09:12:36::SCWPlatform:: Platform Path C:/PXL/devWorks/devWorks2/Examen/ExamenSoC/hw/ExamenSoC.xsa
TRACE::2025-06-12.09:12:36::SCWPlatform:: Unique name xilinx:pynq-z2::0.0
TRACE::2025-06-12.09:12:36::SCWPlatform::Trying to set the existing hwdb with name design_1_wrapper_0
TRACE::2025-06-12.09:12:36::SCWPlatform::Opened existing hwdb design_1_wrapper_0
TRACE::2025-06-12.09:12:36::SCWPlatform::Found the Hw Db part of the input DSA
TRACE::2025-06-12.09:12:36::SCWMssOS::Checking the sw design at  C:/PXL/devWorks/devWorks2/Examen/ExamenSoC/ps7_cortexa9_0/standalone_ps7_cortexa9_0/bsp/system.mss
TRACE::2025-06-12.09:12:36::SCWMssOS::DEBUG:  swdes dump  C:/PXL/devWorks/devWorks2/Examen/ExamenSoC/zynq_fsbl/zynq_fsbl_bsp/system.mss|system||

TRACE::2025-06-12.09:12:36::SCWMssOS::No sw design opened at  C:/PXL/devWorks/devWorks2/Examen/ExamenSoC/ps7_cortexa9_0/standalone_ps7_cortexa9_0/bsp/system.mss
TRACE::2025-06-12.09:12:36::SCWMssOS::mss does not exists at C:/PXL/devWorks/devWorks2/Examen/ExamenSoC/ps7_cortexa9_0/standalone_ps7_cortexa9_0/bsp/system.mss
TRACE::2025-06-12.09:12:36::SCWMssOS::Creating sw design at  C:/PXL/devWorks/devWorks2/Examen/ExamenSoC/ps7_cortexa9_0/standalone_ps7_cortexa9_0/bsp/system.mss
TRACE::2025-06-12.09:12:36::SCWMssOS::Adding the swdes entry, created swdb C:/PXL/devWorks/devWorks2/Examen/ExamenSoC/ps7_cortexa9_0/standalone_ps7_cortexa9_0/bsp/system.mss with des name C:/PXL/devWorks/devWorks2/Examen/ExamenSoC/ps7_cortexa9_0/standalone_ps7_cortexa9_0/bsp/system.mss
TRACE::2025-06-12.09:12:36::SCWMssOS::updating the scw layer changes to swdes at   C:/PXL/devWorks/devWorks2/Examen/ExamenSoC/ps7_cortexa9_0/standalone_ps7_cortexa9_0/bsp/system.mss
TRACE::2025-06-12.09:12:36::SCWMssOS::Writing mss at C:/PXL/devWorks/devWorks2/Examen/ExamenSoC/ps7_cortexa9_0/standalone_ps7_cortexa9_0/bsp/system.mss
TRACE::2025-06-12.09:12:36::SCWMssOS::Completed writing the mss file at C:/PXL/devWorks/devWorks2/Examen/ExamenSoC/ps7_cortexa9_0/standalone_ps7_cortexa9_0/bsp
TRACE::2025-06-12.09:12:36::SCWMssOS::Picking up changes from newly written mss file into SCW Layer. 
TRACE::2025-06-12.09:12:36::SCWMssOS::Updated the changes from newly written mss file into SCW Layer. 
TRACE::2025-06-12.09:12:36::SCWMssOS::Completed writing the mss file at C:/PXL/devWorks/devWorks2/Examen/ExamenSoC/ps7_cortexa9_0/standalone_ps7_cortexa9_0/bsp
TRACE::2025-06-12.09:12:36::SCWMssOS::Forcing BSP Sources regeneration.
TRACE::2025-06-12.09:12:37::SCWMssOS::Saving the mss changes C:/PXL/devWorks/devWorks2/Examen/ExamenSoC/zynq_fsbl/zynq_fsbl_bsp/system.mss
TRACE::2025-06-12.09:12:37::SCWMssOS::Found a swdesign opened with the mssfile.
TRACE::2025-06-12.09:12:37::SCWMssOS::Completed writemss as part of save.
TRACE::2025-06-12.09:12:37::SCWMssOS::Commit changes completed.
TRACE::2025-06-12.09:12:37::SCWMssOS::Saving the mss changes C:/PXL/devWorks/devWorks2/Examen/ExamenSoC/ps7_cortexa9_0/standalone_ps7_cortexa9_0/bsp/system.mss
TRACE::2025-06-12.09:12:37::SCWMssOS::Adding the swdes entry, mss present, able to open swdb C:/PXL/devWorks/devWorks2/Examen/ExamenSoC/ps7_cortexa9_0/standalone_ps7_cortexa9_0/bsp/system.mss with des name system_0
TRACE::2025-06-12.09:12:37::SCWMssOS::Writing the mss file completed C:/PXL/devWorks/devWorks2/Examen/ExamenSoC/ps7_cortexa9_0/standalone_ps7_cortexa9_0/bsp/system.mss
TRACE::2025-06-12.09:12:37::SCWMssOS::Commit changes completed.
TRACE::2025-06-12.09:12:37::SCWPlatform::Trying to open the hw design at C:/PXL/devWorks/devWorks2/Examen/ExamenSoC/hw/ExamenSoC.xsa
TRACE::2025-06-12.09:12:37::SCWPlatform::DSA given C:/PXL/devWorks/devWorks2/Examen/ExamenSoC/hw/ExamenSoC.xsa
TRACE::2025-06-12.09:12:37::SCWPlatform::DSA absoulate path C:/PXL/devWorks/devWorks2/Examen/ExamenSoC/hw/ExamenSoC.xsa
TRACE::2025-06-12.09:12:37::SCWPlatform::DSA directory C:/PXL/devWorks/devWorks2/Examen/ExamenSoC/hw
TRACE::2025-06-12.09:12:37::SCWPlatform:: Platform Path C:/PXL/devWorks/devWorks2/Examen/ExamenSoC/hw/ExamenSoC.xsa
TRACE::2025-06-12.09:12:37::SCWPlatform:: Unique name xilinx:pynq-z2::0.0
TRACE::2025-06-12.09:12:37::SCWPlatform::Trying to set the existing hwdb with name design_1_wrapper_0
TRACE::2025-06-12.09:12:37::SCWPlatform::Opened existing hwdb design_1_wrapper_0
TRACE::2025-06-12.09:12:37::SCWPlatform::Found the Hw Db part of the input DSA
TRACE::2025-06-12.09:12:37::SCWMssOS::Checking the sw design at  C:/PXL/devWorks/devWorks2/Examen/ExamenSoC/zynq_fsbl/zynq_fsbl_bsp/system.mss
TRACE::2025-06-12.09:12:37::SCWMssOS::DEBUG:  swdes dump  C:/PXL/devWorks/devWorks2/Examen/ExamenSoC/ps7_cortexa9_0/standalone_ps7_cortexa9_0/bsp/system.mss|system_0||
C:/PXL/devWorks/devWorks2/Examen/ExamenSoC/zynq_fsbl/zynq_fsbl_bsp/system.mss|system||

TRACE::2025-06-12.09:12:37::SCWMssOS::Sw design exists and opened at  C:/PXL/devWorks/devWorks2/Examen/ExamenSoC/zynq_fsbl/zynq_fsbl_bsp/system.mss
TRACE::2025-06-12.09:12:37::SCWPlatform::Trying to open the hw design at C:/PXL/devWorks/devWorks2/Examen/ExamenSoC/hw/ExamenSoC.xsa
TRACE::2025-06-12.09:12:37::SCWPlatform::DSA given C:/PXL/devWorks/devWorks2/Examen/ExamenSoC/hw/ExamenSoC.xsa
TRACE::2025-06-12.09:12:37::SCWPlatform::DSA absoulate path C:/PXL/devWorks/devWorks2/Examen/ExamenSoC/hw/ExamenSoC.xsa
TRACE::2025-06-12.09:12:37::SCWPlatform::DSA directory C:/PXL/devWorks/devWorks2/Examen/ExamenSoC/hw
TRACE::2025-06-12.09:12:37::SCWPlatform:: Platform Path C:/PXL/devWorks/devWorks2/Examen/ExamenSoC/hw/ExamenSoC.xsa
TRACE::2025-06-12.09:12:37::SCWPlatform:: Unique name xilinx:pynq-z2::0.0
TRACE::2025-06-12.09:12:37::SCWPlatform::Trying to set the existing hwdb with name design_1_wrapper_0
TRACE::2025-06-12.09:12:37::SCWPlatform::Opened existing hwdb design_1_wrapper_0
TRACE::2025-06-12.09:12:37::SCWPlatform::Found the Hw Db part of the input DSA
TRACE::2025-06-12.09:12:37::SCWMssOS::Checking the sw design at  C:/PXL/devWorks/devWorks2/Examen/ExamenSoC/zynq_fsbl/zynq_fsbl_bsp/system.mss
TRACE::2025-06-12.09:12:37::SCWMssOS::DEBUG:  swdes dump  C:/PXL/devWorks/devWorks2/Examen/ExamenSoC/ps7_cortexa9_0/standalone_ps7_cortexa9_0/bsp/system.mss|system_0||
C:/PXL/devWorks/devWorks2/Examen/ExamenSoC/zynq_fsbl/zynq_fsbl_bsp/system.mss|system||

TRACE::2025-06-12.09:12:37::SCWMssOS::Sw design exists and opened at  C:/PXL/devWorks/devWorks2/Examen/ExamenSoC/zynq_fsbl/zynq_fsbl_bsp/system.mss
TRACE::2025-06-12.09:12:37::SCWPlatform::Trying to open the hw design at C:/PXL/devWorks/devWorks2/Examen/ExamenSoC/hw/ExamenSoC.xsa
TRACE::2025-06-12.09:12:37::SCWPlatform::DSA given C:/PXL/devWorks/devWorks2/Examen/ExamenSoC/hw/ExamenSoC.xsa
TRACE::2025-06-12.09:12:37::SCWPlatform::DSA absoulate path C:/PXL/devWorks/devWorks2/Examen/ExamenSoC/hw/ExamenSoC.xsa
TRACE::2025-06-12.09:12:37::SCWPlatform::DSA directory C:/PXL/devWorks/devWorks2/Examen/ExamenSoC/hw
TRACE::2025-06-12.09:12:37::SCWPlatform:: Platform Path C:/PXL/devWorks/devWorks2/Examen/ExamenSoC/hw/ExamenSoC.xsa
TRACE::2025-06-12.09:12:37::SCWPlatform:: Unique name xilinx:pynq-z2::0.0
TRACE::2025-06-12.09:12:37::SCWPlatform::Trying to set the existing hwdb with name design_1_wrapper_0
TRACE::2025-06-12.09:12:37::SCWPlatform::Opened existing hwdb design_1_wrapper_0
TRACE::2025-06-12.09:12:37::SCWPlatform::Found the Hw Db part of the input DSA
TRACE::2025-06-12.09:12:37::SCWMssOS::Checking the sw design at  C:/PXL/devWorks/devWorks2/Examen/ExamenSoC/zynq_fsbl/zynq_fsbl_bsp/system.mss
TRACE::2025-06-12.09:12:37::SCWMssOS::DEBUG:  swdes dump  C:/PXL/devWorks/devWorks2/Examen/ExamenSoC/ps7_cortexa9_0/standalone_ps7_cortexa9_0/bsp/system.mss|system_0||
C:/PXL/devWorks/devWorks2/Examen/ExamenSoC/zynq_fsbl/zynq_fsbl_bsp/system.mss|system||

TRACE::2025-06-12.09:12:37::SCWMssOS::Sw design exists and opened at  C:/PXL/devWorks/devWorks2/Examen/ExamenSoC/zynq_fsbl/zynq_fsbl_bsp/system.mss
TRACE::2025-06-12.09:12:37::SCWPlatform::Trying to open the hw design at C:/PXL/devWorks/devWorks2/Examen/ExamenSoC/hw/ExamenSoC.xsa
TRACE::2025-06-12.09:12:37::SCWPlatform::DSA given C:/PXL/devWorks/devWorks2/Examen/ExamenSoC/hw/ExamenSoC.xsa
TRACE::2025-06-12.09:12:37::SCWPlatform::DSA absoulate path C:/PXL/devWorks/devWorks2/Examen/ExamenSoC/hw/ExamenSoC.xsa
TRACE::2025-06-12.09:12:37::SCWPlatform::DSA directory C:/PXL/devWorks/devWorks2/Examen/ExamenSoC/hw
TRACE::2025-06-12.09:12:37::SCWPlatform:: Platform Path C:/PXL/devWorks/devWorks2/Examen/ExamenSoC/hw/ExamenSoC.xsa
TRACE::2025-06-12.09:12:37::SCWPlatform:: Unique name xilinx:pynq-z2::0.0
TRACE::2025-06-12.09:12:37::SCWPlatform::Trying to set the existing hwdb with name design_1_wrapper_0
TRACE::2025-06-12.09:12:37::SCWPlatform::Opened existing hwdb design_1_wrapper_0
TRACE::2025-06-12.09:12:37::SCWPlatform::Found the Hw Db part of the input DSA
TRACE::2025-06-12.09:12:37::SCWMssOS::Checking the sw design at  C:/PXL/devWorks/devWorks2/Examen/ExamenSoC/ps7_cortexa9_0/standalone_ps7_cortexa9_0/bsp/system.mss
TRACE::2025-06-12.09:12:37::SCWMssOS::DEBUG:  swdes dump  C:/PXL/devWorks/devWorks2/Examen/ExamenSoC/ps7_cortexa9_0/standalone_ps7_cortexa9_0/bsp/system.mss|system_0||
C:/PXL/devWorks/devWorks2/Examen/ExamenSoC/zynq_fsbl/zynq_fsbl_bsp/system.mss|system||

TRACE::2025-06-12.09:12:37::SCWMssOS::Sw design exists and opened at  C:/PXL/devWorks/devWorks2/Examen/ExamenSoC/ps7_cortexa9_0/standalone_ps7_cortexa9_0/bsp/system.mss
TRACE::2025-06-12.09:12:37::SCWPlatform::Trying to open the hw design at C:/PXL/devWorks/devWorks2/Examen/ExamenSoC/hw/ExamenSoC.xsa
TRACE::2025-06-12.09:12:37::SCWPlatform::DSA given C:/PXL/devWorks/devWorks2/Examen/ExamenSoC/hw/ExamenSoC.xsa
TRACE::2025-06-12.09:12:37::SCWPlatform::DSA absoulate path C:/PXL/devWorks/devWorks2/Examen/ExamenSoC/hw/ExamenSoC.xsa
TRACE::2025-06-12.09:12:37::SCWPlatform::DSA directory C:/PXL/devWorks/devWorks2/Examen/ExamenSoC/hw
TRACE::2025-06-12.09:12:37::SCWPlatform:: Platform Path C:/PXL/devWorks/devWorks2/Examen/ExamenSoC/hw/ExamenSoC.xsa
TRACE::2025-06-12.09:12:37::SCWPlatform:: Unique name xilinx:pynq-z2::0.0
TRACE::2025-06-12.09:12:37::SCWPlatform::Trying to set the existing hwdb with name design_1_wrapper_0
TRACE::2025-06-12.09:12:37::SCWPlatform::Opened existing hwdb design_1_wrapper_0
TRACE::2025-06-12.09:12:37::SCWPlatform::Found the Hw Db part of the input DSA
TRACE::2025-06-12.09:12:37::SCWMssOS::Checking the sw design at  C:/PXL/devWorks/devWorks2/Examen/ExamenSoC/ps7_cortexa9_0/standalone_ps7_cortexa9_0/bsp/system.mss
TRACE::2025-06-12.09:12:37::SCWMssOS::DEBUG:  swdes dump  C:/PXL/devWorks/devWorks2/Examen/ExamenSoC/ps7_cortexa9_0/standalone_ps7_cortexa9_0/bsp/system.mss|system_0||
C:/PXL/devWorks/devWorks2/Examen/ExamenSoC/zynq_fsbl/zynq_fsbl_bsp/system.mss|system||

TRACE::2025-06-12.09:12:37::SCWMssOS::Sw design exists and opened at  C:/PXL/devWorks/devWorks2/Examen/ExamenSoC/ps7_cortexa9_0/standalone_ps7_cortexa9_0/bsp/system.mss
TRACE::2025-06-12.09:12:37::SCWPlatform::Trying to open the hw design at C:/PXL/devWorks/devWorks2/Examen/ExamenSoC/hw/ExamenSoC.xsa
TRACE::2025-06-12.09:12:37::SCWPlatform::DSA given C:/PXL/devWorks/devWorks2/Examen/ExamenSoC/hw/ExamenSoC.xsa
TRACE::2025-06-12.09:12:37::SCWPlatform::DSA absoulate path C:/PXL/devWorks/devWorks2/Examen/ExamenSoC/hw/ExamenSoC.xsa
TRACE::2025-06-12.09:12:37::SCWPlatform::DSA directory C:/PXL/devWorks/devWorks2/Examen/ExamenSoC/hw
TRACE::2025-06-12.09:12:37::SCWPlatform:: Platform Path C:/PXL/devWorks/devWorks2/Examen/ExamenSoC/hw/ExamenSoC.xsa
TRACE::2025-06-12.09:12:37::SCWPlatform:: Unique name xilinx:pynq-z2::0.0
TRACE::2025-06-12.09:12:37::SCWPlatform::Trying to set the existing hwdb with name design_1_wrapper_0
TRACE::2025-06-12.09:12:37::SCWPlatform::Opened existing hwdb design_1_wrapper_0
TRACE::2025-06-12.09:12:37::SCWPlatform::Found the Hw Db part of the input DSA
TRACE::2025-06-12.09:12:37::SCWMssOS::Checking the sw design at  C:/PXL/devWorks/devWorks2/Examen/ExamenSoC/ps7_cortexa9_0/standalone_ps7_cortexa9_0/bsp/system.mss
TRACE::2025-06-12.09:12:37::SCWMssOS::DEBUG:  swdes dump  C:/PXL/devWorks/devWorks2/Examen/ExamenSoC/ps7_cortexa9_0/standalone_ps7_cortexa9_0/bsp/system.mss|system_0||
C:/PXL/devWorks/devWorks2/Examen/ExamenSoC/zynq_fsbl/zynq_fsbl_bsp/system.mss|system||

TRACE::2025-06-12.09:12:37::SCWMssOS::Sw design exists and opened at  C:/PXL/devWorks/devWorks2/Examen/ExamenSoC/ps7_cortexa9_0/standalone_ps7_cortexa9_0/bsp/system.mss
TRACE::2025-06-12.09:12:37::SCWWriter::formatted JSON is {
	"platformName":	"ExamenSoC",
	"sprVersion":	"2.0",
	"mode":	"gui",
	"dsaType":	"Fixed",
	"platformDesc":	"ExamenSoC",
	"platHandOff":	"<platformDir>.xsa",
	"platIntHandOff":	"<platformDir>/hw/ExamenSoC.xsa",
	"deviceType":	"zynq",
	"platIsPrebuiltAutogen":	"false",
	"platIsNoBootBsp":	"false",
	"platFsblTarget":	"ps7_cortexa9_0",
	"hasFsblMakeHasChanges":	"false",
	"hasPmufwMakeHasChanges":	"false",
	"fsblExtraCompilerFlags":	"-MMD -MP       -mcpu=cortex-a9 -mfpu=vfpv3 -mfloat-abi=hard ",
	"platPreBuiltFlag":	false,
	"platformSamplesDir":	"",
	"platActiveSys":	"ExamenSoC",
	"systems":	[{
			"systemName":	"ExamenSoC",
			"systemDesc":	"ExamenSoC",
			"sysIsBootAutoGen":	"true",
			"systemDispName":	"ExamenSoC",
			"sysActiveDom":	"standalone_ps7_cortexa9_0",
			"sysDefaultDom":	"standalone_ps7_cortexa9_0",
			"domains":	[{
					"domainName":	"zynq_fsbl",
					"domainDispName":	"zynq_fsbl",
					"domainDesc":	"FSBL Application BSP - Auto Generated.",
					"processors":	"ps7_cortexa9_0",
					"os":	"standalone",
					"sdxOs":	"standalone",
					"debugEnable":	"",
					"domRuntimes":	["cpp"],
					"swRepo":	"",
					"mssOsVer":	"9.1",
					"mssFile":	"",
					"md5Digest":	"3401672d81d6210691b472c6ff9ee9be",
					"compatibleApp":	"zynq_fsbl",
					"domType":	"bootDomain",
					"arch":	"32-bit",
					"appSettings":	{
						"appCompilerFlags":	"",
						"appLinkerFlags":	""
					},
					"addedLibs":	["xilffs:5.2", "xilrsa:1.8"],
					"libOptions":	{
						"libsContainingOptions":	[]
					},
					"prebuiltLibs":	{
						"prebuiltIncPath":	[],
						"prebuiltLibPath":	[]
					},
					"isolation":	{
					}
				}, {
					"domainName":	"standalone_ps7_cortexa9_0",
					"domainDispName":	"standalone_ps7_cortexa9_0",
					"domainDesc":	"standalone_ps7_cortexa9_0",
					"processors":	"ps7_cortexa9_0",
					"os":	"standalone",
					"sdxOs":	"standalone",
					"qemuArgs":	"<platformDir>/resources/ExamenSoC/standalone_ps7_cortexa9_0/qemu_args.txt",
					"qemuData":	"<platformDir>/resources/ExamenSoC/standalone_ps7_cortexa9_0/qemu",
					"debugEnable":	"False",
					"domRuntimes":	["cpp"],
					"swRepo":	"",
					"mssOsVer":	"9.1",
					"mssFile":	"",
					"md5Digest":	"e4264f13f6f975fc1ff0f2657f1d074f",
					"compatibleApp":	"hello_world",
					"domType":	"mssDomain",
					"arch":	"32-bit",
					"appSettings":	{
						"appCompilerFlags":	"",
						"appLinkerFlags":	""
					},
					"addedLibs":	[],
					"libOptions":	{
						"libsContainingOptions":	[]
					},
					"prebuiltLibs":	{
						"prebuiltIncPath":	[],
						"prebuiltLibPath":	[]
					},
					"isolation":	{
					}
				}]
		}]
}
LOG::2025-06-12.09:12:37::SCWPlatform::Started generating the artifacts platform ExamenSoC
TRACE::2025-06-12.09:12:37::SCWPlatform::Sanity checking of platform is completed
LOG::2025-06-12.09:12:37::SCWPlatform::Started generating the artifacts for system configuration ExamenSoC
LOG::2025-06-12.09:12:37::SCWSystem::Checking the domain zynq_fsbl
LOG::2025-06-12.09:12:37::SCWSystem::Doing application build for :  zynq_fsbl
TRACE::2025-06-12.09:12:37::SCWBDomain::Not a forced makefile updation, No changes are present. 
TRACE::2025-06-12.09:12:37::SCWDomain::Skipping the build for domain :  zynq_fsbl
LOG::2025-06-12.09:12:37::SCWSystem::Checking the domain standalone_ps7_cortexa9_0
LOG::2025-06-12.09:12:37::SCWSystem::Not a boot domain 
LOG::2025-06-12.09:12:37::SCWSystem::Started Processing the domain standalone_ps7_cortexa9_0
TRACE::2025-06-12.09:12:37::SCWDomain::Generating domain artifcats
TRACE::2025-06-12.09:12:37::SCWMssOS::Generating standalone artifcats
TRACE::2025-06-12.09:12:37::SCWMssOS::Copying the qemu file from  C:/PXL/devWorks/devWorks2/Examen/ExamenSoC/resources/ExamenSoC/standalone_ps7_cortexa9_0/qemu_args.txt To C:/PXL/devWorks/devWorks2/Examen/ExamenSoC/export/ExamenSoC/sw/ExamenSoC/qemu/
TRACE::2025-06-12.09:12:37::SCWMssOS::Copying the qemu file from  C:/PXL/devWorks/devWorks2/Examen/ExamenSoC/resources/ExamenSoC/standalone_ps7_cortexa9_0/qemu_args.txt To C:/PXL/devWorks/devWorks2/Examen/ExamenSoC/export/ExamenSoC/sw/ExamenSoC/standalone_ps7_cortexa9_0/qemu/
TRACE::2025-06-12.09:12:37::SCWMssOS:: Copying the user libraries. 
TRACE::2025-06-12.09:12:37::SCWPlatform::Trying to open the hw design at C:/PXL/devWorks/devWorks2/Examen/ExamenSoC/hw/ExamenSoC.xsa
TRACE::2025-06-12.09:12:37::SCWPlatform::DSA given C:/PXL/devWorks/devWorks2/Examen/ExamenSoC/hw/ExamenSoC.xsa
TRACE::2025-06-12.09:12:37::SCWPlatform::DSA absoulate path C:/PXL/devWorks/devWorks2/Examen/ExamenSoC/hw/ExamenSoC.xsa
TRACE::2025-06-12.09:12:37::SCWPlatform::DSA directory C:/PXL/devWorks/devWorks2/Examen/ExamenSoC/hw
TRACE::2025-06-12.09:12:37::SCWPlatform:: Platform Path C:/PXL/devWorks/devWorks2/Examen/ExamenSoC/hw/ExamenSoC.xsa
TRACE::2025-06-12.09:12:37::SCWPlatform:: Unique name xilinx:pynq-z2::0.0
TRACE::2025-06-12.09:12:37::SCWPlatform::Trying to set the existing hwdb with name design_1_wrapper_0
TRACE::2025-06-12.09:12:37::SCWPlatform::Opened existing hwdb design_1_wrapper_0
TRACE::2025-06-12.09:12:37::SCWPlatform::Found the Hw Db part of the input DSA
TRACE::2025-06-12.09:12:37::SCWMssOS::Checking the sw design at  C:/PXL/devWorks/devWorks2/Examen/ExamenSoC/ps7_cortexa9_0/standalone_ps7_cortexa9_0/bsp/system.mss
TRACE::2025-06-12.09:12:37::SCWMssOS::DEBUG:  swdes dump  C:/PXL/devWorks/devWorks2/Examen/ExamenSoC/ps7_cortexa9_0/standalone_ps7_cortexa9_0/bsp/system.mss|system_0||
C:/PXL/devWorks/devWorks2/Examen/ExamenSoC/zynq_fsbl/zynq_fsbl_bsp/system.mss|system||

TRACE::2025-06-12.09:12:37::SCWMssOS::Sw design exists and opened at  C:/PXL/devWorks/devWorks2/Examen/ExamenSoC/ps7_cortexa9_0/standalone_ps7_cortexa9_0/bsp/system.mss
TRACE::2025-06-12.09:12:37::SCWMssOS::Completed writing the mss file at C:/PXL/devWorks/devWorks2/Examen/ExamenSoC/ps7_cortexa9_0/standalone_ps7_cortexa9_0/bsp
TRACE::2025-06-12.09:12:37::SCWMssOS::Mss edits present, copying mssfile into export location C:/PXL/devWorks/devWorks2/Examen/ExamenSoC/ps7_cortexa9_0/standalone_ps7_cortexa9_0/bsp/system.mss
TRACE::2025-06-12.09:12:37::SCWMssOS::bsp generated is upto date with the mss file. Skipping bsp generation.
TRACE::2025-06-12.09:12:37::SCWMssOS::BSP is already built. skipping the bsp build ... 
TRACE::2025-06-12.09:12:37::SCWDomain::Skipping the build for domain :  standalone_ps7_cortexa9_0
TRACE::2025-06-12.09:12:37::SCWMssOS::skipping the bsp build ... 
TRACE::2025-06-12.09:12:37::SCWMssOS::Copying to export directory.
TRACE::2025-06-12.09:12:37::SCWMssOS:: Checking if to create the Supporting Applications
TRACE::2025-06-12.09:12:37::SCWMssOS:: No Linux domain exists, trying to generate FSBL 
TRACE::2025-06-12.09:12:37::SCWMssOS:: Completed Standalone Artifacts creation 
LOG::2025-06-12.09:12:37::SCWSystem::Completed Processing the domain standalone_ps7_cortexa9_0
LOG::2025-06-12.09:12:37::SCWSystem::Completed Processing the sysconfig ExamenSoC
LOG::2025-06-12.09:12:37::SCWPlatform::Completed generating the artifacts for system configuration ExamenSoC
TRACE::2025-06-12.09:12:37::SCWPlatform::Started preparing the platform 
TRACE::2025-06-12.09:12:37::SCWSystem::Writing the bif file for system config ExamenSoC
TRACE::2025-06-12.09:12:37::SCWSystem::dir created 
TRACE::2025-06-12.09:12:37::SCWSystem::Writing the bif 
TRACE::2025-06-12.09:12:37::SCWPlatform::Started writing the spfm file 
TRACE::2025-06-12.09:12:37::SCWPlatform::Started writing the xpfm file 
TRACE::2025-06-12.09:12:37::SCWPlatform::Completed generating the platform
TRACE::2025-06-12.09:12:37::SCWMssOS::Saving the mss changes C:/PXL/devWorks/devWorks2/Examen/ExamenSoC/zynq_fsbl/zynq_fsbl_bsp/system.mss
TRACE::2025-06-12.09:12:37::SCWMssOS::Found a swdesign opened with the mssfile.
TRACE::2025-06-12.09:12:37::SCWMssOS::Completed writemss as part of save.
TRACE::2025-06-12.09:12:37::SCWMssOS::Commit changes completed.
TRACE::2025-06-12.09:12:37::SCWMssOS::Saving the mss changes C:/PXL/devWorks/devWorks2/Examen/ExamenSoC/ps7_cortexa9_0/standalone_ps7_cortexa9_0/bsp/system.mss
TRACE::2025-06-12.09:12:37::SCWMssOS::Found a swdesign opened with the mssfile.
TRACE::2025-06-12.09:12:37::SCWMssOS::Completed writemss as part of save.
TRACE::2025-06-12.09:12:37::SCWMssOS::Commit changes completed.
TRACE::2025-06-12.09:12:37::SCWPlatform::Trying to open the hw design at C:/PXL/devWorks/devWorks2/Examen/ExamenSoC/hw/ExamenSoC.xsa
TRACE::2025-06-12.09:12:37::SCWPlatform::DSA given C:/PXL/devWorks/devWorks2/Examen/ExamenSoC/hw/ExamenSoC.xsa
TRACE::2025-06-12.09:12:37::SCWPlatform::DSA absoulate path C:/PXL/devWorks/devWorks2/Examen/ExamenSoC/hw/ExamenSoC.xsa
TRACE::2025-06-12.09:12:37::SCWPlatform::DSA directory C:/PXL/devWorks/devWorks2/Examen/ExamenSoC/hw
TRACE::2025-06-12.09:12:37::SCWPlatform:: Platform Path C:/PXL/devWorks/devWorks2/Examen/ExamenSoC/hw/ExamenSoC.xsa
TRACE::2025-06-12.09:12:37::SCWPlatform:: Unique name xilinx:pynq-z2::0.0
TRACE::2025-06-12.09:12:37::SCWPlatform::Trying to set the existing hwdb with name design_1_wrapper_0
TRACE::2025-06-12.09:12:37::SCWPlatform::Opened existing hwdb design_1_wrapper_0
TRACE::2025-06-12.09:12:37::SCWPlatform::Found the Hw Db part of the input DSA
TRACE::2025-06-12.09:12:37::SCWMssOS::Checking the sw design at  C:/PXL/devWorks/devWorks2/Examen/ExamenSoC/zynq_fsbl/zynq_fsbl_bsp/system.mss
TRACE::2025-06-12.09:12:37::SCWMssOS::DEBUG:  swdes dump  C:/PXL/devWorks/devWorks2/Examen/ExamenSoC/ps7_cortexa9_0/standalone_ps7_cortexa9_0/bsp/system.mss|system_0||
C:/PXL/devWorks/devWorks2/Examen/ExamenSoC/zynq_fsbl/zynq_fsbl_bsp/system.mss|system||

TRACE::2025-06-12.09:12:37::SCWMssOS::Sw design exists and opened at  C:/PXL/devWorks/devWorks2/Examen/ExamenSoC/zynq_fsbl/zynq_fsbl_bsp/system.mss
TRACE::2025-06-12.09:12:37::SCWPlatform::Trying to open the hw design at C:/PXL/devWorks/devWorks2/Examen/ExamenSoC/hw/ExamenSoC.xsa
TRACE::2025-06-12.09:12:37::SCWPlatform::DSA given C:/PXL/devWorks/devWorks2/Examen/ExamenSoC/hw/ExamenSoC.xsa
TRACE::2025-06-12.09:12:37::SCWPlatform::DSA absoulate path C:/PXL/devWorks/devWorks2/Examen/ExamenSoC/hw/ExamenSoC.xsa
TRACE::2025-06-12.09:12:37::SCWPlatform::DSA directory C:/PXL/devWorks/devWorks2/Examen/ExamenSoC/hw
TRACE::2025-06-12.09:12:37::SCWPlatform:: Platform Path C:/PXL/devWorks/devWorks2/Examen/ExamenSoC/hw/ExamenSoC.xsa
TRACE::2025-06-12.09:12:37::SCWPlatform:: Unique name xilinx:pynq-z2::0.0
TRACE::2025-06-12.09:12:37::SCWPlatform::Trying to set the existing hwdb with name design_1_wrapper_0
TRACE::2025-06-12.09:12:37::SCWPlatform::Opened existing hwdb design_1_wrapper_0
TRACE::2025-06-12.09:12:37::SCWPlatform::Found the Hw Db part of the input DSA
TRACE::2025-06-12.09:12:37::SCWMssOS::Checking the sw design at  C:/PXL/devWorks/devWorks2/Examen/ExamenSoC/zynq_fsbl/zynq_fsbl_bsp/system.mss
TRACE::2025-06-12.09:12:37::SCWMssOS::DEBUG:  swdes dump  C:/PXL/devWorks/devWorks2/Examen/ExamenSoC/ps7_cortexa9_0/standalone_ps7_cortexa9_0/bsp/system.mss|system_0||
C:/PXL/devWorks/devWorks2/Examen/ExamenSoC/zynq_fsbl/zynq_fsbl_bsp/system.mss|system||

TRACE::2025-06-12.09:12:37::SCWMssOS::Sw design exists and opened at  C:/PXL/devWorks/devWorks2/Examen/ExamenSoC/zynq_fsbl/zynq_fsbl_bsp/system.mss
TRACE::2025-06-12.09:12:37::SCWPlatform::Trying to open the hw design at C:/PXL/devWorks/devWorks2/Examen/ExamenSoC/hw/ExamenSoC.xsa
TRACE::2025-06-12.09:12:37::SCWPlatform::DSA given C:/PXL/devWorks/devWorks2/Examen/ExamenSoC/hw/ExamenSoC.xsa
TRACE::2025-06-12.09:12:37::SCWPlatform::DSA absoulate path C:/PXL/devWorks/devWorks2/Examen/ExamenSoC/hw/ExamenSoC.xsa
TRACE::2025-06-12.09:12:37::SCWPlatform::DSA directory C:/PXL/devWorks/devWorks2/Examen/ExamenSoC/hw
TRACE::2025-06-12.09:12:37::SCWPlatform:: Platform Path C:/PXL/devWorks/devWorks2/Examen/ExamenSoC/hw/ExamenSoC.xsa
TRACE::2025-06-12.09:12:37::SCWPlatform:: Unique name xilinx:pynq-z2::0.0
TRACE::2025-06-12.09:12:37::SCWPlatform::Trying to set the existing hwdb with name design_1_wrapper_0
TRACE::2025-06-12.09:12:37::SCWPlatform::Opened existing hwdb design_1_wrapper_0
TRACE::2025-06-12.09:12:37::SCWPlatform::Found the Hw Db part of the input DSA
TRACE::2025-06-12.09:12:37::SCWMssOS::Checking the sw design at  C:/PXL/devWorks/devWorks2/Examen/ExamenSoC/zynq_fsbl/zynq_fsbl_bsp/system.mss
TRACE::2025-06-12.09:12:37::SCWMssOS::DEBUG:  swdes dump  C:/PXL/devWorks/devWorks2/Examen/ExamenSoC/ps7_cortexa9_0/standalone_ps7_cortexa9_0/bsp/system.mss|system_0||
C:/PXL/devWorks/devWorks2/Examen/ExamenSoC/zynq_fsbl/zynq_fsbl_bsp/system.mss|system||

TRACE::2025-06-12.09:12:37::SCWMssOS::Sw design exists and opened at  C:/PXL/devWorks/devWorks2/Examen/ExamenSoC/zynq_fsbl/zynq_fsbl_bsp/system.mss
TRACE::2025-06-12.09:12:37::SCWPlatform::Trying to open the hw design at C:/PXL/devWorks/devWorks2/Examen/ExamenSoC/hw/ExamenSoC.xsa
TRACE::2025-06-12.09:12:37::SCWPlatform::DSA given C:/PXL/devWorks/devWorks2/Examen/ExamenSoC/hw/ExamenSoC.xsa
TRACE::2025-06-12.09:12:37::SCWPlatform::DSA absoulate path C:/PXL/devWorks/devWorks2/Examen/ExamenSoC/hw/ExamenSoC.xsa
TRACE::2025-06-12.09:12:37::SCWPlatform::DSA directory C:/PXL/devWorks/devWorks2/Examen/ExamenSoC/hw
TRACE::2025-06-12.09:12:37::SCWPlatform:: Platform Path C:/PXL/devWorks/devWorks2/Examen/ExamenSoC/hw/ExamenSoC.xsa
TRACE::2025-06-12.09:12:37::SCWPlatform:: Unique name xilinx:pynq-z2::0.0
TRACE::2025-06-12.09:12:37::SCWPlatform::Trying to set the existing hwdb with name design_1_wrapper_0
TRACE::2025-06-12.09:12:37::SCWPlatform::Opened existing hwdb design_1_wrapper_0
TRACE::2025-06-12.09:12:37::SCWPlatform::Found the Hw Db part of the input DSA
TRACE::2025-06-12.09:12:37::SCWMssOS::Checking the sw design at  C:/PXL/devWorks/devWorks2/Examen/ExamenSoC/ps7_cortexa9_0/standalone_ps7_cortexa9_0/bsp/system.mss
TRACE::2025-06-12.09:12:37::SCWMssOS::DEBUG:  swdes dump  C:/PXL/devWorks/devWorks2/Examen/ExamenSoC/ps7_cortexa9_0/standalone_ps7_cortexa9_0/bsp/system.mss|system_0||
C:/PXL/devWorks/devWorks2/Examen/ExamenSoC/zynq_fsbl/zynq_fsbl_bsp/system.mss|system||

TRACE::2025-06-12.09:12:37::SCWMssOS::Sw design exists and opened at  C:/PXL/devWorks/devWorks2/Examen/ExamenSoC/ps7_cortexa9_0/standalone_ps7_cortexa9_0/bsp/system.mss
TRACE::2025-06-12.09:12:37::SCWPlatform::Trying to open the hw design at C:/PXL/devWorks/devWorks2/Examen/ExamenSoC/hw/ExamenSoC.xsa
TRACE::2025-06-12.09:12:37::SCWPlatform::DSA given C:/PXL/devWorks/devWorks2/Examen/ExamenSoC/hw/ExamenSoC.xsa
TRACE::2025-06-12.09:12:37::SCWPlatform::DSA absoulate path C:/PXL/devWorks/devWorks2/Examen/ExamenSoC/hw/ExamenSoC.xsa
TRACE::2025-06-12.09:12:37::SCWPlatform::DSA directory C:/PXL/devWorks/devWorks2/Examen/ExamenSoC/hw
TRACE::2025-06-12.09:12:37::SCWPlatform:: Platform Path C:/PXL/devWorks/devWorks2/Examen/ExamenSoC/hw/ExamenSoC.xsa
TRACE::2025-06-12.09:12:37::SCWPlatform:: Unique name xilinx:pynq-z2::0.0
TRACE::2025-06-12.09:12:37::SCWPlatform::Trying to set the existing hwdb with name design_1_wrapper_0
TRACE::2025-06-12.09:12:37::SCWPlatform::Opened existing hwdb design_1_wrapper_0
TRACE::2025-06-12.09:12:37::SCWPlatform::Found the Hw Db part of the input DSA
TRACE::2025-06-12.09:12:37::SCWMssOS::Checking the sw design at  C:/PXL/devWorks/devWorks2/Examen/ExamenSoC/ps7_cortexa9_0/standalone_ps7_cortexa9_0/bsp/system.mss
TRACE::2025-06-12.09:12:37::SCWMssOS::DEBUG:  swdes dump  C:/PXL/devWorks/devWorks2/Examen/ExamenSoC/ps7_cortexa9_0/standalone_ps7_cortexa9_0/bsp/system.mss|system_0||
C:/PXL/devWorks/devWorks2/Examen/ExamenSoC/zynq_fsbl/zynq_fsbl_bsp/system.mss|system||

TRACE::2025-06-12.09:12:37::SCWMssOS::Sw design exists and opened at  C:/PXL/devWorks/devWorks2/Examen/ExamenSoC/ps7_cortexa9_0/standalone_ps7_cortexa9_0/bsp/system.mss
TRACE::2025-06-12.09:12:37::SCWPlatform::Trying to open the hw design at C:/PXL/devWorks/devWorks2/Examen/ExamenSoC/hw/ExamenSoC.xsa
TRACE::2025-06-12.09:12:37::SCWPlatform::DSA given C:/PXL/devWorks/devWorks2/Examen/ExamenSoC/hw/ExamenSoC.xsa
TRACE::2025-06-12.09:12:37::SCWPlatform::DSA absoulate path C:/PXL/devWorks/devWorks2/Examen/ExamenSoC/hw/ExamenSoC.xsa
TRACE::2025-06-12.09:12:37::SCWPlatform::DSA directory C:/PXL/devWorks/devWorks2/Examen/ExamenSoC/hw
TRACE::2025-06-12.09:12:37::SCWPlatform:: Platform Path C:/PXL/devWorks/devWorks2/Examen/ExamenSoC/hw/ExamenSoC.xsa
TRACE::2025-06-12.09:12:37::SCWPlatform:: Unique name xilinx:pynq-z2::0.0
TRACE::2025-06-12.09:12:37::SCWPlatform::Trying to set the existing hwdb with name design_1_wrapper_0
TRACE::2025-06-12.09:12:37::SCWPlatform::Opened existing hwdb design_1_wrapper_0
TRACE::2025-06-12.09:12:37::SCWPlatform::Found the Hw Db part of the input DSA
TRACE::2025-06-12.09:12:37::SCWMssOS::Checking the sw design at  C:/PXL/devWorks/devWorks2/Examen/ExamenSoC/ps7_cortexa9_0/standalone_ps7_cortexa9_0/bsp/system.mss
TRACE::2025-06-12.09:12:37::SCWMssOS::DEBUG:  swdes dump  C:/PXL/devWorks/devWorks2/Examen/ExamenSoC/ps7_cortexa9_0/standalone_ps7_cortexa9_0/bsp/system.mss|system_0||
C:/PXL/devWorks/devWorks2/Examen/ExamenSoC/zynq_fsbl/zynq_fsbl_bsp/system.mss|system||

TRACE::2025-06-12.09:12:37::SCWMssOS::Sw design exists and opened at  C:/PXL/devWorks/devWorks2/Examen/ExamenSoC/ps7_cortexa9_0/standalone_ps7_cortexa9_0/bsp/system.mss
TRACE::2025-06-12.09:12:37::SCWWriter::formatted JSON is {
	"platformName":	"ExamenSoC",
	"sprVersion":	"2.0",
	"mode":	"gui",
	"dsaType":	"Fixed",
	"platformDesc":	"ExamenSoC",
	"platHandOff":	"<platformDir>.xsa",
	"platIntHandOff":	"<platformDir>/hw/ExamenSoC.xsa",
	"deviceType":	"zynq",
	"platIsPrebuiltAutogen":	"false",
	"platIsNoBootBsp":	"false",
	"platFsblTarget":	"ps7_cortexa9_0",
	"hasFsblMakeHasChanges":	"false",
	"hasPmufwMakeHasChanges":	"false",
	"fsblExtraCompilerFlags":	"-MMD -MP       -mcpu=cortex-a9 -mfpu=vfpv3 -mfloat-abi=hard ",
	"platPreBuiltFlag":	false,
	"platformSamplesDir":	"",
	"platActiveSys":	"ExamenSoC",
	"systems":	[{
			"systemName":	"ExamenSoC",
			"systemDesc":	"ExamenSoC",
			"sysIsBootAutoGen":	"true",
			"systemDispName":	"ExamenSoC",
			"sysActiveDom":	"standalone_ps7_cortexa9_0",
			"sysDefaultDom":	"standalone_ps7_cortexa9_0",
			"domains":	[{
					"domainName":	"zynq_fsbl",
					"domainDispName":	"zynq_fsbl",
					"domainDesc":	"FSBL Application BSP - Auto Generated.",
					"processors":	"ps7_cortexa9_0",
					"os":	"standalone",
					"sdxOs":	"standalone",
					"debugEnable":	"",
					"domRuntimes":	["cpp"],
					"swRepo":	"",
					"mssOsVer":	"9.1",
					"mssFile":	"",
					"md5Digest":	"3401672d81d6210691b472c6ff9ee9be",
					"compatibleApp":	"zynq_fsbl",
					"domType":	"bootDomain",
					"arch":	"32-bit",
					"appSettings":	{
						"appCompilerFlags":	"",
						"appLinkerFlags":	""
					},
					"addedLibs":	["xilffs:5.2", "xilrsa:1.8"],
					"libOptions":	{
						"libsContainingOptions":	[]
					},
					"prebuiltLibs":	{
						"prebuiltIncPath":	[],
						"prebuiltLibPath":	[]
					},
					"isolation":	{
					}
				}, {
					"domainName":	"standalone_ps7_cortexa9_0",
					"domainDispName":	"standalone_ps7_cortexa9_0",
					"domainDesc":	"standalone_ps7_cortexa9_0",
					"processors":	"ps7_cortexa9_0",
					"os":	"standalone",
					"sdxOs":	"standalone",
					"qemuArgs":	"<platformDir>/resources/ExamenSoC/standalone_ps7_cortexa9_0/qemu_args.txt",
					"qemuData":	"<platformDir>/resources/ExamenSoC/standalone_ps7_cortexa9_0/qemu",
					"debugEnable":	"False",
					"domRuntimes":	["cpp"],
					"swRepo":	"",
					"mssOsVer":	"9.1",
					"mssFile":	"",
					"md5Digest":	"e4264f13f6f975fc1ff0f2657f1d074f",
					"compatibleApp":	"hello_world",
					"domType":	"mssDomain",
					"arch":	"32-bit",
					"appSettings":	{
						"appCompilerFlags":	"",
						"appLinkerFlags":	""
					},
					"addedLibs":	[],
					"libOptions":	{
						"libsContainingOptions":	[]
					},
					"prebuiltLibs":	{
						"prebuiltIncPath":	[],
						"prebuiltLibPath":	[]
					},
					"isolation":	{
					}
				}]
		}]
}
KEYINFO::2025-06-12.09:12:37::SCWPlatform::updated the xpfm file.
TRACE::2025-06-12.09:12:37::SCWPlatform::Trying to open the hw design at C:/PXL/devWorks/devWorks2/Examen/ExamenSoC/hw/ExamenSoC.xsa
TRACE::2025-06-12.09:12:37::SCWPlatform::DSA given C:/PXL/devWorks/devWorks2/Examen/ExamenSoC/hw/ExamenSoC.xsa
TRACE::2025-06-12.09:12:37::SCWPlatform::DSA absoulate path C:/PXL/devWorks/devWorks2/Examen/ExamenSoC/hw/ExamenSoC.xsa
TRACE::2025-06-12.09:12:37::SCWPlatform::DSA directory C:/PXL/devWorks/devWorks2/Examen/ExamenSoC/hw
TRACE::2025-06-12.09:12:37::SCWPlatform:: Platform Path C:/PXL/devWorks/devWorks2/Examen/ExamenSoC/hw/ExamenSoC.xsa
TRACE::2025-06-12.09:12:37::SCWPlatform:: Unique name xilinx:pynq-z2::0.0
TRACE::2025-06-12.09:12:37::SCWPlatform::Trying to set the existing hwdb with name design_1_wrapper_0
TRACE::2025-06-12.09:12:37::SCWPlatform::Opened existing hwdb design_1_wrapper_0
TRACE::2025-06-12.09:12:37::SCWPlatform::Found the Hw Db part of the input DSA
TRACE::2025-06-12.09:12:37::SCWMssOS::Checking the sw design at  C:/PXL/devWorks/devWorks2/Examen/ExamenSoC/ps7_cortexa9_0/standalone_ps7_cortexa9_0/bsp/system.mss
TRACE::2025-06-12.09:12:37::SCWMssOS::DEBUG:  swdes dump  C:/PXL/devWorks/devWorks2/Examen/ExamenSoC/ps7_cortexa9_0/standalone_ps7_cortexa9_0/bsp/system.mss|system_0||
C:/PXL/devWorks/devWorks2/Examen/ExamenSoC/zynq_fsbl/zynq_fsbl_bsp/system.mss|system||

TRACE::2025-06-12.09:12:37::SCWMssOS::Sw design exists and opened at  C:/PXL/devWorks/devWorks2/Examen/ExamenSoC/ps7_cortexa9_0/standalone_ps7_cortexa9_0/bsp/system.mss
TRACE::2025-06-12.09:12:37::SCWMssOS::Saving the mss changes C:/PXL/devWorks/devWorks2/Examen/ExamenSoC/zynq_fsbl/zynq_fsbl_bsp/system.mss
TRACE::2025-06-12.09:12:37::SCWMssOS::Found a swdesign opened with the mssfile.
TRACE::2025-06-12.09:12:37::SCWMssOS::Completed writemss as part of save.
TRACE::2025-06-12.09:12:37::SCWMssOS::Commit changes completed.
TRACE::2025-06-12.09:12:37::SCWMssOS::Saving the mss changes C:/PXL/devWorks/devWorks2/Examen/ExamenSoC/ps7_cortexa9_0/standalone_ps7_cortexa9_0/bsp/system.mss
TRACE::2025-06-12.09:12:37::SCWMssOS::Found a swdesign opened with the mssfile.
TRACE::2025-06-12.09:12:37::SCWMssOS::Completed writemss as part of save.
TRACE::2025-06-12.09:12:37::SCWMssOS::Commit changes completed.
TRACE::2025-06-12.09:12:37::SCWPlatform::Trying to open the hw design at C:/PXL/devWorks/devWorks2/Examen/ExamenSoC/hw/ExamenSoC.xsa
TRACE::2025-06-12.09:12:37::SCWPlatform::DSA given C:/PXL/devWorks/devWorks2/Examen/ExamenSoC/hw/ExamenSoC.xsa
TRACE::2025-06-12.09:12:37::SCWPlatform::DSA absoulate path C:/PXL/devWorks/devWorks2/Examen/ExamenSoC/hw/ExamenSoC.xsa
TRACE::2025-06-12.09:12:37::SCWPlatform::DSA directory C:/PXL/devWorks/devWorks2/Examen/ExamenSoC/hw
TRACE::2025-06-12.09:12:37::SCWPlatform:: Platform Path C:/PXL/devWorks/devWorks2/Examen/ExamenSoC/hw/ExamenSoC.xsa
TRACE::2025-06-12.09:12:37::SCWPlatform:: Unique name xilinx:pynq-z2::0.0
TRACE::2025-06-12.09:12:37::SCWPlatform::Trying to set the existing hwdb with name design_1_wrapper_0
TRACE::2025-06-12.09:12:37::SCWPlatform::Opened existing hwdb design_1_wrapper_0
TRACE::2025-06-12.09:12:37::SCWPlatform::Found the Hw Db part of the input DSA
TRACE::2025-06-12.09:12:37::SCWMssOS::Checking the sw design at  C:/PXL/devWorks/devWorks2/Examen/ExamenSoC/zynq_fsbl/zynq_fsbl_bsp/system.mss
TRACE::2025-06-12.09:12:37::SCWMssOS::DEBUG:  swdes dump  C:/PXL/devWorks/devWorks2/Examen/ExamenSoC/ps7_cortexa9_0/standalone_ps7_cortexa9_0/bsp/system.mss|system_0||
C:/PXL/devWorks/devWorks2/Examen/ExamenSoC/zynq_fsbl/zynq_fsbl_bsp/system.mss|system||

TRACE::2025-06-12.09:12:37::SCWMssOS::Sw design exists and opened at  C:/PXL/devWorks/devWorks2/Examen/ExamenSoC/zynq_fsbl/zynq_fsbl_bsp/system.mss
TRACE::2025-06-12.09:12:37::SCWPlatform::Trying to open the hw design at C:/PXL/devWorks/devWorks2/Examen/ExamenSoC/hw/ExamenSoC.xsa
TRACE::2025-06-12.09:12:37::SCWPlatform::DSA given C:/PXL/devWorks/devWorks2/Examen/ExamenSoC/hw/ExamenSoC.xsa
TRACE::2025-06-12.09:12:37::SCWPlatform::DSA absoulate path C:/PXL/devWorks/devWorks2/Examen/ExamenSoC/hw/ExamenSoC.xsa
TRACE::2025-06-12.09:12:37::SCWPlatform::DSA directory C:/PXL/devWorks/devWorks2/Examen/ExamenSoC/hw
TRACE::2025-06-12.09:12:37::SCWPlatform:: Platform Path C:/PXL/devWorks/devWorks2/Examen/ExamenSoC/hw/ExamenSoC.xsa
TRACE::2025-06-12.09:12:37::SCWPlatform:: Unique name xilinx:pynq-z2::0.0
TRACE::2025-06-12.09:12:37::SCWPlatform::Trying to set the existing hwdb with name design_1_wrapper_0
TRACE::2025-06-12.09:12:37::SCWPlatform::Opened existing hwdb design_1_wrapper_0
TRACE::2025-06-12.09:12:37::SCWPlatform::Found the Hw Db part of the input DSA
TRACE::2025-06-12.09:12:37::SCWMssOS::Checking the sw design at  C:/PXL/devWorks/devWorks2/Examen/ExamenSoC/zynq_fsbl/zynq_fsbl_bsp/system.mss
TRACE::2025-06-12.09:12:37::SCWMssOS::DEBUG:  swdes dump  C:/PXL/devWorks/devWorks2/Examen/ExamenSoC/ps7_cortexa9_0/standalone_ps7_cortexa9_0/bsp/system.mss|system_0||
C:/PXL/devWorks/devWorks2/Examen/ExamenSoC/zynq_fsbl/zynq_fsbl_bsp/system.mss|system||

TRACE::2025-06-12.09:12:37::SCWMssOS::Sw design exists and opened at  C:/PXL/devWorks/devWorks2/Examen/ExamenSoC/zynq_fsbl/zynq_fsbl_bsp/system.mss
TRACE::2025-06-12.09:12:37::SCWPlatform::Trying to open the hw design at C:/PXL/devWorks/devWorks2/Examen/ExamenSoC/hw/ExamenSoC.xsa
TRACE::2025-06-12.09:12:37::SCWPlatform::DSA given C:/PXL/devWorks/devWorks2/Examen/ExamenSoC/hw/ExamenSoC.xsa
TRACE::2025-06-12.09:12:37::SCWPlatform::DSA absoulate path C:/PXL/devWorks/devWorks2/Examen/ExamenSoC/hw/ExamenSoC.xsa
TRACE::2025-06-12.09:12:37::SCWPlatform::DSA directory C:/PXL/devWorks/devWorks2/Examen/ExamenSoC/hw
TRACE::2025-06-12.09:12:37::SCWPlatform:: Platform Path C:/PXL/devWorks/devWorks2/Examen/ExamenSoC/hw/ExamenSoC.xsa
TRACE::2025-06-12.09:12:37::SCWPlatform:: Unique name xilinx:pynq-z2::0.0
TRACE::2025-06-12.09:12:37::SCWPlatform::Trying to set the existing hwdb with name design_1_wrapper_0
TRACE::2025-06-12.09:12:37::SCWPlatform::Opened existing hwdb design_1_wrapper_0
TRACE::2025-06-12.09:12:37::SCWPlatform::Found the Hw Db part of the input DSA
TRACE::2025-06-12.09:12:37::SCWMssOS::Checking the sw design at  C:/PXL/devWorks/devWorks2/Examen/ExamenSoC/zynq_fsbl/zynq_fsbl_bsp/system.mss
TRACE::2025-06-12.09:12:37::SCWMssOS::DEBUG:  swdes dump  C:/PXL/devWorks/devWorks2/Examen/ExamenSoC/ps7_cortexa9_0/standalone_ps7_cortexa9_0/bsp/system.mss|system_0||
C:/PXL/devWorks/devWorks2/Examen/ExamenSoC/zynq_fsbl/zynq_fsbl_bsp/system.mss|system||

TRACE::2025-06-12.09:12:37::SCWMssOS::Sw design exists and opened at  C:/PXL/devWorks/devWorks2/Examen/ExamenSoC/zynq_fsbl/zynq_fsbl_bsp/system.mss
TRACE::2025-06-12.09:12:37::SCWPlatform::Trying to open the hw design at C:/PXL/devWorks/devWorks2/Examen/ExamenSoC/hw/ExamenSoC.xsa
TRACE::2025-06-12.09:12:37::SCWPlatform::DSA given C:/PXL/devWorks/devWorks2/Examen/ExamenSoC/hw/ExamenSoC.xsa
TRACE::2025-06-12.09:12:37::SCWPlatform::DSA absoulate path C:/PXL/devWorks/devWorks2/Examen/ExamenSoC/hw/ExamenSoC.xsa
TRACE::2025-06-12.09:12:37::SCWPlatform::DSA directory C:/PXL/devWorks/devWorks2/Examen/ExamenSoC/hw
TRACE::2025-06-12.09:12:37::SCWPlatform:: Platform Path C:/PXL/devWorks/devWorks2/Examen/ExamenSoC/hw/ExamenSoC.xsa
TRACE::2025-06-12.09:12:37::SCWPlatform:: Unique name xilinx:pynq-z2::0.0
TRACE::2025-06-12.09:12:37::SCWPlatform::Trying to set the existing hwdb with name design_1_wrapper_0
TRACE::2025-06-12.09:12:37::SCWPlatform::Opened existing hwdb design_1_wrapper_0
TRACE::2025-06-12.09:12:37::SCWPlatform::Found the Hw Db part of the input DSA
TRACE::2025-06-12.09:12:37::SCWMssOS::Checking the sw design at  C:/PXL/devWorks/devWorks2/Examen/ExamenSoC/ps7_cortexa9_0/standalone_ps7_cortexa9_0/bsp/system.mss
TRACE::2025-06-12.09:12:37::SCWMssOS::DEBUG:  swdes dump  C:/PXL/devWorks/devWorks2/Examen/ExamenSoC/ps7_cortexa9_0/standalone_ps7_cortexa9_0/bsp/system.mss|system_0||
C:/PXL/devWorks/devWorks2/Examen/ExamenSoC/zynq_fsbl/zynq_fsbl_bsp/system.mss|system||

TRACE::2025-06-12.09:12:37::SCWMssOS::Sw design exists and opened at  C:/PXL/devWorks/devWorks2/Examen/ExamenSoC/ps7_cortexa9_0/standalone_ps7_cortexa9_0/bsp/system.mss
TRACE::2025-06-12.09:12:37::SCWPlatform::Trying to open the hw design at C:/PXL/devWorks/devWorks2/Examen/ExamenSoC/hw/ExamenSoC.xsa
TRACE::2025-06-12.09:12:37::SCWPlatform::DSA given C:/PXL/devWorks/devWorks2/Examen/ExamenSoC/hw/ExamenSoC.xsa
TRACE::2025-06-12.09:12:37::SCWPlatform::DSA absoulate path C:/PXL/devWorks/devWorks2/Examen/ExamenSoC/hw/ExamenSoC.xsa
TRACE::2025-06-12.09:12:37::SCWPlatform::DSA directory C:/PXL/devWorks/devWorks2/Examen/ExamenSoC/hw
TRACE::2025-06-12.09:12:37::SCWPlatform:: Platform Path C:/PXL/devWorks/devWorks2/Examen/ExamenSoC/hw/ExamenSoC.xsa
TRACE::2025-06-12.09:12:37::SCWPlatform:: Unique name xilinx:pynq-z2::0.0
TRACE::2025-06-12.09:12:37::SCWPlatform::Trying to set the existing hwdb with name design_1_wrapper_0
TRACE::2025-06-12.09:12:37::SCWPlatform::Opened existing hwdb design_1_wrapper_0
TRACE::2025-06-12.09:12:37::SCWPlatform::Found the Hw Db part of the input DSA
TRACE::2025-06-12.09:12:37::SCWMssOS::Checking the sw design at  C:/PXL/devWorks/devWorks2/Examen/ExamenSoC/ps7_cortexa9_0/standalone_ps7_cortexa9_0/bsp/system.mss
TRACE::2025-06-12.09:12:37::SCWMssOS::DEBUG:  swdes dump  C:/PXL/devWorks/devWorks2/Examen/ExamenSoC/ps7_cortexa9_0/standalone_ps7_cortexa9_0/bsp/system.mss|system_0||
C:/PXL/devWorks/devWorks2/Examen/ExamenSoC/zynq_fsbl/zynq_fsbl_bsp/system.mss|system||

TRACE::2025-06-12.09:12:37::SCWMssOS::Sw design exists and opened at  C:/PXL/devWorks/devWorks2/Examen/ExamenSoC/ps7_cortexa9_0/standalone_ps7_cortexa9_0/bsp/system.mss
TRACE::2025-06-12.09:12:37::SCWPlatform::Trying to open the hw design at C:/PXL/devWorks/devWorks2/Examen/ExamenSoC/hw/ExamenSoC.xsa
TRACE::2025-06-12.09:12:37::SCWPlatform::DSA given C:/PXL/devWorks/devWorks2/Examen/ExamenSoC/hw/ExamenSoC.xsa
TRACE::2025-06-12.09:12:37::SCWPlatform::DSA absoulate path C:/PXL/devWorks/devWorks2/Examen/ExamenSoC/hw/ExamenSoC.xsa
TRACE::2025-06-12.09:12:37::SCWPlatform::DSA directory C:/PXL/devWorks/devWorks2/Examen/ExamenSoC/hw
TRACE::2025-06-12.09:12:37::SCWPlatform:: Platform Path C:/PXL/devWorks/devWorks2/Examen/ExamenSoC/hw/ExamenSoC.xsa
TRACE::2025-06-12.09:12:37::SCWPlatform:: Unique name xilinx:pynq-z2::0.0
TRACE::2025-06-12.09:12:37::SCWPlatform::Trying to set the existing hwdb with name design_1_wrapper_0
TRACE::2025-06-12.09:12:37::SCWPlatform::Opened existing hwdb design_1_wrapper_0
TRACE::2025-06-12.09:12:37::SCWPlatform::Found the Hw Db part of the input DSA
TRACE::2025-06-12.09:12:37::SCWMssOS::Checking the sw design at  C:/PXL/devWorks/devWorks2/Examen/ExamenSoC/ps7_cortexa9_0/standalone_ps7_cortexa9_0/bsp/system.mss
TRACE::2025-06-12.09:12:37::SCWMssOS::DEBUG:  swdes dump  C:/PXL/devWorks/devWorks2/Examen/ExamenSoC/ps7_cortexa9_0/standalone_ps7_cortexa9_0/bsp/system.mss|system_0||
C:/PXL/devWorks/devWorks2/Examen/ExamenSoC/zynq_fsbl/zynq_fsbl_bsp/system.mss|system||

TRACE::2025-06-12.09:12:37::SCWMssOS::Sw design exists and opened at  C:/PXL/devWorks/devWorks2/Examen/ExamenSoC/ps7_cortexa9_0/standalone_ps7_cortexa9_0/bsp/system.mss
TRACE::2025-06-12.09:12:37::SCWWriter::formatted JSON is {
	"platformName":	"ExamenSoC",
	"sprVersion":	"2.0",
	"mode":	"gui",
	"dsaType":	"Fixed",
	"platformDesc":	"ExamenSoC",
	"platHandOff":	"<platformDir>.xsa",
	"platIntHandOff":	"<platformDir>/hw/ExamenSoC.xsa",
	"deviceType":	"zynq",
	"platIsPrebuiltAutogen":	"false",
	"platIsNoBootBsp":	"false",
	"platFsblTarget":	"ps7_cortexa9_0",
	"hasFsblMakeHasChanges":	"false",
	"hasPmufwMakeHasChanges":	"false",
	"fsblExtraCompilerFlags":	"-MMD -MP       -mcpu=cortex-a9 -mfpu=vfpv3 -mfloat-abi=hard ",
	"platPreBuiltFlag":	false,
	"platformSamplesDir":	"",
	"platActiveSys":	"ExamenSoC",
	"systems":	[{
			"systemName":	"ExamenSoC",
			"systemDesc":	"ExamenSoC",
			"sysIsBootAutoGen":	"true",
			"systemDispName":	"ExamenSoC",
			"sysActiveDom":	"standalone_ps7_cortexa9_0",
			"sysDefaultDom":	"standalone_ps7_cortexa9_0",
			"domains":	[{
					"domainName":	"zynq_fsbl",
					"domainDispName":	"zynq_fsbl",
					"domainDesc":	"FSBL Application BSP - Auto Generated.",
					"processors":	"ps7_cortexa9_0",
					"os":	"standalone",
					"sdxOs":	"standalone",
					"debugEnable":	"",
					"domRuntimes":	["cpp"],
					"swRepo":	"",
					"mssOsVer":	"9.1",
					"mssFile":	"",
					"md5Digest":	"3401672d81d6210691b472c6ff9ee9be",
					"compatibleApp":	"zynq_fsbl",
					"domType":	"bootDomain",
					"arch":	"32-bit",
					"appSettings":	{
						"appCompilerFlags":	"",
						"appLinkerFlags":	""
					},
					"addedLibs":	["xilffs:5.2", "xilrsa:1.8"],
					"libOptions":	{
						"libsContainingOptions":	[]
					},
					"prebuiltLibs":	{
						"prebuiltIncPath":	[],
						"prebuiltLibPath":	[]
					},
					"isolation":	{
					}
				}, {
					"domainName":	"standalone_ps7_cortexa9_0",
					"domainDispName":	"standalone_ps7_cortexa9_0",
					"domainDesc":	"standalone_ps7_cortexa9_0",
					"processors":	"ps7_cortexa9_0",
					"os":	"standalone",
					"sdxOs":	"standalone",
					"qemuArgs":	"<platformDir>/resources/ExamenSoC/standalone_ps7_cortexa9_0/qemu_args.txt",
					"qemuData":	"<platformDir>/resources/ExamenSoC/standalone_ps7_cortexa9_0/qemu",
					"debugEnable":	"False",
					"domRuntimes":	["cpp"],
					"swRepo":	"",
					"mssOsVer":	"9.1",
					"mssFile":	"",
					"md5Digest":	"e4264f13f6f975fc1ff0f2657f1d074f",
					"compatibleApp":	"hello_world",
					"domType":	"mssDomain",
					"arch":	"32-bit",
					"appSettings":	{
						"appCompilerFlags":	"",
						"appLinkerFlags":	""
					},
					"addedLibs":	[],
					"libOptions":	{
						"libsContainingOptions":	[]
					},
					"prebuiltLibs":	{
						"prebuiltIncPath":	[],
						"prebuiltLibPath":	[]
					},
					"isolation":	{
					}
				}]
		}]
}
TRACE::2025-06-12.09:12:37::SCWPlatform::Trying to open the hw design at C:/PXL/devWorks/devWorks2/Examen/ExamenSoC/hw/ExamenSoC.xsa
TRACE::2025-06-12.09:12:37::SCWPlatform::DSA given C:/PXL/devWorks/devWorks2/Examen/ExamenSoC/hw/ExamenSoC.xsa
TRACE::2025-06-12.09:12:37::SCWPlatform::DSA absoulate path C:/PXL/devWorks/devWorks2/Examen/ExamenSoC/hw/ExamenSoC.xsa
TRACE::2025-06-12.09:12:37::SCWPlatform::DSA directory C:/PXL/devWorks/devWorks2/Examen/ExamenSoC/hw
TRACE::2025-06-12.09:12:37::SCWPlatform:: Platform Path C:/PXL/devWorks/devWorks2/Examen/ExamenSoC/hw/ExamenSoC.xsa
TRACE::2025-06-12.09:12:37::SCWPlatform:: Unique name xilinx:pynq-z2::0.0
TRACE::2025-06-12.09:12:37::SCWPlatform::Trying to set the existing hwdb with name design_1_wrapper_0
TRACE::2025-06-12.09:12:37::SCWPlatform::Opened existing hwdb design_1_wrapper_0
TRACE::2025-06-12.09:12:37::SCWPlatform::Found the Hw Db part of the input DSA
TRACE::2025-06-12.09:12:37::SCWMssOS::Checking the sw design at  C:/PXL/devWorks/devWorks2/Examen/ExamenSoC/ps7_cortexa9_0/standalone_ps7_cortexa9_0/bsp/system.mss
TRACE::2025-06-12.09:12:37::SCWMssOS::DEBUG:  swdes dump  C:/PXL/devWorks/devWorks2/Examen/ExamenSoC/ps7_cortexa9_0/standalone_ps7_cortexa9_0/bsp/system.mss|system_0||
C:/PXL/devWorks/devWorks2/Examen/ExamenSoC/zynq_fsbl/zynq_fsbl_bsp/system.mss|system||

TRACE::2025-06-12.09:12:37::SCWMssOS::Sw design exists and opened at  C:/PXL/devWorks/devWorks2/Examen/ExamenSoC/ps7_cortexa9_0/standalone_ps7_cortexa9_0/bsp/system.mss
TRACE::2025-06-12.09:12:37::SCWPlatform::Trying to open the hw design at C:/PXL/devWorks/devWorks2/Examen/ExamenSoC/hw/ExamenSoC.xsa
TRACE::2025-06-12.09:12:37::SCWPlatform::DSA given C:/PXL/devWorks/devWorks2/Examen/ExamenSoC/hw/ExamenSoC.xsa
TRACE::2025-06-12.09:12:37::SCWPlatform::DSA absoulate path C:/PXL/devWorks/devWorks2/Examen/ExamenSoC/hw/ExamenSoC.xsa
TRACE::2025-06-12.09:12:37::SCWPlatform::DSA directory C:/PXL/devWorks/devWorks2/Examen/ExamenSoC/hw
TRACE::2025-06-12.09:12:37::SCWPlatform:: Platform Path C:/PXL/devWorks/devWorks2/Examen/ExamenSoC/hw/ExamenSoC.xsa
TRACE::2025-06-12.09:12:37::SCWPlatform:: Unique name xilinx:pynq-z2::0.0
TRACE::2025-06-12.09:12:37::SCWPlatform::Trying to set the existing hwdb with name design_1_wrapper_0
TRACE::2025-06-12.09:12:37::SCWPlatform::Opened existing hwdb design_1_wrapper_0
TRACE::2025-06-12.09:12:37::SCWPlatform::Found the Hw Db part of the input DSA
TRACE::2025-06-12.09:12:37::SCWMssOS::Checking the sw design at  C:/PXL/devWorks/devWorks2/Examen/ExamenSoC/ps7_cortexa9_0/standalone_ps7_cortexa9_0/bsp/system.mss
TRACE::2025-06-12.09:12:37::SCWMssOS::DEBUG:  swdes dump  C:/PXL/devWorks/devWorks2/Examen/ExamenSoC/ps7_cortexa9_0/standalone_ps7_cortexa9_0/bsp/system.mss|system_0||
C:/PXL/devWorks/devWorks2/Examen/ExamenSoC/zynq_fsbl/zynq_fsbl_bsp/system.mss|system||

TRACE::2025-06-12.09:12:37::SCWMssOS::Sw design exists and opened at  C:/PXL/devWorks/devWorks2/Examen/ExamenSoC/ps7_cortexa9_0/standalone_ps7_cortexa9_0/bsp/system.mss
TRACE::2025-06-12.09:12:37::SCWMssOS::Saving the mss changes C:/PXL/devWorks/devWorks2/Examen/ExamenSoC/zynq_fsbl/zynq_fsbl_bsp/system.mss
TRACE::2025-06-12.09:12:37::SCWMssOS::Found a swdesign opened with the mssfile.
TRACE::2025-06-12.09:12:37::SCWMssOS::Completed writemss as part of save.
TRACE::2025-06-12.09:12:37::SCWMssOS::Commit changes completed.
TRACE::2025-06-12.09:12:37::SCWMssOS::Saving the mss changes C:/PXL/devWorks/devWorks2/Examen/ExamenSoC/ps7_cortexa9_0/standalone_ps7_cortexa9_0/bsp/system.mss
TRACE::2025-06-12.09:12:37::SCWMssOS::Found a swdesign opened with the mssfile.
TRACE::2025-06-12.09:12:37::SCWMssOS::Completed writemss as part of save.
TRACE::2025-06-12.09:12:37::SCWMssOS::Commit changes completed.
TRACE::2025-06-12.09:12:37::SCWPlatform::Trying to open the hw design at C:/PXL/devWorks/devWorks2/Examen/ExamenSoC/hw/ExamenSoC.xsa
TRACE::2025-06-12.09:12:37::SCWPlatform::DSA given C:/PXL/devWorks/devWorks2/Examen/ExamenSoC/hw/ExamenSoC.xsa
TRACE::2025-06-12.09:12:37::SCWPlatform::DSA absoulate path C:/PXL/devWorks/devWorks2/Examen/ExamenSoC/hw/ExamenSoC.xsa
TRACE::2025-06-12.09:12:37::SCWPlatform::DSA directory C:/PXL/devWorks/devWorks2/Examen/ExamenSoC/hw
TRACE::2025-06-12.09:12:37::SCWPlatform:: Platform Path C:/PXL/devWorks/devWorks2/Examen/ExamenSoC/hw/ExamenSoC.xsa
TRACE::2025-06-12.09:12:37::SCWPlatform:: Unique name xilinx:pynq-z2::0.0
TRACE::2025-06-12.09:12:37::SCWPlatform::Trying to set the existing hwdb with name design_1_wrapper_0
TRACE::2025-06-12.09:12:37::SCWPlatform::Opened existing hwdb design_1_wrapper_0
TRACE::2025-06-12.09:12:37::SCWPlatform::Found the Hw Db part of the input DSA
TRACE::2025-06-12.09:12:37::SCWMssOS::Checking the sw design at  C:/PXL/devWorks/devWorks2/Examen/ExamenSoC/zynq_fsbl/zynq_fsbl_bsp/system.mss
TRACE::2025-06-12.09:12:37::SCWMssOS::DEBUG:  swdes dump  C:/PXL/devWorks/devWorks2/Examen/ExamenSoC/ps7_cortexa9_0/standalone_ps7_cortexa9_0/bsp/system.mss|system_0||
C:/PXL/devWorks/devWorks2/Examen/ExamenSoC/zynq_fsbl/zynq_fsbl_bsp/system.mss|system||

TRACE::2025-06-12.09:12:37::SCWMssOS::Sw design exists and opened at  C:/PXL/devWorks/devWorks2/Examen/ExamenSoC/zynq_fsbl/zynq_fsbl_bsp/system.mss
TRACE::2025-06-12.09:12:37::SCWPlatform::Trying to open the hw design at C:/PXL/devWorks/devWorks2/Examen/ExamenSoC/hw/ExamenSoC.xsa
TRACE::2025-06-12.09:12:37::SCWPlatform::DSA given C:/PXL/devWorks/devWorks2/Examen/ExamenSoC/hw/ExamenSoC.xsa
TRACE::2025-06-12.09:12:37::SCWPlatform::DSA absoulate path C:/PXL/devWorks/devWorks2/Examen/ExamenSoC/hw/ExamenSoC.xsa
TRACE::2025-06-12.09:12:37::SCWPlatform::DSA directory C:/PXL/devWorks/devWorks2/Examen/ExamenSoC/hw
TRACE::2025-06-12.09:12:37::SCWPlatform:: Platform Path C:/PXL/devWorks/devWorks2/Examen/ExamenSoC/hw/ExamenSoC.xsa
TRACE::2025-06-12.09:12:37::SCWPlatform:: Unique name xilinx:pynq-z2::0.0
TRACE::2025-06-12.09:12:37::SCWPlatform::Trying to set the existing hwdb with name design_1_wrapper_0
TRACE::2025-06-12.09:12:37::SCWPlatform::Opened existing hwdb design_1_wrapper_0
TRACE::2025-06-12.09:12:37::SCWPlatform::Found the Hw Db part of the input DSA
TRACE::2025-06-12.09:12:37::SCWMssOS::Checking the sw design at  C:/PXL/devWorks/devWorks2/Examen/ExamenSoC/zynq_fsbl/zynq_fsbl_bsp/system.mss
TRACE::2025-06-12.09:12:37::SCWMssOS::DEBUG:  swdes dump  C:/PXL/devWorks/devWorks2/Examen/ExamenSoC/ps7_cortexa9_0/standalone_ps7_cortexa9_0/bsp/system.mss|system_0||
C:/PXL/devWorks/devWorks2/Examen/ExamenSoC/zynq_fsbl/zynq_fsbl_bsp/system.mss|system||

TRACE::2025-06-12.09:12:37::SCWMssOS::Sw design exists and opened at  C:/PXL/devWorks/devWorks2/Examen/ExamenSoC/zynq_fsbl/zynq_fsbl_bsp/system.mss
TRACE::2025-06-12.09:12:37::SCWPlatform::Trying to open the hw design at C:/PXL/devWorks/devWorks2/Examen/ExamenSoC/hw/ExamenSoC.xsa
TRACE::2025-06-12.09:12:37::SCWPlatform::DSA given C:/PXL/devWorks/devWorks2/Examen/ExamenSoC/hw/ExamenSoC.xsa
TRACE::2025-06-12.09:12:37::SCWPlatform::DSA absoulate path C:/PXL/devWorks/devWorks2/Examen/ExamenSoC/hw/ExamenSoC.xsa
TRACE::2025-06-12.09:12:37::SCWPlatform::DSA directory C:/PXL/devWorks/devWorks2/Examen/ExamenSoC/hw
TRACE::2025-06-12.09:12:37::SCWPlatform:: Platform Path C:/PXL/devWorks/devWorks2/Examen/ExamenSoC/hw/ExamenSoC.xsa
TRACE::2025-06-12.09:12:37::SCWPlatform:: Unique name xilinx:pynq-z2::0.0
TRACE::2025-06-12.09:12:37::SCWPlatform::Trying to set the existing hwdb with name design_1_wrapper_0
TRACE::2025-06-12.09:12:37::SCWPlatform::Opened existing hwdb design_1_wrapper_0
TRACE::2025-06-12.09:12:37::SCWPlatform::Found the Hw Db part of the input DSA
TRACE::2025-06-12.09:12:37::SCWMssOS::Checking the sw design at  C:/PXL/devWorks/devWorks2/Examen/ExamenSoC/zynq_fsbl/zynq_fsbl_bsp/system.mss
TRACE::2025-06-12.09:12:37::SCWMssOS::DEBUG:  swdes dump  C:/PXL/devWorks/devWorks2/Examen/ExamenSoC/ps7_cortexa9_0/standalone_ps7_cortexa9_0/bsp/system.mss|system_0||
C:/PXL/devWorks/devWorks2/Examen/ExamenSoC/zynq_fsbl/zynq_fsbl_bsp/system.mss|system||

TRACE::2025-06-12.09:12:37::SCWMssOS::Sw design exists and opened at  C:/PXL/devWorks/devWorks2/Examen/ExamenSoC/zynq_fsbl/zynq_fsbl_bsp/system.mss
TRACE::2025-06-12.09:12:37::SCWPlatform::Trying to open the hw design at C:/PXL/devWorks/devWorks2/Examen/ExamenSoC/hw/ExamenSoC.xsa
TRACE::2025-06-12.09:12:37::SCWPlatform::DSA given C:/PXL/devWorks/devWorks2/Examen/ExamenSoC/hw/ExamenSoC.xsa
TRACE::2025-06-12.09:12:37::SCWPlatform::DSA absoulate path C:/PXL/devWorks/devWorks2/Examen/ExamenSoC/hw/ExamenSoC.xsa
TRACE::2025-06-12.09:12:37::SCWPlatform::DSA directory C:/PXL/devWorks/devWorks2/Examen/ExamenSoC/hw
TRACE::2025-06-12.09:12:37::SCWPlatform:: Platform Path C:/PXL/devWorks/devWorks2/Examen/ExamenSoC/hw/ExamenSoC.xsa
TRACE::2025-06-12.09:12:37::SCWPlatform:: Unique name xilinx:pynq-z2::0.0
TRACE::2025-06-12.09:12:37::SCWPlatform::Trying to set the existing hwdb with name design_1_wrapper_0
TRACE::2025-06-12.09:12:37::SCWPlatform::Opened existing hwdb design_1_wrapper_0
TRACE::2025-06-12.09:12:37::SCWPlatform::Found the Hw Db part of the input DSA
TRACE::2025-06-12.09:12:37::SCWMssOS::Checking the sw design at  C:/PXL/devWorks/devWorks2/Examen/ExamenSoC/ps7_cortexa9_0/standalone_ps7_cortexa9_0/bsp/system.mss
TRACE::2025-06-12.09:12:37::SCWMssOS::DEBUG:  swdes dump  C:/PXL/devWorks/devWorks2/Examen/ExamenSoC/ps7_cortexa9_0/standalone_ps7_cortexa9_0/bsp/system.mss|system_0||
C:/PXL/devWorks/devWorks2/Examen/ExamenSoC/zynq_fsbl/zynq_fsbl_bsp/system.mss|system||

TRACE::2025-06-12.09:12:37::SCWMssOS::Sw design exists and opened at  C:/PXL/devWorks/devWorks2/Examen/ExamenSoC/ps7_cortexa9_0/standalone_ps7_cortexa9_0/bsp/system.mss
TRACE::2025-06-12.09:12:37::SCWPlatform::Trying to open the hw design at C:/PXL/devWorks/devWorks2/Examen/ExamenSoC/hw/ExamenSoC.xsa
TRACE::2025-06-12.09:12:37::SCWPlatform::DSA given C:/PXL/devWorks/devWorks2/Examen/ExamenSoC/hw/ExamenSoC.xsa
TRACE::2025-06-12.09:12:37::SCWPlatform::DSA absoulate path C:/PXL/devWorks/devWorks2/Examen/ExamenSoC/hw/ExamenSoC.xsa
TRACE::2025-06-12.09:12:37::SCWPlatform::DSA directory C:/PXL/devWorks/devWorks2/Examen/ExamenSoC/hw
TRACE::2025-06-12.09:12:37::SCWPlatform:: Platform Path C:/PXL/devWorks/devWorks2/Examen/ExamenSoC/hw/ExamenSoC.xsa
TRACE::2025-06-12.09:12:37::SCWPlatform:: Unique name xilinx:pynq-z2::0.0
TRACE::2025-06-12.09:12:37::SCWPlatform::Trying to set the existing hwdb with name design_1_wrapper_0
TRACE::2025-06-12.09:12:37::SCWPlatform::Opened existing hwdb design_1_wrapper_0
TRACE::2025-06-12.09:12:37::SCWPlatform::Found the Hw Db part of the input DSA
TRACE::2025-06-12.09:12:37::SCWMssOS::Checking the sw design at  C:/PXL/devWorks/devWorks2/Examen/ExamenSoC/ps7_cortexa9_0/standalone_ps7_cortexa9_0/bsp/system.mss
TRACE::2025-06-12.09:12:37::SCWMssOS::DEBUG:  swdes dump  C:/PXL/devWorks/devWorks2/Examen/ExamenSoC/ps7_cortexa9_0/standalone_ps7_cortexa9_0/bsp/system.mss|system_0||
C:/PXL/devWorks/devWorks2/Examen/ExamenSoC/zynq_fsbl/zynq_fsbl_bsp/system.mss|system||

TRACE::2025-06-12.09:12:37::SCWMssOS::Sw design exists and opened at  C:/PXL/devWorks/devWorks2/Examen/ExamenSoC/ps7_cortexa9_0/standalone_ps7_cortexa9_0/bsp/system.mss
TRACE::2025-06-12.09:12:37::SCWPlatform::Trying to open the hw design at C:/PXL/devWorks/devWorks2/Examen/ExamenSoC/hw/ExamenSoC.xsa
TRACE::2025-06-12.09:12:37::SCWPlatform::DSA given C:/PXL/devWorks/devWorks2/Examen/ExamenSoC/hw/ExamenSoC.xsa
TRACE::2025-06-12.09:12:37::SCWPlatform::DSA absoulate path C:/PXL/devWorks/devWorks2/Examen/ExamenSoC/hw/ExamenSoC.xsa
TRACE::2025-06-12.09:12:37::SCWPlatform::DSA directory C:/PXL/devWorks/devWorks2/Examen/ExamenSoC/hw
TRACE::2025-06-12.09:12:37::SCWPlatform:: Platform Path C:/PXL/devWorks/devWorks2/Examen/ExamenSoC/hw/ExamenSoC.xsa
TRACE::2025-06-12.09:12:37::SCWPlatform:: Unique name xilinx:pynq-z2::0.0
TRACE::2025-06-12.09:12:37::SCWPlatform::Trying to set the existing hwdb with name design_1_wrapper_0
TRACE::2025-06-12.09:12:37::SCWPlatform::Opened existing hwdb design_1_wrapper_0
TRACE::2025-06-12.09:12:37::SCWPlatform::Found the Hw Db part of the input DSA
TRACE::2025-06-12.09:12:37::SCWMssOS::Checking the sw design at  C:/PXL/devWorks/devWorks2/Examen/ExamenSoC/ps7_cortexa9_0/standalone_ps7_cortexa9_0/bsp/system.mss
TRACE::2025-06-12.09:12:37::SCWMssOS::DEBUG:  swdes dump  C:/PXL/devWorks/devWorks2/Examen/ExamenSoC/ps7_cortexa9_0/standalone_ps7_cortexa9_0/bsp/system.mss|system_0||
C:/PXL/devWorks/devWorks2/Examen/ExamenSoC/zynq_fsbl/zynq_fsbl_bsp/system.mss|system||

TRACE::2025-06-12.09:12:37::SCWMssOS::Sw design exists and opened at  C:/PXL/devWorks/devWorks2/Examen/ExamenSoC/ps7_cortexa9_0/standalone_ps7_cortexa9_0/bsp/system.mss
TRACE::2025-06-12.09:12:37::SCWWriter::formatted JSON is {
	"platformName":	"ExamenSoC",
	"sprVersion":	"2.0",
	"mode":	"gui",
	"dsaType":	"Fixed",
	"platformDesc":	"ExamenSoC",
	"platHandOff":	"<platformDir>.xsa",
	"platIntHandOff":	"<platformDir>/hw/ExamenSoC.xsa",
	"deviceType":	"zynq",
	"platIsPrebuiltAutogen":	"false",
	"platIsNoBootBsp":	"false",
	"platFsblTarget":	"ps7_cortexa9_0",
	"hasFsblMakeHasChanges":	"false",
	"hasPmufwMakeHasChanges":	"false",
	"fsblExtraCompilerFlags":	"-MMD -MP       -mcpu=cortex-a9 -mfpu=vfpv3 -mfloat-abi=hard ",
	"platPreBuiltFlag":	false,
	"platformSamplesDir":	"",
	"platActiveSys":	"ExamenSoC",
	"systems":	[{
			"systemName":	"ExamenSoC",
			"systemDesc":	"ExamenSoC",
			"sysIsBootAutoGen":	"true",
			"systemDispName":	"ExamenSoC",
			"sysActiveDom":	"standalone_ps7_cortexa9_0",
			"sysDefaultDom":	"standalone_ps7_cortexa9_0",
			"domains":	[{
					"domainName":	"zynq_fsbl",
					"domainDispName":	"zynq_fsbl",
					"domainDesc":	"FSBL Application BSP - Auto Generated.",
					"processors":	"ps7_cortexa9_0",
					"os":	"standalone",
					"sdxOs":	"standalone",
					"debugEnable":	"",
					"domRuntimes":	["cpp"],
					"swRepo":	"",
					"mssOsVer":	"9.1",
					"mssFile":	"",
					"md5Digest":	"3401672d81d6210691b472c6ff9ee9be",
					"compatibleApp":	"zynq_fsbl",
					"domType":	"bootDomain",
					"arch":	"32-bit",
					"appSettings":	{
						"appCompilerFlags":	"",
						"appLinkerFlags":	""
					},
					"addedLibs":	["xilffs:5.2", "xilrsa:1.8"],
					"libOptions":	{
						"libsContainingOptions":	[]
					},
					"prebuiltLibs":	{
						"prebuiltIncPath":	[],
						"prebuiltLibPath":	[]
					},
					"isolation":	{
					}
				}, {
					"domainName":	"standalone_ps7_cortexa9_0",
					"domainDispName":	"standalone_ps7_cortexa9_0",
					"domainDesc":	"standalone_ps7_cortexa9_0",
					"processors":	"ps7_cortexa9_0",
					"os":	"standalone",
					"sdxOs":	"standalone",
					"qemuArgs":	"<platformDir>/resources/ExamenSoC/standalone_ps7_cortexa9_0/qemu_args.txt",
					"qemuData":	"<platformDir>/resources/ExamenSoC/standalone_ps7_cortexa9_0/qemu",
					"debugEnable":	"False",
					"domRuntimes":	["cpp"],
					"swRepo":	"",
					"mssOsVer":	"9.1",
					"mssFile":	"",
					"md5Digest":	"e4264f13f6f975fc1ff0f2657f1d074f",
					"compatibleApp":	"hello_world",
					"domType":	"mssDomain",
					"arch":	"32-bit",
					"appSettings":	{
						"appCompilerFlags":	"",
						"appLinkerFlags":	""
					},
					"addedLibs":	[],
					"libOptions":	{
						"libsContainingOptions":	[]
					},
					"prebuiltLibs":	{
						"prebuiltIncPath":	[],
						"prebuiltLibPath":	[]
					},
					"isolation":	{
					}
				}]
		}]
}
LOG::2025-06-12.09:12:37::SCWPlatform::Started generating the artifacts platform ExamenSoC
TRACE::2025-06-12.09:12:37::SCWPlatform::Sanity checking of platform is completed
LOG::2025-06-12.09:12:37::SCWPlatform::Started generating the artifacts for system configuration ExamenSoC
LOG::2025-06-12.09:12:37::SCWSystem::Started Processing the domain standalone_ps7_cortexa9_0
TRACE::2025-06-12.09:12:37::SCWDomain::Generating domain artifcats
TRACE::2025-06-12.09:12:37::SCWMssOS::Generating standalone artifcats
TRACE::2025-06-12.09:12:37::SCWMssOS::Copying the qemu file from  C:/PXL/devWorks/devWorks2/Examen/ExamenSoC/resources/ExamenSoC/standalone_ps7_cortexa9_0/qemu_args.txt To C:/PXL/devWorks/devWorks2/Examen/ExamenSoC/export/ExamenSoC/sw/ExamenSoC/qemu/
TRACE::2025-06-12.09:12:37::SCWMssOS::Copying the qemu file from  C:/PXL/devWorks/devWorks2/Examen/ExamenSoC/resources/ExamenSoC/standalone_ps7_cortexa9_0/qemu_args.txt To C:/PXL/devWorks/devWorks2/Examen/ExamenSoC/export/ExamenSoC/sw/ExamenSoC/standalone_ps7_cortexa9_0/qemu/
TRACE::2025-06-12.09:12:37::SCWMssOS:: Copying the user libraries. 
TRACE::2025-06-12.09:12:37::SCWPlatform::Trying to open the hw design at C:/PXL/devWorks/devWorks2/Examen/ExamenSoC/hw/ExamenSoC.xsa
TRACE::2025-06-12.09:12:37::SCWPlatform::DSA given C:/PXL/devWorks/devWorks2/Examen/ExamenSoC/hw/ExamenSoC.xsa
TRACE::2025-06-12.09:12:37::SCWPlatform::DSA absoulate path C:/PXL/devWorks/devWorks2/Examen/ExamenSoC/hw/ExamenSoC.xsa
TRACE::2025-06-12.09:12:37::SCWPlatform::DSA directory C:/PXL/devWorks/devWorks2/Examen/ExamenSoC/hw
TRACE::2025-06-12.09:12:37::SCWPlatform:: Platform Path C:/PXL/devWorks/devWorks2/Examen/ExamenSoC/hw/ExamenSoC.xsa
TRACE::2025-06-12.09:12:37::SCWPlatform:: Unique name xilinx:pynq-z2::0.0
TRACE::2025-06-12.09:12:37::SCWPlatform::Trying to set the existing hwdb with name design_1_wrapper_0
TRACE::2025-06-12.09:12:37::SCWPlatform::Opened existing hwdb design_1_wrapper_0
TRACE::2025-06-12.09:12:37::SCWPlatform::Found the Hw Db part of the input DSA
TRACE::2025-06-12.09:12:37::SCWMssOS::Checking the sw design at  C:/PXL/devWorks/devWorks2/Examen/ExamenSoC/ps7_cortexa9_0/standalone_ps7_cortexa9_0/bsp/system.mss
TRACE::2025-06-12.09:12:37::SCWMssOS::DEBUG:  swdes dump  C:/PXL/devWorks/devWorks2/Examen/ExamenSoC/ps7_cortexa9_0/standalone_ps7_cortexa9_0/bsp/system.mss|system_0||
C:/PXL/devWorks/devWorks2/Examen/ExamenSoC/zynq_fsbl/zynq_fsbl_bsp/system.mss|system||

TRACE::2025-06-12.09:12:37::SCWMssOS::Sw design exists and opened at  C:/PXL/devWorks/devWorks2/Examen/ExamenSoC/ps7_cortexa9_0/standalone_ps7_cortexa9_0/bsp/system.mss
TRACE::2025-06-12.09:12:37::SCWMssOS::Completed writing the mss file at C:/PXL/devWorks/devWorks2/Examen/ExamenSoC/ps7_cortexa9_0/standalone_ps7_cortexa9_0/bsp
TRACE::2025-06-12.09:12:37::SCWMssOS::Mss edits present, copying mssfile into export location C:/PXL/devWorks/devWorks2/Examen/ExamenSoC/ps7_cortexa9_0/standalone_ps7_cortexa9_0/bsp/system.mss
TRACE::2025-06-12.09:12:37::SCWMssOS::bsp generated is upto date with the mss file. Skipping bsp generation.
TRACE::2025-06-12.09:12:37::SCWMssOS::BSP is already built. skipping the bsp build ... 
TRACE::2025-06-12.09:12:37::SCWDomain::Building the domain as part of full build :  standalone_ps7_cortexa9_0
TRACE::2025-06-12.09:12:37::SCWMssOS::skipping the bsp build ... 
TRACE::2025-06-12.09:12:37::SCWMssOS::Copying to export directory.
TRACE::2025-06-12.09:12:37::SCWMssOS:: Checking if to create the Supporting Applications
TRACE::2025-06-12.09:12:37::SCWMssOS:: No Linux domain exists, trying to generate FSBL 
TRACE::2025-06-12.09:12:37::SCWMssOS:: Completed Standalone Artifacts creation 
LOG::2025-06-12.09:12:37::SCWSystem::Completed Processing the domain standalone_ps7_cortexa9_0
LOG::2025-06-12.09:12:37::SCWSystem::Completed Processing the sysconfig ExamenSoC
LOG::2025-06-12.09:12:37::SCWPlatform::Completed generating the artifacts for system configuration ExamenSoC
TRACE::2025-06-12.09:12:37::SCWPlatform::Started preparing the platform 
TRACE::2025-06-12.09:12:37::SCWSystem::Writing the bif file for system config ExamenSoC
TRACE::2025-06-12.09:12:37::SCWSystem::dir created 
TRACE::2025-06-12.09:12:37::SCWSystem::Writing the bif 
TRACE::2025-06-12.09:12:37::SCWPlatform::Started writing the spfm file 
TRACE::2025-06-12.09:12:37::SCWPlatform::Started writing the xpfm file 
TRACE::2025-06-12.09:12:37::SCWPlatform::Completed generating the platform
TRACE::2025-06-12.09:12:37::SCWMssOS::Saving the mss changes C:/PXL/devWorks/devWorks2/Examen/ExamenSoC/zynq_fsbl/zynq_fsbl_bsp/system.mss
TRACE::2025-06-12.09:12:37::SCWMssOS::Found a swdesign opened with the mssfile.
TRACE::2025-06-12.09:12:37::SCWMssOS::Completed writemss as part of save.
TRACE::2025-06-12.09:12:37::SCWMssOS::Commit changes completed.
TRACE::2025-06-12.09:12:37::SCWMssOS::Saving the mss changes C:/PXL/devWorks/devWorks2/Examen/ExamenSoC/ps7_cortexa9_0/standalone_ps7_cortexa9_0/bsp/system.mss
TRACE::2025-06-12.09:12:37::SCWMssOS::Found a swdesign opened with the mssfile.
TRACE::2025-06-12.09:12:37::SCWMssOS::Completed writemss as part of save.
TRACE::2025-06-12.09:12:37::SCWMssOS::Commit changes completed.
TRACE::2025-06-12.09:12:37::SCWPlatform::Trying to open the hw design at C:/PXL/devWorks/devWorks2/Examen/ExamenSoC/hw/ExamenSoC.xsa
TRACE::2025-06-12.09:12:37::SCWPlatform::DSA given C:/PXL/devWorks/devWorks2/Examen/ExamenSoC/hw/ExamenSoC.xsa
TRACE::2025-06-12.09:12:37::SCWPlatform::DSA absoulate path C:/PXL/devWorks/devWorks2/Examen/ExamenSoC/hw/ExamenSoC.xsa
TRACE::2025-06-12.09:12:37::SCWPlatform::DSA directory C:/PXL/devWorks/devWorks2/Examen/ExamenSoC/hw
TRACE::2025-06-12.09:12:37::SCWPlatform:: Platform Path C:/PXL/devWorks/devWorks2/Examen/ExamenSoC/hw/ExamenSoC.xsa
TRACE::2025-06-12.09:12:37::SCWPlatform:: Unique name xilinx:pynq-z2::0.0
TRACE::2025-06-12.09:12:37::SCWPlatform::Trying to set the existing hwdb with name design_1_wrapper_0
TRACE::2025-06-12.09:12:37::SCWPlatform::Opened existing hwdb design_1_wrapper_0
TRACE::2025-06-12.09:12:37::SCWPlatform::Found the Hw Db part of the input DSA
TRACE::2025-06-12.09:12:37::SCWMssOS::Checking the sw design at  C:/PXL/devWorks/devWorks2/Examen/ExamenSoC/zynq_fsbl/zynq_fsbl_bsp/system.mss
TRACE::2025-06-12.09:12:37::SCWMssOS::DEBUG:  swdes dump  C:/PXL/devWorks/devWorks2/Examen/ExamenSoC/ps7_cortexa9_0/standalone_ps7_cortexa9_0/bsp/system.mss|system_0||
C:/PXL/devWorks/devWorks2/Examen/ExamenSoC/zynq_fsbl/zynq_fsbl_bsp/system.mss|system||

TRACE::2025-06-12.09:12:37::SCWMssOS::Sw design exists and opened at  C:/PXL/devWorks/devWorks2/Examen/ExamenSoC/zynq_fsbl/zynq_fsbl_bsp/system.mss
TRACE::2025-06-12.09:12:37::SCWPlatform::Trying to open the hw design at C:/PXL/devWorks/devWorks2/Examen/ExamenSoC/hw/ExamenSoC.xsa
TRACE::2025-06-12.09:12:37::SCWPlatform::DSA given C:/PXL/devWorks/devWorks2/Examen/ExamenSoC/hw/ExamenSoC.xsa
TRACE::2025-06-12.09:12:37::SCWPlatform::DSA absoulate path C:/PXL/devWorks/devWorks2/Examen/ExamenSoC/hw/ExamenSoC.xsa
TRACE::2025-06-12.09:12:37::SCWPlatform::DSA directory C:/PXL/devWorks/devWorks2/Examen/ExamenSoC/hw
TRACE::2025-06-12.09:12:37::SCWPlatform:: Platform Path C:/PXL/devWorks/devWorks2/Examen/ExamenSoC/hw/ExamenSoC.xsa
TRACE::2025-06-12.09:12:37::SCWPlatform:: Unique name xilinx:pynq-z2::0.0
TRACE::2025-06-12.09:12:37::SCWPlatform::Trying to set the existing hwdb with name design_1_wrapper_0
TRACE::2025-06-12.09:12:37::SCWPlatform::Opened existing hwdb design_1_wrapper_0
TRACE::2025-06-12.09:12:37::SCWPlatform::Found the Hw Db part of the input DSA
TRACE::2025-06-12.09:12:37::SCWMssOS::Checking the sw design at  C:/PXL/devWorks/devWorks2/Examen/ExamenSoC/zynq_fsbl/zynq_fsbl_bsp/system.mss
TRACE::2025-06-12.09:12:37::SCWMssOS::DEBUG:  swdes dump  C:/PXL/devWorks/devWorks2/Examen/ExamenSoC/ps7_cortexa9_0/standalone_ps7_cortexa9_0/bsp/system.mss|system_0||
C:/PXL/devWorks/devWorks2/Examen/ExamenSoC/zynq_fsbl/zynq_fsbl_bsp/system.mss|system||

TRACE::2025-06-12.09:12:37::SCWMssOS::Sw design exists and opened at  C:/PXL/devWorks/devWorks2/Examen/ExamenSoC/zynq_fsbl/zynq_fsbl_bsp/system.mss
TRACE::2025-06-12.09:12:37::SCWPlatform::Trying to open the hw design at C:/PXL/devWorks/devWorks2/Examen/ExamenSoC/hw/ExamenSoC.xsa
TRACE::2025-06-12.09:12:37::SCWPlatform::DSA given C:/PXL/devWorks/devWorks2/Examen/ExamenSoC/hw/ExamenSoC.xsa
TRACE::2025-06-12.09:12:37::SCWPlatform::DSA absoulate path C:/PXL/devWorks/devWorks2/Examen/ExamenSoC/hw/ExamenSoC.xsa
TRACE::2025-06-12.09:12:37::SCWPlatform::DSA directory C:/PXL/devWorks/devWorks2/Examen/ExamenSoC/hw
TRACE::2025-06-12.09:12:37::SCWPlatform:: Platform Path C:/PXL/devWorks/devWorks2/Examen/ExamenSoC/hw/ExamenSoC.xsa
TRACE::2025-06-12.09:12:37::SCWPlatform:: Unique name xilinx:pynq-z2::0.0
TRACE::2025-06-12.09:12:37::SCWPlatform::Trying to set the existing hwdb with name design_1_wrapper_0
TRACE::2025-06-12.09:12:37::SCWPlatform::Opened existing hwdb design_1_wrapper_0
TRACE::2025-06-12.09:12:37::SCWPlatform::Found the Hw Db part of the input DSA
TRACE::2025-06-12.09:12:37::SCWMssOS::Checking the sw design at  C:/PXL/devWorks/devWorks2/Examen/ExamenSoC/zynq_fsbl/zynq_fsbl_bsp/system.mss
TRACE::2025-06-12.09:12:37::SCWMssOS::DEBUG:  swdes dump  C:/PXL/devWorks/devWorks2/Examen/ExamenSoC/ps7_cortexa9_0/standalone_ps7_cortexa9_0/bsp/system.mss|system_0||
C:/PXL/devWorks/devWorks2/Examen/ExamenSoC/zynq_fsbl/zynq_fsbl_bsp/system.mss|system||

TRACE::2025-06-12.09:12:37::SCWMssOS::Sw design exists and opened at  C:/PXL/devWorks/devWorks2/Examen/ExamenSoC/zynq_fsbl/zynq_fsbl_bsp/system.mss
TRACE::2025-06-12.09:12:37::SCWPlatform::Trying to open the hw design at C:/PXL/devWorks/devWorks2/Examen/ExamenSoC/hw/ExamenSoC.xsa
TRACE::2025-06-12.09:12:37::SCWPlatform::DSA given C:/PXL/devWorks/devWorks2/Examen/ExamenSoC/hw/ExamenSoC.xsa
TRACE::2025-06-12.09:12:37::SCWPlatform::DSA absoulate path C:/PXL/devWorks/devWorks2/Examen/ExamenSoC/hw/ExamenSoC.xsa
TRACE::2025-06-12.09:12:37::SCWPlatform::DSA directory C:/PXL/devWorks/devWorks2/Examen/ExamenSoC/hw
TRACE::2025-06-12.09:12:37::SCWPlatform:: Platform Path C:/PXL/devWorks/devWorks2/Examen/ExamenSoC/hw/ExamenSoC.xsa
TRACE::2025-06-12.09:12:37::SCWPlatform:: Unique name xilinx:pynq-z2::0.0
TRACE::2025-06-12.09:12:37::SCWPlatform::Trying to set the existing hwdb with name design_1_wrapper_0
TRACE::2025-06-12.09:12:37::SCWPlatform::Opened existing hwdb design_1_wrapper_0
TRACE::2025-06-12.09:12:37::SCWPlatform::Found the Hw Db part of the input DSA
TRACE::2025-06-12.09:12:37::SCWMssOS::Checking the sw design at  C:/PXL/devWorks/devWorks2/Examen/ExamenSoC/ps7_cortexa9_0/standalone_ps7_cortexa9_0/bsp/system.mss
TRACE::2025-06-12.09:12:37::SCWMssOS::DEBUG:  swdes dump  C:/PXL/devWorks/devWorks2/Examen/ExamenSoC/ps7_cortexa9_0/standalone_ps7_cortexa9_0/bsp/system.mss|system_0||
C:/PXL/devWorks/devWorks2/Examen/ExamenSoC/zynq_fsbl/zynq_fsbl_bsp/system.mss|system||

TRACE::2025-06-12.09:12:37::SCWMssOS::Sw design exists and opened at  C:/PXL/devWorks/devWorks2/Examen/ExamenSoC/ps7_cortexa9_0/standalone_ps7_cortexa9_0/bsp/system.mss
TRACE::2025-06-12.09:12:37::SCWPlatform::Trying to open the hw design at C:/PXL/devWorks/devWorks2/Examen/ExamenSoC/hw/ExamenSoC.xsa
TRACE::2025-06-12.09:12:37::SCWPlatform::DSA given C:/PXL/devWorks/devWorks2/Examen/ExamenSoC/hw/ExamenSoC.xsa
TRACE::2025-06-12.09:12:37::SCWPlatform::DSA absoulate path C:/PXL/devWorks/devWorks2/Examen/ExamenSoC/hw/ExamenSoC.xsa
TRACE::2025-06-12.09:12:37::SCWPlatform::DSA directory C:/PXL/devWorks/devWorks2/Examen/ExamenSoC/hw
TRACE::2025-06-12.09:12:37::SCWPlatform:: Platform Path C:/PXL/devWorks/devWorks2/Examen/ExamenSoC/hw/ExamenSoC.xsa
TRACE::2025-06-12.09:12:37::SCWPlatform:: Unique name xilinx:pynq-z2::0.0
TRACE::2025-06-12.09:12:37::SCWPlatform::Trying to set the existing hwdb with name design_1_wrapper_0
TRACE::2025-06-12.09:12:37::SCWPlatform::Opened existing hwdb design_1_wrapper_0
TRACE::2025-06-12.09:12:37::SCWPlatform::Found the Hw Db part of the input DSA
TRACE::2025-06-12.09:12:37::SCWMssOS::Checking the sw design at  C:/PXL/devWorks/devWorks2/Examen/ExamenSoC/ps7_cortexa9_0/standalone_ps7_cortexa9_0/bsp/system.mss
TRACE::2025-06-12.09:12:37::SCWMssOS::DEBUG:  swdes dump  C:/PXL/devWorks/devWorks2/Examen/ExamenSoC/ps7_cortexa9_0/standalone_ps7_cortexa9_0/bsp/system.mss|system_0||
C:/PXL/devWorks/devWorks2/Examen/ExamenSoC/zynq_fsbl/zynq_fsbl_bsp/system.mss|system||

TRACE::2025-06-12.09:12:37::SCWMssOS::Sw design exists and opened at  C:/PXL/devWorks/devWorks2/Examen/ExamenSoC/ps7_cortexa9_0/standalone_ps7_cortexa9_0/bsp/system.mss
TRACE::2025-06-12.09:12:37::SCWPlatform::Trying to open the hw design at C:/PXL/devWorks/devWorks2/Examen/ExamenSoC/hw/ExamenSoC.xsa
TRACE::2025-06-12.09:12:37::SCWPlatform::DSA given C:/PXL/devWorks/devWorks2/Examen/ExamenSoC/hw/ExamenSoC.xsa
TRACE::2025-06-12.09:12:37::SCWPlatform::DSA absoulate path C:/PXL/devWorks/devWorks2/Examen/ExamenSoC/hw/ExamenSoC.xsa
TRACE::2025-06-12.09:12:37::SCWPlatform::DSA directory C:/PXL/devWorks/devWorks2/Examen/ExamenSoC/hw
TRACE::2025-06-12.09:12:37::SCWPlatform:: Platform Path C:/PXL/devWorks/devWorks2/Examen/ExamenSoC/hw/ExamenSoC.xsa
TRACE::2025-06-12.09:12:37::SCWPlatform:: Unique name xilinx:pynq-z2::0.0
TRACE::2025-06-12.09:12:37::SCWPlatform::Trying to set the existing hwdb with name design_1_wrapper_0
TRACE::2025-06-12.09:12:37::SCWPlatform::Opened existing hwdb design_1_wrapper_0
TRACE::2025-06-12.09:12:37::SCWPlatform::Found the Hw Db part of the input DSA
TRACE::2025-06-12.09:12:37::SCWMssOS::Checking the sw design at  C:/PXL/devWorks/devWorks2/Examen/ExamenSoC/ps7_cortexa9_0/standalone_ps7_cortexa9_0/bsp/system.mss
TRACE::2025-06-12.09:12:37::SCWMssOS::DEBUG:  swdes dump  C:/PXL/devWorks/devWorks2/Examen/ExamenSoC/ps7_cortexa9_0/standalone_ps7_cortexa9_0/bsp/system.mss|system_0||
C:/PXL/devWorks/devWorks2/Examen/ExamenSoC/zynq_fsbl/zynq_fsbl_bsp/system.mss|system||

TRACE::2025-06-12.09:12:37::SCWMssOS::Sw design exists and opened at  C:/PXL/devWorks/devWorks2/Examen/ExamenSoC/ps7_cortexa9_0/standalone_ps7_cortexa9_0/bsp/system.mss
TRACE::2025-06-12.09:12:37::SCWWriter::formatted JSON is {
	"platformName":	"ExamenSoC",
	"sprVersion":	"2.0",
	"mode":	"gui",
	"dsaType":	"Fixed",
	"platformDesc":	"ExamenSoC",
	"platHandOff":	"<platformDir>.xsa",
	"platIntHandOff":	"<platformDir>/hw/ExamenSoC.xsa",
	"deviceType":	"zynq",
	"platIsPrebuiltAutogen":	"false",
	"platIsNoBootBsp":	"false",
	"platFsblTarget":	"ps7_cortexa9_0",
	"hasFsblMakeHasChanges":	"false",
	"hasPmufwMakeHasChanges":	"false",
	"fsblExtraCompilerFlags":	"-MMD -MP       -mcpu=cortex-a9 -mfpu=vfpv3 -mfloat-abi=hard ",
	"platPreBuiltFlag":	false,
	"platformSamplesDir":	"",
	"platActiveSys":	"ExamenSoC",
	"systems":	[{
			"systemName":	"ExamenSoC",
			"systemDesc":	"ExamenSoC",
			"sysIsBootAutoGen":	"true",
			"systemDispName":	"ExamenSoC",
			"sysActiveDom":	"standalone_ps7_cortexa9_0",
			"sysDefaultDom":	"standalone_ps7_cortexa9_0",
			"domains":	[{
					"domainName":	"zynq_fsbl",
					"domainDispName":	"zynq_fsbl",
					"domainDesc":	"FSBL Application BSP - Auto Generated.",
					"processors":	"ps7_cortexa9_0",
					"os":	"standalone",
					"sdxOs":	"standalone",
					"debugEnable":	"",
					"domRuntimes":	["cpp"],
					"swRepo":	"",
					"mssOsVer":	"9.1",
					"mssFile":	"",
					"md5Digest":	"3401672d81d6210691b472c6ff9ee9be",
					"compatibleApp":	"zynq_fsbl",
					"domType":	"bootDomain",
					"arch":	"32-bit",
					"appSettings":	{
						"appCompilerFlags":	"",
						"appLinkerFlags":	""
					},
					"addedLibs":	["xilffs:5.2", "xilrsa:1.8"],
					"libOptions":	{
						"libsContainingOptions":	[]
					},
					"prebuiltLibs":	{
						"prebuiltIncPath":	[],
						"prebuiltLibPath":	[]
					},
					"isolation":	{
					}
				}, {
					"domainName":	"standalone_ps7_cortexa9_0",
					"domainDispName":	"standalone_ps7_cortexa9_0",
					"domainDesc":	"standalone_ps7_cortexa9_0",
					"processors":	"ps7_cortexa9_0",
					"os":	"standalone",
					"sdxOs":	"standalone",
					"qemuArgs":	"<platformDir>/resources/ExamenSoC/standalone_ps7_cortexa9_0/qemu_args.txt",
					"qemuData":	"<platformDir>/resources/ExamenSoC/standalone_ps7_cortexa9_0/qemu",
					"debugEnable":	"False",
					"domRuntimes":	["cpp"],
					"swRepo":	"",
					"mssOsVer":	"9.1",
					"mssFile":	"",
					"md5Digest":	"e4264f13f6f975fc1ff0f2657f1d074f",
					"compatibleApp":	"hello_world",
					"domType":	"mssDomain",
					"arch":	"32-bit",
					"appSettings":	{
						"appCompilerFlags":	"",
						"appLinkerFlags":	""
					},
					"addedLibs":	[],
					"libOptions":	{
						"libsContainingOptions":	[]
					},
					"prebuiltLibs":	{
						"prebuiltIncPath":	[],
						"prebuiltLibPath":	[]
					},
					"isolation":	{
					}
				}]
		}]
}
KEYINFO::2025-06-12.09:12:37::SCWPlatform::updated the xpfm file.
LOG::2025-06-12.09:14:07::SCWPlatform::Started generating the artifacts platform ExamenSoC
TRACE::2025-06-12.09:14:07::SCWPlatform::Sanity checking of platform is completed
LOG::2025-06-12.09:14:07::SCWPlatform::Started generating the artifacts for system configuration ExamenSoC
LOG::2025-06-12.09:14:07::SCWSystem::Checking the domain zynq_fsbl
LOG::2025-06-12.09:14:07::SCWSystem::Doing application build for :  zynq_fsbl
TRACE::2025-06-12.09:14:07::SCWBDomain::Not a forced makefile updation, No changes are present. 
TRACE::2025-06-12.09:14:07::SCWDomain::Building the domain as part of full build :  zynq_fsbl
TRACE::2025-06-12.09:14:07::SCWPlatform::Trying to open the hw design at C:/PXL/devWorks/devWorks2/Examen/ExamenSoC/hw/ExamenSoC.xsa
TRACE::2025-06-12.09:14:07::SCWPlatform::DSA given C:/PXL/devWorks/devWorks2/Examen/ExamenSoC/hw/ExamenSoC.xsa
TRACE::2025-06-12.09:14:07::SCWPlatform::DSA absoulate path C:/PXL/devWorks/devWorks2/Examen/ExamenSoC/hw/ExamenSoC.xsa
TRACE::2025-06-12.09:14:07::SCWPlatform::DSA directory C:/PXL/devWorks/devWorks2/Examen/ExamenSoC/hw
TRACE::2025-06-12.09:14:07::SCWPlatform:: Platform Path C:/PXL/devWorks/devWorks2/Examen/ExamenSoC/hw/ExamenSoC.xsa
TRACE::2025-06-12.09:14:07::SCWPlatform:: Unique name xilinx:pynq-z2::0.0
TRACE::2025-06-12.09:14:07::SCWPlatform::Trying to set the existing hwdb with name design_1_wrapper_0
TRACE::2025-06-12.09:14:07::SCWPlatform::Opened existing hwdb design_1_wrapper_0
TRACE::2025-06-12.09:14:07::SCWPlatform::Found the Hw Db part of the input DSA
TRACE::2025-06-12.09:14:07::SCWMssOS::Checking the sw design at  C:/PXL/devWorks/devWorks2/Examen/ExamenSoC/zynq_fsbl/zynq_fsbl_bsp/system.mss
TRACE::2025-06-12.09:14:07::SCWMssOS::DEBUG:  swdes dump  C:/PXL/devWorks/devWorks2/Examen/ExamenSoC/ps7_cortexa9_0/standalone_ps7_cortexa9_0/bsp/system.mss|system_0||
C:/PXL/devWorks/devWorks2/Examen/ExamenSoC/zynq_fsbl/zynq_fsbl_bsp/system.mss|system||

TRACE::2025-06-12.09:14:07::SCWMssOS::Sw design exists and opened at  C:/PXL/devWorks/devWorks2/Examen/ExamenSoC/zynq_fsbl/zynq_fsbl_bsp/system.mss
TRACE::2025-06-12.09:14:07::SCWBDomain::Completed writing the mss file at C:/PXL/devWorks/devWorks2/Examen/ExamenSoC/zynq_fsbl/zynq_fsbl_bsp
TRACE::2025-06-12.09:14:07::SCWBDomain::bsp generated is upto date with the mss file. Skipping bsp generation.
TRACE::2025-06-12.09:14:07::SCWBDomain::Not a forced makefile updation, No changes are present. 
TRACE::2025-06-12.09:14:07::SCWBDomain::System Command Ran  C:&  cd  C:/PXL/devWorks/devWorks2/Examen/ExamenSoC/zynq_fsbl& make -C  zynq_fsbl_bsp & make 
TRACE::2025-06-12.09:14:08::SCWBDomain::make: Entering directory 'C:/PXL/devWorks/devWorks2/Examen/ExamenSoC/zynq_fsbl/zynq_fsbl_bsp'

TRACE::2025-06-12.09:14:08::SCWBDomain::make --no-print-directory seq_libs

TRACE::2025-06-12.09:14:08::SCWBDomain::"Running Make include in ps7_cortexa9_0/libsrc/AXI_NeoPixel_v1_0/src"

TRACE::2025-06-12.09:14:08::SCWBDomain::make -C ps7_cortexa9_0/libsrc/AXI_NeoPixel_v1_0/src -s include  "SHELL=CMD" "COMPILER=arm-none-eabi-gcc" "ASSEMBLER=arm-none-ea
TRACE::2025-06-12.09:14:08::SCWBDomain::bi-as" "ARCHIVER=arm-none-eabi-ar" "COMPILER_FLAGS=  -O2 -c" "EXTRA_COMPILER_FLAGS=-mcpu=cortex-a9 -mfpu=vfpv3 -mfloat-abi=hard
TRACE::2025-06-12.09:14:08::SCWBDomain:: -nostartfiles -g -Wall -Wextra -fno-tree-loop-distribute-patterns"

TRACE::2025-06-12.09:14:08::SCWBDomain::"Running Make include in ps7_cortexa9_0/libsrc/coresightps_dcc_v1_10/src"

TRACE::2025-06-12.09:14:08::SCWBDomain::make -C ps7_cortexa9_0/libsrc/coresightps_dcc_v1_10/src -s include  "SHELL=CMD" "COMPILER=arm-none-eabi-gcc" "ASSEMBLER=arm-non
TRACE::2025-06-12.09:14:08::SCWBDomain::e-eabi-as" "ARCHIVER=arm-none-eabi-ar" "COMPILER_FLAGS=  -O2 -c" "EXTRA_COMPILER_FLAGS=-mcpu=cortex-a9 -mfpu=vfpv3 -mfloat-abi=
TRACE::2025-06-12.09:14:08::SCWBDomain::hard -nostartfiles -g -Wall -Wextra -fno-tree-loop-distribute-patterns"

TRACE::2025-06-12.09:14:08::SCWBDomain::"Running Make include in ps7_cortexa9_0/libsrc/cpu_cortexa9_v2_12/src"

TRACE::2025-06-12.09:14:08::SCWBDomain::make -C ps7_cortexa9_0/libsrc/cpu_cortexa9_v2_12/src -s include  "SHELL=CMD" "COMPILER=arm-none-eabi-gcc" "ASSEMBLER=arm-none-e
TRACE::2025-06-12.09:14:08::SCWBDomain::abi-as" "ARCHIVER=arm-none-eabi-ar" "COMPILER_FLAGS=  -O2 -c" "EXTRA_COMPILER_FLAGS=-mcpu=cortex-a9 -mfpu=vfpv3 -mfloat-abi=har
TRACE::2025-06-12.09:14:08::SCWBDomain::d -nostartfiles -g -Wall -Wextra -fno-tree-loop-distribute-patterns"

TRACE::2025-06-12.09:14:08::SCWBDomain::"Running Make include in ps7_cortexa9_0/libsrc/ddrps_v1_2/src"

TRACE::2025-06-12.09:14:08::SCWBDomain::make -C ps7_cortexa9_0/libsrc/ddrps_v1_2/src -s include  "SHELL=CMD" "COMPILER=arm-none-eabi-gcc" "ASSEMBLER=arm-none-eabi-as" 
TRACE::2025-06-12.09:14:08::SCWBDomain::"ARCHIVER=arm-none-eabi-ar" "COMPILER_FLAGS=  -O2 -c" "EXTRA_COMPILER_FLAGS=-mcpu=cortex-a9 -mfpu=vfpv3 -mfloat-abi=hard -nosta
TRACE::2025-06-12.09:14:08::SCWBDomain::rtfiles -g -Wall -Wextra -fno-tree-loop-distribute-patterns"

TRACE::2025-06-12.09:14:08::SCWBDomain::"Running Make include in ps7_cortexa9_0/libsrc/devcfg_v3_8/src"

TRACE::2025-06-12.09:14:08::SCWBDomain::make -C ps7_cortexa9_0/libsrc/devcfg_v3_8/src -s include  "SHELL=CMD" "COMPILER=arm-none-eabi-gcc" "ASSEMBLER=arm-none-eabi-as"
TRACE::2025-06-12.09:14:08::SCWBDomain:: "ARCHIVER=arm-none-eabi-ar" "COMPILER_FLAGS=  -O2 -c" "EXTRA_COMPILER_FLAGS=-mcpu=cortex-a9 -mfpu=vfpv3 -mfloat-abi=hard -nost
TRACE::2025-06-12.09:14:08::SCWBDomain::artfiles -g -Wall -Wextra -fno-tree-loop-distribute-patterns"

TRACE::2025-06-12.09:14:08::SCWBDomain::"Running Make include in ps7_cortexa9_0/libsrc/dmaps_v2_10/src"

TRACE::2025-06-12.09:14:08::SCWBDomain::make -C ps7_cortexa9_0/libsrc/dmaps_v2_10/src -s include  "SHELL=CMD" "COMPILER=arm-none-eabi-gcc" "ASSEMBLER=arm-none-eabi-as"
TRACE::2025-06-12.09:14:08::SCWBDomain:: "ARCHIVER=arm-none-eabi-ar" "COMPILER_FLAGS=  -O2 -c" "EXTRA_COMPILER_FLAGS=-mcpu=cortex-a9 -mfpu=vfpv3 -mfloat-abi=hard -nost
TRACE::2025-06-12.09:14:08::SCWBDomain::artfiles -g -Wall -Wextra -fno-tree-loop-distribute-patterns"

TRACE::2025-06-12.09:14:08::SCWBDomain::"Running Make include in ps7_cortexa9_0/libsrc/emacps_v3_20/src"

TRACE::2025-06-12.09:14:08::SCWBDomain::make -C ps7_cortexa9_0/libsrc/emacps_v3_20/src -s include  "SHELL=CMD" "COMPILER=arm-none-eabi-gcc" "ASSEMBLER=arm-none-eabi-as
TRACE::2025-06-12.09:14:08::SCWBDomain::" "ARCHIVER=arm-none-eabi-ar" "COMPILER_FLAGS=  -O2 -c" "EXTRA_COMPILER_FLAGS=-mcpu=cortex-a9 -mfpu=vfpv3 -mfloat-abi=hard -nos
TRACE::2025-06-12.09:14:08::SCWBDomain::tartfiles -g -Wall -Wextra -fno-tree-loop-distribute-patterns"

TRACE::2025-06-12.09:14:08::SCWBDomain::"Running Make include in ps7_cortexa9_0/libsrc/gpiops_v3_13/src"

TRACE::2025-06-12.09:14:08::SCWBDomain::make -C ps7_cortexa9_0/libsrc/gpiops_v3_13/src -s include  "SHELL=CMD" "COMPILER=arm-none-eabi-gcc" "ASSEMBLER=arm-none-eabi-as
TRACE::2025-06-12.09:14:08::SCWBDomain::" "ARCHIVER=arm-none-eabi-ar" "COMPILER_FLAGS=  -O2 -c" "EXTRA_COMPILER_FLAGS=-mcpu=cortex-a9 -mfpu=vfpv3 -mfloat-abi=hard -nos
TRACE::2025-06-12.09:14:08::SCWBDomain::tartfiles -g -Wall -Wextra -fno-tree-loop-distribute-patterns"

TRACE::2025-06-12.09:14:08::SCWBDomain::"Running Make include in ps7_cortexa9_0/libsrc/gpio_v4_11/src"

TRACE::2025-06-12.09:14:08::SCWBDomain::make -C ps7_cortexa9_0/libsrc/gpio_v4_11/src -s include  "SHELL=CMD" "COMPILER=arm-none-eabi-gcc" "ASSEMBLER=arm-none-eabi-as" 
TRACE::2025-06-12.09:14:08::SCWBDomain::"ARCHIVER=arm-none-eabi-ar" "COMPILER_FLAGS=  -O2 -c" "EXTRA_COMPILER_FLAGS=-mcpu=cortex-a9 -mfpu=vfpv3 -mfloat-abi=hard -nosta
TRACE::2025-06-12.09:14:08::SCWBDomain::rtfiles -g -Wall -Wextra -fno-tree-loop-distribute-patterns"

TRACE::2025-06-12.09:14:09::SCWBDomain::"Running Make include in ps7_cortexa9_0/libsrc/qspips_v3_12/src"

TRACE::2025-06-12.09:14:09::SCWBDomain::make -C ps7_cortexa9_0/libsrc/qspips_v3_12/src -s include  "SHELL=CMD" "COMPILER=arm-none-eabi-gcc" "ASSEMBLER=arm-none-eabi-as
TRACE::2025-06-12.09:14:09::SCWBDomain::" "ARCHIVER=arm-none-eabi-ar" "COMPILER_FLAGS=  -O2 -c" "EXTRA_COMPILER_FLAGS=-mcpu=cortex-a9 -mfpu=vfpv3 -mfloat-abi=hard -nos
TRACE::2025-06-12.09:14:09::SCWBDomain::tartfiles -g -Wall -Wextra -fno-tree-loop-distribute-patterns"

TRACE::2025-06-12.09:14:09::SCWBDomain::"Running Make include in ps7_cortexa9_0/libsrc/scugic_v5_3/src"

TRACE::2025-06-12.09:14:09::SCWBDomain::make -C ps7_cortexa9_0/libsrc/scugic_v5_3/src -s include  "SHELL=CMD" "COMPILER=arm-none-eabi-gcc" "ASSEMBLER=arm-none-eabi-as"
TRACE::2025-06-12.09:14:09::SCWBDomain:: "ARCHIVER=arm-none-eabi-ar" "COMPILER_FLAGS=  -O2 -c" "EXTRA_COMPILER_FLAGS=-mcpu=cortex-a9 -mfpu=vfpv3 -mfloat-abi=hard -nost
TRACE::2025-06-12.09:14:09::SCWBDomain::artfiles -g -Wall -Wextra -fno-tree-loop-distribute-patterns"

TRACE::2025-06-12.09:14:09::SCWBDomain::"Running Make include in ps7_cortexa9_0/libsrc/scutimer_v2_6/src"

TRACE::2025-06-12.09:14:09::SCWBDomain::make -C ps7_cortexa9_0/libsrc/scutimer_v2_6/src -s include  "SHELL=CMD" "COMPILER=arm-none-eabi-gcc" "ASSEMBLER=arm-none-eabi-a
TRACE::2025-06-12.09:14:09::SCWBDomain::s" "ARCHIVER=arm-none-eabi-ar" "COMPILER_FLAGS=  -O2 -c" "EXTRA_COMPILER_FLAGS=-mcpu=cortex-a9 -mfpu=vfpv3 -mfloat-abi=hard -no
TRACE::2025-06-12.09:14:09::SCWBDomain::startfiles -g -Wall -Wextra -fno-tree-loop-distribute-patterns"

TRACE::2025-06-12.09:14:09::SCWBDomain::"Running Make include in ps7_cortexa9_0/libsrc/scuwdt_v2_5/src"

TRACE::2025-06-12.09:14:09::SCWBDomain::make -C ps7_cortexa9_0/libsrc/scuwdt_v2_5/src -s include  "SHELL=CMD" "COMPILER=arm-none-eabi-gcc" "ASSEMBLER=arm-none-eabi-as"
TRACE::2025-06-12.09:14:09::SCWBDomain:: "ARCHIVER=arm-none-eabi-ar" "COMPILER_FLAGS=  -O2 -c" "EXTRA_COMPILER_FLAGS=-mcpu=cortex-a9 -mfpu=vfpv3 -mfloat-abi=hard -nost
TRACE::2025-06-12.09:14:09::SCWBDomain::artfiles -g -Wall -Wextra -fno-tree-loop-distribute-patterns"

TRACE::2025-06-12.09:14:09::SCWBDomain::"Running Make include in ps7_cortexa9_0/libsrc/sdps_v4_3/src"

TRACE::2025-06-12.09:14:09::SCWBDomain::make -C ps7_cortexa9_0/libsrc/sdps_v4_3/src -s include  "SHELL=CMD" "COMPILER=arm-none-eabi-gcc" "ASSEMBLER=arm-none-eabi-as" "
TRACE::2025-06-12.09:14:09::SCWBDomain::ARCHIVER=arm-none-eabi-ar" "COMPILER_FLAGS=  -O2 -c" "EXTRA_COMPILER_FLAGS=-mcpu=cortex-a9 -mfpu=vfpv3 -mfloat-abi=hard -nostar
TRACE::2025-06-12.09:14:09::SCWBDomain::tfiles -g -Wall -Wextra -fno-tree-loop-distribute-patterns"

TRACE::2025-06-12.09:14:09::SCWBDomain::"Running Make include in ps7_cortexa9_0/libsrc/standalone_v9_1/src"

TRACE::2025-06-12.09:14:09::SCWBDomain::make -C ps7_cortexa9_0/libsrc/standalone_v9_1/src -s include  "SHELL=CMD" "COMPILER=arm-none-eabi-gcc" "ASSEMBLER=arm-none-eabi
TRACE::2025-06-12.09:14:09::SCWBDomain::-as" "ARCHIVER=arm-none-eabi-ar" "COMPILER_FLAGS=  -O2 -c" "EXTRA_COMPILER_FLAGS=-mcpu=cortex-a9 -mfpu=vfpv3 -mfloat-abi=hard -
TRACE::2025-06-12.09:14:09::SCWBDomain::nostartfiles -g -Wall -Wextra -fno-tree-loop-distribute-patterns"

TRACE::2025-06-12.09:14:10::SCWBDomain::"Running Make include in ps7_cortexa9_0/libsrc/uartps_v3_14/src"

TRACE::2025-06-12.09:14:10::SCWBDomain::make -C ps7_cortexa9_0/libsrc/uartps_v3_14/src -s include  "SHELL=CMD" "COMPILER=arm-none-eabi-gcc" "ASSEMBLER=arm-none-eabi-as
TRACE::2025-06-12.09:14:10::SCWBDomain::" "ARCHIVER=arm-none-eabi-ar" "COMPILER_FLAGS=  -O2 -c" "EXTRA_COMPILER_FLAGS=-mcpu=cortex-a9 -mfpu=vfpv3 -mfloat-abi=hard -nos
TRACE::2025-06-12.09:14:10::SCWBDomain::tartfiles -g -Wall -Wextra -fno-tree-loop-distribute-patterns"

TRACE::2025-06-12.09:14:10::SCWBDomain::"Running Make include in ps7_cortexa9_0/libsrc/usbps_v2_9/src"

TRACE::2025-06-12.09:14:10::SCWBDomain::make -C ps7_cortexa9_0/libsrc/usbps_v2_9/src -s include  "SHELL=CMD" "COMPILER=arm-none-eabi-gcc" "ASSEMBLER=arm-none-eabi-as" 
TRACE::2025-06-12.09:14:10::SCWBDomain::"ARCHIVER=arm-none-eabi-ar" "COMPILER_FLAGS=  -O2 -c" "EXTRA_COMPILER_FLAGS=-mcpu=cortex-a9 -mfpu=vfpv3 -mfloat-abi=hard -nosta
TRACE::2025-06-12.09:14:10::SCWBDomain::rtfiles -g -Wall -Wextra -fno-tree-loop-distribute-patterns"

TRACE::2025-06-12.09:14:10::SCWBDomain::"Running Make include in ps7_cortexa9_0/libsrc/xadcps_v2_7/src"

TRACE::2025-06-12.09:14:10::SCWBDomain::make -C ps7_cortexa9_0/libsrc/xadcps_v2_7/src -s include  "SHELL=CMD" "COMPILER=arm-none-eabi-gcc" "ASSEMBLER=arm-none-eabi-as"
TRACE::2025-06-12.09:14:10::SCWBDomain:: "ARCHIVER=arm-none-eabi-ar" "COMPILER_FLAGS=  -O2 -c" "EXTRA_COMPILER_FLAGS=-mcpu=cortex-a9 -mfpu=vfpv3 -mfloat-abi=hard -nost
TRACE::2025-06-12.09:14:10::SCWBDomain::artfiles -g -Wall -Wextra -fno-tree-loop-distribute-patterns"

TRACE::2025-06-12.09:14:10::SCWBDomain::"Running Make include in ps7_cortexa9_0/libsrc/xilffs_v5_2/src"

TRACE::2025-06-12.09:14:10::SCWBDomain::make -C ps7_cortexa9_0/libsrc/xilffs_v5_2/src -s include  "SHELL=CMD" "COMPILER=arm-none-eabi-gcc" "ASSEMBLER=arm-none-eabi-as"
TRACE::2025-06-12.09:14:10::SCWBDomain:: "ARCHIVER=arm-none-eabi-ar" "COMPILER_FLAGS=  -O2 -c" "EXTRA_COMPILER_FLAGS=-mcpu=cortex-a9 -mfpu=vfpv3 -mfloat-abi=hard -nost
TRACE::2025-06-12.09:14:10::SCWBDomain::artfiles -g -Wall -Wextra -fno-tree-loop-distribute-patterns"

TRACE::2025-06-12.09:14:11::SCWBDomain::"Running Make include in ps7_cortexa9_0/libsrc/xilrsa_v1_8/src"

TRACE::2025-06-12.09:14:11::SCWBDomain::make -C ps7_cortexa9_0/libsrc/xilrsa_v1_8/src -s include  "SHELL=CMD" "COMPILER=arm-none-eabi-gcc" "ASSEMBLER=arm-none-eabi-as"
TRACE::2025-06-12.09:14:11::SCWBDomain:: "ARCHIVER=arm-none-eabi-ar" "COMPILER_FLAGS=  -O2 -c" "EXTRA_COMPILER_FLAGS=-mcpu=cortex-a9 -mfpu=vfpv3 -mfloat-abi=hard -nost
TRACE::2025-06-12.09:14:11::SCWBDomain::artfiles -g -Wall -Wextra -fno-tree-loop-distribute-patterns"

TRACE::2025-06-12.09:14:11::SCWBDomain::"Running Make libs in ps7_cortexa9_0/libsrc/AXI_NeoPixel_v1_0/src"

TRACE::2025-06-12.09:14:11::SCWBDomain::make -C ps7_cortexa9_0/libsrc/AXI_NeoPixel_v1_0/src -s libs  "SHELL=CMD" "COMPILER=arm-none-eabi-gcc" "ASSEMBLER=arm-none-eabi-
TRACE::2025-06-12.09:14:11::SCWBDomain::as" "ARCHIVER=arm-none-eabi-ar" "COMPILER_FLAGS=  -O2 -c" "EXTRA_COMPILER_FLAGS=-mcpu=cortex-a9 -mfpu=vfpv3 -mfloat-abi=hard -n
TRACE::2025-06-12.09:14:11::SCWBDomain::ostartfiles -g -Wall -Wextra -fno-tree-loop-distribute-patterns"

TRACE::2025-06-12.09:14:11::SCWBDomain::"Compiling AXI_NeoPixel..."

TRACE::2025-06-12.09:14:11::SCWBDomain::make: Leaving directory 'C:/PXL/devWorks/devWorks2/Examen/ExamenSoC/zynq_fsbl/zynq_fsbl_bsp'

TRACE::2025-06-12.09:14:11::SCWBDomain::make -C zynq_fsbl_bsp

TRACE::2025-06-12.09:14:11::SCWBDomain::make[1]: Entering directory 'C:/PXL/devWorks/devWorks2/Examen/ExamenSoC/zynq_fsbl/zynq_fsbl_bsp'

TRACE::2025-06-12.09:14:11::SCWBDomain::make --no-print-directory seq_libs

TRACE::2025-06-12.09:14:11::SCWBDomain::"Running Make include in ps7_cortexa9_0/libsrc/AXI_NeoPixel_v1_0/src"

TRACE::2025-06-12.09:14:11::SCWBDomain::make -C ps7_cortexa9_0/libsrc/AXI_NeoPixel_v1_0/src -s include  "SHELL=CMD" "COMPILER=arm-none-eabi-gcc" "ASSEMBLER=arm-none-ea
TRACE::2025-06-12.09:14:11::SCWBDomain::bi-as" "ARCHIVER=arm-none-eabi-ar" "COMPILER_FLAGS=  -O2 -c" "EXTRA_COMPILER_FLAGS=-mcpu=cortex-a9 -mfpu=vfpv3 -mfloat-abi=hard
TRACE::2025-06-12.09:14:11::SCWBDomain:: -nostartfiles -g -Wall -Wextra -fno-tree-loop-distribute-patterns"

TRACE::2025-06-12.09:14:11::SCWBDomain::"Running Make include in ps7_cortexa9_0/libsrc/coresightps_dcc_v1_10/src"

TRACE::2025-06-12.09:14:11::SCWBDomain::make -C ps7_cortexa9_0/libsrc/coresightps_dcc_v1_10/src -s include  "SHELL=CMD" "COMPILER=arm-none-eabi-gcc" "ASSEMBLER=arm-non
TRACE::2025-06-12.09:14:11::SCWBDomain::e-eabi-as" "ARCHIVER=arm-none-eabi-ar" "COMPILER_FLAGS=  -O2 -c" "EXTRA_COMPILER_FLAGS=-mcpu=cortex-a9 -mfpu=vfpv3 -mfloat-abi=
TRACE::2025-06-12.09:14:11::SCWBDomain::hard -nostartfiles -g -Wall -Wextra -fno-tree-loop-distribute-patterns"

TRACE::2025-06-12.09:14:11::SCWBDomain::"Running Make include in ps7_cortexa9_0/libsrc/cpu_cortexa9_v2_12/src"

TRACE::2025-06-12.09:14:11::SCWBDomain::make -C ps7_cortexa9_0/libsrc/cpu_cortexa9_v2_12/src -s include  "SHELL=CMD" "COMPILER=arm-none-eabi-gcc" "ASSEMBLER=arm-none-e
TRACE::2025-06-12.09:14:11::SCWBDomain::abi-as" "ARCHIVER=arm-none-eabi-ar" "COMPILER_FLAGS=  -O2 -c" "EXTRA_COMPILER_FLAGS=-mcpu=cortex-a9 -mfpu=vfpv3 -mfloat-abi=har
TRACE::2025-06-12.09:14:11::SCWBDomain::d -nostartfiles -g -Wall -Wextra -fno-tree-loop-distribute-patterns"

TRACE::2025-06-12.09:14:11::SCWBDomain::"Running Make include in ps7_cortexa9_0/libsrc/ddrps_v1_2/src"

TRACE::2025-06-12.09:14:11::SCWBDomain::make -C ps7_cortexa9_0/libsrc/ddrps_v1_2/src -s include  "SHELL=CMD" "COMPILER=arm-none-eabi-gcc" "ASSEMBLER=arm-none-eabi-as" 
TRACE::2025-06-12.09:14:11::SCWBDomain::"ARCHIVER=arm-none-eabi-ar" "COMPILER_FLAGS=  -O2 -c" "EXTRA_COMPILER_FLAGS=-mcpu=cortex-a9 -mfpu=vfpv3 -mfloat-abi=hard -nosta
TRACE::2025-06-12.09:14:11::SCWBDomain::rtfiles -g -Wall -Wextra -fno-tree-loop-distribute-patterns"

TRACE::2025-06-12.09:14:11::SCWBDomain::"Running Make include in ps7_cortexa9_0/libsrc/devcfg_v3_8/src"

TRACE::2025-06-12.09:14:11::SCWBDomain::make -C ps7_cortexa9_0/libsrc/devcfg_v3_8/src -s include  "SHELL=CMD" "COMPILER=arm-none-eabi-gcc" "ASSEMBLER=arm-none-eabi-as"
TRACE::2025-06-12.09:14:11::SCWBDomain:: "ARCHIVER=arm-none-eabi-ar" "COMPILER_FLAGS=  -O2 -c" "EXTRA_COMPILER_FLAGS=-mcpu=cortex-a9 -mfpu=vfpv3 -mfloat-abi=hard -nost
TRACE::2025-06-12.09:14:11::SCWBDomain::artfiles -g -Wall -Wextra -fno-tree-loop-distribute-patterns"

TRACE::2025-06-12.09:14:11::SCWBDomain::"Running Make include in ps7_cortexa9_0/libsrc/dmaps_v2_10/src"

TRACE::2025-06-12.09:14:11::SCWBDomain::make -C ps7_cortexa9_0/libsrc/dmaps_v2_10/src -s include  "SHELL=CMD" "COMPILER=arm-none-eabi-gcc" "ASSEMBLER=arm-none-eabi-as"
TRACE::2025-06-12.09:14:11::SCWBDomain:: "ARCHIVER=arm-none-eabi-ar" "COMPILER_FLAGS=  -O2 -c" "EXTRA_COMPILER_FLAGS=-mcpu=cortex-a9 -mfpu=vfpv3 -mfloat-abi=hard -nost
TRACE::2025-06-12.09:14:11::SCWBDomain::artfiles -g -Wall -Wextra -fno-tree-loop-distribute-patterns"

TRACE::2025-06-12.09:14:11::SCWBDomain::"Running Make include in ps7_cortexa9_0/libsrc/emacps_v3_20/src"

TRACE::2025-06-12.09:14:11::SCWBDomain::make -C ps7_cortexa9_0/libsrc/emacps_v3_20/src -s include  "SHELL=CMD" "COMPILER=arm-none-eabi-gcc" "ASSEMBLER=arm-none-eabi-as
TRACE::2025-06-12.09:14:11::SCWBDomain::" "ARCHIVER=arm-none-eabi-ar" "COMPILER_FLAGS=  -O2 -c" "EXTRA_COMPILER_FLAGS=-mcpu=cortex-a9 -mfpu=vfpv3 -mfloat-abi=hard -nos
TRACE::2025-06-12.09:14:11::SCWBDomain::tartfiles -g -Wall -Wextra -fno-tree-loop-distribute-patterns"

TRACE::2025-06-12.09:14:11::SCWBDomain::"Running Make include in ps7_cortexa9_0/libsrc/gpiops_v3_13/src"

TRACE::2025-06-12.09:14:11::SCWBDomain::make -C ps7_cortexa9_0/libsrc/gpiops_v3_13/src -s include  "SHELL=CMD" "COMPILER=arm-none-eabi-gcc" "ASSEMBLER=arm-none-eabi-as
TRACE::2025-06-12.09:14:11::SCWBDomain::" "ARCHIVER=arm-none-eabi-ar" "COMPILER_FLAGS=  -O2 -c" "EXTRA_COMPILER_FLAGS=-mcpu=cortex-a9 -mfpu=vfpv3 -mfloat-abi=hard -nos
TRACE::2025-06-12.09:14:11::SCWBDomain::tartfiles -g -Wall -Wextra -fno-tree-loop-distribute-patterns"

TRACE::2025-06-12.09:14:11::SCWBDomain::"Running Make include in ps7_cortexa9_0/libsrc/gpio_v4_11/src"

TRACE::2025-06-12.09:14:11::SCWBDomain::make -C ps7_cortexa9_0/libsrc/gpio_v4_11/src -s include  "SHELL=CMD" "COMPILER=arm-none-eabi-gcc" "ASSEMBLER=arm-none-eabi-as" 
TRACE::2025-06-12.09:14:11::SCWBDomain::"ARCHIVER=arm-none-eabi-ar" "COMPILER_FLAGS=  -O2 -c" "EXTRA_COMPILER_FLAGS=-mcpu=cortex-a9 -mfpu=vfpv3 -mfloat-abi=hard -nosta
TRACE::2025-06-12.09:14:11::SCWBDomain::rtfiles -g -Wall -Wextra -fno-tree-loop-distribute-patterns"

TRACE::2025-06-12.09:14:11::SCWBDomain::"Running Make include in ps7_cortexa9_0/libsrc/qspips_v3_12/src"

TRACE::2025-06-12.09:14:11::SCWBDomain::make -C ps7_cortexa9_0/libsrc/qspips_v3_12/src -s include  "SHELL=CMD" "COMPILER=arm-none-eabi-gcc" "ASSEMBLER=arm-none-eabi-as
TRACE::2025-06-12.09:14:11::SCWBDomain::" "ARCHIVER=arm-none-eabi-ar" "COMPILER_FLAGS=  -O2 -c" "EXTRA_COMPILER_FLAGS=-mcpu=cortex-a9 -mfpu=vfpv3 -mfloat-abi=hard -nos
TRACE::2025-06-12.09:14:11::SCWBDomain::tartfiles -g -Wall -Wextra -fno-tree-loop-distribute-patterns"

TRACE::2025-06-12.09:14:11::SCWBDomain::"Running Make include in ps7_cortexa9_0/libsrc/scugic_v5_3/src"

TRACE::2025-06-12.09:14:11::SCWBDomain::make -C ps7_cortexa9_0/libsrc/scugic_v5_3/src -s include  "SHELL=CMD" "COMPILER=arm-none-eabi-gcc" "ASSEMBLER=arm-none-eabi-as"
TRACE::2025-06-12.09:14:11::SCWBDomain:: "ARCHIVER=arm-none-eabi-ar" "COMPILER_FLAGS=  -O2 -c" "EXTRA_COMPILER_FLAGS=-mcpu=cortex-a9 -mfpu=vfpv3 -mfloat-abi=hard -nost
TRACE::2025-06-12.09:14:11::SCWBDomain::artfiles -g -Wall -Wextra -fno-tree-loop-distribute-patterns"

TRACE::2025-06-12.09:14:11::SCWBDomain::"Running Make include in ps7_cortexa9_0/libsrc/scutimer_v2_6/src"

TRACE::2025-06-12.09:14:11::SCWBDomain::make -C ps7_cortexa9_0/libsrc/scutimer_v2_6/src -s include  "SHELL=CMD" "COMPILER=arm-none-eabi-gcc" "ASSEMBLER=arm-none-eabi-a
TRACE::2025-06-12.09:14:11::SCWBDomain::s" "ARCHIVER=arm-none-eabi-ar" "COMPILER_FLAGS=  -O2 -c" "EXTRA_COMPILER_FLAGS=-mcpu=cortex-a9 -mfpu=vfpv3 -mfloat-abi=hard -no
TRACE::2025-06-12.09:14:11::SCWBDomain::startfiles -g -Wall -Wextra -fno-tree-loop-distribute-patterns"

TRACE::2025-06-12.09:14:11::SCWBDomain::"Running Make include in ps7_cortexa9_0/libsrc/scuwdt_v2_5/src"

TRACE::2025-06-12.09:14:11::SCWBDomain::make -C ps7_cortexa9_0/libsrc/scuwdt_v2_5/src -s include  "SHELL=CMD" "COMPILER=arm-none-eabi-gcc" "ASSEMBLER=arm-none-eabi-as"
TRACE::2025-06-12.09:14:11::SCWBDomain:: "ARCHIVER=arm-none-eabi-ar" "COMPILER_FLAGS=  -O2 -c" "EXTRA_COMPILER_FLAGS=-mcpu=cortex-a9 -mfpu=vfpv3 -mfloat-abi=hard -nost
TRACE::2025-06-12.09:14:11::SCWBDomain::artfiles -g -Wall -Wextra -fno-tree-loop-distribute-patterns"

TRACE::2025-06-12.09:14:12::SCWBDomain::"Running Make include in ps7_cortexa9_0/libsrc/sdps_v4_3/src"

TRACE::2025-06-12.09:14:12::SCWBDomain::make -C ps7_cortexa9_0/libsrc/sdps_v4_3/src -s include  "SHELL=CMD" "COMPILER=arm-none-eabi-gcc" "ASSEMBLER=arm-none-eabi-as" "
TRACE::2025-06-12.09:14:12::SCWBDomain::ARCHIVER=arm-none-eabi-ar" "COMPILER_FLAGS=  -O2 -c" "EXTRA_COMPILER_FLAGS=-mcpu=cortex-a9 -mfpu=vfpv3 -mfloat-abi=hard -nostar
TRACE::2025-06-12.09:14:12::SCWBDomain::tfiles -g -Wall -Wextra -fno-tree-loop-distribute-patterns"

TRACE::2025-06-12.09:14:12::SCWBDomain::"Running Make include in ps7_cortexa9_0/libsrc/standalone_v9_1/src"

TRACE::2025-06-12.09:14:12::SCWBDomain::make -C ps7_cortexa9_0/libsrc/standalone_v9_1/src -s include  "SHELL=CMD" "COMPILER=arm-none-eabi-gcc" "ASSEMBLER=arm-none-eabi
TRACE::2025-06-12.09:14:12::SCWBDomain::-as" "ARCHIVER=arm-none-eabi-ar" "COMPILER_FLAGS=  -O2 -c" "EXTRA_COMPILER_FLAGS=-mcpu=cortex-a9 -mfpu=vfpv3 -mfloat-abi=hard -
TRACE::2025-06-12.09:14:12::SCWBDomain::nostartfiles -g -Wall -Wextra -fno-tree-loop-distribute-patterns"

TRACE::2025-06-12.09:14:12::SCWBDomain::"Running Make include in ps7_cortexa9_0/libsrc/uartps_v3_14/src"

TRACE::2025-06-12.09:14:12::SCWBDomain::make -C ps7_cortexa9_0/libsrc/uartps_v3_14/src -s include  "SHELL=CMD" "COMPILER=arm-none-eabi-gcc" "ASSEMBLER=arm-none-eabi-as
TRACE::2025-06-12.09:14:12::SCWBDomain::" "ARCHIVER=arm-none-eabi-ar" "COMPILER_FLAGS=  -O2 -c" "EXTRA_COMPILER_FLAGS=-mcpu=cortex-a9 -mfpu=vfpv3 -mfloat-abi=hard -nos
TRACE::2025-06-12.09:14:12::SCWBDomain::tartfiles -g -Wall -Wextra -fno-tree-loop-distribute-patterns"

TRACE::2025-06-12.09:14:12::SCWBDomain::"Running Make include in ps7_cortexa9_0/libsrc/usbps_v2_9/src"

TRACE::2025-06-12.09:14:12::SCWBDomain::make -C ps7_cortexa9_0/libsrc/usbps_v2_9/src -s include  "SHELL=CMD" "COMPILER=arm-none-eabi-gcc" "ASSEMBLER=arm-none-eabi-as" 
TRACE::2025-06-12.09:14:12::SCWBDomain::"ARCHIVER=arm-none-eabi-ar" "COMPILER_FLAGS=  -O2 -c" "EXTRA_COMPILER_FLAGS=-mcpu=cortex-a9 -mfpu=vfpv3 -mfloat-abi=hard -nosta
TRACE::2025-06-12.09:14:12::SCWBDomain::rtfiles -g -Wall -Wextra -fno-tree-loop-distribute-patterns"

TRACE::2025-06-12.09:14:12::SCWBDomain::"Running Make include in ps7_cortexa9_0/libsrc/xadcps_v2_7/src"

TRACE::2025-06-12.09:14:12::SCWBDomain::make -C ps7_cortexa9_0/libsrc/xadcps_v2_7/src -s include  "SHELL=CMD" "COMPILER=arm-none-eabi-gcc" "ASSEMBLER=arm-none-eabi-as"
TRACE::2025-06-12.09:14:12::SCWBDomain:: "ARCHIVER=arm-none-eabi-ar" "COMPILER_FLAGS=  -O2 -c" "EXTRA_COMPILER_FLAGS=-mcpu=cortex-a9 -mfpu=vfpv3 -mfloat-abi=hard -nost
TRACE::2025-06-12.09:14:12::SCWBDomain::artfiles -g -Wall -Wextra -fno-tree-loop-distribute-patterns"

TRACE::2025-06-12.09:14:12::SCWBDomain::"Running Make include in ps7_cortexa9_0/libsrc/xilffs_v5_2/src"

TRACE::2025-06-12.09:14:12::SCWBDomain::make -C ps7_cortexa9_0/libsrc/xilffs_v5_2/src -s include  "SHELL=CMD" "COMPILER=arm-none-eabi-gcc" "ASSEMBLER=arm-none-eabi-as"
TRACE::2025-06-12.09:14:12::SCWBDomain:: "ARCHIVER=arm-none-eabi-ar" "COMPILER_FLAGS=  -O2 -c" "EXTRA_COMPILER_FLAGS=-mcpu=cortex-a9 -mfpu=vfpv3 -mfloat-abi=hard -nost
TRACE::2025-06-12.09:14:12::SCWBDomain::artfiles -g -Wall -Wextra -fno-tree-loop-distribute-patterns"

TRACE::2025-06-12.09:14:12::SCWBDomain::"Running Make include in ps7_cortexa9_0/libsrc/xilrsa_v1_8/src"

TRACE::2025-06-12.09:14:12::SCWBDomain::make -C ps7_cortexa9_0/libsrc/xilrsa_v1_8/src -s include  "SHELL=CMD" "COMPILER=arm-none-eabi-gcc" "ASSEMBLER=arm-none-eabi-as"
TRACE::2025-06-12.09:14:12::SCWBDomain:: "ARCHIVER=arm-none-eabi-ar" "COMPILER_FLAGS=  -O2 -c" "EXTRA_COMPILER_FLAGS=-mcpu=cortex-a9 -mfpu=vfpv3 -mfloat-abi=hard -nost
TRACE::2025-06-12.09:14:12::SCWBDomain::artfiles -g -Wall -Wextra -fno-tree-loop-distribute-patterns"

TRACE::2025-06-12.09:14:12::SCWBDomain::"Running Make libs in ps7_cortexa9_0/libsrc/AXI_NeoPixel_v1_0/src"

TRACE::2025-06-12.09:14:12::SCWBDomain::make -C ps7_cortexa9_0/libsrc/AXI_NeoPixel_v1_0/src -s libs  "SHELL=CMD" "COMPILER=arm-none-eabi-gcc" "ASSEMBLER=arm-none-eabi-
TRACE::2025-06-12.09:14:12::SCWBDomain::as" "ARCHIVER=arm-none-eabi-ar" "COMPILER_FLAGS=  -O2 -c" "EXTRA_COMPILER_FLAGS=-mcpu=cortex-a9 -mfpu=vfpv3 -mfloat-abi=hard -n
TRACE::2025-06-12.09:14:12::SCWBDomain::ostartfiles -g -Wall -Wextra -fno-tree-loop-distribute-patterns"

TRACE::2025-06-12.09:14:12::SCWBDomain::"Compiling AXI_NeoPixel..."

TRACE::2025-06-12.09:14:12::SCWBDomain::make[1]: Leaving directory 'C:/PXL/devWorks/devWorks2/Examen/ExamenSoC/zynq_fsbl/zynq_fsbl_bsp'

ERROR::2025-06-12.09:14:12::SCWBDomain::Failed to build the  zynq_fsbl application.
LOG::2025-06-12.09:14:12::SCWSystem::Checking the domain standalone_ps7_cortexa9_0
LOG::2025-06-12.09:14:12::SCWSystem::Not a boot domain 
LOG::2025-06-12.09:14:12::SCWSystem::Started Processing the domain standalone_ps7_cortexa9_0
TRACE::2025-06-12.09:14:12::SCWDomain::Generating domain artifcats
TRACE::2025-06-12.09:14:12::SCWMssOS::Generating standalone artifcats
TRACE::2025-06-12.09:14:12::SCWMssOS::Copying the qemu file from  C:/PXL/devWorks/devWorks2/Examen/ExamenSoC/resources/ExamenSoC/standalone_ps7_cortexa9_0/qemu_args.txt To C:/PXL/devWorks/devWorks2/Examen/ExamenSoC/export/ExamenSoC/sw/ExamenSoC/qemu/
TRACE::2025-06-12.09:14:12::SCWMssOS::Copying the qemu file from  C:/PXL/devWorks/devWorks2/Examen/ExamenSoC/resources/ExamenSoC/standalone_ps7_cortexa9_0/qemu_args.txt To C:/PXL/devWorks/devWorks2/Examen/ExamenSoC/export/ExamenSoC/sw/ExamenSoC/standalone_ps7_cortexa9_0/qemu/
TRACE::2025-06-12.09:14:12::SCWMssOS:: Copying the user libraries. 
TRACE::2025-06-12.09:14:12::SCWPlatform::Trying to open the hw design at C:/PXL/devWorks/devWorks2/Examen/ExamenSoC/hw/ExamenSoC.xsa
TRACE::2025-06-12.09:14:12::SCWPlatform::DSA given C:/PXL/devWorks/devWorks2/Examen/ExamenSoC/hw/ExamenSoC.xsa
TRACE::2025-06-12.09:14:12::SCWPlatform::DSA absoulate path C:/PXL/devWorks/devWorks2/Examen/ExamenSoC/hw/ExamenSoC.xsa
TRACE::2025-06-12.09:14:12::SCWPlatform::DSA directory C:/PXL/devWorks/devWorks2/Examen/ExamenSoC/hw
TRACE::2025-06-12.09:14:12::SCWPlatform:: Platform Path C:/PXL/devWorks/devWorks2/Examen/ExamenSoC/hw/ExamenSoC.xsa
TRACE::2025-06-12.09:14:12::SCWPlatform:: Unique name xilinx:pynq-z2::0.0
TRACE::2025-06-12.09:14:12::SCWPlatform::Trying to set the existing hwdb with name design_1_wrapper_0
TRACE::2025-06-12.09:14:12::SCWPlatform::Opened existing hwdb design_1_wrapper_0
TRACE::2025-06-12.09:14:12::SCWPlatform::Found the Hw Db part of the input DSA
TRACE::2025-06-12.09:14:12::SCWMssOS::Checking the sw design at  C:/PXL/devWorks/devWorks2/Examen/ExamenSoC/ps7_cortexa9_0/standalone_ps7_cortexa9_0/bsp/system.mss
TRACE::2025-06-12.09:14:12::SCWMssOS::DEBUG:  swdes dump  C:/PXL/devWorks/devWorks2/Examen/ExamenSoC/ps7_cortexa9_0/standalone_ps7_cortexa9_0/bsp/system.mss|system_0||
C:/PXL/devWorks/devWorks2/Examen/ExamenSoC/zynq_fsbl/zynq_fsbl_bsp/system.mss|system||

TRACE::2025-06-12.09:14:12::SCWMssOS::Sw design exists and opened at  C:/PXL/devWorks/devWorks2/Examen/ExamenSoC/ps7_cortexa9_0/standalone_ps7_cortexa9_0/bsp/system.mss
TRACE::2025-06-12.09:14:12::SCWMssOS::Completed writing the mss file at C:/PXL/devWorks/devWorks2/Examen/ExamenSoC/ps7_cortexa9_0/standalone_ps7_cortexa9_0/bsp
TRACE::2025-06-12.09:14:12::SCWMssOS::Mss edits present, copying mssfile into export location C:/PXL/devWorks/devWorks2/Examen/ExamenSoC/ps7_cortexa9_0/standalone_ps7_cortexa9_0/bsp/system.mss
TRACE::2025-06-12.09:14:12::SCWMssOS::bsp generated is upto date with the mss file. Skipping bsp generation.
TRACE::2025-06-12.09:14:12::SCWMssOS::BSP is already built. skipping the bsp build ... 
TRACE::2025-06-12.09:14:12::SCWDomain::Building the domain as part of full build :  standalone_ps7_cortexa9_0
TRACE::2025-06-12.09:14:12::SCWMssOS::doing bsp build ... 
TRACE::2025-06-12.09:14:12::SCWMssOS::System Command Ran  C: & cd  C:/PXL/devWorks/devWorks2/Examen/ExamenSoC/ps7_cortexa9_0/standalone_ps7_cortexa9_0/bsp & make 
TRACE::2025-06-12.09:14:12::SCWMssOS::make --no-print-directory seq_libs

TRACE::2025-06-12.09:14:12::SCWMssOS::"Running Make include in ps7_cortexa9_0/libsrc/AXI_NeoPixel_v1_0/src"

TRACE::2025-06-12.09:14:12::SCWMssOS::make -C ps7_cortexa9_0/libsrc/AXI_NeoPixel_v1_0/src -s include  "SHELL=CMD" "COMPILER=arm-none-eabi-gcc" "ASSEMBLER=arm-none-ea
TRACE::2025-06-12.09:14:12::SCWMssOS::bi-as" "ARCHIVER=arm-none-eabi-ar" "COMPILER_FLAGS=  -O2 -c" "EXTRA_COMPILER_FLAGS=-mcpu=cortex-a9 -mfpu=vfpv3 -mfloat-abi=hard
TRACE::2025-06-12.09:14:12::SCWMssOS:: -nostartfiles -g -Wall -Wextra -fno-tree-loop-distribute-patterns"

TRACE::2025-06-12.09:14:12::SCWMssOS::"Running Make include in ps7_cortexa9_0/libsrc/coresightps_dcc_v1_10/src"

TRACE::2025-06-12.09:14:12::SCWMssOS::make -C ps7_cortexa9_0/libsrc/coresightps_dcc_v1_10/src -s include  "SHELL=CMD" "COMPILER=arm-none-eabi-gcc" "ASSEMBLER=arm-non
TRACE::2025-06-12.09:14:12::SCWMssOS::e-eabi-as" "ARCHIVER=arm-none-eabi-ar" "COMPILER_FLAGS=  -O2 -c" "EXTRA_COMPILER_FLAGS=-mcpu=cortex-a9 -mfpu=vfpv3 -mfloat-abi=
TRACE::2025-06-12.09:14:12::SCWMssOS::hard -nostartfiles -g -Wall -Wextra -fno-tree-loop-distribute-patterns"

TRACE::2025-06-12.09:14:12::SCWMssOS::"Running Make include in ps7_cortexa9_0/libsrc/cpu_cortexa9_v2_12/src"

TRACE::2025-06-12.09:14:12::SCWMssOS::make -C ps7_cortexa9_0/libsrc/cpu_cortexa9_v2_12/src -s include  "SHELL=CMD" "COMPILER=arm-none-eabi-gcc" "ASSEMBLER=arm-none-e
TRACE::2025-06-12.09:14:12::SCWMssOS::abi-as" "ARCHIVER=arm-none-eabi-ar" "COMPILER_FLAGS=  -O2 -c" "EXTRA_COMPILER_FLAGS=-mcpu=cortex-a9 -mfpu=vfpv3 -mfloat-abi=har
TRACE::2025-06-12.09:14:12::SCWMssOS::d -nostartfiles -g -Wall -Wextra -fno-tree-loop-distribute-patterns"

TRACE::2025-06-12.09:14:12::SCWMssOS::"Running Make include in ps7_cortexa9_0/libsrc/ddrps_v1_2/src"

TRACE::2025-06-12.09:14:12::SCWMssOS::make -C ps7_cortexa9_0/libsrc/ddrps_v1_2/src -s include  "SHELL=CMD" "COMPILER=arm-none-eabi-gcc" "ASSEMBLER=arm-none-eabi-as" 
TRACE::2025-06-12.09:14:12::SCWMssOS::"ARCHIVER=arm-none-eabi-ar" "COMPILER_FLAGS=  -O2 -c" "EXTRA_COMPILER_FLAGS=-mcpu=cortex-a9 -mfpu=vfpv3 -mfloat-abi=hard -nosta
TRACE::2025-06-12.09:14:12::SCWMssOS::rtfiles -g -Wall -Wextra -fno-tree-loop-distribute-patterns"

TRACE::2025-06-12.09:14:13::SCWMssOS::"Running Make include in ps7_cortexa9_0/libsrc/devcfg_v3_8/src"

TRACE::2025-06-12.09:14:13::SCWMssOS::make -C ps7_cortexa9_0/libsrc/devcfg_v3_8/src -s include  "SHELL=CMD" "COMPILER=arm-none-eabi-gcc" "ASSEMBLER=arm-none-eabi-as"
TRACE::2025-06-12.09:14:13::SCWMssOS:: "ARCHIVER=arm-none-eabi-ar" "COMPILER_FLAGS=  -O2 -c" "EXTRA_COMPILER_FLAGS=-mcpu=cortex-a9 -mfpu=vfpv3 -mfloat-abi=hard -nost
TRACE::2025-06-12.09:14:13::SCWMssOS::artfiles -g -Wall -Wextra -fno-tree-loop-distribute-patterns"

TRACE::2025-06-12.09:14:13::SCWMssOS::"Running Make include in ps7_cortexa9_0/libsrc/dmaps_v2_10/src"

TRACE::2025-06-12.09:14:13::SCWMssOS::make -C ps7_cortexa9_0/libsrc/dmaps_v2_10/src -s include  "SHELL=CMD" "COMPILER=arm-none-eabi-gcc" "ASSEMBLER=arm-none-eabi-as"
TRACE::2025-06-12.09:14:13::SCWMssOS:: "ARCHIVER=arm-none-eabi-ar" "COMPILER_FLAGS=  -O2 -c" "EXTRA_COMPILER_FLAGS=-mcpu=cortex-a9 -mfpu=vfpv3 -mfloat-abi=hard -nost
TRACE::2025-06-12.09:14:13::SCWMssOS::artfiles -g -Wall -Wextra -fno-tree-loop-distribute-patterns"

TRACE::2025-06-12.09:14:13::SCWMssOS::"Running Make include in ps7_cortexa9_0/libsrc/emacps_v3_20/src"

TRACE::2025-06-12.09:14:13::SCWMssOS::make -C ps7_cortexa9_0/libsrc/emacps_v3_20/src -s include  "SHELL=CMD" "COMPILER=arm-none-eabi-gcc" "ASSEMBLER=arm-none-eabi-as
TRACE::2025-06-12.09:14:13::SCWMssOS::" "ARCHIVER=arm-none-eabi-ar" "COMPILER_FLAGS=  -O2 -c" "EXTRA_COMPILER_FLAGS=-mcpu=cortex-a9 -mfpu=vfpv3 -mfloat-abi=hard -nos
TRACE::2025-06-12.09:14:13::SCWMssOS::tartfiles -g -Wall -Wextra -fno-tree-loop-distribute-patterns"

TRACE::2025-06-12.09:14:13::SCWMssOS::"Running Make include in ps7_cortexa9_0/libsrc/gpiops_v3_13/src"

TRACE::2025-06-12.09:14:13::SCWMssOS::make -C ps7_cortexa9_0/libsrc/gpiops_v3_13/src -s include  "SHELL=CMD" "COMPILER=arm-none-eabi-gcc" "ASSEMBLER=arm-none-eabi-as
TRACE::2025-06-12.09:14:13::SCWMssOS::" "ARCHIVER=arm-none-eabi-ar" "COMPILER_FLAGS=  -O2 -c" "EXTRA_COMPILER_FLAGS=-mcpu=cortex-a9 -mfpu=vfpv3 -mfloat-abi=hard -nos
TRACE::2025-06-12.09:14:13::SCWMssOS::tartfiles -g -Wall -Wextra -fno-tree-loop-distribute-patterns"

TRACE::2025-06-12.09:14:13::SCWMssOS::"Running Make include in ps7_cortexa9_0/libsrc/gpio_v4_11/src"

TRACE::2025-06-12.09:14:13::SCWMssOS::make -C ps7_cortexa9_0/libsrc/gpio_v4_11/src -s include  "SHELL=CMD" "COMPILER=arm-none-eabi-gcc" "ASSEMBLER=arm-none-eabi-as" 
TRACE::2025-06-12.09:14:13::SCWMssOS::"ARCHIVER=arm-none-eabi-ar" "COMPILER_FLAGS=  -O2 -c" "EXTRA_COMPILER_FLAGS=-mcpu=cortex-a9 -mfpu=vfpv3 -mfloat-abi=hard -nosta
TRACE::2025-06-12.09:14:13::SCWMssOS::rtfiles -g -Wall -Wextra -fno-tree-loop-distribute-patterns"

TRACE::2025-06-12.09:14:13::SCWMssOS::"Running Make include in ps7_cortexa9_0/libsrc/qspips_v3_12/src"

TRACE::2025-06-12.09:14:13::SCWMssOS::make -C ps7_cortexa9_0/libsrc/qspips_v3_12/src -s include  "SHELL=CMD" "COMPILER=arm-none-eabi-gcc" "ASSEMBLER=arm-none-eabi-as
TRACE::2025-06-12.09:14:13::SCWMssOS::" "ARCHIVER=arm-none-eabi-ar" "COMPILER_FLAGS=  -O2 -c" "EXTRA_COMPILER_FLAGS=-mcpu=cortex-a9 -mfpu=vfpv3 -mfloat-abi=hard -nos
TRACE::2025-06-12.09:14:13::SCWMssOS::tartfiles -g -Wall -Wextra -fno-tree-loop-distribute-patterns"

TRACE::2025-06-12.09:14:13::SCWMssOS::"Running Make include in ps7_cortexa9_0/libsrc/scugic_v5_3/src"

TRACE::2025-06-12.09:14:13::SCWMssOS::make -C ps7_cortexa9_0/libsrc/scugic_v5_3/src -s include  "SHELL=CMD" "COMPILER=arm-none-eabi-gcc" "ASSEMBLER=arm-none-eabi-as"
TRACE::2025-06-12.09:14:13::SCWMssOS:: "ARCHIVER=arm-none-eabi-ar" "COMPILER_FLAGS=  -O2 -c" "EXTRA_COMPILER_FLAGS=-mcpu=cortex-a9 -mfpu=vfpv3 -mfloat-abi=hard -nost
TRACE::2025-06-12.09:14:13::SCWMssOS::artfiles -g -Wall -Wextra -fno-tree-loop-distribute-patterns"

TRACE::2025-06-12.09:14:13::SCWMssOS::"Running Make include in ps7_cortexa9_0/libsrc/scutimer_v2_6/src"

TRACE::2025-06-12.09:14:13::SCWMssOS::make -C ps7_cortexa9_0/libsrc/scutimer_v2_6/src -s include  "SHELL=CMD" "COMPILER=arm-none-eabi-gcc" "ASSEMBLER=arm-none-eabi-a
TRACE::2025-06-12.09:14:13::SCWMssOS::s" "ARCHIVER=arm-none-eabi-ar" "COMPILER_FLAGS=  -O2 -c" "EXTRA_COMPILER_FLAGS=-mcpu=cortex-a9 -mfpu=vfpv3 -mfloat-abi=hard -no
TRACE::2025-06-12.09:14:13::SCWMssOS::startfiles -g -Wall -Wextra -fno-tree-loop-distribute-patterns"

TRACE::2025-06-12.09:14:13::SCWMssOS::"Running Make include in ps7_cortexa9_0/libsrc/scuwdt_v2_5/src"

TRACE::2025-06-12.09:14:13::SCWMssOS::make -C ps7_cortexa9_0/libsrc/scuwdt_v2_5/src -s include  "SHELL=CMD" "COMPILER=arm-none-eabi-gcc" "ASSEMBLER=arm-none-eabi-as"
TRACE::2025-06-12.09:14:13::SCWMssOS:: "ARCHIVER=arm-none-eabi-ar" "COMPILER_FLAGS=  -O2 -c" "EXTRA_COMPILER_FLAGS=-mcpu=cortex-a9 -mfpu=vfpv3 -mfloat-abi=hard -nost
TRACE::2025-06-12.09:14:13::SCWMssOS::artfiles -g -Wall -Wextra -fno-tree-loop-distribute-patterns"

TRACE::2025-06-12.09:14:13::SCWMssOS::"Running Make include in ps7_cortexa9_0/libsrc/sdps_v4_3/src"

TRACE::2025-06-12.09:14:13::SCWMssOS::make -C ps7_cortexa9_0/libsrc/sdps_v4_3/src -s include  "SHELL=CMD" "COMPILER=arm-none-eabi-gcc" "ASSEMBLER=arm-none-eabi-as" "
TRACE::2025-06-12.09:14:13::SCWMssOS::ARCHIVER=arm-none-eabi-ar" "COMPILER_FLAGS=  -O2 -c" "EXTRA_COMPILER_FLAGS=-mcpu=cortex-a9 -mfpu=vfpv3 -mfloat-abi=hard -nostar
TRACE::2025-06-12.09:14:13::SCWMssOS::tfiles -g -Wall -Wextra -fno-tree-loop-distribute-patterns"

TRACE::2025-06-12.09:14:13::SCWMssOS::"Running Make include in ps7_cortexa9_0/libsrc/standalone_v9_1/src"

TRACE::2025-06-12.09:14:13::SCWMssOS::make -C ps7_cortexa9_0/libsrc/standalone_v9_1/src -s include  "SHELL=CMD" "COMPILER=arm-none-eabi-gcc" "ASSEMBLER=arm-none-eabi
TRACE::2025-06-12.09:14:13::SCWMssOS::-as" "ARCHIVER=arm-none-eabi-ar" "COMPILER_FLAGS=  -O2 -c" "EXTRA_COMPILER_FLAGS=-mcpu=cortex-a9 -mfpu=vfpv3 -mfloat-abi=hard -
TRACE::2025-06-12.09:14:13::SCWMssOS::nostartfiles -g -Wall -Wextra -fno-tree-loop-distribute-patterns"

TRACE::2025-06-12.09:14:14::SCWMssOS::"Running Make include in ps7_cortexa9_0/libsrc/uartps_v3_14/src"

TRACE::2025-06-12.09:14:14::SCWMssOS::make -C ps7_cortexa9_0/libsrc/uartps_v3_14/src -s include  "SHELL=CMD" "COMPILER=arm-none-eabi-gcc" "ASSEMBLER=arm-none-eabi-as
TRACE::2025-06-12.09:14:14::SCWMssOS::" "ARCHIVER=arm-none-eabi-ar" "COMPILER_FLAGS=  -O2 -c" "EXTRA_COMPILER_FLAGS=-mcpu=cortex-a9 -mfpu=vfpv3 -mfloat-abi=hard -nos
TRACE::2025-06-12.09:14:14::SCWMssOS::tartfiles -g -Wall -Wextra -fno-tree-loop-distribute-patterns"

TRACE::2025-06-12.09:14:15::SCWMssOS::"Running Make include in ps7_cortexa9_0/libsrc/usbps_v2_9/src"

TRACE::2025-06-12.09:14:15::SCWMssOS::make -C ps7_cortexa9_0/libsrc/usbps_v2_9/src -s include  "SHELL=CMD" "COMPILER=arm-none-eabi-gcc" "ASSEMBLER=arm-none-eabi-as" 
TRACE::2025-06-12.09:14:15::SCWMssOS::"ARCHIVER=arm-none-eabi-ar" "COMPILER_FLAGS=  -O2 -c" "EXTRA_COMPILER_FLAGS=-mcpu=cortex-a9 -mfpu=vfpv3 -mfloat-abi=hard -nosta
TRACE::2025-06-12.09:14:15::SCWMssOS::rtfiles -g -Wall -Wextra -fno-tree-loop-distribute-patterns"

TRACE::2025-06-12.09:14:15::SCWMssOS::"Running Make include in ps7_cortexa9_0/libsrc/xadcps_v2_7/src"

TRACE::2025-06-12.09:14:15::SCWMssOS::make -C ps7_cortexa9_0/libsrc/xadcps_v2_7/src -s include  "SHELL=CMD" "COMPILER=arm-none-eabi-gcc" "ASSEMBLER=arm-none-eabi-as"
TRACE::2025-06-12.09:14:15::SCWMssOS:: "ARCHIVER=arm-none-eabi-ar" "COMPILER_FLAGS=  -O2 -c" "EXTRA_COMPILER_FLAGS=-mcpu=cortex-a9 -mfpu=vfpv3 -mfloat-abi=hard -nost
TRACE::2025-06-12.09:14:15::SCWMssOS::artfiles -g -Wall -Wextra -fno-tree-loop-distribute-patterns"

TRACE::2025-06-12.09:14:15::SCWMssOS::"Running Make libs in ps7_cortexa9_0/libsrc/AXI_NeoPixel_v1_0/src"

TRACE::2025-06-12.09:14:15::SCWMssOS::make -C ps7_cortexa9_0/libsrc/AXI_NeoPixel_v1_0/src -s libs  "SHELL=CMD" "COMPILER=arm-none-eabi-gcc" "ASSEMBLER=arm-none-eabi-
TRACE::2025-06-12.09:14:15::SCWMssOS::as" "ARCHIVER=arm-none-eabi-ar" "COMPILER_FLAGS=  -O2 -c" "EXTRA_COMPILER_FLAGS=-mcpu=cortex-a9 -mfpu=vfpv3 -mfloat-abi=hard -n
TRACE::2025-06-12.09:14:15::SCWMssOS::ostartfiles -g -Wall -Wextra -fno-tree-loop-distribute-patterns"

TRACE::2025-06-12.09:14:15::SCWMssOS::"Compiling AXI_NeoPixel..."

ERROR::2025-06-12.09:14:15::SCWMssOS::Failed to build  the bsp sources for domain - standalone_ps7_cortexa9_0
ERROR::2025-06-12.09:14:15::SCWSystem::Error in Processing the domain standalone_ps7_cortexa9_0
LOG::2025-06-12.09:16:09::SCWPlatform::Started generating the artifacts platform ExamenSoC
TRACE::2025-06-12.09:16:09::SCWPlatform::Sanity checking of platform is completed
LOG::2025-06-12.09:16:09::SCWPlatform::Started generating the artifacts for system configuration ExamenSoC
LOG::2025-06-12.09:16:09::SCWSystem::Checking the domain zynq_fsbl
LOG::2025-06-12.09:16:09::SCWSystem::Doing application build for :  zynq_fsbl
TRACE::2025-06-12.09:16:09::SCWBDomain::Not a forced makefile updation, No changes are present. 
TRACE::2025-06-12.09:16:09::SCWDomain::Building the domain as part of full build :  zynq_fsbl
TRACE::2025-06-12.09:16:09::SCWPlatform::Trying to open the hw design at C:/PXL/devWorks/devWorks2/Examen/ExamenSoC/hw/ExamenSoC.xsa
TRACE::2025-06-12.09:16:09::SCWPlatform::DSA given C:/PXL/devWorks/devWorks2/Examen/ExamenSoC/hw/ExamenSoC.xsa
TRACE::2025-06-12.09:16:09::SCWPlatform::DSA absoulate path C:/PXL/devWorks/devWorks2/Examen/ExamenSoC/hw/ExamenSoC.xsa
TRACE::2025-06-12.09:16:09::SCWPlatform::DSA directory C:/PXL/devWorks/devWorks2/Examen/ExamenSoC/hw
TRACE::2025-06-12.09:16:09::SCWPlatform:: Platform Path C:/PXL/devWorks/devWorks2/Examen/ExamenSoC/hw/ExamenSoC.xsa
TRACE::2025-06-12.09:16:09::SCWPlatform:: Unique name xilinx:pynq-z2::0.0
TRACE::2025-06-12.09:16:09::SCWPlatform::Trying to set the existing hwdb with name design_1_wrapper_0
TRACE::2025-06-12.09:16:09::SCWPlatform::Opened existing hwdb design_1_wrapper_0
TRACE::2025-06-12.09:16:09::SCWPlatform::Found the Hw Db part of the input DSA
TRACE::2025-06-12.09:16:09::SCWMssOS::Checking the sw design at  C:/PXL/devWorks/devWorks2/Examen/ExamenSoC/zynq_fsbl/zynq_fsbl_bsp/system.mss
TRACE::2025-06-12.09:16:09::SCWMssOS::DEBUG:  swdes dump  C:/PXL/devWorks/devWorks2/Examen/ExamenSoC/ps7_cortexa9_0/standalone_ps7_cortexa9_0/bsp/system.mss|system_0||
C:/PXL/devWorks/devWorks2/Examen/ExamenSoC/zynq_fsbl/zynq_fsbl_bsp/system.mss|system||

TRACE::2025-06-12.09:16:09::SCWMssOS::Sw design exists and opened at  C:/PXL/devWorks/devWorks2/Examen/ExamenSoC/zynq_fsbl/zynq_fsbl_bsp/system.mss
TRACE::2025-06-12.09:16:09::SCWBDomain::Completed writing the mss file at C:/PXL/devWorks/devWorks2/Examen/ExamenSoC/zynq_fsbl/zynq_fsbl_bsp
TRACE::2025-06-12.09:16:09::SCWBDomain::bsp generated is upto date with the mss file. Skipping bsp generation.
TRACE::2025-06-12.09:16:09::SCWBDomain::Not a forced makefile updation, No changes are present. 
TRACE::2025-06-12.09:16:09::SCWBDomain::System Command Ran  C:&  cd  C:/PXL/devWorks/devWorks2/Examen/ExamenSoC/zynq_fsbl& make -C  zynq_fsbl_bsp & make 
TRACE::2025-06-12.09:16:09::SCWBDomain::make: Entering directory 'C:/PXL/devWorks/devWorks2/Examen/ExamenSoC/zynq_fsbl/zynq_fsbl_bsp'

TRACE::2025-06-12.09:16:09::SCWBDomain::make --no-print-directory seq_libs

TRACE::2025-06-12.09:16:09::SCWBDomain::"Running Make include in ps7_cortexa9_0/libsrc/AXI_NeoPixel_v1_0/src"

TRACE::2025-06-12.09:16:09::SCWBDomain::make -C ps7_cortexa9_0/libsrc/AXI_NeoPixel_v1_0/src -s include  "SHELL=CMD" "COMPILER=arm-none-eabi-gcc" "ASSEMBLER=arm-none-ea
TRACE::2025-06-12.09:16:09::SCWBDomain::bi-as" "ARCHIVER=arm-none-eabi-ar" "COMPILER_FLAGS=  -O2 -c" "EXTRA_COMPILER_FLAGS=-mcpu=cortex-a9 -mfpu=vfpv3 -mfloat-abi=hard
TRACE::2025-06-12.09:16:09::SCWBDomain:: -nostartfiles -g -Wall -Wextra -fno-tree-loop-distribute-patterns"

TRACE::2025-06-12.09:16:09::SCWBDomain::"Running Make include in ps7_cortexa9_0/libsrc/coresightps_dcc_v1_10/src"

TRACE::2025-06-12.09:16:09::SCWBDomain::make -C ps7_cortexa9_0/libsrc/coresightps_dcc_v1_10/src -s include  "SHELL=CMD" "COMPILER=arm-none-eabi-gcc" "ASSEMBLER=arm-non
TRACE::2025-06-12.09:16:09::SCWBDomain::e-eabi-as" "ARCHIVER=arm-none-eabi-ar" "COMPILER_FLAGS=  -O2 -c" "EXTRA_COMPILER_FLAGS=-mcpu=cortex-a9 -mfpu=vfpv3 -mfloat-abi=
TRACE::2025-06-12.09:16:09::SCWBDomain::hard -nostartfiles -g -Wall -Wextra -fno-tree-loop-distribute-patterns"

TRACE::2025-06-12.09:16:09::SCWBDomain::"Running Make include in ps7_cortexa9_0/libsrc/cpu_cortexa9_v2_12/src"

TRACE::2025-06-12.09:16:09::SCWBDomain::make -C ps7_cortexa9_0/libsrc/cpu_cortexa9_v2_12/src -s include  "SHELL=CMD" "COMPILER=arm-none-eabi-gcc" "ASSEMBLER=arm-none-e
TRACE::2025-06-12.09:16:09::SCWBDomain::abi-as" "ARCHIVER=arm-none-eabi-ar" "COMPILER_FLAGS=  -O2 -c" "EXTRA_COMPILER_FLAGS=-mcpu=cortex-a9 -mfpu=vfpv3 -mfloat-abi=har
TRACE::2025-06-12.09:16:09::SCWBDomain::d -nostartfiles -g -Wall -Wextra -fno-tree-loop-distribute-patterns"

TRACE::2025-06-12.09:16:09::SCWBDomain::"Running Make include in ps7_cortexa9_0/libsrc/ddrps_v1_2/src"

TRACE::2025-06-12.09:16:09::SCWBDomain::make -C ps7_cortexa9_0/libsrc/ddrps_v1_2/src -s include  "SHELL=CMD" "COMPILER=arm-none-eabi-gcc" "ASSEMBLER=arm-none-eabi-as" 
TRACE::2025-06-12.09:16:09::SCWBDomain::"ARCHIVER=arm-none-eabi-ar" "COMPILER_FLAGS=  -O2 -c" "EXTRA_COMPILER_FLAGS=-mcpu=cortex-a9 -mfpu=vfpv3 -mfloat-abi=hard -nosta
TRACE::2025-06-12.09:16:09::SCWBDomain::rtfiles -g -Wall -Wextra -fno-tree-loop-distribute-patterns"

TRACE::2025-06-12.09:16:09::SCWBDomain::"Running Make include in ps7_cortexa9_0/libsrc/devcfg_v3_8/src"

TRACE::2025-06-12.09:16:09::SCWBDomain::make -C ps7_cortexa9_0/libsrc/devcfg_v3_8/src -s include  "SHELL=CMD" "COMPILER=arm-none-eabi-gcc" "ASSEMBLER=arm-none-eabi-as"
TRACE::2025-06-12.09:16:09::SCWBDomain:: "ARCHIVER=arm-none-eabi-ar" "COMPILER_FLAGS=  -O2 -c" "EXTRA_COMPILER_FLAGS=-mcpu=cortex-a9 -mfpu=vfpv3 -mfloat-abi=hard -nost
TRACE::2025-06-12.09:16:09::SCWBDomain::artfiles -g -Wall -Wextra -fno-tree-loop-distribute-patterns"

TRACE::2025-06-12.09:16:09::SCWBDomain::"Running Make include in ps7_cortexa9_0/libsrc/dmaps_v2_10/src"

TRACE::2025-06-12.09:16:09::SCWBDomain::make -C ps7_cortexa9_0/libsrc/dmaps_v2_10/src -s include  "SHELL=CMD" "COMPILER=arm-none-eabi-gcc" "ASSEMBLER=arm-none-eabi-as"
TRACE::2025-06-12.09:16:09::SCWBDomain:: "ARCHIVER=arm-none-eabi-ar" "COMPILER_FLAGS=  -O2 -c" "EXTRA_COMPILER_FLAGS=-mcpu=cortex-a9 -mfpu=vfpv3 -mfloat-abi=hard -nost
TRACE::2025-06-12.09:16:09::SCWBDomain::artfiles -g -Wall -Wextra -fno-tree-loop-distribute-patterns"

TRACE::2025-06-12.09:16:09::SCWBDomain::"Running Make include in ps7_cortexa9_0/libsrc/emacps_v3_20/src"

TRACE::2025-06-12.09:16:09::SCWBDomain::make -C ps7_cortexa9_0/libsrc/emacps_v3_20/src -s include  "SHELL=CMD" "COMPILER=arm-none-eabi-gcc" "ASSEMBLER=arm-none-eabi-as
TRACE::2025-06-12.09:16:09::SCWBDomain::" "ARCHIVER=arm-none-eabi-ar" "COMPILER_FLAGS=  -O2 -c" "EXTRA_COMPILER_FLAGS=-mcpu=cortex-a9 -mfpu=vfpv3 -mfloat-abi=hard -nos
TRACE::2025-06-12.09:16:09::SCWBDomain::tartfiles -g -Wall -Wextra -fno-tree-loop-distribute-patterns"

TRACE::2025-06-12.09:16:09::SCWBDomain::"Running Make include in ps7_cortexa9_0/libsrc/gpiops_v3_13/src"

TRACE::2025-06-12.09:16:09::SCWBDomain::make -C ps7_cortexa9_0/libsrc/gpiops_v3_13/src -s include  "SHELL=CMD" "COMPILER=arm-none-eabi-gcc" "ASSEMBLER=arm-none-eabi-as
TRACE::2025-06-12.09:16:09::SCWBDomain::" "ARCHIVER=arm-none-eabi-ar" "COMPILER_FLAGS=  -O2 -c" "EXTRA_COMPILER_FLAGS=-mcpu=cortex-a9 -mfpu=vfpv3 -mfloat-abi=hard -nos
TRACE::2025-06-12.09:16:09::SCWBDomain::tartfiles -g -Wall -Wextra -fno-tree-loop-distribute-patterns"

TRACE::2025-06-12.09:16:09::SCWBDomain::"Running Make include in ps7_cortexa9_0/libsrc/gpio_v4_11/src"

TRACE::2025-06-12.09:16:09::SCWBDomain::make -C ps7_cortexa9_0/libsrc/gpio_v4_11/src -s include  "SHELL=CMD" "COMPILER=arm-none-eabi-gcc" "ASSEMBLER=arm-none-eabi-as" 
TRACE::2025-06-12.09:16:09::SCWBDomain::"ARCHIVER=arm-none-eabi-ar" "COMPILER_FLAGS=  -O2 -c" "EXTRA_COMPILER_FLAGS=-mcpu=cortex-a9 -mfpu=vfpv3 -mfloat-abi=hard -nosta
TRACE::2025-06-12.09:16:09::SCWBDomain::rtfiles -g -Wall -Wextra -fno-tree-loop-distribute-patterns"

TRACE::2025-06-12.09:16:09::SCWBDomain::"Running Make include in ps7_cortexa9_0/libsrc/qspips_v3_12/src"

TRACE::2025-06-12.09:16:09::SCWBDomain::make -C ps7_cortexa9_0/libsrc/qspips_v3_12/src -s include  "SHELL=CMD" "COMPILER=arm-none-eabi-gcc" "ASSEMBLER=arm-none-eabi-as
TRACE::2025-06-12.09:16:09::SCWBDomain::" "ARCHIVER=arm-none-eabi-ar" "COMPILER_FLAGS=  -O2 -c" "EXTRA_COMPILER_FLAGS=-mcpu=cortex-a9 -mfpu=vfpv3 -mfloat-abi=hard -nos
TRACE::2025-06-12.09:16:09::SCWBDomain::tartfiles -g -Wall -Wextra -fno-tree-loop-distribute-patterns"

TRACE::2025-06-12.09:16:09::SCWBDomain::"Running Make include in ps7_cortexa9_0/libsrc/scugic_v5_3/src"

TRACE::2025-06-12.09:16:09::SCWBDomain::make -C ps7_cortexa9_0/libsrc/scugic_v5_3/src -s include  "SHELL=CMD" "COMPILER=arm-none-eabi-gcc" "ASSEMBLER=arm-none-eabi-as"
TRACE::2025-06-12.09:16:09::SCWBDomain:: "ARCHIVER=arm-none-eabi-ar" "COMPILER_FLAGS=  -O2 -c" "EXTRA_COMPILER_FLAGS=-mcpu=cortex-a9 -mfpu=vfpv3 -mfloat-abi=hard -nost
TRACE::2025-06-12.09:16:09::SCWBDomain::artfiles -g -Wall -Wextra -fno-tree-loop-distribute-patterns"

TRACE::2025-06-12.09:16:09::SCWBDomain::"Running Make include in ps7_cortexa9_0/libsrc/scutimer_v2_6/src"

TRACE::2025-06-12.09:16:09::SCWBDomain::make -C ps7_cortexa9_0/libsrc/scutimer_v2_6/src -s include  "SHELL=CMD" "COMPILER=arm-none-eabi-gcc" "ASSEMBLER=arm-none-eabi-a
TRACE::2025-06-12.09:16:09::SCWBDomain::s" "ARCHIVER=arm-none-eabi-ar" "COMPILER_FLAGS=  -O2 -c" "EXTRA_COMPILER_FLAGS=-mcpu=cortex-a9 -mfpu=vfpv3 -mfloat-abi=hard -no
TRACE::2025-06-12.09:16:09::SCWBDomain::startfiles -g -Wall -Wextra -fno-tree-loop-distribute-patterns"

TRACE::2025-06-12.09:16:09::SCWBDomain::"Running Make include in ps7_cortexa9_0/libsrc/scuwdt_v2_5/src"

TRACE::2025-06-12.09:16:09::SCWBDomain::make -C ps7_cortexa9_0/libsrc/scuwdt_v2_5/src -s include  "SHELL=CMD" "COMPILER=arm-none-eabi-gcc" "ASSEMBLER=arm-none-eabi-as"
TRACE::2025-06-12.09:16:09::SCWBDomain:: "ARCHIVER=arm-none-eabi-ar" "COMPILER_FLAGS=  -O2 -c" "EXTRA_COMPILER_FLAGS=-mcpu=cortex-a9 -mfpu=vfpv3 -mfloat-abi=hard -nost
TRACE::2025-06-12.09:16:09::SCWBDomain::artfiles -g -Wall -Wextra -fno-tree-loop-distribute-patterns"

TRACE::2025-06-12.09:16:09::SCWBDomain::"Running Make include in ps7_cortexa9_0/libsrc/sdps_v4_3/src"

TRACE::2025-06-12.09:16:09::SCWBDomain::make -C ps7_cortexa9_0/libsrc/sdps_v4_3/src -s include  "SHELL=CMD" "COMPILER=arm-none-eabi-gcc" "ASSEMBLER=arm-none-eabi-as" "
TRACE::2025-06-12.09:16:09::SCWBDomain::ARCHIVER=arm-none-eabi-ar" "COMPILER_FLAGS=  -O2 -c" "EXTRA_COMPILER_FLAGS=-mcpu=cortex-a9 -mfpu=vfpv3 -mfloat-abi=hard -nostar
TRACE::2025-06-12.09:16:09::SCWBDomain::tfiles -g -Wall -Wextra -fno-tree-loop-distribute-patterns"

TRACE::2025-06-12.09:16:10::SCWBDomain::"Running Make include in ps7_cortexa9_0/libsrc/standalone_v9_1/src"

TRACE::2025-06-12.09:16:10::SCWBDomain::make -C ps7_cortexa9_0/libsrc/standalone_v9_1/src -s include  "SHELL=CMD" "COMPILER=arm-none-eabi-gcc" "ASSEMBLER=arm-none-eabi
TRACE::2025-06-12.09:16:10::SCWBDomain::-as" "ARCHIVER=arm-none-eabi-ar" "COMPILER_FLAGS=  -O2 -c" "EXTRA_COMPILER_FLAGS=-mcpu=cortex-a9 -mfpu=vfpv3 -mfloat-abi=hard -
TRACE::2025-06-12.09:16:10::SCWBDomain::nostartfiles -g -Wall -Wextra -fno-tree-loop-distribute-patterns"

TRACE::2025-06-12.09:16:10::SCWBDomain::"Running Make include in ps7_cortexa9_0/libsrc/uartps_v3_14/src"

TRACE::2025-06-12.09:16:10::SCWBDomain::make -C ps7_cortexa9_0/libsrc/uartps_v3_14/src -s include  "SHELL=CMD" "COMPILER=arm-none-eabi-gcc" "ASSEMBLER=arm-none-eabi-as
TRACE::2025-06-12.09:16:10::SCWBDomain::" "ARCHIVER=arm-none-eabi-ar" "COMPILER_FLAGS=  -O2 -c" "EXTRA_COMPILER_FLAGS=-mcpu=cortex-a9 -mfpu=vfpv3 -mfloat-abi=hard -nos
TRACE::2025-06-12.09:16:10::SCWBDomain::tartfiles -g -Wall -Wextra -fno-tree-loop-distribute-patterns"

TRACE::2025-06-12.09:16:10::SCWBDomain::"Running Make include in ps7_cortexa9_0/libsrc/usbps_v2_9/src"

TRACE::2025-06-12.09:16:10::SCWBDomain::make -C ps7_cortexa9_0/libsrc/usbps_v2_9/src -s include  "SHELL=CMD" "COMPILER=arm-none-eabi-gcc" "ASSEMBLER=arm-none-eabi-as" 
TRACE::2025-06-12.09:16:10::SCWBDomain::"ARCHIVER=arm-none-eabi-ar" "COMPILER_FLAGS=  -O2 -c" "EXTRA_COMPILER_FLAGS=-mcpu=cortex-a9 -mfpu=vfpv3 -mfloat-abi=hard -nosta
TRACE::2025-06-12.09:16:10::SCWBDomain::rtfiles -g -Wall -Wextra -fno-tree-loop-distribute-patterns"

TRACE::2025-06-12.09:16:10::SCWBDomain::"Running Make include in ps7_cortexa9_0/libsrc/xadcps_v2_7/src"

TRACE::2025-06-12.09:16:10::SCWBDomain::make -C ps7_cortexa9_0/libsrc/xadcps_v2_7/src -s include  "SHELL=CMD" "COMPILER=arm-none-eabi-gcc" "ASSEMBLER=arm-none-eabi-as"
TRACE::2025-06-12.09:16:10::SCWBDomain:: "ARCHIVER=arm-none-eabi-ar" "COMPILER_FLAGS=  -O2 -c" "EXTRA_COMPILER_FLAGS=-mcpu=cortex-a9 -mfpu=vfpv3 -mfloat-abi=hard -nost
TRACE::2025-06-12.09:16:10::SCWBDomain::artfiles -g -Wall -Wextra -fno-tree-loop-distribute-patterns"

TRACE::2025-06-12.09:16:10::SCWBDomain::"Running Make include in ps7_cortexa9_0/libsrc/xilffs_v5_2/src"

TRACE::2025-06-12.09:16:10::SCWBDomain::make -C ps7_cortexa9_0/libsrc/xilffs_v5_2/src -s include  "SHELL=CMD" "COMPILER=arm-none-eabi-gcc" "ASSEMBLER=arm-none-eabi-as"
TRACE::2025-06-12.09:16:10::SCWBDomain:: "ARCHIVER=arm-none-eabi-ar" "COMPILER_FLAGS=  -O2 -c" "EXTRA_COMPILER_FLAGS=-mcpu=cortex-a9 -mfpu=vfpv3 -mfloat-abi=hard -nost
TRACE::2025-06-12.09:16:10::SCWBDomain::artfiles -g -Wall -Wextra -fno-tree-loop-distribute-patterns"

TRACE::2025-06-12.09:16:10::SCWBDomain::"Running Make include in ps7_cortexa9_0/libsrc/xilrsa_v1_8/src"

TRACE::2025-06-12.09:16:10::SCWBDomain::make -C ps7_cortexa9_0/libsrc/xilrsa_v1_8/src -s include  "SHELL=CMD" "COMPILER=arm-none-eabi-gcc" "ASSEMBLER=arm-none-eabi-as"
TRACE::2025-06-12.09:16:10::SCWBDomain:: "ARCHIVER=arm-none-eabi-ar" "COMPILER_FLAGS=  -O2 -c" "EXTRA_COMPILER_FLAGS=-mcpu=cortex-a9 -mfpu=vfpv3 -mfloat-abi=hard -nost
TRACE::2025-06-12.09:16:10::SCWBDomain::artfiles -g -Wall -Wextra -fno-tree-loop-distribute-patterns"

TRACE::2025-06-12.09:16:10::SCWBDomain::"Running Make libs in ps7_cortexa9_0/libsrc/AXI_NeoPixel_v1_0/src"

TRACE::2025-06-12.09:16:10::SCWBDomain::make -C ps7_cortexa9_0/libsrc/AXI_NeoPixel_v1_0/src -s libs  "SHELL=CMD" "COMPILER=arm-none-eabi-gcc" "ASSEMBLER=arm-none-eabi-
TRACE::2025-06-12.09:16:10::SCWBDomain::as" "ARCHIVER=arm-none-eabi-ar" "COMPILER_FLAGS=  -O2 -c" "EXTRA_COMPILER_FLAGS=-mcpu=cortex-a9 -mfpu=vfpv3 -mfloat-abi=hard -n
TRACE::2025-06-12.09:16:10::SCWBDomain::ostartfiles -g -Wall -Wextra -fno-tree-loop-distribute-patterns"

TRACE::2025-06-12.09:16:11::SCWBDomain::"Running Make libs in ps7_cortexa9_0/libsrc/xilrsa_v1_8/src"

TRACE::2025-06-12.09:16:11::SCWBDomain::make -C ps7_cortexa9_0/libsrc/xilrsa_v1_8/src -s libs  "SHELL=CMD" "COMPILER=arm-none-eabi-gcc" "ASSEMBLER=arm-none-eabi-as" "A
TRACE::2025-06-12.09:16:11::SCWBDomain::RCHIVER=arm-none-eabi-ar" "COMPILER_FLAGS=  -O2 -c" "EXTRA_COMPILER_FLAGS=-mcpu=cortex-a9 -mfpu=vfpv3 -mfloat-abi=hard -nostart
TRACE::2025-06-12.09:16:11::SCWBDomain::files -g -Wall -Wextra -fno-tree-loop-distribute-patterns"

TRACE::2025-06-12.09:16:11::SCWBDomain::'Finished building libraries sequentially.'

TRACE::2025-06-12.09:16:11::SCWBDomain::make -j 6 --no-print-directory par_libs

TRACE::2025-06-12.09:16:11::SCWBDomain::"Running Make include in ps7_cortexa9_0/libsrc/AXI_NeoPixel_v1_0/src"

TRACE::2025-06-12.09:16:11::SCWBDomain::make -C ps7_cortexa9_0/libsrc/AXI_NeoPixel_v1_0/src -s include  "SHELL=CMD" "COMPILER=arm-none-eabi-gcc" "ASSEMBLER=arm-none-ea
TRACE::2025-06-12.09:16:11::SCWBDomain::bi-as" "ARCHIVER=arm-none-eabi-ar" "COMPILER_FLAGS=  -O2 -c" "EXTRA_COMPILER_FLAGS=-mcpu=cortex-a9 -mfpu=vfpv3 -mfloat-abi=hard
TRACE::2025-06-12.09:16:11::SCWBDomain:: -nostartfiles -g -Wall -Wextra -fno-tree-loop-distribute-patterns"

TRACE::2025-06-12.09:16:11::SCWBDomain::"Running Make include in ps7_cortexa9_0/libsrc/coresightps_dcc_v1_10/src"

TRACE::2025-06-12.09:16:11::SCWBDomain::make -C ps7_cortexa9_0/libsrc/coresightps_dcc_v1_10/src -s include  "SHELL=CMD" "COMPILER=arm-none-eabi-gcc" "ASSEMBLER=arm-non
TRACE::2025-06-12.09:16:11::SCWBDomain::e-eabi-as" "ARCHIVER=arm-none-eabi-ar" "COMPILER_FLAGS=  -O2 -c" "EXTRA_COMPILER_FLAGS=-mcpu=cortex-a9 -mfpu=vfpv3 -mfloat-abi=
TRACE::2025-06-12.09:16:11::SCWBDomain::hard -nostartfiles -g -Wall -Wextra -fno-tree-loop-distribute-patterns"

TRACE::2025-06-12.09:16:11::SCWBDomain::"Running Make include in ps7_cortexa9_0/libsrc/cpu_cortexa9_v2_12/src"

TRACE::2025-06-12.09:16:11::SCWBDomain::make -C ps7_cortexa9_0/libsrc/cpu_cortexa9_v2_12/src -s include  "SHELL=CMD" "COMPILER=arm-none-eabi-gcc" "ASSEMBLER=arm-none-e
TRACE::2025-06-12.09:16:11::SCWBDomain::abi-as" "ARCHIVER=arm-none-eabi-ar" "COMPILER_FLAGS=  -O2 -c" "EXTRA_COMPILER_FLAGS=-mcpu=cortex-a9 -mfpu=vfpv3 -mfloat-abi=har
TRACE::2025-06-12.09:16:11::SCWBDomain::d -nostartfiles -g -Wall -Wextra -fno-tree-loop-distribute-patterns"

TRACE::2025-06-12.09:16:11::SCWBDomain::"Running Make include in ps7_cortexa9_0/libsrc/ddrps_v1_2/src"

TRACE::2025-06-12.09:16:11::SCWBDomain::make -C ps7_cortexa9_0/libsrc/ddrps_v1_2/src -s include  "SHELL=CMD" "COMPILER=arm-none-eabi-gcc" "ASSEMBLER=arm-none-eabi-as" 
TRACE::2025-06-12.09:16:11::SCWBDomain::"ARCHIVER=arm-none-eabi-ar" "COMPILER_FLAGS=  -O2 -c" "EXTRA_COMPILER_FLAGS=-mcpu=cortex-a9 -mfpu=vfpv3 -mfloat-abi=hard -nosta
TRACE::2025-06-12.09:16:11::SCWBDomain::rtfiles -g -Wall -Wextra -fno-tree-loop-distribute-patterns"

TRACE::2025-06-12.09:16:11::SCWBDomain::"Running Make include in ps7_cortexa9_0/libsrc/devcfg_v3_8/src"

TRACE::2025-06-12.09:16:11::SCWBDomain::make -C ps7_cortexa9_0/libsrc/devcfg_v3_8/src -s include  "SHELL=CMD" "COMPILER=arm-none-eabi-gcc" "ASSEMBLER=arm-none-eabi-as"
TRACE::2025-06-12.09:16:11::SCWBDomain:: "ARCHIVER=arm-none-eabi-ar" "COMPILER_FLAGS=  -O2 -c" "EXTRA_COMPILER_FLAGS=-mcpu=cortex-a9 -mfpu=vfpv3 -mfloat-abi=hard -nost
TRACE::2025-06-12.09:16:11::SCWBDomain::artfiles -g -Wall -Wextra -fno-tree-loop-distribute-patterns"

TRACE::2025-06-12.09:16:11::SCWBDomain::"Running Make include in ps7_cortexa9_0/libsrc/dmaps_v2_10/src"

TRACE::2025-06-12.09:16:11::SCWBDomain::make -C ps7_cortexa9_0/libsrc/dmaps_v2_10/src -s include  "SHELL=CMD" "COMPILER=arm-none-eabi-gcc" "ASSEMBLER=arm-none-eabi-as"
TRACE::2025-06-12.09:16:11::SCWBDomain:: "ARCHIVER=arm-none-eabi-ar" "COMPILER_FLAGS=  -O2 -c" "EXTRA_COMPILER_FLAGS=-mcpu=cortex-a9 -mfpu=vfpv3 -mfloat-abi=hard -nost
TRACE::2025-06-12.09:16:11::SCWBDomain::artfiles -g -Wall -Wextra -fno-tree-loop-distribute-patterns"

TRACE::2025-06-12.09:16:11::SCWBDomain::"Running Make include in ps7_cortexa9_0/libsrc/emacps_v3_20/src"

TRACE::2025-06-12.09:16:11::SCWBDomain::make -C ps7_cortexa9_0/libsrc/emacps_v3_20/src -s include  "SHELL=CMD" "COMPILER=arm-none-eabi-gcc" "ASSEMBLER=arm-none-eabi-as
TRACE::2025-06-12.09:16:11::SCWBDomain::" "ARCHIVER=arm-none-eabi-ar" "COMPILER_FLAGS=  -O2 -c" "EXTRA_COMPILER_FLAGS=-mcpu=cortex-a9 -mfpu=vfpv3 -mfloat-abi=hard -nos
TRACE::2025-06-12.09:16:11::SCWBDomain::tartfiles -g -Wall -Wextra -fno-tree-loop-distribute-patterns"

TRACE::2025-06-12.09:16:11::SCWBDomain::"Running Make include in ps7_cortexa9_0/libsrc/gpiops_v3_13/src"

TRACE::2025-06-12.09:16:11::SCWBDomain::make -C ps7_cortexa9_0/libsrc/gpiops_v3_13/src -s include  "SHELL=CMD" "COMPILER=arm-none-eabi-gcc" "ASSEMBLER=arm-none-eabi-as
TRACE::2025-06-12.09:16:11::SCWBDomain::" "ARCHIVER=arm-none-eabi-ar" "COMPILER_FLAGS=  -O2 -c" "EXTRA_COMPILER_FLAGS=-mcpu=cortex-a9 -mfpu=vfpv3 -mfloat-abi=hard -nos
TRACE::2025-06-12.09:16:11::SCWBDomain::tartfiles -g -Wall -Wextra -fno-tree-loop-distribute-patterns"

TRACE::2025-06-12.09:16:11::SCWBDomain::"Running Make include in ps7_cortexa9_0/libsrc/gpio_v4_11/src"

TRACE::2025-06-12.09:16:11::SCWBDomain::make -C ps7_cortexa9_0/libsrc/gpio_v4_11/src -s include  "SHELL=CMD" "COMPILER=arm-none-eabi-gcc" "ASSEMBLER=arm-none-eabi-as" 
TRACE::2025-06-12.09:16:11::SCWBDomain::"ARCHIVER=arm-none-eabi-ar" "COMPILER_FLAGS=  -O2 -c" "EXTRA_COMPILER_FLAGS=-mcpu=cortex-a9 -mfpu=vfpv3 -mfloat-abi=hard -nosta
TRACE::2025-06-12.09:16:11::SCWBDomain::rtfiles -g -Wall -Wextra -fno-tree-loop-distribute-patterns"

TRACE::2025-06-12.09:16:11::SCWBDomain::"Running Make include in ps7_cortexa9_0/libsrc/qspips_v3_12/src"

TRACE::2025-06-12.09:16:11::SCWBDomain::make -C ps7_cortexa9_0/libsrc/qspips_v3_12/src -s include  "SHELL=CMD" "COMPILER=arm-none-eabi-gcc" "ASSEMBLER=arm-none-eabi-as
TRACE::2025-06-12.09:16:11::SCWBDomain::" "ARCHIVER=arm-none-eabi-ar" "COMPILER_FLAGS=  -O2 -c" "EXTRA_COMPILER_FLAGS=-mcpu=cortex-a9 -mfpu=vfpv3 -mfloat-abi=hard -nos
TRACE::2025-06-12.09:16:11::SCWBDomain::tartfiles -g -Wall -Wextra -fno-tree-loop-distribute-patterns"

TRACE::2025-06-12.09:16:11::SCWBDomain::"Running Make include in ps7_cortexa9_0/libsrc/scugic_v5_3/src"

TRACE::2025-06-12.09:16:11::SCWBDomain::make -C ps7_cortexa9_0/libsrc/scugic_v5_3/src -s include  "SHELL=CMD" "COMPILER=arm-none-eabi-gcc" "ASSEMBLER=arm-none-eabi-as"
TRACE::2025-06-12.09:16:11::SCWBDomain:: "ARCHIVER=arm-none-eabi-ar" "COMPILER_FLAGS=  -O2 -c" "EXTRA_COMPILER_FLAGS=-mcpu=cortex-a9 -mfpu=vfpv3 -mfloat-abi=hard -nost
TRACE::2025-06-12.09:16:11::SCWBDomain::artfiles -g -Wall -Wextra -fno-tree-loop-distribute-patterns"

TRACE::2025-06-12.09:16:11::SCWBDomain::"Running Make include in ps7_cortexa9_0/libsrc/scutimer_v2_6/src"

TRACE::2025-06-12.09:16:11::SCWBDomain::make -C ps7_cortexa9_0/libsrc/scutimer_v2_6/src -s include  "SHELL=CMD" "COMPILER=arm-none-eabi-gcc" "ASSEMBLER=arm-none-eabi-a
TRACE::2025-06-12.09:16:11::SCWBDomain::s" "ARCHIVER=arm-none-eabi-ar" "COMPILER_FLAGS=  -O2 -c" "EXTRA_COMPILER_FLAGS=-mcpu=cortex-a9 -mfpu=vfpv3 -mfloat-abi=hard -no
TRACE::2025-06-12.09:16:11::SCWBDomain::startfiles -g -Wall -Wextra -fno-tree-loop-distribute-patterns"

TRACE::2025-06-12.09:16:11::SCWBDomain::"Running Make include in ps7_cortexa9_0/libsrc/scuwdt_v2_5/src"

TRACE::2025-06-12.09:16:11::SCWBDomain::make -C ps7_cortexa9_0/libsrc/scuwdt_v2_5/src -s include  "SHELL=CMD" "COMPILER=arm-none-eabi-gcc" "ASSEMBLER=arm-none-eabi-as"
TRACE::2025-06-12.09:16:11::SCWBDomain:: "ARCHIVER=arm-none-eabi-ar" "COMPILER_FLAGS=  -O2 -c" "EXTRA_COMPILER_FLAGS=-mcpu=cortex-a9 -mfpu=vfpv3 -mfloat-abi=hard -nost
TRACE::2025-06-12.09:16:11::SCWBDomain::artfiles -g -Wall -Wextra -fno-tree-loop-distribute-patterns"

TRACE::2025-06-12.09:16:11::SCWBDomain::"Running Make include in ps7_cortexa9_0/libsrc/sdps_v4_3/src"

TRACE::2025-06-12.09:16:11::SCWBDomain::make -C ps7_cortexa9_0/libsrc/sdps_v4_3/src -s include  "SHELL=CMD" "COMPILER=arm-none-eabi-gcc" "ASSEMBLER=arm-none-eabi-as" "
TRACE::2025-06-12.09:16:11::SCWBDomain::ARCHIVER=arm-none-eabi-ar" "COMPILER_FLAGS=  -O2 -c" "EXTRA_COMPILER_FLAGS=-mcpu=cortex-a9 -mfpu=vfpv3 -mfloat-abi=hard -nostar
TRACE::2025-06-12.09:16:11::SCWBDomain::tfiles -g -Wall -Wextra -fno-tree-loop-distribute-patterns"

TRACE::2025-06-12.09:16:11::SCWBDomain::"Running Make include in ps7_cortexa9_0/libsrc/standalone_v9_1/src"

TRACE::2025-06-12.09:16:11::SCWBDomain::make -C ps7_cortexa9_0/libsrc/standalone_v9_1/src -s include  "SHELL=CMD" "COMPILER=arm-none-eabi-gcc" "ASSEMBLER=arm-none-eabi
TRACE::2025-06-12.09:16:11::SCWBDomain::-as" "ARCHIVER=arm-none-eabi-ar" "COMPILER_FLAGS=  -O2 -c" "EXTRA_COMPILER_FLAGS=-mcpu=cortex-a9 -mfpu=vfpv3 -mfloat-abi=hard -
TRACE::2025-06-12.09:16:11::SCWBDomain::nostartfiles -g -Wall -Wextra -fno-tree-loop-distribute-patterns"

TRACE::2025-06-12.09:16:11::SCWBDomain::"Running Make include in ps7_cortexa9_0/libsrc/uartps_v3_14/src"

TRACE::2025-06-12.09:16:11::SCWBDomain::make -C ps7_cortexa9_0/libsrc/uartps_v3_14/src -s include  "SHELL=CMD" "COMPILER=arm-none-eabi-gcc" "ASSEMBLER=arm-none-eabi-as
TRACE::2025-06-12.09:16:11::SCWBDomain::" "ARCHIVER=arm-none-eabi-ar" "COMPILER_FLAGS=  -O2 -c" "EXTRA_COMPILER_FLAGS=-mcpu=cortex-a9 -mfpu=vfpv3 -mfloat-abi=hard -nos
TRACE::2025-06-12.09:16:11::SCWBDomain::tartfiles -g -Wall -Wextra -fno-tree-loop-distribute-patterns"

TRACE::2025-06-12.09:16:11::SCWBDomain::"Running Make include in ps7_cortexa9_0/libsrc/usbps_v2_9/src"

TRACE::2025-06-12.09:16:11::SCWBDomain::make -C ps7_cortexa9_0/libsrc/usbps_v2_9/src -s include  "SHELL=CMD" "COMPILER=arm-none-eabi-gcc" "ASSEMBLER=arm-none-eabi-as" 
TRACE::2025-06-12.09:16:11::SCWBDomain::"ARCHIVER=arm-none-eabi-ar" "COMPILER_FLAGS=  -O2 -c" "EXTRA_COMPILER_FLAGS=-mcpu=cortex-a9 -mfpu=vfpv3 -mfloat-abi=hard -nosta
TRACE::2025-06-12.09:16:11::SCWBDomain::rtfiles -g -Wall -Wextra -fno-tree-loop-distribute-patterns"

TRACE::2025-06-12.09:16:11::SCWBDomain::"Running Make include in ps7_cortexa9_0/libsrc/xadcps_v2_7/src"

TRACE::2025-06-12.09:16:11::SCWBDomain::make -C ps7_cortexa9_0/libsrc/xadcps_v2_7/src -s include  "SHELL=CMD" "COMPILER=arm-none-eabi-gcc" "ASSEMBLER=arm-none-eabi-as"
TRACE::2025-06-12.09:16:11::SCWBDomain:: "ARCHIVER=arm-none-eabi-ar" "COMPILER_FLAGS=  -O2 -c" "EXTRA_COMPILER_FLAGS=-mcpu=cortex-a9 -mfpu=vfpv3 -mfloat-abi=hard -nost
TRACE::2025-06-12.09:16:11::SCWBDomain::artfiles -g -Wall -Wextra -fno-tree-loop-distribute-patterns"

TRACE::2025-06-12.09:16:11::SCWBDomain::"Running Make include in ps7_cortexa9_0/libsrc/xilffs_v5_2/src"

TRACE::2025-06-12.09:16:11::SCWBDomain::make -C ps7_cortexa9_0/libsrc/xilffs_v5_2/src -s include  "SHELL=CMD" "COMPILER=arm-none-eabi-gcc" "ASSEMBLER=arm-none-eabi-as"
TRACE::2025-06-12.09:16:11::SCWBDomain:: "ARCHIVER=arm-none-eabi-ar" "COMPILER_FLAGS=  -O2 -c" "EXTRA_COMPILER_FLAGS=-mcpu=cortex-a9 -mfpu=vfpv3 -mfloat-abi=hard -nost
TRACE::2025-06-12.09:16:11::SCWBDomain::artfiles -g -Wall -Wextra -fno-tree-loop-distribute-patterns"

TRACE::2025-06-12.09:16:11::SCWBDomain::"Running Make include in ps7_cortexa9_0/libsrc/xilrsa_v1_8/src"

TRACE::2025-06-12.09:16:11::SCWBDomain::make -C ps7_cortexa9_0/libsrc/xilrsa_v1_8/src -s include  "SHELL=CMD" "COMPILER=arm-none-eabi-gcc" "ASSEMBLER=arm-none-eabi-as"
TRACE::2025-06-12.09:16:11::SCWBDomain:: "ARCHIVER=arm-none-eabi-ar" "COMPILER_FLAGS=  -O2 -c" "EXTRA_COMPILER_FLAGS=-mcpu=cortex-a9 -mfpu=vfpv3 -mfloat-abi=hard -nost
TRACE::2025-06-12.09:16:11::SCWBDomain::artfiles -g -Wall -Wextra -fno-tree-loop-distribute-patterns"

TRACE::2025-06-12.09:16:11::SCWBDomain::"Running Make libs in ps7_cortexa9_0/libsrc/coresightps_dcc_v1_10/src"

TRACE::2025-06-12.09:16:11::SCWBDomain::make -C ps7_cortexa9_0/libsrc/coresightps_dcc_v1_10/src -s libs  "SHELL=CMD" "COMPILER=arm-none-eabi-gcc" "ASSEMBLER=arm-none-e
TRACE::2025-06-12.09:16:11::SCWBDomain::abi-as" "ARCHIVER=arm-none-eabi-ar" "COMPILER_FLAGS=  -O2 -c" "EXTRA_COMPILER_FLAGS=-mcpu=cortex-a9 -mfpu=vfpv3 -mfloat-abi=har
TRACE::2025-06-12.09:16:11::SCWBDomain::d -nostartfiles -g -Wall -Wextra -fno-tree-loop-distribute-patterns"

TRACE::2025-06-12.09:16:11::SCWBDomain::"Running Make libs in ps7_cortexa9_0/libsrc/cpu_cortexa9_v2_12/src"

TRACE::2025-06-12.09:16:11::SCWBDomain::make -C ps7_cortexa9_0/libsrc/cpu_cortexa9_v2_12/src -s libs  "SHELL=CMD" "COMPILER=arm-none-eabi-gcc" "ASSEMBLER=arm-none-eabi
TRACE::2025-06-12.09:16:11::SCWBDomain::-as" "ARCHIVER=arm-none-eabi-ar" "COMPILER_FLAGS=  -O2 -c" "EXTRA_COMPILER_FLAGS=-mcpu=cortex-a9 -mfpu=vfpv3 -mfloat-abi=hard -
TRACE::2025-06-12.09:16:11::SCWBDomain::nostartfiles -g -Wall -Wextra -fno-tree-loop-distribute-patterns"

TRACE::2025-06-12.09:16:11::SCWBDomain::"Running Make libs in ps7_cortexa9_0/libsrc/ddrps_v1_2/src"

TRACE::2025-06-12.09:16:11::SCWBDomain::make -C ps7_cortexa9_0/libsrc/ddrps_v1_2/src -s libs  "SHELL=CMD" "COMPILER=arm-none-eabi-gcc" "ASSEMBLER=arm-none-eabi-as" "AR
TRACE::2025-06-12.09:16:11::SCWBDomain::CHIVER=arm-none-eabi-ar" "COMPILER_FLAGS=  -O2 -c" "EXTRA_COMPILER_FLAGS=-mcpu=cortex-a9 -mfpu=vfpv3 -mfloat-abi=hard -nostartf
TRACE::2025-06-12.09:16:11::SCWBDomain::iles -g -Wall -Wextra -fno-tree-loop-distribute-patterns"

TRACE::2025-06-12.09:16:11::SCWBDomain::"Running Make libs in ps7_cortexa9_0/libsrc/devcfg_v3_8/src"

TRACE::2025-06-12.09:16:11::SCWBDomain::make -C ps7_cortexa9_0/libsrc/devcfg_v3_8/src -s libs  "SHELL=CMD" "COMPILER=arm-none-eabi-gcc" "ASSEMBLER=arm-none-eabi-as" "A
TRACE::2025-06-12.09:16:11::SCWBDomain::RCHIVER=arm-none-eabi-ar" "COMPILER_FLAGS=  -O2 -c" "EXTRA_COMPILER_FLAGS=-mcpu=cortex-a9 -mfpu=vfpv3 -mfloat-abi=hard -nostart
TRACE::2025-06-12.09:16:11::SCWBDomain::files -g -Wall -Wextra -fno-tree-loop-distribute-patterns"

TRACE::2025-06-12.09:16:11::SCWBDomain::"Running Make libs in ps7_cortexa9_0/libsrc/dmaps_v2_10/src"

TRACE::2025-06-12.09:16:11::SCWBDomain::make -C ps7_cortexa9_0/libsrc/dmaps_v2_10/src -s libs  "SHELL=CMD" "COMPILER=arm-none-eabi-gcc" "ASSEMBLER=arm-none-eabi-as" "A
TRACE::2025-06-12.09:16:11::SCWBDomain::RCHIVER=arm-none-eabi-ar" "COMPILER_FLAGS=  -O2 -c" "EXTRA_COMPILER_FLAGS=-mcpu=cortex-a9 -mfpu=vfpv3 -mfloat-abi=hard -nostart
TRACE::2025-06-12.09:16:11::SCWBDomain::files -g -Wall -Wextra -fno-tree-loop-distribute-patterns"

TRACE::2025-06-12.09:16:11::SCWBDomain::"Running Make libs in ps7_cortexa9_0/libsrc/emacps_v3_20/src"

TRACE::2025-06-12.09:16:11::SCWBDomain::make -C ps7_cortexa9_0/libsrc/emacps_v3_20/src -s libs  "SHELL=CMD" "COMPILER=arm-none-eabi-gcc" "ASSEMBLER=arm-none-eabi-as" "
TRACE::2025-06-12.09:16:11::SCWBDomain::ARCHIVER=arm-none-eabi-ar" "COMPILER_FLAGS=  -O2 -c" "EXTRA_COMPILER_FLAGS=-mcpu=cortex-a9 -mfpu=vfpv3 -mfloat-abi=hard -nostar
TRACE::2025-06-12.09:16:11::SCWBDomain::tfiles -g -Wall -Wextra -fno-tree-loop-distribute-patterns"

TRACE::2025-06-12.09:16:11::SCWBDomain::"Running Make libs in ps7_cortexa9_0/libsrc/gpiops_v3_13/src"

TRACE::2025-06-12.09:16:11::SCWBDomain::make -C ps7_cortexa9_0/libsrc/gpiops_v3_13/src -s libs  "SHELL=CMD" "COMPILER=arm-none-eabi-gcc" "ASSEMBLER=arm-none-eabi-as" "
TRACE::2025-06-12.09:16:11::SCWBDomain::ARCHIVER=arm-none-eabi-ar" "COMPILER_FLAGS=  -O2 -c" "EXTRA_COMPILER_FLAGS=-mcpu=cortex-a9 -mfpu=vfpv3 -mfloat-abi=hard -nostar
TRACE::2025-06-12.09:16:11::SCWBDomain::tfiles -g -Wall -Wextra -fno-tree-loop-distribute-patterns"

TRACE::2025-06-12.09:16:12::SCWBDomain::"Running Make libs in ps7_cortexa9_0/libsrc/gpio_v4_11/src"

TRACE::2025-06-12.09:16:12::SCWBDomain::make -C ps7_cortexa9_0/libsrc/gpio_v4_11/src -s libs  "SHELL=CMD" "COMPILER=arm-none-eabi-gcc" "ASSEMBLER=arm-none-eabi-as" "AR
TRACE::2025-06-12.09:16:12::SCWBDomain::CHIVER=arm-none-eabi-ar" "COMPILER_FLAGS=  -O2 -c" "EXTRA_COMPILER_FLAGS=-mcpu=cortex-a9 -mfpu=vfpv3 -mfloat-abi=hard -nostartf
TRACE::2025-06-12.09:16:12::SCWBDomain::iles -g -Wall -Wextra -fno-tree-loop-distribute-patterns"

TRACE::2025-06-12.09:16:12::SCWBDomain::"Running Make libs in ps7_cortexa9_0/libsrc/qspips_v3_12/src"

TRACE::2025-06-12.09:16:12::SCWBDomain::make -C ps7_cortexa9_0/libsrc/qspips_v3_12/src -s libs  "SHELL=CMD" "COMPILER=arm-none-eabi-gcc" "ASSEMBLER=arm-none-eabi-as" "
TRACE::2025-06-12.09:16:12::SCWBDomain::ARCHIVER=arm-none-eabi-ar" "COMPILER_FLAGS=  -O2 -c" "EXTRA_COMPILER_FLAGS=-mcpu=cortex-a9 -mfpu=vfpv3 -mfloat-abi=hard -nostar
TRACE::2025-06-12.09:16:12::SCWBDomain::tfiles -g -Wall -Wextra -fno-tree-loop-distribute-patterns"

TRACE::2025-06-12.09:16:13::SCWBDomain::"Running Make libs in ps7_cortexa9_0/libsrc/scugic_v5_3/src"

TRACE::2025-06-12.09:16:13::SCWBDomain::make -C ps7_cortexa9_0/libsrc/scugic_v5_3/src -s libs  "SHELL=CMD" "COMPILER=arm-none-eabi-gcc" "ASSEMBLER=arm-none-eabi-as" "A
TRACE::2025-06-12.09:16:13::SCWBDomain::RCHIVER=arm-none-eabi-ar" "COMPILER_FLAGS=  -O2 -c" "EXTRA_COMPILER_FLAGS=-mcpu=cortex-a9 -mfpu=vfpv3 -mfloat-abi=hard -nostart
TRACE::2025-06-12.09:16:13::SCWBDomain::files -g -Wall -Wextra -fno-tree-loop-distribute-patterns"

TRACE::2025-06-12.09:16:13::SCWBDomain::"Running Make libs in ps7_cortexa9_0/libsrc/scutimer_v2_6/src"

TRACE::2025-06-12.09:16:13::SCWBDomain::make -C ps7_cortexa9_0/libsrc/scutimer_v2_6/src -s libs  "SHELL=CMD" "COMPILER=arm-none-eabi-gcc" "ASSEMBLER=arm-none-eabi-as" 
TRACE::2025-06-12.09:16:13::SCWBDomain::"ARCHIVER=arm-none-eabi-ar" "COMPILER_FLAGS=  -O2 -c" "EXTRA_COMPILER_FLAGS=-mcpu=cortex-a9 -mfpu=vfpv3 -mfloat-abi=hard -nosta
TRACE::2025-06-12.09:16:13::SCWBDomain::rtfiles -g -Wall -Wextra -fno-tree-loop-distribute-patterns"

TRACE::2025-06-12.09:16:13::SCWBDomain::"Running Make libs in ps7_cortexa9_0/libsrc/scuwdt_v2_5/src"

TRACE::2025-06-12.09:16:13::SCWBDomain::make -C ps7_cortexa9_0/libsrc/scuwdt_v2_5/src -s libs  "SHELL=CMD" "COMPILER=arm-none-eabi-gcc" "ASSEMBLER=arm-none-eabi-as" "A
TRACE::2025-06-12.09:16:13::SCWBDomain::RCHIVER=arm-none-eabi-ar" "COMPILER_FLAGS=  -O2 -c" "EXTRA_COMPILER_FLAGS=-mcpu=cortex-a9 -mfpu=vfpv3 -mfloat-abi=hard -nostart
TRACE::2025-06-12.09:16:13::SCWBDomain::files -g -Wall -Wextra -fno-tree-loop-distribute-patterns"

TRACE::2025-06-12.09:16:13::SCWBDomain::"Running Make libs in ps7_cortexa9_0/libsrc/sdps_v4_3/src"

TRACE::2025-06-12.09:16:13::SCWBDomain::make -C ps7_cortexa9_0/libsrc/sdps_v4_3/src -s libs  "SHELL=CMD" "COMPILER=arm-none-eabi-gcc" "ASSEMBLER=arm-none-eabi-as" "ARC
TRACE::2025-06-12.09:16:13::SCWBDomain::HIVER=arm-none-eabi-ar" "COMPILER_FLAGS=  -O2 -c" "EXTRA_COMPILER_FLAGS=-mcpu=cortex-a9 -mfpu=vfpv3 -mfloat-abi=hard -nostartfi
TRACE::2025-06-12.09:16:13::SCWBDomain::les -g -Wall -Wextra -fno-tree-loop-distribute-patterns"

TRACE::2025-06-12.09:16:13::SCWBDomain::"Running Make libs in ps7_cortexa9_0/libsrc/standalone_v9_1/src"

TRACE::2025-06-12.09:16:13::SCWBDomain::make -C ps7_cortexa9_0/libsrc/standalone_v9_1/src -s libs  "SHELL=CMD" "COMPILER=arm-none-eabi-gcc" "ASSEMBLER=arm-none-eabi-as
TRACE::2025-06-12.09:16:13::SCWBDomain::" "ARCHIVER=arm-none-eabi-ar" "COMPILER_FLAGS=  -O2 -c" "EXTRA_COMPILER_FLAGS=-mcpu=cortex-a9 -mfpu=vfpv3 -mfloat-abi=hard -nos
TRACE::2025-06-12.09:16:13::SCWBDomain::tartfiles -g -Wall -Wextra -fno-tree-loop-distribute-patterns"

TRACE::2025-06-12.09:16:13::SCWBDomain::"Running Make libs in ps7_cortexa9_0/libsrc/uartps_v3_14/src"

TRACE::2025-06-12.09:16:13::SCWBDomain::make -C ps7_cortexa9_0/libsrc/uartps_v3_14/src -s libs  "SHELL=CMD" "COMPILER=arm-none-eabi-gcc" "ASSEMBLER=arm-none-eabi-as" "
TRACE::2025-06-12.09:16:13::SCWBDomain::ARCHIVER=arm-none-eabi-ar" "COMPILER_FLAGS=  -O2 -c" "EXTRA_COMPILER_FLAGS=-mcpu=cortex-a9 -mfpu=vfpv3 -mfloat-abi=hard -nostar
TRACE::2025-06-12.09:16:13::SCWBDomain::tfiles -g -Wall -Wextra -fno-tree-loop-distribute-patterns"

TRACE::2025-06-12.09:16:14::SCWBDomain::"Running Make libs in ps7_cortexa9_0/libsrc/usbps_v2_9/src"

TRACE::2025-06-12.09:16:14::SCWBDomain::make -C ps7_cortexa9_0/libsrc/usbps_v2_9/src -s libs  "SHELL=CMD" "COMPILER=arm-none-eabi-gcc" "ASSEMBLER=arm-none-eabi-as" "AR
TRACE::2025-06-12.09:16:14::SCWBDomain::CHIVER=arm-none-eabi-ar" "COMPILER_FLAGS=  -O2 -c" "EXTRA_COMPILER_FLAGS=-mcpu=cortex-a9 -mfpu=vfpv3 -mfloat-abi=hard -nostartf
TRACE::2025-06-12.09:16:14::SCWBDomain::iles -g -Wall -Wextra -fno-tree-loop-distribute-patterns"

TRACE::2025-06-12.09:16:14::SCWBDomain::"Running Make libs in ps7_cortexa9_0/libsrc/xadcps_v2_7/src"

TRACE::2025-06-12.09:16:14::SCWBDomain::make -C ps7_cortexa9_0/libsrc/xadcps_v2_7/src -s libs  "SHELL=CMD" "COMPILER=arm-none-eabi-gcc" "ASSEMBLER=arm-none-eabi-as" "A
TRACE::2025-06-12.09:16:14::SCWBDomain::RCHIVER=arm-none-eabi-ar" "COMPILER_FLAGS=  -O2 -c" "EXTRA_COMPILER_FLAGS=-mcpu=cortex-a9 -mfpu=vfpv3 -mfloat-abi=hard -nostart
TRACE::2025-06-12.09:16:14::SCWBDomain::files -g -Wall -Wextra -fno-tree-loop-distribute-patterns"

TRACE::2025-06-12.09:16:14::SCWBDomain::"Running Make libs in ps7_cortexa9_0/libsrc/xilffs_v5_2/src"

TRACE::2025-06-12.09:16:14::SCWBDomain::make -C ps7_cortexa9_0/libsrc/xilffs_v5_2/src -s libs  "SHELL=CMD" "COMPILER=arm-none-eabi-gcc" "ASSEMBLER=arm-none-eabi-as" "A
TRACE::2025-06-12.09:16:14::SCWBDomain::RCHIVER=arm-none-eabi-ar" "COMPILER_FLAGS=  -O2 -c" "EXTRA_COMPILER_FLAGS=-mcpu=cortex-a9 -mfpu=vfpv3 -mfloat-abi=hard -nostart
TRACE::2025-06-12.09:16:14::SCWBDomain::files -g -Wall -Wextra -fno-tree-loop-distribute-patterns"

TRACE::2025-06-12.09:16:16::SCWBDomain::'Finished building libraries parallelly.'

TRACE::2025-06-12.09:16:16::SCWBDomain::make --no-print-directory archive

TRACE::2025-06-12.09:16:16::SCWBDomain::arm-none-eabi-ar -r  ps7_cortexa9_0/lib/libxil.a ps7_cortexa9_0/lib/AXI_NeoPixel.o ps7_cortexa9_0/lib/AXI_NeoPixel_selftest.o p
TRACE::2025-06-12.09:16:16::SCWBDomain::s7_cortexa9_0/lib/_exit.o ps7_cortexa9_0/lib/_open.o ps7_cortexa9_0/lib/_sbrk.o ps7_cortexa9_0/lib/abort.o ps7_cortexa9_0/lib/a
TRACE::2025-06-12.09:16:16::SCWBDomain::sm_vectors.o ps7_cortexa9_0/lib/boot.o ps7_cortexa9_0/lib/close.o ps7_cortexa9_0/lib/cpputest_time.o ps7_cortexa9_0/lib/cpu_ini
TRACE::2025-06-12.09:16:16::SCWBDomain::t.o ps7_cortexa9_0/lib/errno.o ps7_cortexa9_0/lib/fcntl.o ps7_cortexa9_0/lib/fstat.o ps7_cortexa9_0/lib/getentropy.o ps7_cortex
TRACE::2025-06-12.09:16:16::SCWBDomain::a9_0/lib/getpid.o ps7_cortexa9_0/lib/inbyte.o ps7_cortexa9_0/lib/isatty.o ps7_cortexa9_0/lib/kill.o ps7_cortexa9_0/lib/lseek.o 
TRACE::2025-06-12.09:16:16::SCWBDomain::ps7_cortexa9_0/lib/open.o ps7_cortexa9_0/lib/outbyte.o ps7_cortexa9_0/lib/print.o ps7_cortexa9_0/lib/putnum.o ps7_cortexa9_0/li
TRACE::2025-06-12.09:16:16::SCWBDomain::b/read.o ps7_cortexa9_0/lib/sbrk.o ps7_cortexa9_0/lib/sleep.o ps7_cortexa9_0/lib/time.o ps7_cortexa9_0/lib/translation_table.o 
TRACE::2025-06-12.09:16:16::SCWBDomain::ps7_cortexa9_0/lib/unlink.o ps7_cortexa9_0/lib/usleep.o ps7_cortexa9_0/lib/vectors.o ps7_cortexa9_0/lib/write.o ps7_cortexa9_0/
TRACE::2025-06-12.09:16:16::SCWBDomain::lib/xadcps.o ps7_cortexa9_0/lib/xadcps_g.o ps7_cortexa9_0/lib/xadcps_intr.o ps7_cortexa9_0/lib/xadcps_selftest.o ps7_cortexa9_0
TRACE::2025-06-12.09:16:16::SCWBDomain::/lib/xadcps_sinit.o ps7_cortexa9_0/lib/xcoresightpsdcc.o ps7_cortexa9_0/lib/xdevcfg.o ps7_cortexa9_0/lib/xdevcfg_g.o ps7_cortex
TRACE::2025-06-12.09:16:16::SCWBDomain::a9_0/lib/xdevcfg_hw.o ps7_cortexa9_0/lib/xdevcfg_intr.o ps7_cortexa9_0/lib/xdevcfg_selftest.o ps7_cortexa9_0/lib/xdevcfg_sinit.
TRACE::2025-06-12.09:16:16::SCWBDomain::o ps7_cortexa9_0/lib/xdmaps.o ps7_cortexa9_0/lib/xdmaps_g.o ps7_cortexa9_0/lib/xdmaps_hw.o ps7_cortexa9_0/lib/xdmaps_selftest.o
TRACE::2025-06-12.09:16:16::SCWBDomain:: ps7_cortexa9_0/lib/xdmaps_sinit.o ps7_cortexa9_0/lib/xemacps.o ps7_cortexa9_0/lib/xemacps_bdring.o ps7_cortexa9_0/lib/xemacps_
TRACE::2025-06-12.09:16:16::SCWBDomain::control.o ps7_cortexa9_0/lib/xemacps_g.o ps7_cortexa9_0/lib/xemacps_hw.o ps7_cortexa9_0/lib/xemacps_intr.o ps7_cortexa9_0/lib/x
TRACE::2025-06-12.09:16:16::SCWBDomain::emacps_sinit.o ps7_cortexa9_0/lib/xgpio.o ps7_cortexa9_0/lib/xgpio_extra.o ps7_cortexa9_0/lib/xgpio_g.o ps7_cortexa9_0/lib/xgpi
TRACE::2025-06-12.09:16:16::SCWBDomain::o_intr.o ps7_cortexa9_0/lib/xgpio_selftest.o ps7_cortexa9_0/lib/xgpio_sinit.o ps7_cortexa9_0/lib/xgpiops.o ps7_cortexa9_0/lib/x
TRACE::2025-06-12.09:16:16::SCWBDomain::gpiops_g.o ps7_cortexa9_0/lib/xgpiops_hw.o ps7_cortexa9_0/lib/xgpiops_intr.o ps7_cortexa9_0/lib/xgpiops_selftest.o ps7_cortexa9
TRACE::2025-06-12.09:16:16::SCWBDomain::_0/lib/xgpiops_sinit.o ps7_cortexa9_0/lib/xil-crt0.o ps7_cortexa9_0/lib/xil_assert.o ps7_cortexa9_0/lib/xil_cache.o ps7_cortexa
TRACE::2025-06-12.09:16:16::SCWBDomain::9_0/lib/xil_clocking.o ps7_cortexa9_0/lib/xil_exception.o ps7_cortexa9_0/lib/xil_mem.o ps7_cortexa9_0/lib/xil_misc_psreset_api.
TRACE::2025-06-12.09:16:16::SCWBDomain::o ps7_cortexa9_0/lib/xil_mmu.o ps7_cortexa9_0/lib/xil_printf.o ps7_cortexa9_0/lib/xil_sleepcommon.o ps7_cortexa9_0/lib/xil_slee
TRACE::2025-06-12.09:16:16::SCWBDomain::ptimer.o ps7_cortexa9_0/lib/xil_spinlock.o ps7_cortexa9_0/lib/xil_testcache.o ps7_cortexa9_0/lib/xil_testio.o ps7_cortexa9_0/li
TRACE::2025-06-12.09:16:16::SCWBDomain::b/xil_testmem.o ps7_cortexa9_0/lib/xil_util.o ps7_cortexa9_0/lib/xinterrupt_wrap.o ps7_cortexa9_0/lib/xl2cc_counter.o ps7_corte
TRACE::2025-06-12.09:16:16::SCWBDomain::xa9_0/lib/xplatform_info.o ps7_cortexa9_0/lib/xpm_counter.o ps7_cortexa9_0/lib/xpm_init.o ps7_cortexa9_0/lib/xqspips.o ps7_cort
TRACE::2025-06-12.09:16:16::SCWBDomain::exa9_0/lib/xqspips_g.o ps7_cortexa9_0/lib/xqspips_hw.o ps7_cortexa9_0/lib/xqspips_options.o ps7_cortexa9_0/lib/xqspips_selftest
TRACE::2025-06-12.09:16:16::SCWBDomain::.o ps7_cortexa9_0/lib/xqspips_sinit.o ps7_cortexa9_0/lib/xscugic.o ps7_cortexa9_0/lib/xscugic_g.o ps7_cortexa9_0/lib/xscugic_hw
TRACE::2025-06-12.09:16:16::SCWBDomain::.o ps7_cortexa9_0/lib/xscugic_intr.o ps7_cortexa9_0/lib/xscugic_selftest.o ps7_cortexa9_0/lib/xscugic_sinit.o ps7_cortexa9_0/li
TRACE::2025-06-12.09:16:16::SCWBDomain::b/xscutimer.o ps7_cortexa9_0/lib/xscutimer_g.o ps7_cortexa9_0/lib/xscutimer_selftest.o ps7_cortexa9_0/lib/xscutimer_sinit.o ps7
TRACE::2025-06-12.09:16:16::SCWBDomain::_cortexa9_0/lib/xscuwdt.o ps7_cortexa9_0/lib/xscuwdt_g.o ps7_cortexa9_0/lib/xscuwdt_selftest.o ps7_cortexa9_0/lib/xscuwdt_sinit
TRACE::2025-06-12.09:16:16::SCWBDomain::.o ps7_cortexa9_0/lib/xsdps.o ps7_cortexa9_0/lib/xsdps_card.o ps7_cortexa9_0/lib/xsdps_g.o ps7_cortexa9_0/lib/xsdps_host.o ps7_
TRACE::2025-06-12.09:16:16::SCWBDomain::cortexa9_0/lib/xsdps_options.o ps7_cortexa9_0/lib/xsdps_sinit.o ps7_cortexa9_0/lib/xtime_l.o ps7_cortexa9_0/lib/xuartps.o ps7_c
TRACE::2025-06-12.09:16:16::SCWBDomain::ortexa9_0/lib/xuartps_g.o ps7_cortexa9_0/lib/xuartps_hw.o ps7_cortexa9_0/lib/xuartps_intr.o ps7_cortexa9_0/lib/xuartps_options.
TRACE::2025-06-12.09:16:16::SCWBDomain::o ps7_cortexa9_0/lib/xuartps_selftest.o ps7_cortexa9_0/lib/xuartps_sinit.o ps7_cortexa9_0/lib/xusbps.o ps7_cortexa9_0/lib/xusbp
TRACE::2025-06-12.09:16:16::SCWBDomain::s_endpoint.o ps7_cortexa9_0/lib/xusbps_g.o ps7_cortexa9_0/lib/xusbps_hw.o ps7_cortexa9_0/lib/xusbps_intr.o ps7_cortexa9_0/lib/x
TRACE::2025-06-12.09:16:16::SCWBDomain::usbps_sinit.o

TRACE::2025-06-12.09:16:16::SCWBDomain::'Finished building libraries'

TRACE::2025-06-12.09:16:16::SCWBDomain::make: Leaving directory 'C:/PXL/devWorks/devWorks2/Examen/ExamenSoC/zynq_fsbl/zynq_fsbl_bsp'

TRACE::2025-06-12.09:16:16::SCWBDomain::arm-none-eabi-gcc  -O2 -c -MMD -MP       -mcpu=cortex-a9 -mfpu=vfpv3 -mfloat-abi=hard  -c sd.c -o sd.o -Izynq_fsbl_bsp/ps7_cort
TRACE::2025-06-12.09:16:16::SCWBDomain::exa9_0/include -I.

TRACE::2025-06-12.09:16:16::SCWBDomain::arm-none-eabi-gcc  -O2 -c -MMD -MP       -mcpu=cortex-a9 -mfpu=vfpv3 -mfloat-abi=hard  -c nand.c -o nand.o -Izynq_fsbl_bsp/ps7_
TRACE::2025-06-12.09:16:16::SCWBDomain::cortexa9_0/include -I.

TRACE::2025-06-12.09:16:16::SCWBDomain::arm-none-eabi-gcc  -O2 -c -MMD -MP       -mcpu=cortex-a9 -mfpu=vfpv3 -mfloat-abi=hard  -c nor.c -o nor.o -Izynq_fsbl_bsp/ps7_co
TRACE::2025-06-12.09:16:16::SCWBDomain::rtexa9_0/include -I.

TRACE::2025-06-12.09:16:17::SCWBDomain::arm-none-eabi-gcc  -O2 -c -MMD -MP       -mcpu=cortex-a9 -mfpu=vfpv3 -mfloat-abi=hard  -c image_mover.c -o image_mover.o -Izynq
TRACE::2025-06-12.09:16:17::SCWBDomain::_fsbl_bsp/ps7_cortexa9_0/include -I.

TRACE::2025-06-12.09:16:17::SCWBDomain::arm-none-eabi-gcc  -O2 -c -MMD -MP       -mcpu=cortex-a9 -mfpu=vfpv3 -mfloat-abi=hard  -c md5.c -o md5.o -Izynq_fsbl_bsp/ps7_co
TRACE::2025-06-12.09:16:17::SCWBDomain::rtexa9_0/include -I.

TRACE::2025-06-12.09:16:17::SCWBDomain::arm-none-eabi-gcc  -O2 -c -MMD -MP       -mcpu=cortex-a9 -mfpu=vfpv3 -mfloat-abi=hard  -c fsbl_hooks.c -o fsbl_hooks.o -Izynq_f
TRACE::2025-06-12.09:16:17::SCWBDomain::sbl_bsp/ps7_cortexa9_0/include -I.

TRACE::2025-06-12.09:16:17::SCWBDomain::arm-none-eabi-gcc  -O2 -c -MMD -MP       -mcpu=cortex-a9 -mfpu=vfpv3 -mfloat-abi=hard  -c main.c -o main.o -Izynq_fsbl_bsp/ps7_
TRACE::2025-06-12.09:16:17::SCWBDomain::cortexa9_0/include -I.

TRACE::2025-06-12.09:16:17::SCWBDomain::arm-none-eabi-gcc  -O2 -c -MMD -MP       -mcpu=cortex-a9 -mfpu=vfpv3 -mfloat-abi=hard  -c rsa.c -o rsa.o -Izynq_fsbl_bsp/ps7_co
TRACE::2025-06-12.09:16:17::SCWBDomain::rtexa9_0/include -I.

TRACE::2025-06-12.09:16:17::SCWBDomain::arm-none-eabi-gcc  -O2 -c -MMD -MP       -mcpu=cortex-a9 -mfpu=vfpv3 -mfloat-abi=hard  -c qspi.c -o qspi.o -Izynq_fsbl_bsp/ps7_
TRACE::2025-06-12.09:16:17::SCWBDomain::cortexa9_0/include -I.

TRACE::2025-06-12.09:16:18::SCWBDomain::arm-none-eabi-gcc  -O2 -c -MMD -MP       -mcpu=cortex-a9 -mfpu=vfpv3 -mfloat-abi=hard  -c ps7_init.c -o ps7_init.o -Izynq_fsbl_
TRACE::2025-06-12.09:16:18::SCWBDomain::bsp/ps7_cortexa9_0/include -I.

TRACE::2025-06-12.09:16:18::SCWBDomain::arm-none-eabi-gcc  -O2 -c -MMD -MP       -mcpu=cortex-a9 -mfpu=vfpv3 -mfloat-abi=hard  -c pcap.c -o pcap.o -Izynq_fsbl_bsp/ps7_
TRACE::2025-06-12.09:16:18::SCWBDomain::cortexa9_0/include -I.

TRACE::2025-06-12.09:16:18::SCWBDomain::arm-none-eabi-gcc  -O2 -c -MMD -MP       -mcpu=cortex-a9 -mfpu=vfpv3 -mfloat-abi=hard  -c fsbl_handoff.S -o fsbl_handoff.o -Izy
TRACE::2025-06-12.09:16:18::SCWBDomain::nq_fsbl_bsp/ps7_cortexa9_0/include -I.

TRACE::2025-06-12.09:16:18::SCWBDomain::arm-none-eabi-gcc -o fsbl.elf fsbl_handoff.o fsbl_hooks.o image_mover.o main.o md5.o nand.o nor.o pcap.o ps7_init.o qspi.o rsa.
TRACE::2025-06-12.09:16:18::SCWBDomain::o sd.o -MMD -MP       -mcpu=cortex-a9 -mfpu=vfpv3 -mfloat-abi=hard   -mcpu=cortex-a9 -mfpu=vfpv3 -mfloat-abi=hard -Wl,-build-id
TRACE::2025-06-12.09:16:18::SCWBDomain::=none -specs=Xilinx.spec  -lrsa -Wl,--start-group,-lxil,-lgcc,-lc,--end-group -Wl,--start-group,-lxilffs,-lxil,-lgcc,-lc,--end-
TRACE::2025-06-12.09:16:18::SCWBDomain::group -Wl,--start-group,-lrsa,-lxil,-lgcc,-lc,--end-group                                      -Wl,--gc-sections -Lzynq_fsbl_bs
TRACE::2025-06-12.09:16:18::SCWBDomain::p/ps7_cortexa9_0/lib -L./ -Tlscript.ld

LOG::2025-06-12.09:16:18::SCWSystem::Checking the domain standalone_ps7_cortexa9_0
LOG::2025-06-12.09:16:18::SCWSystem::Not a boot domain 
LOG::2025-06-12.09:16:18::SCWSystem::Started Processing the domain standalone_ps7_cortexa9_0
TRACE::2025-06-12.09:16:18::SCWDomain::Generating domain artifcats
TRACE::2025-06-12.09:16:18::SCWMssOS::Generating standalone artifcats
TRACE::2025-06-12.09:16:18::SCWMssOS::Copying the qemu file from  C:/PXL/devWorks/devWorks2/Examen/ExamenSoC/resources/ExamenSoC/standalone_ps7_cortexa9_0/qemu_args.txt To C:/PXL/devWorks/devWorks2/Examen/ExamenSoC/export/ExamenSoC/sw/ExamenSoC/standalone_ps7_cortexa9_0/qemu/
TRACE::2025-06-12.09:16:18::SCWMssOS:: Copying the user libraries. 
TRACE::2025-06-12.09:16:18::SCWPlatform::Trying to open the hw design at C:/PXL/devWorks/devWorks2/Examen/ExamenSoC/hw/ExamenSoC.xsa
TRACE::2025-06-12.09:16:18::SCWPlatform::DSA given C:/PXL/devWorks/devWorks2/Examen/ExamenSoC/hw/ExamenSoC.xsa
TRACE::2025-06-12.09:16:18::SCWPlatform::DSA absoulate path C:/PXL/devWorks/devWorks2/Examen/ExamenSoC/hw/ExamenSoC.xsa
TRACE::2025-06-12.09:16:18::SCWPlatform::DSA directory C:/PXL/devWorks/devWorks2/Examen/ExamenSoC/hw
TRACE::2025-06-12.09:16:18::SCWPlatform:: Platform Path C:/PXL/devWorks/devWorks2/Examen/ExamenSoC/hw/ExamenSoC.xsa
TRACE::2025-06-12.09:16:18::SCWPlatform:: Unique name xilinx:pynq-z2::0.0
TRACE::2025-06-12.09:16:18::SCWPlatform::Trying to set the existing hwdb with name design_1_wrapper_0
TRACE::2025-06-12.09:16:18::SCWPlatform::Opened existing hwdb design_1_wrapper_0
TRACE::2025-06-12.09:16:18::SCWPlatform::Found the Hw Db part of the input DSA
TRACE::2025-06-12.09:16:18::SCWMssOS::Checking the sw design at  C:/PXL/devWorks/devWorks2/Examen/ExamenSoC/ps7_cortexa9_0/standalone_ps7_cortexa9_0/bsp/system.mss
TRACE::2025-06-12.09:16:18::SCWMssOS::DEBUG:  swdes dump  C:/PXL/devWorks/devWorks2/Examen/ExamenSoC/ps7_cortexa9_0/standalone_ps7_cortexa9_0/bsp/system.mss|system_0||
C:/PXL/devWorks/devWorks2/Examen/ExamenSoC/zynq_fsbl/zynq_fsbl_bsp/system.mss|system||

TRACE::2025-06-12.09:16:18::SCWMssOS::Sw design exists and opened at  C:/PXL/devWorks/devWorks2/Examen/ExamenSoC/ps7_cortexa9_0/standalone_ps7_cortexa9_0/bsp/system.mss
TRACE::2025-06-12.09:16:18::SCWMssOS::Completed writing the mss file at C:/PXL/devWorks/devWorks2/Examen/ExamenSoC/ps7_cortexa9_0/standalone_ps7_cortexa9_0/bsp
TRACE::2025-06-12.09:16:18::SCWMssOS::Mss edits present, copying mssfile into export location C:/PXL/devWorks/devWorks2/Examen/ExamenSoC/ps7_cortexa9_0/standalone_ps7_cortexa9_0/bsp/system.mss
TRACE::2025-06-12.09:16:18::SCWMssOS::bsp generated is upto date with the mss file. Skipping bsp generation.
TRACE::2025-06-12.09:16:18::SCWMssOS::BSP is already built. skipping the bsp build ... 
TRACE::2025-06-12.09:16:18::SCWDomain::Building the domain as part of full build :  standalone_ps7_cortexa9_0
TRACE::2025-06-12.09:16:18::SCWMssOS::doing bsp build ... 
TRACE::2025-06-12.09:16:18::SCWMssOS::System Command Ran  C: & cd  C:/PXL/devWorks/devWorks2/Examen/ExamenSoC/ps7_cortexa9_0/standalone_ps7_cortexa9_0/bsp & make 
TRACE::2025-06-12.09:16:18::SCWMssOS::make --no-print-directory seq_libs

TRACE::2025-06-12.09:16:19::SCWMssOS::"Running Make include in ps7_cortexa9_0/libsrc/AXI_NeoPixel_v1_0/src"

TRACE::2025-06-12.09:16:19::SCWMssOS::make -C ps7_cortexa9_0/libsrc/AXI_NeoPixel_v1_0/src -s include  "SHELL=CMD" "COMPILER=arm-none-eabi-gcc" "ASSEMBLER=arm-none-ea
TRACE::2025-06-12.09:16:19::SCWMssOS::bi-as" "ARCHIVER=arm-none-eabi-ar" "COMPILER_FLAGS=  -O2 -c" "EXTRA_COMPILER_FLAGS=-mcpu=cortex-a9 -mfpu=vfpv3 -mfloat-abi=hard
TRACE::2025-06-12.09:16:19::SCWMssOS:: -nostartfiles -g -Wall -Wextra -fno-tree-loop-distribute-patterns"

TRACE::2025-06-12.09:16:19::SCWMssOS::"Running Make include in ps7_cortexa9_0/libsrc/coresightps_dcc_v1_10/src"

TRACE::2025-06-12.09:16:19::SCWMssOS::make -C ps7_cortexa9_0/libsrc/coresightps_dcc_v1_10/src -s include  "SHELL=CMD" "COMPILER=arm-none-eabi-gcc" "ASSEMBLER=arm-non
TRACE::2025-06-12.09:16:19::SCWMssOS::e-eabi-as" "ARCHIVER=arm-none-eabi-ar" "COMPILER_FLAGS=  -O2 -c" "EXTRA_COMPILER_FLAGS=-mcpu=cortex-a9 -mfpu=vfpv3 -mfloat-abi=
TRACE::2025-06-12.09:16:19::SCWMssOS::hard -nostartfiles -g -Wall -Wextra -fno-tree-loop-distribute-patterns"

TRACE::2025-06-12.09:16:19::SCWMssOS::"Running Make include in ps7_cortexa9_0/libsrc/cpu_cortexa9_v2_12/src"

TRACE::2025-06-12.09:16:19::SCWMssOS::make -C ps7_cortexa9_0/libsrc/cpu_cortexa9_v2_12/src -s include  "SHELL=CMD" "COMPILER=arm-none-eabi-gcc" "ASSEMBLER=arm-none-e
TRACE::2025-06-12.09:16:19::SCWMssOS::abi-as" "ARCHIVER=arm-none-eabi-ar" "COMPILER_FLAGS=  -O2 -c" "EXTRA_COMPILER_FLAGS=-mcpu=cortex-a9 -mfpu=vfpv3 -mfloat-abi=har
TRACE::2025-06-12.09:16:19::SCWMssOS::d -nostartfiles -g -Wall -Wextra -fno-tree-loop-distribute-patterns"

TRACE::2025-06-12.09:16:19::SCWMssOS::"Running Make include in ps7_cortexa9_0/libsrc/ddrps_v1_2/src"

TRACE::2025-06-12.09:16:19::SCWMssOS::make -C ps7_cortexa9_0/libsrc/ddrps_v1_2/src -s include  "SHELL=CMD" "COMPILER=arm-none-eabi-gcc" "ASSEMBLER=arm-none-eabi-as" 
TRACE::2025-06-12.09:16:19::SCWMssOS::"ARCHIVER=arm-none-eabi-ar" "COMPILER_FLAGS=  -O2 -c" "EXTRA_COMPILER_FLAGS=-mcpu=cortex-a9 -mfpu=vfpv3 -mfloat-abi=hard -nosta
TRACE::2025-06-12.09:16:19::SCWMssOS::rtfiles -g -Wall -Wextra -fno-tree-loop-distribute-patterns"

TRACE::2025-06-12.09:16:19::SCWMssOS::"Running Make include in ps7_cortexa9_0/libsrc/devcfg_v3_8/src"

TRACE::2025-06-12.09:16:19::SCWMssOS::make -C ps7_cortexa9_0/libsrc/devcfg_v3_8/src -s include  "SHELL=CMD" "COMPILER=arm-none-eabi-gcc" "ASSEMBLER=arm-none-eabi-as"
TRACE::2025-06-12.09:16:19::SCWMssOS:: "ARCHIVER=arm-none-eabi-ar" "COMPILER_FLAGS=  -O2 -c" "EXTRA_COMPILER_FLAGS=-mcpu=cortex-a9 -mfpu=vfpv3 -mfloat-abi=hard -nost
TRACE::2025-06-12.09:16:19::SCWMssOS::artfiles -g -Wall -Wextra -fno-tree-loop-distribute-patterns"

TRACE::2025-06-12.09:16:19::SCWMssOS::"Running Make include in ps7_cortexa9_0/libsrc/dmaps_v2_10/src"

TRACE::2025-06-12.09:16:19::SCWMssOS::make -C ps7_cortexa9_0/libsrc/dmaps_v2_10/src -s include  "SHELL=CMD" "COMPILER=arm-none-eabi-gcc" "ASSEMBLER=arm-none-eabi-as"
TRACE::2025-06-12.09:16:19::SCWMssOS:: "ARCHIVER=arm-none-eabi-ar" "COMPILER_FLAGS=  -O2 -c" "EXTRA_COMPILER_FLAGS=-mcpu=cortex-a9 -mfpu=vfpv3 -mfloat-abi=hard -nost
TRACE::2025-06-12.09:16:19::SCWMssOS::artfiles -g -Wall -Wextra -fno-tree-loop-distribute-patterns"

TRACE::2025-06-12.09:16:19::SCWMssOS::"Running Make include in ps7_cortexa9_0/libsrc/emacps_v3_20/src"

TRACE::2025-06-12.09:16:19::SCWMssOS::make -C ps7_cortexa9_0/libsrc/emacps_v3_20/src -s include  "SHELL=CMD" "COMPILER=arm-none-eabi-gcc" "ASSEMBLER=arm-none-eabi-as
TRACE::2025-06-12.09:16:19::SCWMssOS::" "ARCHIVER=arm-none-eabi-ar" "COMPILER_FLAGS=  -O2 -c" "EXTRA_COMPILER_FLAGS=-mcpu=cortex-a9 -mfpu=vfpv3 -mfloat-abi=hard -nos
TRACE::2025-06-12.09:16:19::SCWMssOS::tartfiles -g -Wall -Wextra -fno-tree-loop-distribute-patterns"

TRACE::2025-06-12.09:16:19::SCWMssOS::"Running Make include in ps7_cortexa9_0/libsrc/gpiops_v3_13/src"

TRACE::2025-06-12.09:16:19::SCWMssOS::make -C ps7_cortexa9_0/libsrc/gpiops_v3_13/src -s include  "SHELL=CMD" "COMPILER=arm-none-eabi-gcc" "ASSEMBLER=arm-none-eabi-as
TRACE::2025-06-12.09:16:19::SCWMssOS::" "ARCHIVER=arm-none-eabi-ar" "COMPILER_FLAGS=  -O2 -c" "EXTRA_COMPILER_FLAGS=-mcpu=cortex-a9 -mfpu=vfpv3 -mfloat-abi=hard -nos
TRACE::2025-06-12.09:16:19::SCWMssOS::tartfiles -g -Wall -Wextra -fno-tree-loop-distribute-patterns"

TRACE::2025-06-12.09:16:19::SCWMssOS::"Running Make include in ps7_cortexa9_0/libsrc/gpio_v4_11/src"

TRACE::2025-06-12.09:16:19::SCWMssOS::make -C ps7_cortexa9_0/libsrc/gpio_v4_11/src -s include  "SHELL=CMD" "COMPILER=arm-none-eabi-gcc" "ASSEMBLER=arm-none-eabi-as" 
TRACE::2025-06-12.09:16:19::SCWMssOS::"ARCHIVER=arm-none-eabi-ar" "COMPILER_FLAGS=  -O2 -c" "EXTRA_COMPILER_FLAGS=-mcpu=cortex-a9 -mfpu=vfpv3 -mfloat-abi=hard -nosta
TRACE::2025-06-12.09:16:19::SCWMssOS::rtfiles -g -Wall -Wextra -fno-tree-loop-distribute-patterns"

TRACE::2025-06-12.09:16:19::SCWMssOS::"Running Make include in ps7_cortexa9_0/libsrc/qspips_v3_12/src"

TRACE::2025-06-12.09:16:19::SCWMssOS::make -C ps7_cortexa9_0/libsrc/qspips_v3_12/src -s include  "SHELL=CMD" "COMPILER=arm-none-eabi-gcc" "ASSEMBLER=arm-none-eabi-as
TRACE::2025-06-12.09:16:19::SCWMssOS::" "ARCHIVER=arm-none-eabi-ar" "COMPILER_FLAGS=  -O2 -c" "EXTRA_COMPILER_FLAGS=-mcpu=cortex-a9 -mfpu=vfpv3 -mfloat-abi=hard -nos
TRACE::2025-06-12.09:16:19::SCWMssOS::tartfiles -g -Wall -Wextra -fno-tree-loop-distribute-patterns"

TRACE::2025-06-12.09:16:19::SCWMssOS::"Running Make include in ps7_cortexa9_0/libsrc/scugic_v5_3/src"

TRACE::2025-06-12.09:16:19::SCWMssOS::make -C ps7_cortexa9_0/libsrc/scugic_v5_3/src -s include  "SHELL=CMD" "COMPILER=arm-none-eabi-gcc" "ASSEMBLER=arm-none-eabi-as"
TRACE::2025-06-12.09:16:19::SCWMssOS:: "ARCHIVER=arm-none-eabi-ar" "COMPILER_FLAGS=  -O2 -c" "EXTRA_COMPILER_FLAGS=-mcpu=cortex-a9 -mfpu=vfpv3 -mfloat-abi=hard -nost
TRACE::2025-06-12.09:16:19::SCWMssOS::artfiles -g -Wall -Wextra -fno-tree-loop-distribute-patterns"

TRACE::2025-06-12.09:16:19::SCWMssOS::"Running Make include in ps7_cortexa9_0/libsrc/scutimer_v2_6/src"

TRACE::2025-06-12.09:16:19::SCWMssOS::make -C ps7_cortexa9_0/libsrc/scutimer_v2_6/src -s include  "SHELL=CMD" "COMPILER=arm-none-eabi-gcc" "ASSEMBLER=arm-none-eabi-a
TRACE::2025-06-12.09:16:19::SCWMssOS::s" "ARCHIVER=arm-none-eabi-ar" "COMPILER_FLAGS=  -O2 -c" "EXTRA_COMPILER_FLAGS=-mcpu=cortex-a9 -mfpu=vfpv3 -mfloat-abi=hard -no
TRACE::2025-06-12.09:16:19::SCWMssOS::startfiles -g -Wall -Wextra -fno-tree-loop-distribute-patterns"

TRACE::2025-06-12.09:16:19::SCWMssOS::"Running Make include in ps7_cortexa9_0/libsrc/scuwdt_v2_5/src"

TRACE::2025-06-12.09:16:19::SCWMssOS::make -C ps7_cortexa9_0/libsrc/scuwdt_v2_5/src -s include  "SHELL=CMD" "COMPILER=arm-none-eabi-gcc" "ASSEMBLER=arm-none-eabi-as"
TRACE::2025-06-12.09:16:19::SCWMssOS:: "ARCHIVER=arm-none-eabi-ar" "COMPILER_FLAGS=  -O2 -c" "EXTRA_COMPILER_FLAGS=-mcpu=cortex-a9 -mfpu=vfpv3 -mfloat-abi=hard -nost
TRACE::2025-06-12.09:16:19::SCWMssOS::artfiles -g -Wall -Wextra -fno-tree-loop-distribute-patterns"

TRACE::2025-06-12.09:16:19::SCWMssOS::"Running Make include in ps7_cortexa9_0/libsrc/sdps_v4_3/src"

TRACE::2025-06-12.09:16:19::SCWMssOS::make -C ps7_cortexa9_0/libsrc/sdps_v4_3/src -s include  "SHELL=CMD" "COMPILER=arm-none-eabi-gcc" "ASSEMBLER=arm-none-eabi-as" "
TRACE::2025-06-12.09:16:19::SCWMssOS::ARCHIVER=arm-none-eabi-ar" "COMPILER_FLAGS=  -O2 -c" "EXTRA_COMPILER_FLAGS=-mcpu=cortex-a9 -mfpu=vfpv3 -mfloat-abi=hard -nostar
TRACE::2025-06-12.09:16:19::SCWMssOS::tfiles -g -Wall -Wextra -fno-tree-loop-distribute-patterns"

TRACE::2025-06-12.09:16:19::SCWMssOS::"Running Make include in ps7_cortexa9_0/libsrc/standalone_v9_1/src"

TRACE::2025-06-12.09:16:19::SCWMssOS::make -C ps7_cortexa9_0/libsrc/standalone_v9_1/src -s include  "SHELL=CMD" "COMPILER=arm-none-eabi-gcc" "ASSEMBLER=arm-none-eabi
TRACE::2025-06-12.09:16:19::SCWMssOS::-as" "ARCHIVER=arm-none-eabi-ar" "COMPILER_FLAGS=  -O2 -c" "EXTRA_COMPILER_FLAGS=-mcpu=cortex-a9 -mfpu=vfpv3 -mfloat-abi=hard -
TRACE::2025-06-12.09:16:19::SCWMssOS::nostartfiles -g -Wall -Wextra -fno-tree-loop-distribute-patterns"

TRACE::2025-06-12.09:16:19::SCWMssOS::"Running Make include in ps7_cortexa9_0/libsrc/uartps_v3_14/src"

TRACE::2025-06-12.09:16:19::SCWMssOS::make -C ps7_cortexa9_0/libsrc/uartps_v3_14/src -s include  "SHELL=CMD" "COMPILER=arm-none-eabi-gcc" "ASSEMBLER=arm-none-eabi-as
TRACE::2025-06-12.09:16:19::SCWMssOS::" "ARCHIVER=arm-none-eabi-ar" "COMPILER_FLAGS=  -O2 -c" "EXTRA_COMPILER_FLAGS=-mcpu=cortex-a9 -mfpu=vfpv3 -mfloat-abi=hard -nos
TRACE::2025-06-12.09:16:19::SCWMssOS::tartfiles -g -Wall -Wextra -fno-tree-loop-distribute-patterns"

TRACE::2025-06-12.09:16:19::SCWMssOS::"Running Make include in ps7_cortexa9_0/libsrc/usbps_v2_9/src"

TRACE::2025-06-12.09:16:19::SCWMssOS::make -C ps7_cortexa9_0/libsrc/usbps_v2_9/src -s include  "SHELL=CMD" "COMPILER=arm-none-eabi-gcc" "ASSEMBLER=arm-none-eabi-as" 
TRACE::2025-06-12.09:16:19::SCWMssOS::"ARCHIVER=arm-none-eabi-ar" "COMPILER_FLAGS=  -O2 -c" "EXTRA_COMPILER_FLAGS=-mcpu=cortex-a9 -mfpu=vfpv3 -mfloat-abi=hard -nosta
TRACE::2025-06-12.09:16:19::SCWMssOS::rtfiles -g -Wall -Wextra -fno-tree-loop-distribute-patterns"

TRACE::2025-06-12.09:16:19::SCWMssOS::"Running Make include in ps7_cortexa9_0/libsrc/xadcps_v2_7/src"

TRACE::2025-06-12.09:16:19::SCWMssOS::make -C ps7_cortexa9_0/libsrc/xadcps_v2_7/src -s include  "SHELL=CMD" "COMPILER=arm-none-eabi-gcc" "ASSEMBLER=arm-none-eabi-as"
TRACE::2025-06-12.09:16:19::SCWMssOS:: "ARCHIVER=arm-none-eabi-ar" "COMPILER_FLAGS=  -O2 -c" "EXTRA_COMPILER_FLAGS=-mcpu=cortex-a9 -mfpu=vfpv3 -mfloat-abi=hard -nost
TRACE::2025-06-12.09:16:19::SCWMssOS::artfiles -g -Wall -Wextra -fno-tree-loop-distribute-patterns"

TRACE::2025-06-12.09:16:20::SCWMssOS::"Running Make libs in ps7_cortexa9_0/libsrc/AXI_NeoPixel_v1_0/src"

TRACE::2025-06-12.09:16:20::SCWMssOS::make -C ps7_cortexa9_0/libsrc/AXI_NeoPixel_v1_0/src -s libs  "SHELL=CMD" "COMPILER=arm-none-eabi-gcc" "ASSEMBLER=arm-none-eabi-
TRACE::2025-06-12.09:16:20::SCWMssOS::as" "ARCHIVER=arm-none-eabi-ar" "COMPILER_FLAGS=  -O2 -c" "EXTRA_COMPILER_FLAGS=-mcpu=cortex-a9 -mfpu=vfpv3 -mfloat-abi=hard -n
TRACE::2025-06-12.09:16:20::SCWMssOS::ostartfiles -g -Wall -Wextra -fno-tree-loop-distribute-patterns"

TRACE::2025-06-12.09:16:20::SCWMssOS::'Finished building libraries sequentially.'

TRACE::2025-06-12.09:16:20::SCWMssOS::make -j 6 --no-print-directory par_libs

TRACE::2025-06-12.09:16:20::SCWMssOS::"Running Make include in ps7_cortexa9_0/libsrc/AXI_NeoPixel_v1_0/src"

TRACE::2025-06-12.09:16:20::SCWMssOS::make -C ps7_cortexa9_0/libsrc/AXI_NeoPixel_v1_0/src -s include  "SHELL=CMD" "COMPILER=arm-none-eabi-gcc" "ASSEMBLER=arm-none-ea
TRACE::2025-06-12.09:16:20::SCWMssOS::bi-as" "ARCHIVER=arm-none-eabi-ar" "COMPILER_FLAGS=  -O2 -c" "EXTRA_COMPILER_FLAGS=-mcpu=cortex-a9 -mfpu=vfpv3 -mfloat-abi=hard
TRACE::2025-06-12.09:16:20::SCWMssOS:: -nostartfiles -g -Wall -Wextra -fno-tree-loop-distribute-patterns"

TRACE::2025-06-12.09:16:20::SCWMssOS::"Running Make include in ps7_cortexa9_0/libsrc/coresightps_dcc_v1_10/src"

TRACE::2025-06-12.09:16:20::SCWMssOS::make -C ps7_cortexa9_0/libsrc/coresightps_dcc_v1_10/src -s include  "SHELL=CMD" "COMPILER=arm-none-eabi-gcc" "ASSEMBLER=arm-non
TRACE::2025-06-12.09:16:20::SCWMssOS::e-eabi-as" "ARCHIVER=arm-none-eabi-ar" "COMPILER_FLAGS=  -O2 -c" "EXTRA_COMPILER_FLAGS=-mcpu=cortex-a9 -mfpu=vfpv3 -mfloat-abi=
TRACE::2025-06-12.09:16:20::SCWMssOS::hard -nostartfiles -g -Wall -Wextra -fno-tree-loop-distribute-patterns"

TRACE::2025-06-12.09:16:20::SCWMssOS::"Running Make include in ps7_cortexa9_0/libsrc/cpu_cortexa9_v2_12/src"

TRACE::2025-06-12.09:16:20::SCWMssOS::make -C ps7_cortexa9_0/libsrc/cpu_cortexa9_v2_12/src -s include  "SHELL=CMD" "COMPILER=arm-none-eabi-gcc" "ASSEMBLER=arm-none-e
TRACE::2025-06-12.09:16:20::SCWMssOS::abi-as" "ARCHIVER=arm-none-eabi-ar" "COMPILER_FLAGS=  -O2 -c" "EXTRA_COMPILER_FLAGS=-mcpu=cortex-a9 -mfpu=vfpv3 -mfloat-abi=har
TRACE::2025-06-12.09:16:20::SCWMssOS::d -nostartfiles -g -Wall -Wextra -fno-tree-loop-distribute-patterns"

TRACE::2025-06-12.09:16:20::SCWMssOS::"Running Make include in ps7_cortexa9_0/libsrc/ddrps_v1_2/src"

TRACE::2025-06-12.09:16:20::SCWMssOS::make -C ps7_cortexa9_0/libsrc/ddrps_v1_2/src -s include  "SHELL=CMD" "COMPILER=arm-none-eabi-gcc" "ASSEMBLER=arm-none-eabi-as" 
TRACE::2025-06-12.09:16:20::SCWMssOS::"ARCHIVER=arm-none-eabi-ar" "COMPILER_FLAGS=  -O2 -c" "EXTRA_COMPILER_FLAGS=-mcpu=cortex-a9 -mfpu=vfpv3 -mfloat-abi=hard -nosta
TRACE::2025-06-12.09:16:20::SCWMssOS::rtfiles -g -Wall -Wextra -fno-tree-loop-distribute-patterns"

TRACE::2025-06-12.09:16:20::SCWMssOS::"Running Make include in ps7_cortexa9_0/libsrc/devcfg_v3_8/src"

TRACE::2025-06-12.09:16:20::SCWMssOS::make -C ps7_cortexa9_0/libsrc/devcfg_v3_8/src -s include  "SHELL=CMD" "COMPILER=arm-none-eabi-gcc" "ASSEMBLER=arm-none-eabi-as"
TRACE::2025-06-12.09:16:20::SCWMssOS:: "ARCHIVER=arm-none-eabi-ar" "COMPILER_FLAGS=  -O2 -c" "EXTRA_COMPILER_FLAGS=-mcpu=cortex-a9 -mfpu=vfpv3 -mfloat-abi=hard -nost
TRACE::2025-06-12.09:16:20::SCWMssOS::artfiles -g -Wall -Wextra -fno-tree-loop-distribute-patterns"

TRACE::2025-06-12.09:16:20::SCWMssOS::"Running Make include in ps7_cortexa9_0/libsrc/dmaps_v2_10/src"

TRACE::2025-06-12.09:16:20::SCWMssOS::make -C ps7_cortexa9_0/libsrc/dmaps_v2_10/src -s include  "SHELL=CMD" "COMPILER=arm-none-eabi-gcc" "ASSEMBLER=arm-none-eabi-as"
TRACE::2025-06-12.09:16:20::SCWMssOS:: "ARCHIVER=arm-none-eabi-ar" "COMPILER_FLAGS=  -O2 -c" "EXTRA_COMPILER_FLAGS=-mcpu=cortex-a9 -mfpu=vfpv3 -mfloat-abi=hard -nost
TRACE::2025-06-12.09:16:20::SCWMssOS::artfiles -g -Wall -Wextra -fno-tree-loop-distribute-patterns"

TRACE::2025-06-12.09:16:20::SCWMssOS::"Running Make include in ps7_cortexa9_0/libsrc/emacps_v3_20/src"

TRACE::2025-06-12.09:16:20::SCWMssOS::make -C ps7_cortexa9_0/libsrc/emacps_v3_20/src -s include  "SHELL=CMD" "COMPILER=arm-none-eabi-gcc" "ASSEMBLER=arm-none-eabi-as
TRACE::2025-06-12.09:16:20::SCWMssOS::" "ARCHIVER=arm-none-eabi-ar" "COMPILER_FLAGS=  -O2 -c" "EXTRA_COMPILER_FLAGS=-mcpu=cortex-a9 -mfpu=vfpv3 -mfloat-abi=hard -nos
TRACE::2025-06-12.09:16:20::SCWMssOS::tartfiles -g -Wall -Wextra -fno-tree-loop-distribute-patterns"

TRACE::2025-06-12.09:16:20::SCWMssOS::"Running Make include in ps7_cortexa9_0/libsrc/gpiops_v3_13/src"

TRACE::2025-06-12.09:16:20::SCWMssOS::make -C ps7_cortexa9_0/libsrc/gpiops_v3_13/src -s include  "SHELL=CMD" "COMPILER=arm-none-eabi-gcc" "ASSEMBLER=arm-none-eabi-as
TRACE::2025-06-12.09:16:20::SCWMssOS::" "ARCHIVER=arm-none-eabi-ar" "COMPILER_FLAGS=  -O2 -c" "EXTRA_COMPILER_FLAGS=-mcpu=cortex-a9 -mfpu=vfpv3 -mfloat-abi=hard -nos
TRACE::2025-06-12.09:16:20::SCWMssOS::tartfiles -g -Wall -Wextra -fno-tree-loop-distribute-patterns"

TRACE::2025-06-12.09:16:20::SCWMssOS::"Running Make include in ps7_cortexa9_0/libsrc/gpio_v4_11/src"

TRACE::2025-06-12.09:16:20::SCWMssOS::make -C ps7_cortexa9_0/libsrc/gpio_v4_11/src -s include  "SHELL=CMD" "COMPILER=arm-none-eabi-gcc" "ASSEMBLER=arm-none-eabi-as" 
TRACE::2025-06-12.09:16:20::SCWMssOS::"ARCHIVER=arm-none-eabi-ar" "COMPILER_FLAGS=  -O2 -c" "EXTRA_COMPILER_FLAGS=-mcpu=cortex-a9 -mfpu=vfpv3 -mfloat-abi=hard -nosta
TRACE::2025-06-12.09:16:20::SCWMssOS::rtfiles -g -Wall -Wextra -fno-tree-loop-distribute-patterns"

TRACE::2025-06-12.09:16:20::SCWMssOS::"Running Make include in ps7_cortexa9_0/libsrc/qspips_v3_12/src"

TRACE::2025-06-12.09:16:20::SCWMssOS::make -C ps7_cortexa9_0/libsrc/qspips_v3_12/src -s include  "SHELL=CMD" "COMPILER=arm-none-eabi-gcc" "ASSEMBLER=arm-none-eabi-as
TRACE::2025-06-12.09:16:20::SCWMssOS::" "ARCHIVER=arm-none-eabi-ar" "COMPILER_FLAGS=  -O2 -c" "EXTRA_COMPILER_FLAGS=-mcpu=cortex-a9 -mfpu=vfpv3 -mfloat-abi=hard -nos
TRACE::2025-06-12.09:16:20::SCWMssOS::tartfiles -g -Wall -Wextra -fno-tree-loop-distribute-patterns"

TRACE::2025-06-12.09:16:20::SCWMssOS::"Running Make include in ps7_cortexa9_0/libsrc/scugic_v5_3/src"

TRACE::2025-06-12.09:16:20::SCWMssOS::make -C ps7_cortexa9_0/libsrc/scugic_v5_3/src -s include  "SHELL=CMD" "COMPILER=arm-none-eabi-gcc" "ASSEMBLER=arm-none-eabi-as"
TRACE::2025-06-12.09:16:20::SCWMssOS:: "ARCHIVER=arm-none-eabi-ar" "COMPILER_FLAGS=  -O2 -c" "EXTRA_COMPILER_FLAGS=-mcpu=cortex-a9 -mfpu=vfpv3 -mfloat-abi=hard -nost
TRACE::2025-06-12.09:16:20::SCWMssOS::artfiles -g -Wall -Wextra -fno-tree-loop-distribute-patterns"

TRACE::2025-06-12.09:16:20::SCWMssOS::"Running Make include in ps7_cortexa9_0/libsrc/scutimer_v2_6/src"

TRACE::2025-06-12.09:16:20::SCWMssOS::make -C ps7_cortexa9_0/libsrc/scutimer_v2_6/src -s include  "SHELL=CMD" "COMPILER=arm-none-eabi-gcc" "ASSEMBLER=arm-none-eabi-a
TRACE::2025-06-12.09:16:20::SCWMssOS::s" "ARCHIVER=arm-none-eabi-ar" "COMPILER_FLAGS=  -O2 -c" "EXTRA_COMPILER_FLAGS=-mcpu=cortex-a9 -mfpu=vfpv3 -mfloat-abi=hard -no
TRACE::2025-06-12.09:16:20::SCWMssOS::startfiles -g -Wall -Wextra -fno-tree-loop-distribute-patterns"

TRACE::2025-06-12.09:16:20::SCWMssOS::"Running Make include in ps7_cortexa9_0/libsrc/scuwdt_v2_5/src"

TRACE::2025-06-12.09:16:20::SCWMssOS::make -C ps7_cortexa9_0/libsrc/scuwdt_v2_5/src -s include  "SHELL=CMD" "COMPILER=arm-none-eabi-gcc" "ASSEMBLER=arm-none-eabi-as"
TRACE::2025-06-12.09:16:20::SCWMssOS:: "ARCHIVER=arm-none-eabi-ar" "COMPILER_FLAGS=  -O2 -c" "EXTRA_COMPILER_FLAGS=-mcpu=cortex-a9 -mfpu=vfpv3 -mfloat-abi=hard -nost
TRACE::2025-06-12.09:16:20::SCWMssOS::artfiles -g -Wall -Wextra -fno-tree-loop-distribute-patterns"

TRACE::2025-06-12.09:16:20::SCWMssOS::"Running Make include in ps7_cortexa9_0/libsrc/sdps_v4_3/src"

TRACE::2025-06-12.09:16:20::SCWMssOS::make -C ps7_cortexa9_0/libsrc/sdps_v4_3/src -s include  "SHELL=CMD" "COMPILER=arm-none-eabi-gcc" "ASSEMBLER=arm-none-eabi-as" "
TRACE::2025-06-12.09:16:20::SCWMssOS::ARCHIVER=arm-none-eabi-ar" "COMPILER_FLAGS=  -O2 -c" "EXTRA_COMPILER_FLAGS=-mcpu=cortex-a9 -mfpu=vfpv3 -mfloat-abi=hard -nostar
TRACE::2025-06-12.09:16:20::SCWMssOS::tfiles -g -Wall -Wextra -fno-tree-loop-distribute-patterns"

TRACE::2025-06-12.09:16:20::SCWMssOS::"Running Make include in ps7_cortexa9_0/libsrc/standalone_v9_1/src"

TRACE::2025-06-12.09:16:20::SCWMssOS::make -C ps7_cortexa9_0/libsrc/standalone_v9_1/src -s include  "SHELL=CMD" "COMPILER=arm-none-eabi-gcc" "ASSEMBLER=arm-none-eabi
TRACE::2025-06-12.09:16:20::SCWMssOS::-as" "ARCHIVER=arm-none-eabi-ar" "COMPILER_FLAGS=  -O2 -c" "EXTRA_COMPILER_FLAGS=-mcpu=cortex-a9 -mfpu=vfpv3 -mfloat-abi=hard -
TRACE::2025-06-12.09:16:20::SCWMssOS::nostartfiles -g -Wall -Wextra -fno-tree-loop-distribute-patterns"

TRACE::2025-06-12.09:16:20::SCWMssOS::"Running Make include in ps7_cortexa9_0/libsrc/uartps_v3_14/src"

TRACE::2025-06-12.09:16:20::SCWMssOS::make -C ps7_cortexa9_0/libsrc/uartps_v3_14/src -s include  "SHELL=CMD" "COMPILER=arm-none-eabi-gcc" "ASSEMBLER=arm-none-eabi-as
TRACE::2025-06-12.09:16:20::SCWMssOS::" "ARCHIVER=arm-none-eabi-ar" "COMPILER_FLAGS=  -O2 -c" "EXTRA_COMPILER_FLAGS=-mcpu=cortex-a9 -mfpu=vfpv3 -mfloat-abi=hard -nos
TRACE::2025-06-12.09:16:20::SCWMssOS::tartfiles -g -Wall -Wextra -fno-tree-loop-distribute-patterns"

TRACE::2025-06-12.09:16:20::SCWMssOS::"Running Make include in ps7_cortexa9_0/libsrc/usbps_v2_9/src"

TRACE::2025-06-12.09:16:20::SCWMssOS::make -C ps7_cortexa9_0/libsrc/usbps_v2_9/src -s include  "SHELL=CMD" "COMPILER=arm-none-eabi-gcc" "ASSEMBLER=arm-none-eabi-as" 
TRACE::2025-06-12.09:16:20::SCWMssOS::"ARCHIVER=arm-none-eabi-ar" "COMPILER_FLAGS=  -O2 -c" "EXTRA_COMPILER_FLAGS=-mcpu=cortex-a9 -mfpu=vfpv3 -mfloat-abi=hard -nosta
TRACE::2025-06-12.09:16:20::SCWMssOS::rtfiles -g -Wall -Wextra -fno-tree-loop-distribute-patterns"

TRACE::2025-06-12.09:16:20::SCWMssOS::"Running Make include in ps7_cortexa9_0/libsrc/xadcps_v2_7/src"

TRACE::2025-06-12.09:16:20::SCWMssOS::make -C ps7_cortexa9_0/libsrc/xadcps_v2_7/src -s include  "SHELL=CMD" "COMPILER=arm-none-eabi-gcc" "ASSEMBLER=arm-none-eabi-as"
TRACE::2025-06-12.09:16:20::SCWMssOS:: "ARCHIVER=arm-none-eabi-ar" "COMPILER_FLAGS=  -O2 -c" "EXTRA_COMPILER_FLAGS=-mcpu=cortex-a9 -mfpu=vfpv3 -mfloat-abi=hard -nost
TRACE::2025-06-12.09:16:20::SCWMssOS::artfiles -g -Wall -Wextra -fno-tree-loop-distribute-patterns"

TRACE::2025-06-12.09:16:20::SCWMssOS::"Running Make libs in ps7_cortexa9_0/libsrc/coresightps_dcc_v1_10/src"

TRACE::2025-06-12.09:16:20::SCWMssOS::make -C ps7_cortexa9_0/libsrc/coresightps_dcc_v1_10/src -s libs  "SHELL=CMD" "COMPILER=arm-none-eabi-gcc" "ASSEMBLER=arm-none-e
TRACE::2025-06-12.09:16:20::SCWMssOS::abi-as" "ARCHIVER=arm-none-eabi-ar" "COMPILER_FLAGS=  -O2 -c" "EXTRA_COMPILER_FLAGS=-mcpu=cortex-a9 -mfpu=vfpv3 -mfloat-abi=har
TRACE::2025-06-12.09:16:20::SCWMssOS::d -nostartfiles -g -Wall -Wextra -fno-tree-loop-distribute-patterns"

TRACE::2025-06-12.09:16:20::SCWMssOS::"Running Make libs in ps7_cortexa9_0/libsrc/cpu_cortexa9_v2_12/src"

TRACE::2025-06-12.09:16:20::SCWMssOS::make -C ps7_cortexa9_0/libsrc/cpu_cortexa9_v2_12/src -s libs  "SHELL=CMD" "COMPILER=arm-none-eabi-gcc" "ASSEMBLER=arm-none-eabi
TRACE::2025-06-12.09:16:20::SCWMssOS::-as" "ARCHIVER=arm-none-eabi-ar" "COMPILER_FLAGS=  -O2 -c" "EXTRA_COMPILER_FLAGS=-mcpu=cortex-a9 -mfpu=vfpv3 -mfloat-abi=hard -
TRACE::2025-06-12.09:16:20::SCWMssOS::nostartfiles -g -Wall -Wextra -fno-tree-loop-distribute-patterns"

TRACE::2025-06-12.09:16:20::SCWMssOS::"Running Make libs in ps7_cortexa9_0/libsrc/ddrps_v1_2/src"

TRACE::2025-06-12.09:16:20::SCWMssOS::make -C ps7_cortexa9_0/libsrc/ddrps_v1_2/src -s libs  "SHELL=CMD" "COMPILER=arm-none-eabi-gcc" "ASSEMBLER=arm-none-eabi-as" "AR
TRACE::2025-06-12.09:16:20::SCWMssOS::CHIVER=arm-none-eabi-ar" "COMPILER_FLAGS=  -O2 -c" "EXTRA_COMPILER_FLAGS=-mcpu=cortex-a9 -mfpu=vfpv3 -mfloat-abi=hard -nostartf
TRACE::2025-06-12.09:16:20::SCWMssOS::iles -g -Wall -Wextra -fno-tree-loop-distribute-patterns"

TRACE::2025-06-12.09:16:20::SCWMssOS::"Running Make libs in ps7_cortexa9_0/libsrc/devcfg_v3_8/src"

TRACE::2025-06-12.09:16:20::SCWMssOS::make -C ps7_cortexa9_0/libsrc/devcfg_v3_8/src -s libs  "SHELL=CMD" "COMPILER=arm-none-eabi-gcc" "ASSEMBLER=arm-none-eabi-as" "A
TRACE::2025-06-12.09:16:20::SCWMssOS::RCHIVER=arm-none-eabi-ar" "COMPILER_FLAGS=  -O2 -c" "EXTRA_COMPILER_FLAGS=-mcpu=cortex-a9 -mfpu=vfpv3 -mfloat-abi=hard -nostart
TRACE::2025-06-12.09:16:20::SCWMssOS::files -g -Wall -Wextra -fno-tree-loop-distribute-patterns"

TRACE::2025-06-12.09:16:20::SCWMssOS::"Running Make libs in ps7_cortexa9_0/libsrc/dmaps_v2_10/src"

TRACE::2025-06-12.09:16:20::SCWMssOS::make -C ps7_cortexa9_0/libsrc/dmaps_v2_10/src -s libs  "SHELL=CMD" "COMPILER=arm-none-eabi-gcc" "ASSEMBLER=arm-none-eabi-as" "A
TRACE::2025-06-12.09:16:20::SCWMssOS::RCHIVER=arm-none-eabi-ar" "COMPILER_FLAGS=  -O2 -c" "EXTRA_COMPILER_FLAGS=-mcpu=cortex-a9 -mfpu=vfpv3 -mfloat-abi=hard -nostart
TRACE::2025-06-12.09:16:20::SCWMssOS::files -g -Wall -Wextra -fno-tree-loop-distribute-patterns"

TRACE::2025-06-12.09:16:20::SCWMssOS::"Running Make libs in ps7_cortexa9_0/libsrc/emacps_v3_20/src"

TRACE::2025-06-12.09:16:20::SCWMssOS::make -C ps7_cortexa9_0/libsrc/emacps_v3_20/src -s libs  "SHELL=CMD" "COMPILER=arm-none-eabi-gcc" "ASSEMBLER=arm-none-eabi-as" "
TRACE::2025-06-12.09:16:20::SCWMssOS::ARCHIVER=arm-none-eabi-ar" "COMPILER_FLAGS=  -O2 -c" "EXTRA_COMPILER_FLAGS=-mcpu=cortex-a9 -mfpu=vfpv3 -mfloat-abi=hard -nostar
TRACE::2025-06-12.09:16:20::SCWMssOS::tfiles -g -Wall -Wextra -fno-tree-loop-distribute-patterns"

TRACE::2025-06-12.09:16:20::SCWMssOS::"Running Make libs in ps7_cortexa9_0/libsrc/gpiops_v3_13/src"

TRACE::2025-06-12.09:16:20::SCWMssOS::make -C ps7_cortexa9_0/libsrc/gpiops_v3_13/src -s libs  "SHELL=CMD" "COMPILER=arm-none-eabi-gcc" "ASSEMBLER=arm-none-eabi-as" "
TRACE::2025-06-12.09:16:20::SCWMssOS::ARCHIVER=arm-none-eabi-ar" "COMPILER_FLAGS=  -O2 -c" "EXTRA_COMPILER_FLAGS=-mcpu=cortex-a9 -mfpu=vfpv3 -mfloat-abi=hard -nostar
TRACE::2025-06-12.09:16:20::SCWMssOS::tfiles -g -Wall -Wextra -fno-tree-loop-distribute-patterns"

TRACE::2025-06-12.09:16:21::SCWMssOS::"Running Make libs in ps7_cortexa9_0/libsrc/gpio_v4_11/src"

TRACE::2025-06-12.09:16:21::SCWMssOS::make -C ps7_cortexa9_0/libsrc/gpio_v4_11/src -s libs  "SHELL=CMD" "COMPILER=arm-none-eabi-gcc" "ASSEMBLER=arm-none-eabi-as" "AR
TRACE::2025-06-12.09:16:21::SCWMssOS::CHIVER=arm-none-eabi-ar" "COMPILER_FLAGS=  -O2 -c" "EXTRA_COMPILER_FLAGS=-mcpu=cortex-a9 -mfpu=vfpv3 -mfloat-abi=hard -nostartf
TRACE::2025-06-12.09:16:21::SCWMssOS::iles -g -Wall -Wextra -fno-tree-loop-distribute-patterns"

TRACE::2025-06-12.09:16:21::SCWMssOS::"Running Make libs in ps7_cortexa9_0/libsrc/qspips_v3_12/src"

TRACE::2025-06-12.09:16:21::SCWMssOS::make -C ps7_cortexa9_0/libsrc/qspips_v3_12/src -s libs  "SHELL=CMD" "COMPILER=arm-none-eabi-gcc" "ASSEMBLER=arm-none-eabi-as" "
TRACE::2025-06-12.09:16:21::SCWMssOS::ARCHIVER=arm-none-eabi-ar" "COMPILER_FLAGS=  -O2 -c" "EXTRA_COMPILER_FLAGS=-mcpu=cortex-a9 -mfpu=vfpv3 -mfloat-abi=hard -nostar
TRACE::2025-06-12.09:16:21::SCWMssOS::tfiles -g -Wall -Wextra -fno-tree-loop-distribute-patterns"

TRACE::2025-06-12.09:16:21::SCWMssOS::"Running Make libs in ps7_cortexa9_0/libsrc/scugic_v5_3/src"

TRACE::2025-06-12.09:16:21::SCWMssOS::make -C ps7_cortexa9_0/libsrc/scugic_v5_3/src -s libs  "SHELL=CMD" "COMPILER=arm-none-eabi-gcc" "ASSEMBLER=arm-none-eabi-as" "A
TRACE::2025-06-12.09:16:21::SCWMssOS::RCHIVER=arm-none-eabi-ar" "COMPILER_FLAGS=  -O2 -c" "EXTRA_COMPILER_FLAGS=-mcpu=cortex-a9 -mfpu=vfpv3 -mfloat-abi=hard -nostart
TRACE::2025-06-12.09:16:21::SCWMssOS::files -g -Wall -Wextra -fno-tree-loop-distribute-patterns"

TRACE::2025-06-12.09:16:22::SCWMssOS::"Running Make libs in ps7_cortexa9_0/libsrc/scutimer_v2_6/src"

TRACE::2025-06-12.09:16:22::SCWMssOS::make -C ps7_cortexa9_0/libsrc/scutimer_v2_6/src -s libs  "SHELL=CMD" "COMPILER=arm-none-eabi-gcc" "ASSEMBLER=arm-none-eabi-as" 
TRACE::2025-06-12.09:16:22::SCWMssOS::"ARCHIVER=arm-none-eabi-ar" "COMPILER_FLAGS=  -O2 -c" "EXTRA_COMPILER_FLAGS=-mcpu=cortex-a9 -mfpu=vfpv3 -mfloat-abi=hard -nosta
TRACE::2025-06-12.09:16:22::SCWMssOS::rtfiles -g -Wall -Wextra -fno-tree-loop-distribute-patterns"

TRACE::2025-06-12.09:16:22::SCWMssOS::"Running Make libs in ps7_cortexa9_0/libsrc/scuwdt_v2_5/src"

TRACE::2025-06-12.09:16:22::SCWMssOS::make -C ps7_cortexa9_0/libsrc/scuwdt_v2_5/src -s libs  "SHELL=CMD" "COMPILER=arm-none-eabi-gcc" "ASSEMBLER=arm-none-eabi-as" "A
TRACE::2025-06-12.09:16:22::SCWMssOS::RCHIVER=arm-none-eabi-ar" "COMPILER_FLAGS=  -O2 -c" "EXTRA_COMPILER_FLAGS=-mcpu=cortex-a9 -mfpu=vfpv3 -mfloat-abi=hard -nostart
TRACE::2025-06-12.09:16:22::SCWMssOS::files -g -Wall -Wextra -fno-tree-loop-distribute-patterns"

TRACE::2025-06-12.09:16:22::SCWMssOS::"Running Make libs in ps7_cortexa9_0/libsrc/sdps_v4_3/src"

TRACE::2025-06-12.09:16:22::SCWMssOS::make -C ps7_cortexa9_0/libsrc/sdps_v4_3/src -s libs  "SHELL=CMD" "COMPILER=arm-none-eabi-gcc" "ASSEMBLER=arm-none-eabi-as" "ARC
TRACE::2025-06-12.09:16:22::SCWMssOS::HIVER=arm-none-eabi-ar" "COMPILER_FLAGS=  -O2 -c" "EXTRA_COMPILER_FLAGS=-mcpu=cortex-a9 -mfpu=vfpv3 -mfloat-abi=hard -nostartfi
TRACE::2025-06-12.09:16:22::SCWMssOS::les -g -Wall -Wextra -fno-tree-loop-distribute-patterns"

TRACE::2025-06-12.09:16:22::SCWMssOS::"Running Make libs in ps7_cortexa9_0/libsrc/standalone_v9_1/src"

TRACE::2025-06-12.09:16:22::SCWMssOS::make -C ps7_cortexa9_0/libsrc/standalone_v9_1/src -s libs  "SHELL=CMD" "COMPILER=arm-none-eabi-gcc" "ASSEMBLER=arm-none-eabi-as
TRACE::2025-06-12.09:16:22::SCWMssOS::" "ARCHIVER=arm-none-eabi-ar" "COMPILER_FLAGS=  -O2 -c" "EXTRA_COMPILER_FLAGS=-mcpu=cortex-a9 -mfpu=vfpv3 -mfloat-abi=hard -nos
TRACE::2025-06-12.09:16:22::SCWMssOS::tartfiles -g -Wall -Wextra -fno-tree-loop-distribute-patterns"

TRACE::2025-06-12.09:16:22::SCWMssOS::"Running Make libs in ps7_cortexa9_0/libsrc/uartps_v3_14/src"

TRACE::2025-06-12.09:16:22::SCWMssOS::make -C ps7_cortexa9_0/libsrc/uartps_v3_14/src -s libs  "SHELL=CMD" "COMPILER=arm-none-eabi-gcc" "ASSEMBLER=arm-none-eabi-as" "
TRACE::2025-06-12.09:16:22::SCWMssOS::ARCHIVER=arm-none-eabi-ar" "COMPILER_FLAGS=  -O2 -c" "EXTRA_COMPILER_FLAGS=-mcpu=cortex-a9 -mfpu=vfpv3 -mfloat-abi=hard -nostar
TRACE::2025-06-12.09:16:22::SCWMssOS::tfiles -g -Wall -Wextra -fno-tree-loop-distribute-patterns"

TRACE::2025-06-12.09:16:22::SCWMssOS::"Running Make libs in ps7_cortexa9_0/libsrc/usbps_v2_9/src"

TRACE::2025-06-12.09:16:22::SCWMssOS::make -C ps7_cortexa9_0/libsrc/usbps_v2_9/src -s libs  "SHELL=CMD" "COMPILER=arm-none-eabi-gcc" "ASSEMBLER=arm-none-eabi-as" "AR
TRACE::2025-06-12.09:16:22::SCWMssOS::CHIVER=arm-none-eabi-ar" "COMPILER_FLAGS=  -O2 -c" "EXTRA_COMPILER_FLAGS=-mcpu=cortex-a9 -mfpu=vfpv3 -mfloat-abi=hard -nostartf
TRACE::2025-06-12.09:16:22::SCWMssOS::iles -g -Wall -Wextra -fno-tree-loop-distribute-patterns"

TRACE::2025-06-12.09:16:22::SCWMssOS::"Running Make libs in ps7_cortexa9_0/libsrc/xadcps_v2_7/src"

TRACE::2025-06-12.09:16:22::SCWMssOS::make -C ps7_cortexa9_0/libsrc/xadcps_v2_7/src -s libs  "SHELL=CMD" "COMPILER=arm-none-eabi-gcc" "ASSEMBLER=arm-none-eabi-as" "A
TRACE::2025-06-12.09:16:22::SCWMssOS::RCHIVER=arm-none-eabi-ar" "COMPILER_FLAGS=  -O2 -c" "EXTRA_COMPILER_FLAGS=-mcpu=cortex-a9 -mfpu=vfpv3 -mfloat-abi=hard -nostart
TRACE::2025-06-12.09:16:22::SCWMssOS::files -g -Wall -Wextra -fno-tree-loop-distribute-patterns"

TRACE::2025-06-12.09:16:25::SCWMssOS::'Finished building libraries parallelly.'

TRACE::2025-06-12.09:16:25::SCWMssOS::make --no-print-directory archive

TRACE::2025-06-12.09:16:25::SCWMssOS::arm-none-eabi-ar -r  ps7_cortexa9_0/lib/libxil.a ps7_cortexa9_0/lib/AXI_NeoPixel.o ps7_cortexa9_0/lib/AXI_NeoPixel_selftest.o p
TRACE::2025-06-12.09:16:25::SCWMssOS::s7_cortexa9_0/lib/_exit.o ps7_cortexa9_0/lib/_open.o ps7_cortexa9_0/lib/_sbrk.o ps7_cortexa9_0/lib/abort.o ps7_cortexa9_0/lib/a
TRACE::2025-06-12.09:16:25::SCWMssOS::sm_vectors.o ps7_cortexa9_0/lib/boot.o ps7_cortexa9_0/lib/close.o ps7_cortexa9_0/lib/cpputest_time.o ps7_cortexa9_0/lib/cpu_ini
TRACE::2025-06-12.09:16:25::SCWMssOS::t.o ps7_cortexa9_0/lib/errno.o ps7_cortexa9_0/lib/fcntl.o ps7_cortexa9_0/lib/fstat.o ps7_cortexa9_0/lib/getentropy.o ps7_cortex
TRACE::2025-06-12.09:16:25::SCWMssOS::a9_0/lib/getpid.o ps7_cortexa9_0/lib/inbyte.o ps7_cortexa9_0/lib/isatty.o ps7_cortexa9_0/lib/kill.o ps7_cortexa9_0/lib/lseek.o 
TRACE::2025-06-12.09:16:25::SCWMssOS::ps7_cortexa9_0/lib/open.o ps7_cortexa9_0/lib/outbyte.o ps7_cortexa9_0/lib/print.o ps7_cortexa9_0/lib/putnum.o ps7_cortexa9_0/li
TRACE::2025-06-12.09:16:25::SCWMssOS::b/read.o ps7_cortexa9_0/lib/sbrk.o ps7_cortexa9_0/lib/sleep.o ps7_cortexa9_0/lib/time.o ps7_cortexa9_0/lib/translation_table.o 
TRACE::2025-06-12.09:16:25::SCWMssOS::ps7_cortexa9_0/lib/unlink.o ps7_cortexa9_0/lib/usleep.o ps7_cortexa9_0/lib/vectors.o ps7_cortexa9_0/lib/write.o ps7_cortexa9_0/
TRACE::2025-06-12.09:16:25::SCWMssOS::lib/xadcps.o ps7_cortexa9_0/lib/xadcps_g.o ps7_cortexa9_0/lib/xadcps_intr.o ps7_cortexa9_0/lib/xadcps_selftest.o ps7_cortexa9_0
TRACE::2025-06-12.09:16:25::SCWMssOS::/lib/xadcps_sinit.o ps7_cortexa9_0/lib/xcoresightpsdcc.o ps7_cortexa9_0/lib/xdevcfg.o ps7_cortexa9_0/lib/xdevcfg_g.o ps7_cortex
TRACE::2025-06-12.09:16:25::SCWMssOS::a9_0/lib/xdevcfg_hw.o ps7_cortexa9_0/lib/xdevcfg_intr.o ps7_cortexa9_0/lib/xdevcfg_selftest.o ps7_cortexa9_0/lib/xdevcfg_sinit.
TRACE::2025-06-12.09:16:25::SCWMssOS::o ps7_cortexa9_0/lib/xdmaps.o ps7_cortexa9_0/lib/xdmaps_g.o ps7_cortexa9_0/lib/xdmaps_hw.o ps7_cortexa9_0/lib/xdmaps_selftest.o
TRACE::2025-06-12.09:16:25::SCWMssOS:: ps7_cortexa9_0/lib/xdmaps_sinit.o ps7_cortexa9_0/lib/xemacps.o ps7_cortexa9_0/lib/xemacps_bdring.o ps7_cortexa9_0/lib/xemacps_
TRACE::2025-06-12.09:16:25::SCWMssOS::control.o ps7_cortexa9_0/lib/xemacps_g.o ps7_cortexa9_0/lib/xemacps_hw.o ps7_cortexa9_0/lib/xemacps_intr.o ps7_cortexa9_0/lib/x
TRACE::2025-06-12.09:16:25::SCWMssOS::emacps_sinit.o ps7_cortexa9_0/lib/xgpio.o ps7_cortexa9_0/lib/xgpio_extra.o ps7_cortexa9_0/lib/xgpio_g.o ps7_cortexa9_0/lib/xgpi
TRACE::2025-06-12.09:16:25::SCWMssOS::o_intr.o ps7_cortexa9_0/lib/xgpio_selftest.o ps7_cortexa9_0/lib/xgpio_sinit.o ps7_cortexa9_0/lib/xgpiops.o ps7_cortexa9_0/lib/x
TRACE::2025-06-12.09:16:25::SCWMssOS::gpiops_g.o ps7_cortexa9_0/lib/xgpiops_hw.o ps7_cortexa9_0/lib/xgpiops_intr.o ps7_cortexa9_0/lib/xgpiops_selftest.o ps7_cortexa9
TRACE::2025-06-12.09:16:25::SCWMssOS::_0/lib/xgpiops_sinit.o ps7_cortexa9_0/lib/xil-crt0.o ps7_cortexa9_0/lib/xil_assert.o ps7_cortexa9_0/lib/xil_cache.o ps7_cortexa
TRACE::2025-06-12.09:16:25::SCWMssOS::9_0/lib/xil_clocking.o ps7_cortexa9_0/lib/xil_exception.o ps7_cortexa9_0/lib/xil_mem.o ps7_cortexa9_0/lib/xil_misc_psreset_api.
TRACE::2025-06-12.09:16:25::SCWMssOS::o ps7_cortexa9_0/lib/xil_mmu.o ps7_cortexa9_0/lib/xil_printf.o ps7_cortexa9_0/lib/xil_sleepcommon.o ps7_cortexa9_0/lib/xil_slee
TRACE::2025-06-12.09:16:25::SCWMssOS::ptimer.o ps7_cortexa9_0/lib/xil_spinlock.o ps7_cortexa9_0/lib/xil_testcache.o ps7_cortexa9_0/lib/xil_testio.o ps7_cortexa9_0/li
TRACE::2025-06-12.09:16:25::SCWMssOS::b/xil_testmem.o ps7_cortexa9_0/lib/xil_util.o ps7_cortexa9_0/lib/xinterrupt_wrap.o ps7_cortexa9_0/lib/xl2cc_counter.o ps7_corte
TRACE::2025-06-12.09:16:25::SCWMssOS::xa9_0/lib/xplatform_info.o ps7_cortexa9_0/lib/xpm_counter.o ps7_cortexa9_0/lib/xpm_init.o ps7_cortexa9_0/lib/xqspips.o ps7_cort
TRACE::2025-06-12.09:16:25::SCWMssOS::exa9_0/lib/xqspips_g.o ps7_cortexa9_0/lib/xqspips_hw.o ps7_cortexa9_0/lib/xqspips_options.o ps7_cortexa9_0/lib/xqspips_selftest
TRACE::2025-06-12.09:16:25::SCWMssOS::.o ps7_cortexa9_0/lib/xqspips_sinit.o ps7_cortexa9_0/lib/xscugic.o ps7_cortexa9_0/lib/xscugic_g.o ps7_cortexa9_0/lib/xscugic_hw
TRACE::2025-06-12.09:16:25::SCWMssOS::.o ps7_cortexa9_0/lib/xscugic_intr.o ps7_cortexa9_0/lib/xscugic_selftest.o ps7_cortexa9_0/lib/xscugic_sinit.o ps7_cortexa9_0/li
TRACE::2025-06-12.09:16:25::SCWMssOS::b/xscutimer.o ps7_cortexa9_0/lib/xscutimer_g.o ps7_cortexa9_0/lib/xscutimer_selftest.o ps7_cortexa9_0/lib/xscutimer_sinit.o ps7
TRACE::2025-06-12.09:16:25::SCWMssOS::_cortexa9_0/lib/xscuwdt.o ps7_cortexa9_0/lib/xscuwdt_g.o ps7_cortexa9_0/lib/xscuwdt_selftest.o ps7_cortexa9_0/lib/xscuwdt_sinit
TRACE::2025-06-12.09:16:25::SCWMssOS::.o ps7_cortexa9_0/lib/xsdps.o ps7_cortexa9_0/lib/xsdps_card.o ps7_cortexa9_0/lib/xsdps_g.o ps7_cortexa9_0/lib/xsdps_host.o ps7_
TRACE::2025-06-12.09:16:25::SCWMssOS::cortexa9_0/lib/xsdps_options.o ps7_cortexa9_0/lib/xsdps_sinit.o ps7_cortexa9_0/lib/xtime_l.o ps7_cortexa9_0/lib/xuartps.o ps7_c
TRACE::2025-06-12.09:16:25::SCWMssOS::ortexa9_0/lib/xuartps_g.o ps7_cortexa9_0/lib/xuartps_hw.o ps7_cortexa9_0/lib/xuartps_intr.o ps7_cortexa9_0/lib/xuartps_options.
TRACE::2025-06-12.09:16:25::SCWMssOS::o ps7_cortexa9_0/lib/xuartps_selftest.o ps7_cortexa9_0/lib/xuartps_sinit.o ps7_cortexa9_0/lib/xusbps.o ps7_cortexa9_0/lib/xusbp
TRACE::2025-06-12.09:16:25::SCWMssOS::s_endpoint.o ps7_cortexa9_0/lib/xusbps_g.o ps7_cortexa9_0/lib/xusbps_hw.o ps7_cortexa9_0/lib/xusbps_intr.o ps7_cortexa9_0/lib/x
TRACE::2025-06-12.09:16:25::SCWMssOS::usbps_sinit.o

TRACE::2025-06-12.09:16:25::SCWMssOS::'Finished building libraries'

TRACE::2025-06-12.09:16:25::SCWMssOS::Copying to export directory.
TRACE::2025-06-12.09:16:25::SCWMssOS:: Checking if to create the Supporting Applications
TRACE::2025-06-12.09:16:25::SCWMssOS:: No Linux domain exists, trying to generate FSBL 
LOG::2025-06-12.09:16:25::SCWSystem::Completed Processing the domain standalone_ps7_cortexa9_0
LOG::2025-06-12.09:16:25::SCWSystem::Completed Processing the sysconfig ExamenSoC
LOG::2025-06-12.09:16:25::SCWPlatform::Completed generating the artifacts for system configuration ExamenSoC
TRACE::2025-06-12.09:16:25::SCWPlatform::Started preparing the platform 
TRACE::2025-06-12.09:16:25::SCWSystem::Writing the bif file for system config ExamenSoC
TRACE::2025-06-12.09:16:25::SCWSystem::dir created 
TRACE::2025-06-12.09:16:25::SCWSystem::Writing the bif 
TRACE::2025-06-12.09:16:25::SCWPlatform::Started writing the spfm file 
TRACE::2025-06-12.09:16:25::SCWPlatform::Started writing the xpfm file 
TRACE::2025-06-12.09:16:25::SCWPlatform::Completed generating the platform
TRACE::2025-06-12.09:16:25::SCWMssOS::Saving the mss changes C:/PXL/devWorks/devWorks2/Examen/ExamenSoC/zynq_fsbl/zynq_fsbl_bsp/system.mss
TRACE::2025-06-12.09:16:25::SCWMssOS::Found a swdesign opened with the mssfile.
TRACE::2025-06-12.09:16:25::SCWMssOS::Completed writemss as part of save.
TRACE::2025-06-12.09:16:25::SCWMssOS::Commit changes completed.
TRACE::2025-06-12.09:16:25::SCWMssOS::Saving the mss changes C:/PXL/devWorks/devWorks2/Examen/ExamenSoC/ps7_cortexa9_0/standalone_ps7_cortexa9_0/bsp/system.mss
TRACE::2025-06-12.09:16:25::SCWMssOS::Found a swdesign opened with the mssfile.
TRACE::2025-06-12.09:16:25::SCWMssOS::Completed writemss as part of save.
TRACE::2025-06-12.09:16:25::SCWMssOS::Commit changes completed.
TRACE::2025-06-12.09:16:25::SCWPlatform::Trying to open the hw design at C:/PXL/devWorks/devWorks2/Examen/ExamenSoC/hw/ExamenSoC.xsa
TRACE::2025-06-12.09:16:25::SCWPlatform::DSA given C:/PXL/devWorks/devWorks2/Examen/ExamenSoC/hw/ExamenSoC.xsa
TRACE::2025-06-12.09:16:25::SCWPlatform::DSA absoulate path C:/PXL/devWorks/devWorks2/Examen/ExamenSoC/hw/ExamenSoC.xsa
TRACE::2025-06-12.09:16:25::SCWPlatform::DSA directory C:/PXL/devWorks/devWorks2/Examen/ExamenSoC/hw
TRACE::2025-06-12.09:16:25::SCWPlatform:: Platform Path C:/PXL/devWorks/devWorks2/Examen/ExamenSoC/hw/ExamenSoC.xsa
TRACE::2025-06-12.09:16:25::SCWPlatform:: Unique name xilinx:pynq-z2::0.0
TRACE::2025-06-12.09:16:25::SCWPlatform::Trying to set the existing hwdb with name design_1_wrapper_0
TRACE::2025-06-12.09:16:25::SCWPlatform::Opened existing hwdb design_1_wrapper_0
TRACE::2025-06-12.09:16:25::SCWPlatform::Found the Hw Db part of the input DSA
TRACE::2025-06-12.09:16:25::SCWMssOS::Checking the sw design at  C:/PXL/devWorks/devWorks2/Examen/ExamenSoC/zynq_fsbl/zynq_fsbl_bsp/system.mss
TRACE::2025-06-12.09:16:25::SCWMssOS::DEBUG:  swdes dump  C:/PXL/devWorks/devWorks2/Examen/ExamenSoC/ps7_cortexa9_0/standalone_ps7_cortexa9_0/bsp/system.mss|system_0||
C:/PXL/devWorks/devWorks2/Examen/ExamenSoC/zynq_fsbl/zynq_fsbl_bsp/system.mss|system||

TRACE::2025-06-12.09:16:25::SCWMssOS::Sw design exists and opened at  C:/PXL/devWorks/devWorks2/Examen/ExamenSoC/zynq_fsbl/zynq_fsbl_bsp/system.mss
TRACE::2025-06-12.09:16:25::SCWPlatform::Trying to open the hw design at C:/PXL/devWorks/devWorks2/Examen/ExamenSoC/hw/ExamenSoC.xsa
TRACE::2025-06-12.09:16:25::SCWPlatform::DSA given C:/PXL/devWorks/devWorks2/Examen/ExamenSoC/hw/ExamenSoC.xsa
TRACE::2025-06-12.09:16:25::SCWPlatform::DSA absoulate path C:/PXL/devWorks/devWorks2/Examen/ExamenSoC/hw/ExamenSoC.xsa
TRACE::2025-06-12.09:16:25::SCWPlatform::DSA directory C:/PXL/devWorks/devWorks2/Examen/ExamenSoC/hw
TRACE::2025-06-12.09:16:25::SCWPlatform:: Platform Path C:/PXL/devWorks/devWorks2/Examen/ExamenSoC/hw/ExamenSoC.xsa
TRACE::2025-06-12.09:16:25::SCWPlatform:: Unique name xilinx:pynq-z2::0.0
TRACE::2025-06-12.09:16:25::SCWPlatform::Trying to set the existing hwdb with name design_1_wrapper_0
TRACE::2025-06-12.09:16:25::SCWPlatform::Opened existing hwdb design_1_wrapper_0
TRACE::2025-06-12.09:16:25::SCWPlatform::Found the Hw Db part of the input DSA
TRACE::2025-06-12.09:16:25::SCWMssOS::Checking the sw design at  C:/PXL/devWorks/devWorks2/Examen/ExamenSoC/zynq_fsbl/zynq_fsbl_bsp/system.mss
TRACE::2025-06-12.09:16:25::SCWMssOS::DEBUG:  swdes dump  C:/PXL/devWorks/devWorks2/Examen/ExamenSoC/ps7_cortexa9_0/standalone_ps7_cortexa9_0/bsp/system.mss|system_0||
C:/PXL/devWorks/devWorks2/Examen/ExamenSoC/zynq_fsbl/zynq_fsbl_bsp/system.mss|system||

TRACE::2025-06-12.09:16:25::SCWMssOS::Sw design exists and opened at  C:/PXL/devWorks/devWorks2/Examen/ExamenSoC/zynq_fsbl/zynq_fsbl_bsp/system.mss
TRACE::2025-06-12.09:16:25::SCWPlatform::Trying to open the hw design at C:/PXL/devWorks/devWorks2/Examen/ExamenSoC/hw/ExamenSoC.xsa
TRACE::2025-06-12.09:16:25::SCWPlatform::DSA given C:/PXL/devWorks/devWorks2/Examen/ExamenSoC/hw/ExamenSoC.xsa
TRACE::2025-06-12.09:16:25::SCWPlatform::DSA absoulate path C:/PXL/devWorks/devWorks2/Examen/ExamenSoC/hw/ExamenSoC.xsa
TRACE::2025-06-12.09:16:25::SCWPlatform::DSA directory C:/PXL/devWorks/devWorks2/Examen/ExamenSoC/hw
TRACE::2025-06-12.09:16:25::SCWPlatform:: Platform Path C:/PXL/devWorks/devWorks2/Examen/ExamenSoC/hw/ExamenSoC.xsa
TRACE::2025-06-12.09:16:25::SCWPlatform:: Unique name xilinx:pynq-z2::0.0
TRACE::2025-06-12.09:16:25::SCWPlatform::Trying to set the existing hwdb with name design_1_wrapper_0
TRACE::2025-06-12.09:16:25::SCWPlatform::Opened existing hwdb design_1_wrapper_0
TRACE::2025-06-12.09:16:25::SCWPlatform::Found the Hw Db part of the input DSA
TRACE::2025-06-12.09:16:25::SCWMssOS::Checking the sw design at  C:/PXL/devWorks/devWorks2/Examen/ExamenSoC/zynq_fsbl/zynq_fsbl_bsp/system.mss
TRACE::2025-06-12.09:16:25::SCWMssOS::DEBUG:  swdes dump  C:/PXL/devWorks/devWorks2/Examen/ExamenSoC/ps7_cortexa9_0/standalone_ps7_cortexa9_0/bsp/system.mss|system_0||
C:/PXL/devWorks/devWorks2/Examen/ExamenSoC/zynq_fsbl/zynq_fsbl_bsp/system.mss|system||

TRACE::2025-06-12.09:16:25::SCWMssOS::Sw design exists and opened at  C:/PXL/devWorks/devWorks2/Examen/ExamenSoC/zynq_fsbl/zynq_fsbl_bsp/system.mss
TRACE::2025-06-12.09:16:25::SCWPlatform::Trying to open the hw design at C:/PXL/devWorks/devWorks2/Examen/ExamenSoC/hw/ExamenSoC.xsa
TRACE::2025-06-12.09:16:25::SCWPlatform::DSA given C:/PXL/devWorks/devWorks2/Examen/ExamenSoC/hw/ExamenSoC.xsa
TRACE::2025-06-12.09:16:25::SCWPlatform::DSA absoulate path C:/PXL/devWorks/devWorks2/Examen/ExamenSoC/hw/ExamenSoC.xsa
TRACE::2025-06-12.09:16:25::SCWPlatform::DSA directory C:/PXL/devWorks/devWorks2/Examen/ExamenSoC/hw
TRACE::2025-06-12.09:16:25::SCWPlatform:: Platform Path C:/PXL/devWorks/devWorks2/Examen/ExamenSoC/hw/ExamenSoC.xsa
TRACE::2025-06-12.09:16:25::SCWPlatform:: Unique name xilinx:pynq-z2::0.0
TRACE::2025-06-12.09:16:25::SCWPlatform::Trying to set the existing hwdb with name design_1_wrapper_0
TRACE::2025-06-12.09:16:25::SCWPlatform::Opened existing hwdb design_1_wrapper_0
TRACE::2025-06-12.09:16:25::SCWPlatform::Found the Hw Db part of the input DSA
TRACE::2025-06-12.09:16:25::SCWMssOS::Checking the sw design at  C:/PXL/devWorks/devWorks2/Examen/ExamenSoC/ps7_cortexa9_0/standalone_ps7_cortexa9_0/bsp/system.mss
TRACE::2025-06-12.09:16:25::SCWMssOS::DEBUG:  swdes dump  C:/PXL/devWorks/devWorks2/Examen/ExamenSoC/ps7_cortexa9_0/standalone_ps7_cortexa9_0/bsp/system.mss|system_0||
C:/PXL/devWorks/devWorks2/Examen/ExamenSoC/zynq_fsbl/zynq_fsbl_bsp/system.mss|system||

TRACE::2025-06-12.09:16:25::SCWMssOS::Sw design exists and opened at  C:/PXL/devWorks/devWorks2/Examen/ExamenSoC/ps7_cortexa9_0/standalone_ps7_cortexa9_0/bsp/system.mss
TRACE::2025-06-12.09:16:25::SCWPlatform::Trying to open the hw design at C:/PXL/devWorks/devWorks2/Examen/ExamenSoC/hw/ExamenSoC.xsa
TRACE::2025-06-12.09:16:25::SCWPlatform::DSA given C:/PXL/devWorks/devWorks2/Examen/ExamenSoC/hw/ExamenSoC.xsa
TRACE::2025-06-12.09:16:25::SCWPlatform::DSA absoulate path C:/PXL/devWorks/devWorks2/Examen/ExamenSoC/hw/ExamenSoC.xsa
TRACE::2025-06-12.09:16:25::SCWPlatform::DSA directory C:/PXL/devWorks/devWorks2/Examen/ExamenSoC/hw
TRACE::2025-06-12.09:16:25::SCWPlatform:: Platform Path C:/PXL/devWorks/devWorks2/Examen/ExamenSoC/hw/ExamenSoC.xsa
TRACE::2025-06-12.09:16:25::SCWPlatform:: Unique name xilinx:pynq-z2::0.0
TRACE::2025-06-12.09:16:25::SCWPlatform::Trying to set the existing hwdb with name design_1_wrapper_0
TRACE::2025-06-12.09:16:25::SCWPlatform::Opened existing hwdb design_1_wrapper_0
TRACE::2025-06-12.09:16:25::SCWPlatform::Found the Hw Db part of the input DSA
TRACE::2025-06-12.09:16:25::SCWMssOS::Checking the sw design at  C:/PXL/devWorks/devWorks2/Examen/ExamenSoC/ps7_cortexa9_0/standalone_ps7_cortexa9_0/bsp/system.mss
TRACE::2025-06-12.09:16:25::SCWMssOS::DEBUG:  swdes dump  C:/PXL/devWorks/devWorks2/Examen/ExamenSoC/ps7_cortexa9_0/standalone_ps7_cortexa9_0/bsp/system.mss|system_0||
C:/PXL/devWorks/devWorks2/Examen/ExamenSoC/zynq_fsbl/zynq_fsbl_bsp/system.mss|system||

TRACE::2025-06-12.09:16:25::SCWMssOS::Sw design exists and opened at  C:/PXL/devWorks/devWorks2/Examen/ExamenSoC/ps7_cortexa9_0/standalone_ps7_cortexa9_0/bsp/system.mss
TRACE::2025-06-12.09:16:25::SCWPlatform::Trying to open the hw design at C:/PXL/devWorks/devWorks2/Examen/ExamenSoC/hw/ExamenSoC.xsa
TRACE::2025-06-12.09:16:25::SCWPlatform::DSA given C:/PXL/devWorks/devWorks2/Examen/ExamenSoC/hw/ExamenSoC.xsa
TRACE::2025-06-12.09:16:25::SCWPlatform::DSA absoulate path C:/PXL/devWorks/devWorks2/Examen/ExamenSoC/hw/ExamenSoC.xsa
TRACE::2025-06-12.09:16:25::SCWPlatform::DSA directory C:/PXL/devWorks/devWorks2/Examen/ExamenSoC/hw
TRACE::2025-06-12.09:16:25::SCWPlatform:: Platform Path C:/PXL/devWorks/devWorks2/Examen/ExamenSoC/hw/ExamenSoC.xsa
TRACE::2025-06-12.09:16:25::SCWPlatform:: Unique name xilinx:pynq-z2::0.0
TRACE::2025-06-12.09:16:25::SCWPlatform::Trying to set the existing hwdb with name design_1_wrapper_0
TRACE::2025-06-12.09:16:25::SCWPlatform::Opened existing hwdb design_1_wrapper_0
TRACE::2025-06-12.09:16:25::SCWPlatform::Found the Hw Db part of the input DSA
TRACE::2025-06-12.09:16:25::SCWMssOS::Checking the sw design at  C:/PXL/devWorks/devWorks2/Examen/ExamenSoC/ps7_cortexa9_0/standalone_ps7_cortexa9_0/bsp/system.mss
TRACE::2025-06-12.09:16:25::SCWMssOS::DEBUG:  swdes dump  C:/PXL/devWorks/devWorks2/Examen/ExamenSoC/ps7_cortexa9_0/standalone_ps7_cortexa9_0/bsp/system.mss|system_0||
C:/PXL/devWorks/devWorks2/Examen/ExamenSoC/zynq_fsbl/zynq_fsbl_bsp/system.mss|system||

TRACE::2025-06-12.09:16:25::SCWMssOS::Sw design exists and opened at  C:/PXL/devWorks/devWorks2/Examen/ExamenSoC/ps7_cortexa9_0/standalone_ps7_cortexa9_0/bsp/system.mss
TRACE::2025-06-12.09:16:25::SCWWriter::formatted JSON is {
	"platformName":	"ExamenSoC",
	"sprVersion":	"2.0",
	"mode":	"gui",
	"dsaType":	"Fixed",
	"platformDesc":	"ExamenSoC",
	"platHandOff":	"<platformDir>.xsa",
	"platIntHandOff":	"<platformDir>/hw/ExamenSoC.xsa",
	"deviceType":	"zynq",
	"platIsPrebuiltAutogen":	"false",
	"platIsNoBootBsp":	"false",
	"platFsblTarget":	"ps7_cortexa9_0",
	"hasFsblMakeHasChanges":	"false",
	"hasPmufwMakeHasChanges":	"false",
	"fsblExtraCompilerFlags":	"-MMD -MP       -mcpu=cortex-a9 -mfpu=vfpv3 -mfloat-abi=hard ",
	"platPreBuiltFlag":	false,
	"platformSamplesDir":	"",
	"platActiveSys":	"ExamenSoC",
	"systems":	[{
			"systemName":	"ExamenSoC",
			"systemDesc":	"ExamenSoC",
			"sysIsBootAutoGen":	"true",
			"systemDispName":	"ExamenSoC",
			"sysActiveDom":	"standalone_ps7_cortexa9_0",
			"sysDefaultDom":	"standalone_ps7_cortexa9_0",
			"domains":	[{
					"domainName":	"zynq_fsbl",
					"domainDispName":	"zynq_fsbl",
					"domainDesc":	"FSBL Application BSP - Auto Generated.",
					"processors":	"ps7_cortexa9_0",
					"os":	"standalone",
					"sdxOs":	"standalone",
					"debugEnable":	"",
					"domRuntimes":	["cpp"],
					"swRepo":	"",
					"mssOsVer":	"9.1",
					"mssFile":	"",
					"md5Digest":	"3401672d81d6210691b472c6ff9ee9be",
					"compatibleApp":	"zynq_fsbl",
					"domType":	"bootDomain",
					"arch":	"32-bit",
					"appSettings":	{
						"appCompilerFlags":	"",
						"appLinkerFlags":	""
					},
					"addedLibs":	["xilffs:5.2", "xilrsa:1.8"],
					"libOptions":	{
						"libsContainingOptions":	[]
					},
					"prebuiltLibs":	{
						"prebuiltIncPath":	[],
						"prebuiltLibPath":	[]
					},
					"isolation":	{
					}
				}, {
					"domainName":	"standalone_ps7_cortexa9_0",
					"domainDispName":	"standalone_ps7_cortexa9_0",
					"domainDesc":	"standalone_ps7_cortexa9_0",
					"processors":	"ps7_cortexa9_0",
					"os":	"standalone",
					"sdxOs":	"standalone",
					"qemuArgs":	"<platformDir>/resources/ExamenSoC/standalone_ps7_cortexa9_0/qemu_args.txt",
					"qemuData":	"<platformDir>/resources/ExamenSoC/standalone_ps7_cortexa9_0/qemu",
					"debugEnable":	"False",
					"domRuntimes":	["cpp"],
					"swRepo":	"",
					"mssOsVer":	"9.1",
					"mssFile":	"",
					"md5Digest":	"e4264f13f6f975fc1ff0f2657f1d074f",
					"compatibleApp":	"hello_world",
					"domType":	"mssDomain",
					"arch":	"32-bit",
					"appSettings":	{
						"appCompilerFlags":	"",
						"appLinkerFlags":	""
					},
					"addedLibs":	[],
					"libOptions":	{
						"libsContainingOptions":	[]
					},
					"prebuiltLibs":	{
						"prebuiltIncPath":	[],
						"prebuiltLibPath":	[]
					},
					"isolation":	{
					}
				}]
		}]
}
KEYINFO::2025-06-12.09:16:25::SCWPlatform::updated the xpfm file.
TRACE::2025-06-12.09:16:25::SCWPlatform::Trying to open the hw design at C:/PXL/devWorks/devWorks2/Examen/ExamenSoC/hw/ExamenSoC.xsa
TRACE::2025-06-12.09:16:25::SCWPlatform::DSA given C:/PXL/devWorks/devWorks2/Examen/ExamenSoC/hw/ExamenSoC.xsa
TRACE::2025-06-12.09:16:25::SCWPlatform::DSA absoulate path C:/PXL/devWorks/devWorks2/Examen/ExamenSoC/hw/ExamenSoC.xsa
TRACE::2025-06-12.09:16:25::SCWPlatform::DSA directory C:/PXL/devWorks/devWorks2/Examen/ExamenSoC/hw
TRACE::2025-06-12.09:16:25::SCWPlatform:: Platform Path C:/PXL/devWorks/devWorks2/Examen/ExamenSoC/hw/ExamenSoC.xsa
TRACE::2025-06-12.09:16:25::SCWPlatform:: Unique name xilinx:pynq-z2::0.0
TRACE::2025-06-12.09:16:25::SCWPlatform::Trying to set the existing hwdb with name design_1_wrapper_0
TRACE::2025-06-12.09:16:25::SCWPlatform::Opened existing hwdb design_1_wrapper_0
TRACE::2025-06-12.09:16:25::SCWPlatform::Found the Hw Db part of the input DSA
TRACE::2025-06-12.09:16:25::SCWMssOS::Checking the sw design at  C:/PXL/devWorks/devWorks2/Examen/ExamenSoC/ps7_cortexa9_0/standalone_ps7_cortexa9_0/bsp/system.mss
TRACE::2025-06-12.09:16:25::SCWMssOS::DEBUG:  swdes dump  C:/PXL/devWorks/devWorks2/Examen/ExamenSoC/ps7_cortexa9_0/standalone_ps7_cortexa9_0/bsp/system.mss|system_0||
C:/PXL/devWorks/devWorks2/Examen/ExamenSoC/zynq_fsbl/zynq_fsbl_bsp/system.mss|system||

TRACE::2025-06-12.09:16:25::SCWMssOS::Sw design exists and opened at  C:/PXL/devWorks/devWorks2/Examen/ExamenSoC/ps7_cortexa9_0/standalone_ps7_cortexa9_0/bsp/system.mss
