TRACE::2025-02-17.10:47:22::SCWPlatform::Trying to open the hw design at C:/PXL/devWorks/devWorks2/GPIOSOC/Vitis/GPIOSOC/hw/GPIOSOC.xsa
TRACE::2025-02-17.10:47:22::SCWPlatform::DSA given C:/PXL/devWorks/devWorks2/GPIOSOC/Vitis/GPIOSOC/hw/GPIOSOC.xsa
TRACE::2025-02-17.10:47:22::SCWPlatform::DSA absoulate path C:/PXL/devWorks/devWorks2/GPIOSOC/Vitis/GPIOSOC/hw/GPIOSOC.xsa
TRACE::2025-02-17.10:47:22::SCWPlatform::DSA directory C:/PXL/devWorks/devWorks2/GPIOSOC/Vitis/GPIOSOC/hw
TRACE::2025-02-17.10:47:22::SCWPlatform:: Platform Path C:/PXL/devWorks/devWorks2/GPIOSOC/Vitis/GPIOSOC/hw/GPIOSOC.xsa
TRACE::2025-02-17.10:47:22::SCWPlatform:: Unique name xilinx:pynq-z2::0.0
TRACE::2025-02-17.10:47:22::SCWPlatform::Do not have an existing db opened. 
TRACE::2025-02-17.10:47:24::SCWPlatform::Opened new HwDB with name design_1_wrapper_0
TRACE::2025-02-17.10:47:24::SCWWriter::formatted JSON is {
	"platformName":	"GPIOSOC",
	"sprVersion":	"2.0",
	"mode":	"gui",
	"dsaType":	"Fixed",
	"platformDesc":	"GPIOSOC",
	"platHandOff":	"C:/PXL/devWorks/devWorks2/GPIOSOC/GPIOSOC.xsa",
	"platIntHandOff":	"<platformDir>/hw/GPIOSOC.xsa",
	"deviceType":	"zynq",
	"platIsPrebuiltAutogen":	"false",
	"platIsNoBootBsp":	"false",
	"hasFsblMakeHasChanges":	"false",
	"hasPmufwMakeHasChanges":	"false",
	"platPreBuiltFlag":	false,
	"platformSamplesDir":	""
}
TRACE::2025-02-17.10:47:24::SCWWriter::formatted JSON is {
	"platformName":	"GPIOSOC",
	"sprVersion":	"2.0",
	"mode":	"gui",
	"dsaType":	"Fixed",
	"platformDesc":	"GPIOSOC",
	"platHandOff":	"C:/PXL/devWorks/devWorks2/GPIOSOC/GPIOSOC.xsa",
	"platIntHandOff":	"<platformDir>/hw/GPIOSOC.xsa",
	"deviceType":	"zynq",
	"platIsPrebuiltAutogen":	"false",
	"platIsNoBootBsp":	"false",
	"hasFsblMakeHasChanges":	"false",
	"hasPmufwMakeHasChanges":	"false",
	"platPreBuiltFlag":	false,
	"platformSamplesDir":	"",
	"platActiveSys":	"GPIOSOC",
	"systems":	[{
			"systemName":	"GPIOSOC",
			"systemDesc":	"GPIOSOC",
			"sysIsBootAutoGen":	"true",
			"systemDispName":	"GPIOSOC"
		}]
}
TRACE::2025-02-17.10:47:24::SCWPlatform::Boot application domains not present, creating them
TRACE::2025-02-17.10:47:24::SCWDomain::checking for install qemu data   : 
TRACE::2025-02-17.10:47:24::SCWDomain:: Using the QEMU Data from install at  : C:/Xilinx/Vitis/2024.1/data/emulation/platforms/zynq/sw/a9_standalone/qemu/
TRACE::2025-02-17.10:47:24::SCWDomain:: Using the QEMU args  from install at  : C:/Xilinx/Vitis/2024.1/data/emulation/platforms/zynq/sw/a9_standalone/qemu/qemu_args.txt
TRACE::2025-02-17.10:47:24::SCWPlatform::Trying to open the hw design at C:/PXL/devWorks/devWorks2/GPIOSOC/Vitis/GPIOSOC/hw/GPIOSOC.xsa
TRACE::2025-02-17.10:47:24::SCWPlatform::DSA given C:/PXL/devWorks/devWorks2/GPIOSOC/Vitis/GPIOSOC/hw/GPIOSOC.xsa
TRACE::2025-02-17.10:47:24::SCWPlatform::DSA absoulate path C:/PXL/devWorks/devWorks2/GPIOSOC/Vitis/GPIOSOC/hw/GPIOSOC.xsa
TRACE::2025-02-17.10:47:24::SCWPlatform::DSA directory C:/PXL/devWorks/devWorks2/GPIOSOC/Vitis/GPIOSOC/hw
TRACE::2025-02-17.10:47:24::SCWPlatform:: Platform Path C:/PXL/devWorks/devWorks2/GPIOSOC/Vitis/GPIOSOC/hw/GPIOSOC.xsa
TRACE::2025-02-17.10:47:24::SCWPlatform:: Unique name xilinx:pynq-z2::0.0
TRACE::2025-02-17.10:47:24::SCWPlatform::Trying to set the existing hwdb with name design_1_wrapper_0
TRACE::2025-02-17.10:47:24::SCWPlatform::Opened existing hwdb design_1_wrapper_0
TRACE::2025-02-17.10:47:24::SCWPlatform::Found the Hw Db part of the input DSA
TRACE::2025-02-17.10:47:24::SCWPlatform::Trying to open the hw design at C:/PXL/devWorks/devWorks2/GPIOSOC/Vitis/GPIOSOC/hw/GPIOSOC.xsa
TRACE::2025-02-17.10:47:24::SCWPlatform::DSA given C:/PXL/devWorks/devWorks2/GPIOSOC/Vitis/GPIOSOC/hw/GPIOSOC.xsa
TRACE::2025-02-17.10:47:24::SCWPlatform::DSA absoulate path C:/PXL/devWorks/devWorks2/GPIOSOC/Vitis/GPIOSOC/hw/GPIOSOC.xsa
TRACE::2025-02-17.10:47:24::SCWPlatform::DSA directory C:/PXL/devWorks/devWorks2/GPIOSOC/Vitis/GPIOSOC/hw
TRACE::2025-02-17.10:47:24::SCWPlatform:: Platform Path C:/PXL/devWorks/devWorks2/GPIOSOC/Vitis/GPIOSOC/hw/GPIOSOC.xsa
TRACE::2025-02-17.10:47:24::SCWPlatform:: Unique name xilinx:pynq-z2::0.0
TRACE::2025-02-17.10:47:24::SCWPlatform::Trying to set the existing hwdb with name design_1_wrapper_0
TRACE::2025-02-17.10:47:24::SCWPlatform::Opened existing hwdb design_1_wrapper_0
TRACE::2025-02-17.10:47:24::SCWPlatform::Found the Hw Db part of the input DSA
TRACE::2025-02-17.10:47:24::SCWPlatform::Trying to open the hw design at C:/PXL/devWorks/devWorks2/GPIOSOC/Vitis/GPIOSOC/hw/GPIOSOC.xsa
TRACE::2025-02-17.10:47:24::SCWPlatform::DSA given C:/PXL/devWorks/devWorks2/GPIOSOC/Vitis/GPIOSOC/hw/GPIOSOC.xsa
TRACE::2025-02-17.10:47:24::SCWPlatform::DSA absoulate path C:/PXL/devWorks/devWorks2/GPIOSOC/Vitis/GPIOSOC/hw/GPIOSOC.xsa
TRACE::2025-02-17.10:47:24::SCWPlatform::DSA directory C:/PXL/devWorks/devWorks2/GPIOSOC/Vitis/GPIOSOC/hw
TRACE::2025-02-17.10:47:24::SCWPlatform:: Platform Path C:/PXL/devWorks/devWorks2/GPIOSOC/Vitis/GPIOSOC/hw/GPIOSOC.xsa
TRACE::2025-02-17.10:47:24::SCWPlatform:: Unique name xilinx:pynq-z2::0.0
TRACE::2025-02-17.10:47:24::SCWPlatform::Trying to set the existing hwdb with name design_1_wrapper_0
TRACE::2025-02-17.10:47:24::SCWPlatform::Opened existing hwdb design_1_wrapper_0
TRACE::2025-02-17.10:47:24::SCWPlatform::Found the Hw Db part of the input DSA
TRACE::2025-02-17.10:47:24::SCWPlatform::Boot application domain added for zynq_fsbl
TRACE::2025-02-17.10:47:24::SCWPlatform::Generating the sources  .
TRACE::2025-02-17.10:47:24::SCWBDomain::Generating boot domain sources.
TRACE::2025-02-17.10:47:24::SCWBDomain:: Generating the zynq_fsbl Application.
TRACE::2025-02-17.10:47:24::SCWPlatform::Trying to open the hw design at C:/PXL/devWorks/devWorks2/GPIOSOC/Vitis/GPIOSOC/hw/GPIOSOC.xsa
TRACE::2025-02-17.10:47:24::SCWPlatform::DSA given C:/PXL/devWorks/devWorks2/GPIOSOC/Vitis/GPIOSOC/hw/GPIOSOC.xsa
TRACE::2025-02-17.10:47:24::SCWPlatform::DSA absoulate path C:/PXL/devWorks/devWorks2/GPIOSOC/Vitis/GPIOSOC/hw/GPIOSOC.xsa
TRACE::2025-02-17.10:47:24::SCWPlatform::DSA directory C:/PXL/devWorks/devWorks2/GPIOSOC/Vitis/GPIOSOC/hw
TRACE::2025-02-17.10:47:24::SCWPlatform:: Platform Path C:/PXL/devWorks/devWorks2/GPIOSOC/Vitis/GPIOSOC/hw/GPIOSOC.xsa
TRACE::2025-02-17.10:47:24::SCWPlatform:: Unique name xilinx:pynq-z2::0.0
TRACE::2025-02-17.10:47:24::SCWPlatform::Trying to set the existing hwdb with name design_1_wrapper_0
TRACE::2025-02-17.10:47:24::SCWPlatform::Opened existing hwdb design_1_wrapper_0
TRACE::2025-02-17.10:47:24::SCWPlatform::Found the Hw Db part of the input DSA
TRACE::2025-02-17.10:47:24::SCWMssOS::Checking the sw design at  C:/PXL/devWorks/devWorks2/GPIOSOC/Vitis/GPIOSOC/zynq_fsbl/zynq_fsbl_bsp/system.mss
TRACE::2025-02-17.10:47:24::SCWMssOS::DEBUG:  swdes dump  
TRACE::2025-02-17.10:47:24::SCWMssOS::No sw design opened at  C:/PXL/devWorks/devWorks2/GPIOSOC/Vitis/GPIOSOC/zynq_fsbl/zynq_fsbl_bsp/system.mss
TRACE::2025-02-17.10:47:24::SCWMssOS::mss does not exists at C:/PXL/devWorks/devWorks2/GPIOSOC/Vitis/GPIOSOC/zynq_fsbl/zynq_fsbl_bsp/system.mss
TRACE::2025-02-17.10:47:24::SCWMssOS::Creating sw design at  C:/PXL/devWorks/devWorks2/GPIOSOC/Vitis/GPIOSOC/zynq_fsbl/zynq_fsbl_bsp/system.mss
TRACE::2025-02-17.10:47:24::SCWMssOS::Adding the swdes entry, created swdb C:/PXL/devWorks/devWorks2/GPIOSOC/Vitis/GPIOSOC/zynq_fsbl/zynq_fsbl_bsp/system.mss with des name C:/PXL/devWorks/devWorks2/GPIOSOC/Vitis/GPIOSOC/zynq_fsbl/zynq_fsbl_bsp/system.mss
TRACE::2025-02-17.10:47:24::SCWMssOS::updating the scw layer changes to swdes at   C:/PXL/devWorks/devWorks2/GPIOSOC/Vitis/GPIOSOC/zynq_fsbl/zynq_fsbl_bsp/system.mss
TRACE::2025-02-17.10:47:24::SCWMssOS::Writing mss at C:/PXL/devWorks/devWorks2/GPIOSOC/Vitis/GPIOSOC/zynq_fsbl/zynq_fsbl_bsp/system.mss
TRACE::2025-02-17.10:47:24::SCWMssOS::Completed writing the mss file at C:/PXL/devWorks/devWorks2/GPIOSOC/Vitis/GPIOSOC/zynq_fsbl/zynq_fsbl_bsp
TRACE::2025-02-17.10:47:24::SCWMssOS::Picking up changes from newly written mss file into SCW Layer. 
TRACE::2025-02-17.10:47:24::SCWMssOS::Updated the changes from newly written mss file into SCW Layer. 
TRACE::2025-02-17.10:47:24::SCWBDomain::Completed writing the mss file at C:/PXL/devWorks/devWorks2/GPIOSOC/Vitis/GPIOSOC/zynq_fsbl/zynq_fsbl_bsp
TRACE::2025-02-17.10:47:30::SCWPlatform::Generating sources Done.
TRACE::2025-02-17.10:47:30::SCWPlatform::Trying to open the hw design at C:/PXL/devWorks/devWorks2/GPIOSOC/Vitis/GPIOSOC/hw/GPIOSOC.xsa
TRACE::2025-02-17.10:47:30::SCWPlatform::DSA given C:/PXL/devWorks/devWorks2/GPIOSOC/Vitis/GPIOSOC/hw/GPIOSOC.xsa
TRACE::2025-02-17.10:47:30::SCWPlatform::DSA absoulate path C:/PXL/devWorks/devWorks2/GPIOSOC/Vitis/GPIOSOC/hw/GPIOSOC.xsa
TRACE::2025-02-17.10:47:30::SCWPlatform::DSA directory C:/PXL/devWorks/devWorks2/GPIOSOC/Vitis/GPIOSOC/hw
TRACE::2025-02-17.10:47:30::SCWPlatform:: Platform Path C:/PXL/devWorks/devWorks2/GPIOSOC/Vitis/GPIOSOC/hw/GPIOSOC.xsa
TRACE::2025-02-17.10:47:30::SCWPlatform:: Unique name xilinx:pynq-z2::0.0
TRACE::2025-02-17.10:47:30::SCWPlatform::Trying to set the existing hwdb with name design_1_wrapper_0
TRACE::2025-02-17.10:47:30::SCWPlatform::Opened existing hwdb design_1_wrapper_0
TRACE::2025-02-17.10:47:30::SCWPlatform::Found the Hw Db part of the input DSA
TRACE::2025-02-17.10:47:30::SCWMssOS::Checking the sw design at  C:/PXL/devWorks/devWorks2/GPIOSOC/Vitis/GPIOSOC/zynq_fsbl/zynq_fsbl_bsp/system.mss
TRACE::2025-02-17.10:47:30::SCWMssOS::DEBUG:  swdes dump  
TRACE::2025-02-17.10:47:30::SCWMssOS::No sw design opened at  C:/PXL/devWorks/devWorks2/GPIOSOC/Vitis/GPIOSOC/zynq_fsbl/zynq_fsbl_bsp/system.mss
TRACE::2025-02-17.10:47:30::SCWMssOS::mss exists loading the mss file  C:/PXL/devWorks/devWorks2/GPIOSOC/Vitis/GPIOSOC/zynq_fsbl/zynq_fsbl_bsp/system.mss
TRACE::2025-02-17.10:47:30::SCWMssOS::Opened the sw design from mss  C:/PXL/devWorks/devWorks2/GPIOSOC/Vitis/GPIOSOC/zynq_fsbl/zynq_fsbl_bsp/system.mss
TRACE::2025-02-17.10:47:30::SCWMssOS::Adding the swdes entry C:/PXL/devWorks/devWorks2/GPIOSOC/Vitis/GPIOSOC/zynq_fsbl/zynq_fsbl_bsp/system.mss with des name system
TRACE::2025-02-17.10:47:30::SCWMssOS::updating the scw layer about changes
TRACE::2025-02-17.10:47:30::SCWMssOS::Opened the sw design.  C:/PXL/devWorks/devWorks2/GPIOSOC/Vitis/GPIOSOC/zynq_fsbl/zynq_fsbl_bsp/system.mss
TRACE::2025-02-17.10:47:30::SCWMssOS::Saving the mss changes C:/PXL/devWorks/devWorks2/GPIOSOC/Vitis/GPIOSOC/zynq_fsbl/zynq_fsbl_bsp/system.mss
TRACE::2025-02-17.10:47:30::SCWMssOS::Found a swdesign opened with the mssfile.
TRACE::2025-02-17.10:47:30::SCWMssOS::Completed writemss as part of save.
TRACE::2025-02-17.10:47:30::SCWMssOS::Commit changes completed.
TRACE::2025-02-17.10:47:30::SCWPlatform::Trying to open the hw design at C:/PXL/devWorks/devWorks2/GPIOSOC/Vitis/GPIOSOC/hw/GPIOSOC.xsa
TRACE::2025-02-17.10:47:30::SCWPlatform::DSA given C:/PXL/devWorks/devWorks2/GPIOSOC/Vitis/GPIOSOC/hw/GPIOSOC.xsa
TRACE::2025-02-17.10:47:30::SCWPlatform::DSA absoulate path C:/PXL/devWorks/devWorks2/GPIOSOC/Vitis/GPIOSOC/hw/GPIOSOC.xsa
TRACE::2025-02-17.10:47:30::SCWPlatform::DSA directory C:/PXL/devWorks/devWorks2/GPIOSOC/Vitis/GPIOSOC/hw
TRACE::2025-02-17.10:47:30::SCWPlatform:: Platform Path C:/PXL/devWorks/devWorks2/GPIOSOC/Vitis/GPIOSOC/hw/GPIOSOC.xsa
TRACE::2025-02-17.10:47:30::SCWPlatform:: Unique name xilinx:pynq-z2::0.0
TRACE::2025-02-17.10:47:30::SCWPlatform::Trying to set the existing hwdb with name design_1_wrapper_0
TRACE::2025-02-17.10:47:30::SCWPlatform::Opened existing hwdb design_1_wrapper_0
TRACE::2025-02-17.10:47:30::SCWPlatform::Found the Hw Db part of the input DSA
TRACE::2025-02-17.10:47:30::SCWMssOS::Checking the sw design at  C:/PXL/devWorks/devWorks2/GPIOSOC/Vitis/GPIOSOC/zynq_fsbl/zynq_fsbl_bsp/system.mss
TRACE::2025-02-17.10:47:30::SCWMssOS::DEBUG:  swdes dump  C:/PXL/devWorks/devWorks2/GPIOSOC/Vitis/GPIOSOC/zynq_fsbl/zynq_fsbl_bsp/system.mss|system||

TRACE::2025-02-17.10:47:30::SCWMssOS::Sw design exists and opened at  C:/PXL/devWorks/devWorks2/GPIOSOC/Vitis/GPIOSOC/zynq_fsbl/zynq_fsbl_bsp/system.mss
TRACE::2025-02-17.10:47:30::SCWPlatform::Trying to open the hw design at C:/PXL/devWorks/devWorks2/GPIOSOC/Vitis/GPIOSOC/hw/GPIOSOC.xsa
TRACE::2025-02-17.10:47:30::SCWPlatform::DSA given C:/PXL/devWorks/devWorks2/GPIOSOC/Vitis/GPIOSOC/hw/GPIOSOC.xsa
TRACE::2025-02-17.10:47:30::SCWPlatform::DSA absoulate path C:/PXL/devWorks/devWorks2/GPIOSOC/Vitis/GPIOSOC/hw/GPIOSOC.xsa
TRACE::2025-02-17.10:47:30::SCWPlatform::DSA directory C:/PXL/devWorks/devWorks2/GPIOSOC/Vitis/GPIOSOC/hw
TRACE::2025-02-17.10:47:30::SCWPlatform:: Platform Path C:/PXL/devWorks/devWorks2/GPIOSOC/Vitis/GPIOSOC/hw/GPIOSOC.xsa
TRACE::2025-02-17.10:47:30::SCWPlatform:: Unique name xilinx:pynq-z2::0.0
TRACE::2025-02-17.10:47:30::SCWPlatform::Trying to set the existing hwdb with name design_1_wrapper_0
TRACE::2025-02-17.10:47:30::SCWPlatform::Opened existing hwdb design_1_wrapper_0
TRACE::2025-02-17.10:47:30::SCWPlatform::Found the Hw Db part of the input DSA
TRACE::2025-02-17.10:47:30::SCWMssOS::Checking the sw design at  C:/PXL/devWorks/devWorks2/GPIOSOC/Vitis/GPIOSOC/zynq_fsbl/zynq_fsbl_bsp/system.mss
TRACE::2025-02-17.10:47:30::SCWMssOS::DEBUG:  swdes dump  C:/PXL/devWorks/devWorks2/GPIOSOC/Vitis/GPIOSOC/zynq_fsbl/zynq_fsbl_bsp/system.mss|system||

TRACE::2025-02-17.10:47:30::SCWMssOS::Sw design exists and opened at  C:/PXL/devWorks/devWorks2/GPIOSOC/Vitis/GPIOSOC/zynq_fsbl/zynq_fsbl_bsp/system.mss
TRACE::2025-02-17.10:47:30::SCWPlatform::Trying to open the hw design at C:/PXL/devWorks/devWorks2/GPIOSOC/Vitis/GPIOSOC/hw/GPIOSOC.xsa
TRACE::2025-02-17.10:47:30::SCWPlatform::DSA given C:/PXL/devWorks/devWorks2/GPIOSOC/Vitis/GPIOSOC/hw/GPIOSOC.xsa
TRACE::2025-02-17.10:47:30::SCWPlatform::DSA absoulate path C:/PXL/devWorks/devWorks2/GPIOSOC/Vitis/GPIOSOC/hw/GPIOSOC.xsa
TRACE::2025-02-17.10:47:30::SCWPlatform::DSA directory C:/PXL/devWorks/devWorks2/GPIOSOC/Vitis/GPIOSOC/hw
TRACE::2025-02-17.10:47:30::SCWPlatform:: Platform Path C:/PXL/devWorks/devWorks2/GPIOSOC/Vitis/GPIOSOC/hw/GPIOSOC.xsa
TRACE::2025-02-17.10:47:30::SCWPlatform:: Unique name xilinx:pynq-z2::0.0
TRACE::2025-02-17.10:47:30::SCWPlatform::Trying to set the existing hwdb with name design_1_wrapper_0
TRACE::2025-02-17.10:47:30::SCWPlatform::Opened existing hwdb design_1_wrapper_0
TRACE::2025-02-17.10:47:30::SCWPlatform::Found the Hw Db part of the input DSA
TRACE::2025-02-17.10:47:30::SCWMssOS::Checking the sw design at  C:/PXL/devWorks/devWorks2/GPIOSOC/Vitis/GPIOSOC/zynq_fsbl/zynq_fsbl_bsp/system.mss
TRACE::2025-02-17.10:47:30::SCWMssOS::DEBUG:  swdes dump  C:/PXL/devWorks/devWorks2/GPIOSOC/Vitis/GPIOSOC/zynq_fsbl/zynq_fsbl_bsp/system.mss|system||

TRACE::2025-02-17.10:47:30::SCWMssOS::Sw design exists and opened at  C:/PXL/devWorks/devWorks2/GPIOSOC/Vitis/GPIOSOC/zynq_fsbl/zynq_fsbl_bsp/system.mss
TRACE::2025-02-17.10:47:30::SCWWriter::formatted JSON is {
	"platformName":	"GPIOSOC",
	"sprVersion":	"2.0",
	"mode":	"gui",
	"dsaType":	"Fixed",
	"platformDesc":	"GPIOSOC",
	"platHandOff":	"C:/PXL/devWorks/devWorks2/GPIOSOC/GPIOSOC.xsa",
	"platIntHandOff":	"<platformDir>/hw/GPIOSOC.xsa",
	"deviceType":	"zynq",
	"platIsPrebuiltAutogen":	"false",
	"platIsNoBootBsp":	"false",
	"platFsblTarget":	"ps7_cortexa9_0",
	"hasFsblMakeHasChanges":	"false",
	"hasPmufwMakeHasChanges":	"false",
	"fsblExtraCompilerFlags":	"-MMD -MP       -mcpu=cortex-a9 -mfpu=vfpv3 -mfloat-abi=hard ",
	"platPreBuiltFlag":	false,
	"platformSamplesDir":	"",
	"platActiveSys":	"GPIOSOC",
	"systems":	[{
			"systemName":	"GPIOSOC",
			"systemDesc":	"GPIOSOC",
			"sysIsBootAutoGen":	"true",
			"systemDispName":	"GPIOSOC",
			"sysActiveDom":	"zynq_fsbl",
			"sysDefaultDom":	"",
			"domains":	[{
					"domainName":	"zynq_fsbl",
					"domainDispName":	"zynq_fsbl",
					"domainDesc":	"FSBL Application BSP - Auto Generated.",
					"processors":	"ps7_cortexa9_0",
					"os":	"standalone",
					"sdxOs":	"standalone",
					"debugEnable":	"",
					"domRuntimes":	["cpp"],
					"swRepo":	"",
					"mssOsVer":	"9.1",
					"mssFile":	"",
					"md5Digest":	"38ba93e41c0d74ae18df48b1f9514907",
					"compatibleApp":	"zynq_fsbl",
					"domType":	"bootDomain",
					"arch":	"32-bit",
					"appSettings":	{
						"appCompilerFlags":	"",
						"appLinkerFlags":	""
					},
					"addedLibs":	["xilffs:5.2", "xilrsa:1.8"],
					"libOptions":	{
						"libsContainingOptions":	[]
					},
					"prebuiltLibs":	{
						"prebuiltIncPath":	[],
						"prebuiltLibPath":	[]
					},
					"isolation":	{
					}
				}]
		}]
}
TRACE::2025-02-17.10:47:30::SCWMssOS::Saving the mss changes C:/PXL/devWorks/devWorks2/GPIOSOC/Vitis/GPIOSOC/zynq_fsbl/zynq_fsbl_bsp/system.mss
TRACE::2025-02-17.10:47:30::SCWMssOS::Found a swdesign opened with the mssfile.
TRACE::2025-02-17.10:47:30::SCWMssOS::Completed writemss as part of save.
TRACE::2025-02-17.10:47:30::SCWMssOS::Commit changes completed.
TRACE::2025-02-17.10:47:30::SCWPlatform::Trying to open the hw design at C:/PXL/devWorks/devWorks2/GPIOSOC/Vitis/GPIOSOC/hw/GPIOSOC.xsa
TRACE::2025-02-17.10:47:30::SCWPlatform::DSA given C:/PXL/devWorks/devWorks2/GPIOSOC/Vitis/GPIOSOC/hw/GPIOSOC.xsa
TRACE::2025-02-17.10:47:30::SCWPlatform::DSA absoulate path C:/PXL/devWorks/devWorks2/GPIOSOC/Vitis/GPIOSOC/hw/GPIOSOC.xsa
TRACE::2025-02-17.10:47:30::SCWPlatform::DSA directory C:/PXL/devWorks/devWorks2/GPIOSOC/Vitis/GPIOSOC/hw
TRACE::2025-02-17.10:47:30::SCWPlatform:: Platform Path C:/PXL/devWorks/devWorks2/GPIOSOC/Vitis/GPIOSOC/hw/GPIOSOC.xsa
TRACE::2025-02-17.10:47:30::SCWPlatform:: Unique name xilinx:pynq-z2::0.0
TRACE::2025-02-17.10:47:30::SCWPlatform::Trying to set the existing hwdb with name design_1_wrapper_0
TRACE::2025-02-17.10:47:30::SCWPlatform::Opened existing hwdb design_1_wrapper_0
TRACE::2025-02-17.10:47:30::SCWPlatform::Found the Hw Db part of the input DSA
TRACE::2025-02-17.10:47:30::SCWMssOS::Checking the sw design at  C:/PXL/devWorks/devWorks2/GPIOSOC/Vitis/GPIOSOC/zynq_fsbl/zynq_fsbl_bsp/system.mss
TRACE::2025-02-17.10:47:30::SCWMssOS::DEBUG:  swdes dump  C:/PXL/devWorks/devWorks2/GPIOSOC/Vitis/GPIOSOC/zynq_fsbl/zynq_fsbl_bsp/system.mss|system||

TRACE::2025-02-17.10:47:30::SCWMssOS::Sw design exists and opened at  C:/PXL/devWorks/devWorks2/GPIOSOC/Vitis/GPIOSOC/zynq_fsbl/zynq_fsbl_bsp/system.mss
TRACE::2025-02-17.10:47:30::SCWPlatform::Trying to open the hw design at C:/PXL/devWorks/devWorks2/GPIOSOC/Vitis/GPIOSOC/hw/GPIOSOC.xsa
TRACE::2025-02-17.10:47:30::SCWPlatform::DSA given C:/PXL/devWorks/devWorks2/GPIOSOC/Vitis/GPIOSOC/hw/GPIOSOC.xsa
TRACE::2025-02-17.10:47:30::SCWPlatform::DSA absoulate path C:/PXL/devWorks/devWorks2/GPIOSOC/Vitis/GPIOSOC/hw/GPIOSOC.xsa
TRACE::2025-02-17.10:47:30::SCWPlatform::DSA directory C:/PXL/devWorks/devWorks2/GPIOSOC/Vitis/GPIOSOC/hw
TRACE::2025-02-17.10:47:30::SCWPlatform:: Platform Path C:/PXL/devWorks/devWorks2/GPIOSOC/Vitis/GPIOSOC/hw/GPIOSOC.xsa
TRACE::2025-02-17.10:47:30::SCWPlatform:: Unique name xilinx:pynq-z2::0.0
TRACE::2025-02-17.10:47:30::SCWPlatform::Trying to set the existing hwdb with name design_1_wrapper_0
TRACE::2025-02-17.10:47:30::SCWPlatform::Opened existing hwdb design_1_wrapper_0
TRACE::2025-02-17.10:47:30::SCWPlatform::Found the Hw Db part of the input DSA
TRACE::2025-02-17.10:47:30::SCWMssOS::Checking the sw design at  C:/PXL/devWorks/devWorks2/GPIOSOC/Vitis/GPIOSOC/zynq_fsbl/zynq_fsbl_bsp/system.mss
TRACE::2025-02-17.10:47:30::SCWMssOS::DEBUG:  swdes dump  C:/PXL/devWorks/devWorks2/GPIOSOC/Vitis/GPIOSOC/zynq_fsbl/zynq_fsbl_bsp/system.mss|system||

TRACE::2025-02-17.10:47:30::SCWMssOS::Sw design exists and opened at  C:/PXL/devWorks/devWorks2/GPIOSOC/Vitis/GPIOSOC/zynq_fsbl/zynq_fsbl_bsp/system.mss
TRACE::2025-02-17.10:47:30::SCWPlatform::Trying to open the hw design at C:/PXL/devWorks/devWorks2/GPIOSOC/Vitis/GPIOSOC/hw/GPIOSOC.xsa
TRACE::2025-02-17.10:47:30::SCWPlatform::DSA given C:/PXL/devWorks/devWorks2/GPIOSOC/Vitis/GPIOSOC/hw/GPIOSOC.xsa
TRACE::2025-02-17.10:47:30::SCWPlatform::DSA absoulate path C:/PXL/devWorks/devWorks2/GPIOSOC/Vitis/GPIOSOC/hw/GPIOSOC.xsa
TRACE::2025-02-17.10:47:30::SCWPlatform::DSA directory C:/PXL/devWorks/devWorks2/GPIOSOC/Vitis/GPIOSOC/hw
TRACE::2025-02-17.10:47:30::SCWPlatform:: Platform Path C:/PXL/devWorks/devWorks2/GPIOSOC/Vitis/GPIOSOC/hw/GPIOSOC.xsa
TRACE::2025-02-17.10:47:30::SCWPlatform:: Unique name xilinx:pynq-z2::0.0
TRACE::2025-02-17.10:47:30::SCWPlatform::Trying to set the existing hwdb with name design_1_wrapper_0
TRACE::2025-02-17.10:47:30::SCWPlatform::Opened existing hwdb design_1_wrapper_0
TRACE::2025-02-17.10:47:30::SCWPlatform::Found the Hw Db part of the input DSA
TRACE::2025-02-17.10:47:30::SCWMssOS::Checking the sw design at  C:/PXL/devWorks/devWorks2/GPIOSOC/Vitis/GPIOSOC/zynq_fsbl/zynq_fsbl_bsp/system.mss
TRACE::2025-02-17.10:47:30::SCWMssOS::DEBUG:  swdes dump  C:/PXL/devWorks/devWorks2/GPIOSOC/Vitis/GPIOSOC/zynq_fsbl/zynq_fsbl_bsp/system.mss|system||

TRACE::2025-02-17.10:47:30::SCWMssOS::Sw design exists and opened at  C:/PXL/devWorks/devWorks2/GPIOSOC/Vitis/GPIOSOC/zynq_fsbl/zynq_fsbl_bsp/system.mss
TRACE::2025-02-17.10:47:30::SCWWriter::formatted JSON is {
	"platformName":	"GPIOSOC",
	"sprVersion":	"2.0",
	"mode":	"gui",
	"dsaType":	"Fixed",
	"platformDesc":	"GPIOSOC",
	"platHandOff":	"C:/PXL/devWorks/devWorks2/GPIOSOC/GPIOSOC.xsa",
	"platIntHandOff":	"<platformDir>/hw/GPIOSOC.xsa",
	"deviceType":	"zynq",
	"platIsPrebuiltAutogen":	"false",
	"platIsNoBootBsp":	"false",
	"platFsblTarget":	"ps7_cortexa9_0",
	"hasFsblMakeHasChanges":	"false",
	"hasPmufwMakeHasChanges":	"false",
	"fsblExtraCompilerFlags":	"-MMD -MP       -mcpu=cortex-a9 -mfpu=vfpv3 -mfloat-abi=hard ",
	"platPreBuiltFlag":	false,
	"platformSamplesDir":	"",
	"platActiveSys":	"GPIOSOC",
	"systems":	[{
			"systemName":	"GPIOSOC",
			"systemDesc":	"GPIOSOC",
			"sysIsBootAutoGen":	"true",
			"systemDispName":	"GPIOSOC",
			"sysActiveDom":	"zynq_fsbl",
			"sysDefaultDom":	"",
			"domains":	[{
					"domainName":	"zynq_fsbl",
					"domainDispName":	"zynq_fsbl",
					"domainDesc":	"FSBL Application BSP - Auto Generated.",
					"processors":	"ps7_cortexa9_0",
					"os":	"standalone",
					"sdxOs":	"standalone",
					"debugEnable":	"",
					"domRuntimes":	["cpp"],
					"swRepo":	"",
					"mssOsVer":	"9.1",
					"mssFile":	"",
					"md5Digest":	"38ba93e41c0d74ae18df48b1f9514907",
					"compatibleApp":	"zynq_fsbl",
					"domType":	"bootDomain",
					"arch":	"32-bit",
					"appSettings":	{
						"appCompilerFlags":	"",
						"appLinkerFlags":	""
					},
					"addedLibs":	["xilffs:5.2", "xilrsa:1.8"],
					"libOptions":	{
						"libsContainingOptions":	[]
					},
					"prebuiltLibs":	{
						"prebuiltIncPath":	[],
						"prebuiltLibPath":	[]
					},
					"isolation":	{
					}
				}]
		}]
}
TRACE::2025-02-17.10:47:31::SCWPlatform::Trying to open the hw design at C:/PXL/devWorks/devWorks2/GPIOSOC/Vitis/GPIOSOC/hw/GPIOSOC.xsa
TRACE::2025-02-17.10:47:31::SCWPlatform::DSA given C:/PXL/devWorks/devWorks2/GPIOSOC/Vitis/GPIOSOC/hw/GPIOSOC.xsa
TRACE::2025-02-17.10:47:31::SCWPlatform::DSA absoulate path C:/PXL/devWorks/devWorks2/GPIOSOC/Vitis/GPIOSOC/hw/GPIOSOC.xsa
TRACE::2025-02-17.10:47:31::SCWPlatform::DSA directory C:/PXL/devWorks/devWorks2/GPIOSOC/Vitis/GPIOSOC/hw
TRACE::2025-02-17.10:47:31::SCWPlatform:: Platform Path C:/PXL/devWorks/devWorks2/GPIOSOC/Vitis/GPIOSOC/hw/GPIOSOC.xsa
TRACE::2025-02-17.10:47:31::SCWPlatform:: Unique name xilinx:pynq-z2::0.0
TRACE::2025-02-17.10:47:31::SCWPlatform::Trying to set the existing hwdb with name design_1_wrapper_0
TRACE::2025-02-17.10:47:31::SCWPlatform::Opened existing hwdb design_1_wrapper_0
TRACE::2025-02-17.10:47:31::SCWPlatform::Found the Hw Db part of the input DSA
TRACE::2025-02-17.10:47:31::SCWDomain::checking for install qemu data   : 
TRACE::2025-02-17.10:47:31::SCWDomain:: Using the QEMU Data from install at  : C:/Xilinx/Vitis/2024.1/data/emulation/platforms/zynq/sw/a9_standalone/qemu/
TRACE::2025-02-17.10:47:31::SCWDomain:: Using the QEMU args  from install at  : C:/Xilinx/Vitis/2024.1/data/emulation/platforms/zynq/sw/a9_standalone/qemu/qemu_args.txt
TRACE::2025-02-17.10:47:31::SCWPlatform::Trying to open the hw design at C:/PXL/devWorks/devWorks2/GPIOSOC/Vitis/GPIOSOC/hw/GPIOSOC.xsa
TRACE::2025-02-17.10:47:31::SCWPlatform::DSA given C:/PXL/devWorks/devWorks2/GPIOSOC/Vitis/GPIOSOC/hw/GPIOSOC.xsa
TRACE::2025-02-17.10:47:31::SCWPlatform::DSA absoulate path C:/PXL/devWorks/devWorks2/GPIOSOC/Vitis/GPIOSOC/hw/GPIOSOC.xsa
TRACE::2025-02-17.10:47:31::SCWPlatform::DSA directory C:/PXL/devWorks/devWorks2/GPIOSOC/Vitis/GPIOSOC/hw
TRACE::2025-02-17.10:47:31::SCWPlatform:: Platform Path C:/PXL/devWorks/devWorks2/GPIOSOC/Vitis/GPIOSOC/hw/GPIOSOC.xsa
TRACE::2025-02-17.10:47:31::SCWPlatform:: Unique name xilinx:pynq-z2::0.0
TRACE::2025-02-17.10:47:31::SCWPlatform::Trying to set the existing hwdb with name design_1_wrapper_0
TRACE::2025-02-17.10:47:31::SCWPlatform::Opened existing hwdb design_1_wrapper_0
TRACE::2025-02-17.10:47:31::SCWPlatform::Found the Hw Db part of the input DSA
TRACE::2025-02-17.10:47:31::SCWPlatform::Trying to open the hw design at C:/PXL/devWorks/devWorks2/GPIOSOC/Vitis/GPIOSOC/hw/GPIOSOC.xsa
TRACE::2025-02-17.10:47:31::SCWPlatform::DSA given C:/PXL/devWorks/devWorks2/GPIOSOC/Vitis/GPIOSOC/hw/GPIOSOC.xsa
TRACE::2025-02-17.10:47:31::SCWPlatform::DSA absoulate path C:/PXL/devWorks/devWorks2/GPIOSOC/Vitis/GPIOSOC/hw/GPIOSOC.xsa
TRACE::2025-02-17.10:47:31::SCWPlatform::DSA directory C:/PXL/devWorks/devWorks2/GPIOSOC/Vitis/GPIOSOC/hw
TRACE::2025-02-17.10:47:31::SCWPlatform:: Platform Path C:/PXL/devWorks/devWorks2/GPIOSOC/Vitis/GPIOSOC/hw/GPIOSOC.xsa
TRACE::2025-02-17.10:47:31::SCWPlatform:: Unique name xilinx:pynq-z2::0.0
TRACE::2025-02-17.10:47:31::SCWPlatform::Trying to set the existing hwdb with name design_1_wrapper_0
TRACE::2025-02-17.10:47:31::SCWPlatform::Opened existing hwdb design_1_wrapper_0
TRACE::2025-02-17.10:47:31::SCWPlatform::Found the Hw Db part of the input DSA
TRACE::2025-02-17.10:47:31::SCWDomain::Qemu Directory name is changed from "" to "qemu"
TRACE::2025-02-17.10:47:31::SCWPlatform::Trying to open the hw design at C:/PXL/devWorks/devWorks2/GPIOSOC/Vitis/GPIOSOC/hw/GPIOSOC.xsa
TRACE::2025-02-17.10:47:31::SCWPlatform::DSA given C:/PXL/devWorks/devWorks2/GPIOSOC/Vitis/GPIOSOC/hw/GPIOSOC.xsa
TRACE::2025-02-17.10:47:31::SCWPlatform::DSA absoulate path C:/PXL/devWorks/devWorks2/GPIOSOC/Vitis/GPIOSOC/hw/GPIOSOC.xsa
TRACE::2025-02-17.10:47:31::SCWPlatform::DSA directory C:/PXL/devWorks/devWorks2/GPIOSOC/Vitis/GPIOSOC/hw
TRACE::2025-02-17.10:47:31::SCWPlatform:: Platform Path C:/PXL/devWorks/devWorks2/GPIOSOC/Vitis/GPIOSOC/hw/GPIOSOC.xsa
TRACE::2025-02-17.10:47:31::SCWPlatform:: Unique name xilinx:pynq-z2::0.0
TRACE::2025-02-17.10:47:31::SCWPlatform::Trying to set the existing hwdb with name design_1_wrapper_0
TRACE::2025-02-17.10:47:31::SCWPlatform::Opened existing hwdb design_1_wrapper_0
TRACE::2025-02-17.10:47:31::SCWPlatform::Found the Hw Db part of the input DSA
TRACE::2025-02-17.10:47:31::SCWMssOS::Checking the sw design at  C:/PXL/devWorks/devWorks2/GPIOSOC/Vitis/GPIOSOC/ps7_cortexa9_0/standalone_ps7_cortexa9_0/bsp/system.mss
TRACE::2025-02-17.10:47:31::SCWMssOS::DEBUG:  swdes dump  C:/PXL/devWorks/devWorks2/GPIOSOC/Vitis/GPIOSOC/zynq_fsbl/zynq_fsbl_bsp/system.mss|system||

TRACE::2025-02-17.10:47:31::SCWMssOS::No sw design opened at  C:/PXL/devWorks/devWorks2/GPIOSOC/Vitis/GPIOSOC/ps7_cortexa9_0/standalone_ps7_cortexa9_0/bsp/system.mss
TRACE::2025-02-17.10:47:31::SCWMssOS::mss does not exists at C:/PXL/devWorks/devWorks2/GPIOSOC/Vitis/GPIOSOC/ps7_cortexa9_0/standalone_ps7_cortexa9_0/bsp/system.mss
TRACE::2025-02-17.10:47:31::SCWMssOS::Creating sw design at  C:/PXL/devWorks/devWorks2/GPIOSOC/Vitis/GPIOSOC/ps7_cortexa9_0/standalone_ps7_cortexa9_0/bsp/system.mss
TRACE::2025-02-17.10:47:31::SCWMssOS::Adding the swdes entry, created swdb C:/PXL/devWorks/devWorks2/GPIOSOC/Vitis/GPIOSOC/ps7_cortexa9_0/standalone_ps7_cortexa9_0/bsp/system.mss with des name C:/PXL/devWorks/devWorks2/GPIOSOC/Vitis/GPIOSOC/ps7_cortexa9_0/standalone_ps7_cortexa9_0/bsp/system.mss
TRACE::2025-02-17.10:47:31::SCWMssOS::updating the scw layer changes to swdes at   C:/PXL/devWorks/devWorks2/GPIOSOC/Vitis/GPIOSOC/ps7_cortexa9_0/standalone_ps7_cortexa9_0/bsp/system.mss
TRACE::2025-02-17.10:47:31::SCWMssOS::Writing mss at C:/PXL/devWorks/devWorks2/GPIOSOC/Vitis/GPIOSOC/ps7_cortexa9_0/standalone_ps7_cortexa9_0/bsp/system.mss
TRACE::2025-02-17.10:47:31::SCWMssOS::Completed writing the mss file at C:/PXL/devWorks/devWorks2/GPIOSOC/Vitis/GPIOSOC/ps7_cortexa9_0/standalone_ps7_cortexa9_0/bsp
TRACE::2025-02-17.10:47:31::SCWMssOS::Picking up changes from newly written mss file into SCW Layer. 
TRACE::2025-02-17.10:47:31::SCWMssOS::Updated the changes from newly written mss file into SCW Layer. 
TRACE::2025-02-17.10:47:31::SCWMssOS::Completed writing the mss file at C:/PXL/devWorks/devWorks2/GPIOSOC/Vitis/GPIOSOC/ps7_cortexa9_0/standalone_ps7_cortexa9_0/bsp
TRACE::2025-02-17.10:47:31::SCWMssOS::Forcing BSP Sources regeneration.
TRACE::2025-02-17.10:47:32::SCWMssOS::Saving the mss changes C:/PXL/devWorks/devWorks2/GPIOSOC/Vitis/GPIOSOC/zynq_fsbl/zynq_fsbl_bsp/system.mss
TRACE::2025-02-17.10:47:32::SCWMssOS::Found a swdesign opened with the mssfile.
TRACE::2025-02-17.10:47:32::SCWMssOS::Completed writemss as part of save.
TRACE::2025-02-17.10:47:32::SCWMssOS::Commit changes completed.
TRACE::2025-02-17.10:47:32::SCWMssOS::Saving the mss changes C:/PXL/devWorks/devWorks2/GPIOSOC/Vitis/GPIOSOC/ps7_cortexa9_0/standalone_ps7_cortexa9_0/bsp/system.mss
TRACE::2025-02-17.10:47:32::SCWMssOS::Adding the swdes entry, mss present, able to open swdb C:/PXL/devWorks/devWorks2/GPIOSOC/Vitis/GPIOSOC/ps7_cortexa9_0/standalone_ps7_cortexa9_0/bsp/system.mss with des name system_0
TRACE::2025-02-17.10:47:32::SCWMssOS::Writing the mss file completed C:/PXL/devWorks/devWorks2/GPIOSOC/Vitis/GPIOSOC/ps7_cortexa9_0/standalone_ps7_cortexa9_0/bsp/system.mss
TRACE::2025-02-17.10:47:32::SCWMssOS::Commit changes completed.
TRACE::2025-02-17.10:47:32::SCWPlatform::Trying to open the hw design at C:/PXL/devWorks/devWorks2/GPIOSOC/Vitis/GPIOSOC/hw/GPIOSOC.xsa
TRACE::2025-02-17.10:47:32::SCWPlatform::DSA given C:/PXL/devWorks/devWorks2/GPIOSOC/Vitis/GPIOSOC/hw/GPIOSOC.xsa
TRACE::2025-02-17.10:47:32::SCWPlatform::DSA absoulate path C:/PXL/devWorks/devWorks2/GPIOSOC/Vitis/GPIOSOC/hw/GPIOSOC.xsa
TRACE::2025-02-17.10:47:32::SCWPlatform::DSA directory C:/PXL/devWorks/devWorks2/GPIOSOC/Vitis/GPIOSOC/hw
TRACE::2025-02-17.10:47:32::SCWPlatform:: Platform Path C:/PXL/devWorks/devWorks2/GPIOSOC/Vitis/GPIOSOC/hw/GPIOSOC.xsa
TRACE::2025-02-17.10:47:32::SCWPlatform:: Unique name xilinx:pynq-z2::0.0
TRACE::2025-02-17.10:47:32::SCWPlatform::Trying to set the existing hwdb with name design_1_wrapper_0
TRACE::2025-02-17.10:47:32::SCWPlatform::Opened existing hwdb design_1_wrapper_0
TRACE::2025-02-17.10:47:32::SCWPlatform::Found the Hw Db part of the input DSA
TRACE::2025-02-17.10:47:32::SCWMssOS::Checking the sw design at  C:/PXL/devWorks/devWorks2/GPIOSOC/Vitis/GPIOSOC/zynq_fsbl/zynq_fsbl_bsp/system.mss
TRACE::2025-02-17.10:47:32::SCWMssOS::DEBUG:  swdes dump  C:/PXL/devWorks/devWorks2/GPIOSOC/Vitis/GPIOSOC/ps7_cortexa9_0/standalone_ps7_cortexa9_0/bsp/system.mss|system_0||
C:/PXL/devWorks/devWorks2/GPIOSOC/Vitis/GPIOSOC/zynq_fsbl/zynq_fsbl_bsp/system.mss|system||

TRACE::2025-02-17.10:47:32::SCWMssOS::Sw design exists and opened at  C:/PXL/devWorks/devWorks2/GPIOSOC/Vitis/GPIOSOC/zynq_fsbl/zynq_fsbl_bsp/system.mss
TRACE::2025-02-17.10:47:32::SCWPlatform::Trying to open the hw design at C:/PXL/devWorks/devWorks2/GPIOSOC/Vitis/GPIOSOC/hw/GPIOSOC.xsa
TRACE::2025-02-17.10:47:32::SCWPlatform::DSA given C:/PXL/devWorks/devWorks2/GPIOSOC/Vitis/GPIOSOC/hw/GPIOSOC.xsa
TRACE::2025-02-17.10:47:32::SCWPlatform::DSA absoulate path C:/PXL/devWorks/devWorks2/GPIOSOC/Vitis/GPIOSOC/hw/GPIOSOC.xsa
TRACE::2025-02-17.10:47:32::SCWPlatform::DSA directory C:/PXL/devWorks/devWorks2/GPIOSOC/Vitis/GPIOSOC/hw
TRACE::2025-02-17.10:47:32::SCWPlatform:: Platform Path C:/PXL/devWorks/devWorks2/GPIOSOC/Vitis/GPIOSOC/hw/GPIOSOC.xsa
TRACE::2025-02-17.10:47:32::SCWPlatform:: Unique name xilinx:pynq-z2::0.0
TRACE::2025-02-17.10:47:32::SCWPlatform::Trying to set the existing hwdb with name design_1_wrapper_0
TRACE::2025-02-17.10:47:32::SCWPlatform::Opened existing hwdb design_1_wrapper_0
TRACE::2025-02-17.10:47:32::SCWPlatform::Found the Hw Db part of the input DSA
TRACE::2025-02-17.10:47:32::SCWMssOS::Checking the sw design at  C:/PXL/devWorks/devWorks2/GPIOSOC/Vitis/GPIOSOC/zynq_fsbl/zynq_fsbl_bsp/system.mss
TRACE::2025-02-17.10:47:32::SCWMssOS::DEBUG:  swdes dump  C:/PXL/devWorks/devWorks2/GPIOSOC/Vitis/GPIOSOC/ps7_cortexa9_0/standalone_ps7_cortexa9_0/bsp/system.mss|system_0||
C:/PXL/devWorks/devWorks2/GPIOSOC/Vitis/GPIOSOC/zynq_fsbl/zynq_fsbl_bsp/system.mss|system||

TRACE::2025-02-17.10:47:32::SCWMssOS::Sw design exists and opened at  C:/PXL/devWorks/devWorks2/GPIOSOC/Vitis/GPIOSOC/zynq_fsbl/zynq_fsbl_bsp/system.mss
TRACE::2025-02-17.10:47:32::SCWPlatform::Trying to open the hw design at C:/PXL/devWorks/devWorks2/GPIOSOC/Vitis/GPIOSOC/hw/GPIOSOC.xsa
TRACE::2025-02-17.10:47:32::SCWPlatform::DSA given C:/PXL/devWorks/devWorks2/GPIOSOC/Vitis/GPIOSOC/hw/GPIOSOC.xsa
TRACE::2025-02-17.10:47:32::SCWPlatform::DSA absoulate path C:/PXL/devWorks/devWorks2/GPIOSOC/Vitis/GPIOSOC/hw/GPIOSOC.xsa
TRACE::2025-02-17.10:47:32::SCWPlatform::DSA directory C:/PXL/devWorks/devWorks2/GPIOSOC/Vitis/GPIOSOC/hw
TRACE::2025-02-17.10:47:32::SCWPlatform:: Platform Path C:/PXL/devWorks/devWorks2/GPIOSOC/Vitis/GPIOSOC/hw/GPIOSOC.xsa
TRACE::2025-02-17.10:47:32::SCWPlatform:: Unique name xilinx:pynq-z2::0.0
TRACE::2025-02-17.10:47:32::SCWPlatform::Trying to set the existing hwdb with name design_1_wrapper_0
TRACE::2025-02-17.10:47:32::SCWPlatform::Opened existing hwdb design_1_wrapper_0
TRACE::2025-02-17.10:47:32::SCWPlatform::Found the Hw Db part of the input DSA
TRACE::2025-02-17.10:47:32::SCWMssOS::Checking the sw design at  C:/PXL/devWorks/devWorks2/GPIOSOC/Vitis/GPIOSOC/zynq_fsbl/zynq_fsbl_bsp/system.mss
TRACE::2025-02-17.10:47:32::SCWMssOS::DEBUG:  swdes dump  C:/PXL/devWorks/devWorks2/GPIOSOC/Vitis/GPIOSOC/ps7_cortexa9_0/standalone_ps7_cortexa9_0/bsp/system.mss|system_0||
C:/PXL/devWorks/devWorks2/GPIOSOC/Vitis/GPIOSOC/zynq_fsbl/zynq_fsbl_bsp/system.mss|system||

TRACE::2025-02-17.10:47:32::SCWMssOS::Sw design exists and opened at  C:/PXL/devWorks/devWorks2/GPIOSOC/Vitis/GPIOSOC/zynq_fsbl/zynq_fsbl_bsp/system.mss
TRACE::2025-02-17.10:47:32::SCWPlatform::Trying to open the hw design at C:/PXL/devWorks/devWorks2/GPIOSOC/Vitis/GPIOSOC/hw/GPIOSOC.xsa
TRACE::2025-02-17.10:47:32::SCWPlatform::DSA given C:/PXL/devWorks/devWorks2/GPIOSOC/Vitis/GPIOSOC/hw/GPIOSOC.xsa
TRACE::2025-02-17.10:47:32::SCWPlatform::DSA absoulate path C:/PXL/devWorks/devWorks2/GPIOSOC/Vitis/GPIOSOC/hw/GPIOSOC.xsa
TRACE::2025-02-17.10:47:32::SCWPlatform::DSA directory C:/PXL/devWorks/devWorks2/GPIOSOC/Vitis/GPIOSOC/hw
TRACE::2025-02-17.10:47:32::SCWPlatform:: Platform Path C:/PXL/devWorks/devWorks2/GPIOSOC/Vitis/GPIOSOC/hw/GPIOSOC.xsa
TRACE::2025-02-17.10:47:32::SCWPlatform:: Unique name xilinx:pynq-z2::0.0
TRACE::2025-02-17.10:47:32::SCWPlatform::Trying to set the existing hwdb with name design_1_wrapper_0
TRACE::2025-02-17.10:47:32::SCWPlatform::Opened existing hwdb design_1_wrapper_0
TRACE::2025-02-17.10:47:32::SCWPlatform::Found the Hw Db part of the input DSA
TRACE::2025-02-17.10:47:32::SCWMssOS::Checking the sw design at  C:/PXL/devWorks/devWorks2/GPIOSOC/Vitis/GPIOSOC/ps7_cortexa9_0/standalone_ps7_cortexa9_0/bsp/system.mss
TRACE::2025-02-17.10:47:32::SCWMssOS::DEBUG:  swdes dump  C:/PXL/devWorks/devWorks2/GPIOSOC/Vitis/GPIOSOC/ps7_cortexa9_0/standalone_ps7_cortexa9_0/bsp/system.mss|system_0||
C:/PXL/devWorks/devWorks2/GPIOSOC/Vitis/GPIOSOC/zynq_fsbl/zynq_fsbl_bsp/system.mss|system||

TRACE::2025-02-17.10:47:32::SCWMssOS::Sw design exists and opened at  C:/PXL/devWorks/devWorks2/GPIOSOC/Vitis/GPIOSOC/ps7_cortexa9_0/standalone_ps7_cortexa9_0/bsp/system.mss
TRACE::2025-02-17.10:47:32::SCWPlatform::Trying to open the hw design at C:/PXL/devWorks/devWorks2/GPIOSOC/Vitis/GPIOSOC/hw/GPIOSOC.xsa
TRACE::2025-02-17.10:47:32::SCWPlatform::DSA given C:/PXL/devWorks/devWorks2/GPIOSOC/Vitis/GPIOSOC/hw/GPIOSOC.xsa
TRACE::2025-02-17.10:47:32::SCWPlatform::DSA absoulate path C:/PXL/devWorks/devWorks2/GPIOSOC/Vitis/GPIOSOC/hw/GPIOSOC.xsa
TRACE::2025-02-17.10:47:32::SCWPlatform::DSA directory C:/PXL/devWorks/devWorks2/GPIOSOC/Vitis/GPIOSOC/hw
TRACE::2025-02-17.10:47:32::SCWPlatform:: Platform Path C:/PXL/devWorks/devWorks2/GPIOSOC/Vitis/GPIOSOC/hw/GPIOSOC.xsa
TRACE::2025-02-17.10:47:32::SCWPlatform:: Unique name xilinx:pynq-z2::0.0
TRACE::2025-02-17.10:47:32::SCWPlatform::Trying to set the existing hwdb with name design_1_wrapper_0
TRACE::2025-02-17.10:47:32::SCWPlatform::Opened existing hwdb design_1_wrapper_0
TRACE::2025-02-17.10:47:32::SCWPlatform::Found the Hw Db part of the input DSA
TRACE::2025-02-17.10:47:32::SCWMssOS::Checking the sw design at  C:/PXL/devWorks/devWorks2/GPIOSOC/Vitis/GPIOSOC/ps7_cortexa9_0/standalone_ps7_cortexa9_0/bsp/system.mss
TRACE::2025-02-17.10:47:32::SCWMssOS::DEBUG:  swdes dump  C:/PXL/devWorks/devWorks2/GPIOSOC/Vitis/GPIOSOC/ps7_cortexa9_0/standalone_ps7_cortexa9_0/bsp/system.mss|system_0||
C:/PXL/devWorks/devWorks2/GPIOSOC/Vitis/GPIOSOC/zynq_fsbl/zynq_fsbl_bsp/system.mss|system||

TRACE::2025-02-17.10:47:32::SCWMssOS::Sw design exists and opened at  C:/PXL/devWorks/devWorks2/GPIOSOC/Vitis/GPIOSOC/ps7_cortexa9_0/standalone_ps7_cortexa9_0/bsp/system.mss
TRACE::2025-02-17.10:47:32::SCWPlatform::Trying to open the hw design at C:/PXL/devWorks/devWorks2/GPIOSOC/Vitis/GPIOSOC/hw/GPIOSOC.xsa
TRACE::2025-02-17.10:47:32::SCWPlatform::DSA given C:/PXL/devWorks/devWorks2/GPIOSOC/Vitis/GPIOSOC/hw/GPIOSOC.xsa
TRACE::2025-02-17.10:47:32::SCWPlatform::DSA absoulate path C:/PXL/devWorks/devWorks2/GPIOSOC/Vitis/GPIOSOC/hw/GPIOSOC.xsa
TRACE::2025-02-17.10:47:32::SCWPlatform::DSA directory C:/PXL/devWorks/devWorks2/GPIOSOC/Vitis/GPIOSOC/hw
TRACE::2025-02-17.10:47:32::SCWPlatform:: Platform Path C:/PXL/devWorks/devWorks2/GPIOSOC/Vitis/GPIOSOC/hw/GPIOSOC.xsa
TRACE::2025-02-17.10:47:32::SCWPlatform:: Unique name xilinx:pynq-z2::0.0
TRACE::2025-02-17.10:47:32::SCWPlatform::Trying to set the existing hwdb with name design_1_wrapper_0
TRACE::2025-02-17.10:47:32::SCWPlatform::Opened existing hwdb design_1_wrapper_0
TRACE::2025-02-17.10:47:32::SCWPlatform::Found the Hw Db part of the input DSA
TRACE::2025-02-17.10:47:32::SCWMssOS::Checking the sw design at  C:/PXL/devWorks/devWorks2/GPIOSOC/Vitis/GPIOSOC/ps7_cortexa9_0/standalone_ps7_cortexa9_0/bsp/system.mss
TRACE::2025-02-17.10:47:32::SCWMssOS::DEBUG:  swdes dump  C:/PXL/devWorks/devWorks2/GPIOSOC/Vitis/GPIOSOC/ps7_cortexa9_0/standalone_ps7_cortexa9_0/bsp/system.mss|system_0||
C:/PXL/devWorks/devWorks2/GPIOSOC/Vitis/GPIOSOC/zynq_fsbl/zynq_fsbl_bsp/system.mss|system||

TRACE::2025-02-17.10:47:32::SCWMssOS::Sw design exists and opened at  C:/PXL/devWorks/devWorks2/GPIOSOC/Vitis/GPIOSOC/ps7_cortexa9_0/standalone_ps7_cortexa9_0/bsp/system.mss
TRACE::2025-02-17.10:47:32::SCWWriter::formatted JSON is {
	"platformName":	"GPIOSOC",
	"sprVersion":	"2.0",
	"mode":	"gui",
	"dsaType":	"Fixed",
	"platformDesc":	"GPIOSOC",
	"platHandOff":	"C:/PXL/devWorks/devWorks2/GPIOSOC/GPIOSOC.xsa",
	"platIntHandOff":	"<platformDir>/hw/GPIOSOC.xsa",
	"deviceType":	"zynq",
	"platIsPrebuiltAutogen":	"false",
	"platIsNoBootBsp":	"false",
	"platFsblTarget":	"ps7_cortexa9_0",
	"hasFsblMakeHasChanges":	"false",
	"hasPmufwMakeHasChanges":	"false",
	"fsblExtraCompilerFlags":	"-MMD -MP       -mcpu=cortex-a9 -mfpu=vfpv3 -mfloat-abi=hard ",
	"platPreBuiltFlag":	false,
	"platformSamplesDir":	"",
	"platActiveSys":	"GPIOSOC",
	"systems":	[{
			"systemName":	"GPIOSOC",
			"systemDesc":	"GPIOSOC",
			"sysIsBootAutoGen":	"true",
			"systemDispName":	"GPIOSOC",
			"sysActiveDom":	"standalone_ps7_cortexa9_0",
			"sysDefaultDom":	"standalone_ps7_cortexa9_0",
			"domains":	[{
					"domainName":	"zynq_fsbl",
					"domainDispName":	"zynq_fsbl",
					"domainDesc":	"FSBL Application BSP - Auto Generated.",
					"processors":	"ps7_cortexa9_0",
					"os":	"standalone",
					"sdxOs":	"standalone",
					"debugEnable":	"",
					"domRuntimes":	["cpp"],
					"swRepo":	"",
					"mssOsVer":	"9.1",
					"mssFile":	"",
					"md5Digest":	"38ba93e41c0d74ae18df48b1f9514907",
					"compatibleApp":	"zynq_fsbl",
					"domType":	"bootDomain",
					"arch":	"32-bit",
					"appSettings":	{
						"appCompilerFlags":	"",
						"appLinkerFlags":	""
					},
					"addedLibs":	["xilffs:5.2", "xilrsa:1.8"],
					"libOptions":	{
						"libsContainingOptions":	[]
					},
					"prebuiltLibs":	{
						"prebuiltIncPath":	[],
						"prebuiltLibPath":	[]
					},
					"isolation":	{
					}
				}, {
					"domainName":	"standalone_ps7_cortexa9_0",
					"domainDispName":	"standalone_ps7_cortexa9_0",
					"domainDesc":	"standalone_ps7_cortexa9_0",
					"processors":	"ps7_cortexa9_0",
					"os":	"standalone",
					"sdxOs":	"standalone",
					"qemuArgs":	"<platformDir>/resources/GPIOSOC/standalone_ps7_cortexa9_0/qemu_args.txt",
					"qemuData":	"<platformDir>/resources/GPIOSOC/standalone_ps7_cortexa9_0/qemu",
					"debugEnable":	"False",
					"domRuntimes":	["cpp"],
					"swRepo":	"",
					"mssOsVer":	"9.1",
					"mssFile":	"",
					"md5Digest":	"6a262be947555ba770b2f1965ebd288c",
					"compatibleApp":	"hello_world",
					"domType":	"mssDomain",
					"arch":	"32-bit",
					"appSettings":	{
						"appCompilerFlags":	"",
						"appLinkerFlags":	""
					},
					"addedLibs":	[],
					"libOptions":	{
						"libsContainingOptions":	[]
					},
					"prebuiltLibs":	{
						"prebuiltIncPath":	[],
						"prebuiltLibPath":	[]
					},
					"isolation":	{
					}
				}]
		}]
}
LOG::2025-02-17.10:47:32::SCWPlatform::Started generating the artifacts platform GPIOSOC
TRACE::2025-02-17.10:47:32::SCWPlatform::Sanity checking of platform is completed
LOG::2025-02-17.10:47:32::SCWPlatform::Started generating the artifacts for system configuration GPIOSOC
LOG::2025-02-17.10:47:32::SCWSystem::Checking the domain zynq_fsbl
LOG::2025-02-17.10:47:32::SCWSystem::Doing application build for :  zynq_fsbl
TRACE::2025-02-17.10:47:32::SCWBDomain::Not a forced makefile updation, No changes are present. 
TRACE::2025-02-17.10:47:32::SCWDomain::Skipping the build for domain :  zynq_fsbl
LOG::2025-02-17.10:47:32::SCWSystem::Checking the domain standalone_ps7_cortexa9_0
LOG::2025-02-17.10:47:32::SCWSystem::Not a boot domain 
LOG::2025-02-17.10:47:32::SCWSystem::Started Processing the domain standalone_ps7_cortexa9_0
TRACE::2025-02-17.10:47:32::SCWDomain::Generating domain artifcats
TRACE::2025-02-17.10:47:32::SCWMssOS::Generating standalone artifcats
TRACE::2025-02-17.10:47:32::SCWMssOS::Copying the qemu file from  C:/PXL/devWorks/devWorks2/GPIOSOC/Vitis/GPIOSOC/resources/GPIOSOC/standalone_ps7_cortexa9_0/qemu_args.txt To C:/PXL/devWorks/devWorks2/GPIOSOC/Vitis/GPIOSOC/export/GPIOSOC/sw/GPIOSOC/qemu/
TRACE::2025-02-17.10:47:32::SCWMssOS::Copying the qemu file from  C:/PXL/devWorks/devWorks2/GPIOSOC/Vitis/GPIOSOC/resources/GPIOSOC/standalone_ps7_cortexa9_0/qemu_args.txt To C:/PXL/devWorks/devWorks2/GPIOSOC/Vitis/GPIOSOC/export/GPIOSOC/sw/GPIOSOC/standalone_ps7_cortexa9_0/qemu/
TRACE::2025-02-17.10:47:32::SCWMssOS:: Copying the user libraries. 
TRACE::2025-02-17.10:47:32::SCWPlatform::Trying to open the hw design at C:/PXL/devWorks/devWorks2/GPIOSOC/Vitis/GPIOSOC/hw/GPIOSOC.xsa
TRACE::2025-02-17.10:47:32::SCWPlatform::DSA given C:/PXL/devWorks/devWorks2/GPIOSOC/Vitis/GPIOSOC/hw/GPIOSOC.xsa
TRACE::2025-02-17.10:47:32::SCWPlatform::DSA absoulate path C:/PXL/devWorks/devWorks2/GPIOSOC/Vitis/GPIOSOC/hw/GPIOSOC.xsa
TRACE::2025-02-17.10:47:32::SCWPlatform::DSA directory C:/PXL/devWorks/devWorks2/GPIOSOC/Vitis/GPIOSOC/hw
TRACE::2025-02-17.10:47:32::SCWPlatform:: Platform Path C:/PXL/devWorks/devWorks2/GPIOSOC/Vitis/GPIOSOC/hw/GPIOSOC.xsa
TRACE::2025-02-17.10:47:32::SCWPlatform:: Unique name xilinx:pynq-z2::0.0
TRACE::2025-02-17.10:47:32::SCWPlatform::Trying to set the existing hwdb with name design_1_wrapper_0
TRACE::2025-02-17.10:47:32::SCWPlatform::Opened existing hwdb design_1_wrapper_0
TRACE::2025-02-17.10:47:32::SCWPlatform::Found the Hw Db part of the input DSA
TRACE::2025-02-17.10:47:32::SCWMssOS::Checking the sw design at  C:/PXL/devWorks/devWorks2/GPIOSOC/Vitis/GPIOSOC/ps7_cortexa9_0/standalone_ps7_cortexa9_0/bsp/system.mss
TRACE::2025-02-17.10:47:32::SCWMssOS::DEBUG:  swdes dump  C:/PXL/devWorks/devWorks2/GPIOSOC/Vitis/GPIOSOC/ps7_cortexa9_0/standalone_ps7_cortexa9_0/bsp/system.mss|system_0||
C:/PXL/devWorks/devWorks2/GPIOSOC/Vitis/GPIOSOC/zynq_fsbl/zynq_fsbl_bsp/system.mss|system||

TRACE::2025-02-17.10:47:32::SCWMssOS::Sw design exists and opened at  C:/PXL/devWorks/devWorks2/GPIOSOC/Vitis/GPIOSOC/ps7_cortexa9_0/standalone_ps7_cortexa9_0/bsp/system.mss
TRACE::2025-02-17.10:47:32::SCWMssOS::Completed writing the mss file at C:/PXL/devWorks/devWorks2/GPIOSOC/Vitis/GPIOSOC/ps7_cortexa9_0/standalone_ps7_cortexa9_0/bsp
TRACE::2025-02-17.10:47:32::SCWMssOS::Mss edits present, copying mssfile into export location C:/PXL/devWorks/devWorks2/GPIOSOC/Vitis/GPIOSOC/ps7_cortexa9_0/standalone_ps7_cortexa9_0/bsp/system.mss
TRACE::2025-02-17.10:47:32::SCWMssOS::bsp generated is upto date with the mss file. Skipping bsp generation.
TRACE::2025-02-17.10:47:32::SCWMssOS::BSP is already built. skipping the bsp build ... 
TRACE::2025-02-17.10:47:32::SCWDomain::Skipping the build for domain :  standalone_ps7_cortexa9_0
TRACE::2025-02-17.10:47:32::SCWMssOS::skipping the bsp build ... 
TRACE::2025-02-17.10:47:32::SCWMssOS::Copying to export directory.
TRACE::2025-02-17.10:47:32::SCWMssOS:: Checking if to create the Supporting Applications
TRACE::2025-02-17.10:47:32::SCWMssOS:: No Linux domain exists, trying to generate FSBL 
TRACE::2025-02-17.10:47:32::SCWMssOS:: Completed Standalone Artifacts creation 
LOG::2025-02-17.10:47:32::SCWSystem::Completed Processing the domain standalone_ps7_cortexa9_0
LOG::2025-02-17.10:47:32::SCWSystem::Completed Processing the sysconfig GPIOSOC
LOG::2025-02-17.10:47:32::SCWPlatform::Completed generating the artifacts for system configuration GPIOSOC
TRACE::2025-02-17.10:47:32::SCWPlatform::Started preparing the platform 
TRACE::2025-02-17.10:47:32::SCWSystem::Writing the bif file for system config GPIOSOC
TRACE::2025-02-17.10:47:32::SCWSystem::dir created 
TRACE::2025-02-17.10:47:32::SCWSystem::Writing the bif 
TRACE::2025-02-17.10:47:32::SCWPlatform::Started writing the spfm file 
TRACE::2025-02-17.10:47:32::SCWPlatform::Started writing the xpfm file 
TRACE::2025-02-17.10:47:32::SCWPlatform::Completed generating the platform
TRACE::2025-02-17.10:47:32::SCWMssOS::Saving the mss changes C:/PXL/devWorks/devWorks2/GPIOSOC/Vitis/GPIOSOC/zynq_fsbl/zynq_fsbl_bsp/system.mss
TRACE::2025-02-17.10:47:32::SCWMssOS::Found a swdesign opened with the mssfile.
TRACE::2025-02-17.10:47:32::SCWMssOS::Completed writemss as part of save.
TRACE::2025-02-17.10:47:32::SCWMssOS::Commit changes completed.
TRACE::2025-02-17.10:47:32::SCWMssOS::Saving the mss changes C:/PXL/devWorks/devWorks2/GPIOSOC/Vitis/GPIOSOC/ps7_cortexa9_0/standalone_ps7_cortexa9_0/bsp/system.mss
TRACE::2025-02-17.10:47:32::SCWMssOS::Found a swdesign opened with the mssfile.
TRACE::2025-02-17.10:47:32::SCWMssOS::Completed writemss as part of save.
TRACE::2025-02-17.10:47:32::SCWMssOS::Commit changes completed.
TRACE::2025-02-17.10:47:32::SCWPlatform::Trying to open the hw design at C:/PXL/devWorks/devWorks2/GPIOSOC/Vitis/GPIOSOC/hw/GPIOSOC.xsa
TRACE::2025-02-17.10:47:32::SCWPlatform::DSA given C:/PXL/devWorks/devWorks2/GPIOSOC/Vitis/GPIOSOC/hw/GPIOSOC.xsa
TRACE::2025-02-17.10:47:32::SCWPlatform::DSA absoulate path C:/PXL/devWorks/devWorks2/GPIOSOC/Vitis/GPIOSOC/hw/GPIOSOC.xsa
TRACE::2025-02-17.10:47:32::SCWPlatform::DSA directory C:/PXL/devWorks/devWorks2/GPIOSOC/Vitis/GPIOSOC/hw
TRACE::2025-02-17.10:47:32::SCWPlatform:: Platform Path C:/PXL/devWorks/devWorks2/GPIOSOC/Vitis/GPIOSOC/hw/GPIOSOC.xsa
TRACE::2025-02-17.10:47:32::SCWPlatform:: Unique name xilinx:pynq-z2::0.0
TRACE::2025-02-17.10:47:32::SCWPlatform::Trying to set the existing hwdb with name design_1_wrapper_0
TRACE::2025-02-17.10:47:32::SCWPlatform::Opened existing hwdb design_1_wrapper_0
TRACE::2025-02-17.10:47:32::SCWPlatform::Found the Hw Db part of the input DSA
TRACE::2025-02-17.10:47:32::SCWMssOS::Checking the sw design at  C:/PXL/devWorks/devWorks2/GPIOSOC/Vitis/GPIOSOC/zynq_fsbl/zynq_fsbl_bsp/system.mss
TRACE::2025-02-17.10:47:32::SCWMssOS::DEBUG:  swdes dump  C:/PXL/devWorks/devWorks2/GPIOSOC/Vitis/GPIOSOC/ps7_cortexa9_0/standalone_ps7_cortexa9_0/bsp/system.mss|system_0||
C:/PXL/devWorks/devWorks2/GPIOSOC/Vitis/GPIOSOC/zynq_fsbl/zynq_fsbl_bsp/system.mss|system||

TRACE::2025-02-17.10:47:32::SCWMssOS::Sw design exists and opened at  C:/PXL/devWorks/devWorks2/GPIOSOC/Vitis/GPIOSOC/zynq_fsbl/zynq_fsbl_bsp/system.mss
TRACE::2025-02-17.10:47:32::SCWPlatform::Trying to open the hw design at C:/PXL/devWorks/devWorks2/GPIOSOC/Vitis/GPIOSOC/hw/GPIOSOC.xsa
TRACE::2025-02-17.10:47:32::SCWPlatform::DSA given C:/PXL/devWorks/devWorks2/GPIOSOC/Vitis/GPIOSOC/hw/GPIOSOC.xsa
TRACE::2025-02-17.10:47:32::SCWPlatform::DSA absoulate path C:/PXL/devWorks/devWorks2/GPIOSOC/Vitis/GPIOSOC/hw/GPIOSOC.xsa
TRACE::2025-02-17.10:47:32::SCWPlatform::DSA directory C:/PXL/devWorks/devWorks2/GPIOSOC/Vitis/GPIOSOC/hw
TRACE::2025-02-17.10:47:32::SCWPlatform:: Platform Path C:/PXL/devWorks/devWorks2/GPIOSOC/Vitis/GPIOSOC/hw/GPIOSOC.xsa
TRACE::2025-02-17.10:47:32::SCWPlatform:: Unique name xilinx:pynq-z2::0.0
TRACE::2025-02-17.10:47:32::SCWPlatform::Trying to set the existing hwdb with name design_1_wrapper_0
TRACE::2025-02-17.10:47:32::SCWPlatform::Opened existing hwdb design_1_wrapper_0
TRACE::2025-02-17.10:47:32::SCWPlatform::Found the Hw Db part of the input DSA
TRACE::2025-02-17.10:47:32::SCWMssOS::Checking the sw design at  C:/PXL/devWorks/devWorks2/GPIOSOC/Vitis/GPIOSOC/zynq_fsbl/zynq_fsbl_bsp/system.mss
TRACE::2025-02-17.10:47:32::SCWMssOS::DEBUG:  swdes dump  C:/PXL/devWorks/devWorks2/GPIOSOC/Vitis/GPIOSOC/ps7_cortexa9_0/standalone_ps7_cortexa9_0/bsp/system.mss|system_0||
C:/PXL/devWorks/devWorks2/GPIOSOC/Vitis/GPIOSOC/zynq_fsbl/zynq_fsbl_bsp/system.mss|system||

TRACE::2025-02-17.10:47:32::SCWMssOS::Sw design exists and opened at  C:/PXL/devWorks/devWorks2/GPIOSOC/Vitis/GPIOSOC/zynq_fsbl/zynq_fsbl_bsp/system.mss
TRACE::2025-02-17.10:47:32::SCWPlatform::Trying to open the hw design at C:/PXL/devWorks/devWorks2/GPIOSOC/Vitis/GPIOSOC/hw/GPIOSOC.xsa
TRACE::2025-02-17.10:47:32::SCWPlatform::DSA given C:/PXL/devWorks/devWorks2/GPIOSOC/Vitis/GPIOSOC/hw/GPIOSOC.xsa
TRACE::2025-02-17.10:47:32::SCWPlatform::DSA absoulate path C:/PXL/devWorks/devWorks2/GPIOSOC/Vitis/GPIOSOC/hw/GPIOSOC.xsa
TRACE::2025-02-17.10:47:32::SCWPlatform::DSA directory C:/PXL/devWorks/devWorks2/GPIOSOC/Vitis/GPIOSOC/hw
TRACE::2025-02-17.10:47:32::SCWPlatform:: Platform Path C:/PXL/devWorks/devWorks2/GPIOSOC/Vitis/GPIOSOC/hw/GPIOSOC.xsa
TRACE::2025-02-17.10:47:32::SCWPlatform:: Unique name xilinx:pynq-z2::0.0
TRACE::2025-02-17.10:47:32::SCWPlatform::Trying to set the existing hwdb with name design_1_wrapper_0
TRACE::2025-02-17.10:47:32::SCWPlatform::Opened existing hwdb design_1_wrapper_0
TRACE::2025-02-17.10:47:32::SCWPlatform::Found the Hw Db part of the input DSA
TRACE::2025-02-17.10:47:32::SCWMssOS::Checking the sw design at  C:/PXL/devWorks/devWorks2/GPIOSOC/Vitis/GPIOSOC/zynq_fsbl/zynq_fsbl_bsp/system.mss
TRACE::2025-02-17.10:47:32::SCWMssOS::DEBUG:  swdes dump  C:/PXL/devWorks/devWorks2/GPIOSOC/Vitis/GPIOSOC/ps7_cortexa9_0/standalone_ps7_cortexa9_0/bsp/system.mss|system_0||
C:/PXL/devWorks/devWorks2/GPIOSOC/Vitis/GPIOSOC/zynq_fsbl/zynq_fsbl_bsp/system.mss|system||

TRACE::2025-02-17.10:47:32::SCWMssOS::Sw design exists and opened at  C:/PXL/devWorks/devWorks2/GPIOSOC/Vitis/GPIOSOC/zynq_fsbl/zynq_fsbl_bsp/system.mss
TRACE::2025-02-17.10:47:32::SCWPlatform::Trying to open the hw design at C:/PXL/devWorks/devWorks2/GPIOSOC/Vitis/GPIOSOC/hw/GPIOSOC.xsa
TRACE::2025-02-17.10:47:32::SCWPlatform::DSA given C:/PXL/devWorks/devWorks2/GPIOSOC/Vitis/GPIOSOC/hw/GPIOSOC.xsa
TRACE::2025-02-17.10:47:32::SCWPlatform::DSA absoulate path C:/PXL/devWorks/devWorks2/GPIOSOC/Vitis/GPIOSOC/hw/GPIOSOC.xsa
TRACE::2025-02-17.10:47:32::SCWPlatform::DSA directory C:/PXL/devWorks/devWorks2/GPIOSOC/Vitis/GPIOSOC/hw
TRACE::2025-02-17.10:47:32::SCWPlatform:: Platform Path C:/PXL/devWorks/devWorks2/GPIOSOC/Vitis/GPIOSOC/hw/GPIOSOC.xsa
TRACE::2025-02-17.10:47:32::SCWPlatform:: Unique name xilinx:pynq-z2::0.0
TRACE::2025-02-17.10:47:32::SCWPlatform::Trying to set the existing hwdb with name design_1_wrapper_0
TRACE::2025-02-17.10:47:32::SCWPlatform::Opened existing hwdb design_1_wrapper_0
TRACE::2025-02-17.10:47:32::SCWPlatform::Found the Hw Db part of the input DSA
TRACE::2025-02-17.10:47:32::SCWMssOS::Checking the sw design at  C:/PXL/devWorks/devWorks2/GPIOSOC/Vitis/GPIOSOC/ps7_cortexa9_0/standalone_ps7_cortexa9_0/bsp/system.mss
TRACE::2025-02-17.10:47:32::SCWMssOS::DEBUG:  swdes dump  C:/PXL/devWorks/devWorks2/GPIOSOC/Vitis/GPIOSOC/ps7_cortexa9_0/standalone_ps7_cortexa9_0/bsp/system.mss|system_0||
C:/PXL/devWorks/devWorks2/GPIOSOC/Vitis/GPIOSOC/zynq_fsbl/zynq_fsbl_bsp/system.mss|system||

TRACE::2025-02-17.10:47:32::SCWMssOS::Sw design exists and opened at  C:/PXL/devWorks/devWorks2/GPIOSOC/Vitis/GPIOSOC/ps7_cortexa9_0/standalone_ps7_cortexa9_0/bsp/system.mss
TRACE::2025-02-17.10:47:32::SCWPlatform::Trying to open the hw design at C:/PXL/devWorks/devWorks2/GPIOSOC/Vitis/GPIOSOC/hw/GPIOSOC.xsa
TRACE::2025-02-17.10:47:32::SCWPlatform::DSA given C:/PXL/devWorks/devWorks2/GPIOSOC/Vitis/GPIOSOC/hw/GPIOSOC.xsa
TRACE::2025-02-17.10:47:32::SCWPlatform::DSA absoulate path C:/PXL/devWorks/devWorks2/GPIOSOC/Vitis/GPIOSOC/hw/GPIOSOC.xsa
TRACE::2025-02-17.10:47:32::SCWPlatform::DSA directory C:/PXL/devWorks/devWorks2/GPIOSOC/Vitis/GPIOSOC/hw
TRACE::2025-02-17.10:47:32::SCWPlatform:: Platform Path C:/PXL/devWorks/devWorks2/GPIOSOC/Vitis/GPIOSOC/hw/GPIOSOC.xsa
TRACE::2025-02-17.10:47:32::SCWPlatform:: Unique name xilinx:pynq-z2::0.0
TRACE::2025-02-17.10:47:32::SCWPlatform::Trying to set the existing hwdb with name design_1_wrapper_0
TRACE::2025-02-17.10:47:32::SCWPlatform::Opened existing hwdb design_1_wrapper_0
TRACE::2025-02-17.10:47:32::SCWPlatform::Found the Hw Db part of the input DSA
TRACE::2025-02-17.10:47:32::SCWMssOS::Checking the sw design at  C:/PXL/devWorks/devWorks2/GPIOSOC/Vitis/GPIOSOC/ps7_cortexa9_0/standalone_ps7_cortexa9_0/bsp/system.mss
TRACE::2025-02-17.10:47:32::SCWMssOS::DEBUG:  swdes dump  C:/PXL/devWorks/devWorks2/GPIOSOC/Vitis/GPIOSOC/ps7_cortexa9_0/standalone_ps7_cortexa9_0/bsp/system.mss|system_0||
C:/PXL/devWorks/devWorks2/GPIOSOC/Vitis/GPIOSOC/zynq_fsbl/zynq_fsbl_bsp/system.mss|system||

TRACE::2025-02-17.10:47:32::SCWMssOS::Sw design exists and opened at  C:/PXL/devWorks/devWorks2/GPIOSOC/Vitis/GPIOSOC/ps7_cortexa9_0/standalone_ps7_cortexa9_0/bsp/system.mss
TRACE::2025-02-17.10:47:32::SCWPlatform::Trying to open the hw design at C:/PXL/devWorks/devWorks2/GPIOSOC/Vitis/GPIOSOC/hw/GPIOSOC.xsa
TRACE::2025-02-17.10:47:32::SCWPlatform::DSA given C:/PXL/devWorks/devWorks2/GPIOSOC/Vitis/GPIOSOC/hw/GPIOSOC.xsa
TRACE::2025-02-17.10:47:32::SCWPlatform::DSA absoulate path C:/PXL/devWorks/devWorks2/GPIOSOC/Vitis/GPIOSOC/hw/GPIOSOC.xsa
TRACE::2025-02-17.10:47:32::SCWPlatform::DSA directory C:/PXL/devWorks/devWorks2/GPIOSOC/Vitis/GPIOSOC/hw
TRACE::2025-02-17.10:47:32::SCWPlatform:: Platform Path C:/PXL/devWorks/devWorks2/GPIOSOC/Vitis/GPIOSOC/hw/GPIOSOC.xsa
TRACE::2025-02-17.10:47:32::SCWPlatform:: Unique name xilinx:pynq-z2::0.0
TRACE::2025-02-17.10:47:32::SCWPlatform::Trying to set the existing hwdb with name design_1_wrapper_0
TRACE::2025-02-17.10:47:32::SCWPlatform::Opened existing hwdb design_1_wrapper_0
TRACE::2025-02-17.10:47:32::SCWPlatform::Found the Hw Db part of the input DSA
TRACE::2025-02-17.10:47:32::SCWMssOS::Checking the sw design at  C:/PXL/devWorks/devWorks2/GPIOSOC/Vitis/GPIOSOC/ps7_cortexa9_0/standalone_ps7_cortexa9_0/bsp/system.mss
TRACE::2025-02-17.10:47:32::SCWMssOS::DEBUG:  swdes dump  C:/PXL/devWorks/devWorks2/GPIOSOC/Vitis/GPIOSOC/ps7_cortexa9_0/standalone_ps7_cortexa9_0/bsp/system.mss|system_0||
C:/PXL/devWorks/devWorks2/GPIOSOC/Vitis/GPIOSOC/zynq_fsbl/zynq_fsbl_bsp/system.mss|system||

TRACE::2025-02-17.10:47:32::SCWMssOS::Sw design exists and opened at  C:/PXL/devWorks/devWorks2/GPIOSOC/Vitis/GPIOSOC/ps7_cortexa9_0/standalone_ps7_cortexa9_0/bsp/system.mss
TRACE::2025-02-17.10:47:32::SCWWriter::formatted JSON is {
	"platformName":	"GPIOSOC",
	"sprVersion":	"2.0",
	"mode":	"gui",
	"dsaType":	"Fixed",
	"platformDesc":	"GPIOSOC",
	"platHandOff":	"C:/PXL/devWorks/devWorks2/GPIOSOC/GPIOSOC.xsa",
	"platIntHandOff":	"<platformDir>/hw/GPIOSOC.xsa",
	"deviceType":	"zynq",
	"platIsPrebuiltAutogen":	"false",
	"platIsNoBootBsp":	"false",
	"platFsblTarget":	"ps7_cortexa9_0",
	"hasFsblMakeHasChanges":	"false",
	"hasPmufwMakeHasChanges":	"false",
	"fsblExtraCompilerFlags":	"-MMD -MP       -mcpu=cortex-a9 -mfpu=vfpv3 -mfloat-abi=hard ",
	"platPreBuiltFlag":	false,
	"platformSamplesDir":	"",
	"platActiveSys":	"GPIOSOC",
	"systems":	[{
			"systemName":	"GPIOSOC",
			"systemDesc":	"GPIOSOC",
			"sysIsBootAutoGen":	"true",
			"systemDispName":	"GPIOSOC",
			"sysActiveDom":	"standalone_ps7_cortexa9_0",
			"sysDefaultDom":	"standalone_ps7_cortexa9_0",
			"domains":	[{
					"domainName":	"zynq_fsbl",
					"domainDispName":	"zynq_fsbl",
					"domainDesc":	"FSBL Application BSP - Auto Generated.",
					"processors":	"ps7_cortexa9_0",
					"os":	"standalone",
					"sdxOs":	"standalone",
					"debugEnable":	"",
					"domRuntimes":	["cpp"],
					"swRepo":	"",
					"mssOsVer":	"9.1",
					"mssFile":	"",
					"md5Digest":	"38ba93e41c0d74ae18df48b1f9514907",
					"compatibleApp":	"zynq_fsbl",
					"domType":	"bootDomain",
					"arch":	"32-bit",
					"appSettings":	{
						"appCompilerFlags":	"",
						"appLinkerFlags":	""
					},
					"addedLibs":	["xilffs:5.2", "xilrsa:1.8"],
					"libOptions":	{
						"libsContainingOptions":	[]
					},
					"prebuiltLibs":	{
						"prebuiltIncPath":	[],
						"prebuiltLibPath":	[]
					},
					"isolation":	{
					}
				}, {
					"domainName":	"standalone_ps7_cortexa9_0",
					"domainDispName":	"standalone_ps7_cortexa9_0",
					"domainDesc":	"standalone_ps7_cortexa9_0",
					"processors":	"ps7_cortexa9_0",
					"os":	"standalone",
					"sdxOs":	"standalone",
					"qemuArgs":	"<platformDir>/resources/GPIOSOC/standalone_ps7_cortexa9_0/qemu_args.txt",
					"qemuData":	"<platformDir>/resources/GPIOSOC/standalone_ps7_cortexa9_0/qemu",
					"debugEnable":	"False",
					"domRuntimes":	["cpp"],
					"swRepo":	"",
					"mssOsVer":	"9.1",
					"mssFile":	"",
					"md5Digest":	"6a262be947555ba770b2f1965ebd288c",
					"compatibleApp":	"hello_world",
					"domType":	"mssDomain",
					"arch":	"32-bit",
					"appSettings":	{
						"appCompilerFlags":	"",
						"appLinkerFlags":	""
					},
					"addedLibs":	[],
					"libOptions":	{
						"libsContainingOptions":	[]
					},
					"prebuiltLibs":	{
						"prebuiltIncPath":	[],
						"prebuiltLibPath":	[]
					},
					"isolation":	{
					}
				}]
		}]
}
KEYINFO::2025-02-17.10:47:32::SCWPlatform::updated the xpfm file.
TRACE::2025-02-17.10:47:32::SCWPlatform::Trying to open the hw design at C:/PXL/devWorks/devWorks2/GPIOSOC/Vitis/GPIOSOC/hw/GPIOSOC.xsa
TRACE::2025-02-17.10:47:32::SCWPlatform::DSA given C:/PXL/devWorks/devWorks2/GPIOSOC/Vitis/GPIOSOC/hw/GPIOSOC.xsa
TRACE::2025-02-17.10:47:32::SCWPlatform::DSA absoulate path C:/PXL/devWorks/devWorks2/GPIOSOC/Vitis/GPIOSOC/hw/GPIOSOC.xsa
TRACE::2025-02-17.10:47:32::SCWPlatform::DSA directory C:/PXL/devWorks/devWorks2/GPIOSOC/Vitis/GPIOSOC/hw
TRACE::2025-02-17.10:47:32::SCWPlatform:: Platform Path C:/PXL/devWorks/devWorks2/GPIOSOC/Vitis/GPIOSOC/hw/GPIOSOC.xsa
TRACE::2025-02-17.10:47:32::SCWPlatform:: Unique name xilinx:pynq-z2::0.0
TRACE::2025-02-17.10:47:32::SCWPlatform::Trying to set the existing hwdb with name design_1_wrapper_0
TRACE::2025-02-17.10:47:32::SCWPlatform::Opened existing hwdb design_1_wrapper_0
TRACE::2025-02-17.10:47:32::SCWPlatform::Found the Hw Db part of the input DSA
TRACE::2025-02-17.10:47:32::SCWMssOS::Checking the sw design at  C:/PXL/devWorks/devWorks2/GPIOSOC/Vitis/GPIOSOC/ps7_cortexa9_0/standalone_ps7_cortexa9_0/bsp/system.mss
TRACE::2025-02-17.10:47:32::SCWMssOS::DEBUG:  swdes dump  C:/PXL/devWorks/devWorks2/GPIOSOC/Vitis/GPIOSOC/ps7_cortexa9_0/standalone_ps7_cortexa9_0/bsp/system.mss|system_0||
C:/PXL/devWorks/devWorks2/GPIOSOC/Vitis/GPIOSOC/zynq_fsbl/zynq_fsbl_bsp/system.mss|system||

TRACE::2025-02-17.10:47:32::SCWMssOS::Sw design exists and opened at  C:/PXL/devWorks/devWorks2/GPIOSOC/Vitis/GPIOSOC/ps7_cortexa9_0/standalone_ps7_cortexa9_0/bsp/system.mss
TRACE::2025-02-17.10:47:32::SCWMssOS::Saving the mss changes C:/PXL/devWorks/devWorks2/GPIOSOC/Vitis/GPIOSOC/zynq_fsbl/zynq_fsbl_bsp/system.mss
TRACE::2025-02-17.10:47:32::SCWMssOS::Found a swdesign opened with the mssfile.
TRACE::2025-02-17.10:47:32::SCWMssOS::Completed writemss as part of save.
TRACE::2025-02-17.10:47:32::SCWMssOS::Commit changes completed.
TRACE::2025-02-17.10:47:32::SCWMssOS::Saving the mss changes C:/PXL/devWorks/devWorks2/GPIOSOC/Vitis/GPIOSOC/ps7_cortexa9_0/standalone_ps7_cortexa9_0/bsp/system.mss
TRACE::2025-02-17.10:47:32::SCWMssOS::Found a swdesign opened with the mssfile.
TRACE::2025-02-17.10:47:32::SCWMssOS::Completed writemss as part of save.
TRACE::2025-02-17.10:47:32::SCWMssOS::Commit changes completed.
TRACE::2025-02-17.10:47:32::SCWPlatform::Trying to open the hw design at C:/PXL/devWorks/devWorks2/GPIOSOC/Vitis/GPIOSOC/hw/GPIOSOC.xsa
TRACE::2025-02-17.10:47:32::SCWPlatform::DSA given C:/PXL/devWorks/devWorks2/GPIOSOC/Vitis/GPIOSOC/hw/GPIOSOC.xsa
TRACE::2025-02-17.10:47:32::SCWPlatform::DSA absoulate path C:/PXL/devWorks/devWorks2/GPIOSOC/Vitis/GPIOSOC/hw/GPIOSOC.xsa
TRACE::2025-02-17.10:47:32::SCWPlatform::DSA directory C:/PXL/devWorks/devWorks2/GPIOSOC/Vitis/GPIOSOC/hw
TRACE::2025-02-17.10:47:32::SCWPlatform:: Platform Path C:/PXL/devWorks/devWorks2/GPIOSOC/Vitis/GPIOSOC/hw/GPIOSOC.xsa
TRACE::2025-02-17.10:47:32::SCWPlatform:: Unique name xilinx:pynq-z2::0.0
TRACE::2025-02-17.10:47:32::SCWPlatform::Trying to set the existing hwdb with name design_1_wrapper_0
TRACE::2025-02-17.10:47:32::SCWPlatform::Opened existing hwdb design_1_wrapper_0
TRACE::2025-02-17.10:47:32::SCWPlatform::Found the Hw Db part of the input DSA
TRACE::2025-02-17.10:47:32::SCWMssOS::Checking the sw design at  C:/PXL/devWorks/devWorks2/GPIOSOC/Vitis/GPIOSOC/zynq_fsbl/zynq_fsbl_bsp/system.mss
TRACE::2025-02-17.10:47:32::SCWMssOS::DEBUG:  swdes dump  C:/PXL/devWorks/devWorks2/GPIOSOC/Vitis/GPIOSOC/ps7_cortexa9_0/standalone_ps7_cortexa9_0/bsp/system.mss|system_0||
C:/PXL/devWorks/devWorks2/GPIOSOC/Vitis/GPIOSOC/zynq_fsbl/zynq_fsbl_bsp/system.mss|system||

TRACE::2025-02-17.10:47:32::SCWMssOS::Sw design exists and opened at  C:/PXL/devWorks/devWorks2/GPIOSOC/Vitis/GPIOSOC/zynq_fsbl/zynq_fsbl_bsp/system.mss
TRACE::2025-02-17.10:47:32::SCWPlatform::Trying to open the hw design at C:/PXL/devWorks/devWorks2/GPIOSOC/Vitis/GPIOSOC/hw/GPIOSOC.xsa
TRACE::2025-02-17.10:47:32::SCWPlatform::DSA given C:/PXL/devWorks/devWorks2/GPIOSOC/Vitis/GPIOSOC/hw/GPIOSOC.xsa
TRACE::2025-02-17.10:47:32::SCWPlatform::DSA absoulate path C:/PXL/devWorks/devWorks2/GPIOSOC/Vitis/GPIOSOC/hw/GPIOSOC.xsa
TRACE::2025-02-17.10:47:32::SCWPlatform::DSA directory C:/PXL/devWorks/devWorks2/GPIOSOC/Vitis/GPIOSOC/hw
TRACE::2025-02-17.10:47:32::SCWPlatform:: Platform Path C:/PXL/devWorks/devWorks2/GPIOSOC/Vitis/GPIOSOC/hw/GPIOSOC.xsa
TRACE::2025-02-17.10:47:32::SCWPlatform:: Unique name xilinx:pynq-z2::0.0
TRACE::2025-02-17.10:47:32::SCWPlatform::Trying to set the existing hwdb with name design_1_wrapper_0
TRACE::2025-02-17.10:47:32::SCWPlatform::Opened existing hwdb design_1_wrapper_0
TRACE::2025-02-17.10:47:32::SCWPlatform::Found the Hw Db part of the input DSA
TRACE::2025-02-17.10:47:32::SCWMssOS::Checking the sw design at  C:/PXL/devWorks/devWorks2/GPIOSOC/Vitis/GPIOSOC/zynq_fsbl/zynq_fsbl_bsp/system.mss
TRACE::2025-02-17.10:47:32::SCWMssOS::DEBUG:  swdes dump  C:/PXL/devWorks/devWorks2/GPIOSOC/Vitis/GPIOSOC/ps7_cortexa9_0/standalone_ps7_cortexa9_0/bsp/system.mss|system_0||
C:/PXL/devWorks/devWorks2/GPIOSOC/Vitis/GPIOSOC/zynq_fsbl/zynq_fsbl_bsp/system.mss|system||

TRACE::2025-02-17.10:47:32::SCWMssOS::Sw design exists and opened at  C:/PXL/devWorks/devWorks2/GPIOSOC/Vitis/GPIOSOC/zynq_fsbl/zynq_fsbl_bsp/system.mss
TRACE::2025-02-17.10:47:32::SCWPlatform::Trying to open the hw design at C:/PXL/devWorks/devWorks2/GPIOSOC/Vitis/GPIOSOC/hw/GPIOSOC.xsa
TRACE::2025-02-17.10:47:32::SCWPlatform::DSA given C:/PXL/devWorks/devWorks2/GPIOSOC/Vitis/GPIOSOC/hw/GPIOSOC.xsa
TRACE::2025-02-17.10:47:32::SCWPlatform::DSA absoulate path C:/PXL/devWorks/devWorks2/GPIOSOC/Vitis/GPIOSOC/hw/GPIOSOC.xsa
TRACE::2025-02-17.10:47:32::SCWPlatform::DSA directory C:/PXL/devWorks/devWorks2/GPIOSOC/Vitis/GPIOSOC/hw
TRACE::2025-02-17.10:47:32::SCWPlatform:: Platform Path C:/PXL/devWorks/devWorks2/GPIOSOC/Vitis/GPIOSOC/hw/GPIOSOC.xsa
TRACE::2025-02-17.10:47:32::SCWPlatform:: Unique name xilinx:pynq-z2::0.0
TRACE::2025-02-17.10:47:32::SCWPlatform::Trying to set the existing hwdb with name design_1_wrapper_0
TRACE::2025-02-17.10:47:32::SCWPlatform::Opened existing hwdb design_1_wrapper_0
TRACE::2025-02-17.10:47:32::SCWPlatform::Found the Hw Db part of the input DSA
TRACE::2025-02-17.10:47:32::SCWMssOS::Checking the sw design at  C:/PXL/devWorks/devWorks2/GPIOSOC/Vitis/GPIOSOC/zynq_fsbl/zynq_fsbl_bsp/system.mss
TRACE::2025-02-17.10:47:32::SCWMssOS::DEBUG:  swdes dump  C:/PXL/devWorks/devWorks2/GPIOSOC/Vitis/GPIOSOC/ps7_cortexa9_0/standalone_ps7_cortexa9_0/bsp/system.mss|system_0||
C:/PXL/devWorks/devWorks2/GPIOSOC/Vitis/GPIOSOC/zynq_fsbl/zynq_fsbl_bsp/system.mss|system||

TRACE::2025-02-17.10:47:32::SCWMssOS::Sw design exists and opened at  C:/PXL/devWorks/devWorks2/GPIOSOC/Vitis/GPIOSOC/zynq_fsbl/zynq_fsbl_bsp/system.mss
TRACE::2025-02-17.10:47:32::SCWPlatform::Trying to open the hw design at C:/PXL/devWorks/devWorks2/GPIOSOC/Vitis/GPIOSOC/hw/GPIOSOC.xsa
TRACE::2025-02-17.10:47:32::SCWPlatform::DSA given C:/PXL/devWorks/devWorks2/GPIOSOC/Vitis/GPIOSOC/hw/GPIOSOC.xsa
TRACE::2025-02-17.10:47:32::SCWPlatform::DSA absoulate path C:/PXL/devWorks/devWorks2/GPIOSOC/Vitis/GPIOSOC/hw/GPIOSOC.xsa
TRACE::2025-02-17.10:47:32::SCWPlatform::DSA directory C:/PXL/devWorks/devWorks2/GPIOSOC/Vitis/GPIOSOC/hw
TRACE::2025-02-17.10:47:32::SCWPlatform:: Platform Path C:/PXL/devWorks/devWorks2/GPIOSOC/Vitis/GPIOSOC/hw/GPIOSOC.xsa
TRACE::2025-02-17.10:47:32::SCWPlatform:: Unique name xilinx:pynq-z2::0.0
TRACE::2025-02-17.10:47:32::SCWPlatform::Trying to set the existing hwdb with name design_1_wrapper_0
TRACE::2025-02-17.10:47:32::SCWPlatform::Opened existing hwdb design_1_wrapper_0
TRACE::2025-02-17.10:47:32::SCWPlatform::Found the Hw Db part of the input DSA
TRACE::2025-02-17.10:47:32::SCWMssOS::Checking the sw design at  C:/PXL/devWorks/devWorks2/GPIOSOC/Vitis/GPIOSOC/ps7_cortexa9_0/standalone_ps7_cortexa9_0/bsp/system.mss
TRACE::2025-02-17.10:47:32::SCWMssOS::DEBUG:  swdes dump  C:/PXL/devWorks/devWorks2/GPIOSOC/Vitis/GPIOSOC/ps7_cortexa9_0/standalone_ps7_cortexa9_0/bsp/system.mss|system_0||
C:/PXL/devWorks/devWorks2/GPIOSOC/Vitis/GPIOSOC/zynq_fsbl/zynq_fsbl_bsp/system.mss|system||

TRACE::2025-02-17.10:47:32::SCWMssOS::Sw design exists and opened at  C:/PXL/devWorks/devWorks2/GPIOSOC/Vitis/GPIOSOC/ps7_cortexa9_0/standalone_ps7_cortexa9_0/bsp/system.mss
TRACE::2025-02-17.10:47:32::SCWPlatform::Trying to open the hw design at C:/PXL/devWorks/devWorks2/GPIOSOC/Vitis/GPIOSOC/hw/GPIOSOC.xsa
TRACE::2025-02-17.10:47:32::SCWPlatform::DSA given C:/PXL/devWorks/devWorks2/GPIOSOC/Vitis/GPIOSOC/hw/GPIOSOC.xsa
TRACE::2025-02-17.10:47:32::SCWPlatform::DSA absoulate path C:/PXL/devWorks/devWorks2/GPIOSOC/Vitis/GPIOSOC/hw/GPIOSOC.xsa
TRACE::2025-02-17.10:47:32::SCWPlatform::DSA directory C:/PXL/devWorks/devWorks2/GPIOSOC/Vitis/GPIOSOC/hw
TRACE::2025-02-17.10:47:32::SCWPlatform:: Platform Path C:/PXL/devWorks/devWorks2/GPIOSOC/Vitis/GPIOSOC/hw/GPIOSOC.xsa
TRACE::2025-02-17.10:47:32::SCWPlatform:: Unique name xilinx:pynq-z2::0.0
TRACE::2025-02-17.10:47:32::SCWPlatform::Trying to set the existing hwdb with name design_1_wrapper_0
TRACE::2025-02-17.10:47:32::SCWPlatform::Opened existing hwdb design_1_wrapper_0
TRACE::2025-02-17.10:47:32::SCWPlatform::Found the Hw Db part of the input DSA
TRACE::2025-02-17.10:47:32::SCWMssOS::Checking the sw design at  C:/PXL/devWorks/devWorks2/GPIOSOC/Vitis/GPIOSOC/ps7_cortexa9_0/standalone_ps7_cortexa9_0/bsp/system.mss
TRACE::2025-02-17.10:47:32::SCWMssOS::DEBUG:  swdes dump  C:/PXL/devWorks/devWorks2/GPIOSOC/Vitis/GPIOSOC/ps7_cortexa9_0/standalone_ps7_cortexa9_0/bsp/system.mss|system_0||
C:/PXL/devWorks/devWorks2/GPIOSOC/Vitis/GPIOSOC/zynq_fsbl/zynq_fsbl_bsp/system.mss|system||

TRACE::2025-02-17.10:47:32::SCWMssOS::Sw design exists and opened at  C:/PXL/devWorks/devWorks2/GPIOSOC/Vitis/GPIOSOC/ps7_cortexa9_0/standalone_ps7_cortexa9_0/bsp/system.mss
TRACE::2025-02-17.10:47:32::SCWPlatform::Trying to open the hw design at C:/PXL/devWorks/devWorks2/GPIOSOC/Vitis/GPIOSOC/hw/GPIOSOC.xsa
TRACE::2025-02-17.10:47:32::SCWPlatform::DSA given C:/PXL/devWorks/devWorks2/GPIOSOC/Vitis/GPIOSOC/hw/GPIOSOC.xsa
TRACE::2025-02-17.10:47:32::SCWPlatform::DSA absoulate path C:/PXL/devWorks/devWorks2/GPIOSOC/Vitis/GPIOSOC/hw/GPIOSOC.xsa
TRACE::2025-02-17.10:47:32::SCWPlatform::DSA directory C:/PXL/devWorks/devWorks2/GPIOSOC/Vitis/GPIOSOC/hw
TRACE::2025-02-17.10:47:32::SCWPlatform:: Platform Path C:/PXL/devWorks/devWorks2/GPIOSOC/Vitis/GPIOSOC/hw/GPIOSOC.xsa
TRACE::2025-02-17.10:47:32::SCWPlatform:: Unique name xilinx:pynq-z2::0.0
TRACE::2025-02-17.10:47:32::SCWPlatform::Trying to set the existing hwdb with name design_1_wrapper_0
TRACE::2025-02-17.10:47:32::SCWPlatform::Opened existing hwdb design_1_wrapper_0
TRACE::2025-02-17.10:47:32::SCWPlatform::Found the Hw Db part of the input DSA
TRACE::2025-02-17.10:47:32::SCWMssOS::Checking the sw design at  C:/PXL/devWorks/devWorks2/GPIOSOC/Vitis/GPIOSOC/ps7_cortexa9_0/standalone_ps7_cortexa9_0/bsp/system.mss
TRACE::2025-02-17.10:47:32::SCWMssOS::DEBUG:  swdes dump  C:/PXL/devWorks/devWorks2/GPIOSOC/Vitis/GPIOSOC/ps7_cortexa9_0/standalone_ps7_cortexa9_0/bsp/system.mss|system_0||
C:/PXL/devWorks/devWorks2/GPIOSOC/Vitis/GPIOSOC/zynq_fsbl/zynq_fsbl_bsp/system.mss|system||

TRACE::2025-02-17.10:47:32::SCWMssOS::Sw design exists and opened at  C:/PXL/devWorks/devWorks2/GPIOSOC/Vitis/GPIOSOC/ps7_cortexa9_0/standalone_ps7_cortexa9_0/bsp/system.mss
TRACE::2025-02-17.10:47:32::SCWWriter::formatted JSON is {
	"platformName":	"GPIOSOC",
	"sprVersion":	"2.0",
	"mode":	"gui",
	"dsaType":	"Fixed",
	"platformDesc":	"GPIOSOC",
	"platHandOff":	"C:/PXL/devWorks/devWorks2/GPIOSOC/GPIOSOC.xsa",
	"platIntHandOff":	"<platformDir>/hw/GPIOSOC.xsa",
	"deviceType":	"zynq",
	"platIsPrebuiltAutogen":	"false",
	"platIsNoBootBsp":	"false",
	"platFsblTarget":	"ps7_cortexa9_0",
	"hasFsblMakeHasChanges":	"false",
	"hasPmufwMakeHasChanges":	"false",
	"fsblExtraCompilerFlags":	"-MMD -MP       -mcpu=cortex-a9 -mfpu=vfpv3 -mfloat-abi=hard ",
	"platPreBuiltFlag":	false,
	"platformSamplesDir":	"",
	"platActiveSys":	"GPIOSOC",
	"systems":	[{
			"systemName":	"GPIOSOC",
			"systemDesc":	"GPIOSOC",
			"sysIsBootAutoGen":	"true",
			"systemDispName":	"GPIOSOC",
			"sysActiveDom":	"standalone_ps7_cortexa9_0",
			"sysDefaultDom":	"standalone_ps7_cortexa9_0",
			"domains":	[{
					"domainName":	"zynq_fsbl",
					"domainDispName":	"zynq_fsbl",
					"domainDesc":	"FSBL Application BSP - Auto Generated.",
					"processors":	"ps7_cortexa9_0",
					"os":	"standalone",
					"sdxOs":	"standalone",
					"debugEnable":	"",
					"domRuntimes":	["cpp"],
					"swRepo":	"",
					"mssOsVer":	"9.1",
					"mssFile":	"",
					"md5Digest":	"38ba93e41c0d74ae18df48b1f9514907",
					"compatibleApp":	"zynq_fsbl",
					"domType":	"bootDomain",
					"arch":	"32-bit",
					"appSettings":	{
						"appCompilerFlags":	"",
						"appLinkerFlags":	""
					},
					"addedLibs":	["xilffs:5.2", "xilrsa:1.8"],
					"libOptions":	{
						"libsContainingOptions":	[]
					},
					"prebuiltLibs":	{
						"prebuiltIncPath":	[],
						"prebuiltLibPath":	[]
					},
					"isolation":	{
					}
				}, {
					"domainName":	"standalone_ps7_cortexa9_0",
					"domainDispName":	"standalone_ps7_cortexa9_0",
					"domainDesc":	"standalone_ps7_cortexa9_0",
					"processors":	"ps7_cortexa9_0",
					"os":	"standalone",
					"sdxOs":	"standalone",
					"qemuArgs":	"<platformDir>/resources/GPIOSOC/standalone_ps7_cortexa9_0/qemu_args.txt",
					"qemuData":	"<platformDir>/resources/GPIOSOC/standalone_ps7_cortexa9_0/qemu",
					"debugEnable":	"False",
					"domRuntimes":	["cpp"],
					"swRepo":	"",
					"mssOsVer":	"9.1",
					"mssFile":	"",
					"md5Digest":	"6a262be947555ba770b2f1965ebd288c",
					"compatibleApp":	"hello_world",
					"domType":	"mssDomain",
					"arch":	"32-bit",
					"appSettings":	{
						"appCompilerFlags":	"",
						"appLinkerFlags":	""
					},
					"addedLibs":	[],
					"libOptions":	{
						"libsContainingOptions":	[]
					},
					"prebuiltLibs":	{
						"prebuiltIncPath":	[],
						"prebuiltLibPath":	[]
					},
					"isolation":	{
					}
				}]
		}]
}
TRACE::2025-02-17.10:47:32::SCWPlatform::Trying to open the hw design at C:/PXL/devWorks/devWorks2/GPIOSOC/Vitis/GPIOSOC/hw/GPIOSOC.xsa
TRACE::2025-02-17.10:47:32::SCWPlatform::DSA given C:/PXL/devWorks/devWorks2/GPIOSOC/Vitis/GPIOSOC/hw/GPIOSOC.xsa
TRACE::2025-02-17.10:47:32::SCWPlatform::DSA absoulate path C:/PXL/devWorks/devWorks2/GPIOSOC/Vitis/GPIOSOC/hw/GPIOSOC.xsa
TRACE::2025-02-17.10:47:32::SCWPlatform::DSA directory C:/PXL/devWorks/devWorks2/GPIOSOC/Vitis/GPIOSOC/hw
TRACE::2025-02-17.10:47:32::SCWPlatform:: Platform Path C:/PXL/devWorks/devWorks2/GPIOSOC/Vitis/GPIOSOC/hw/GPIOSOC.xsa
TRACE::2025-02-17.10:47:32::SCWPlatform:: Unique name xilinx:pynq-z2::0.0
TRACE::2025-02-17.10:47:32::SCWPlatform::Trying to set the existing hwdb with name design_1_wrapper_0
TRACE::2025-02-17.10:47:32::SCWPlatform::Opened existing hwdb design_1_wrapper_0
TRACE::2025-02-17.10:47:32::SCWPlatform::Found the Hw Db part of the input DSA
TRACE::2025-02-17.10:47:32::SCWMssOS::Checking the sw design at  C:/PXL/devWorks/devWorks2/GPIOSOC/Vitis/GPIOSOC/ps7_cortexa9_0/standalone_ps7_cortexa9_0/bsp/system.mss
TRACE::2025-02-17.10:47:32::SCWMssOS::DEBUG:  swdes dump  C:/PXL/devWorks/devWorks2/GPIOSOC/Vitis/GPIOSOC/ps7_cortexa9_0/standalone_ps7_cortexa9_0/bsp/system.mss|system_0||
C:/PXL/devWorks/devWorks2/GPIOSOC/Vitis/GPIOSOC/zynq_fsbl/zynq_fsbl_bsp/system.mss|system||

TRACE::2025-02-17.10:47:32::SCWMssOS::Sw design exists and opened at  C:/PXL/devWorks/devWorks2/GPIOSOC/Vitis/GPIOSOC/ps7_cortexa9_0/standalone_ps7_cortexa9_0/bsp/system.mss
TRACE::2025-02-17.10:47:32::SCWPlatform::Trying to open the hw design at C:/PXL/devWorks/devWorks2/GPIOSOC/Vitis/GPIOSOC/hw/GPIOSOC.xsa
TRACE::2025-02-17.10:47:32::SCWPlatform::DSA given C:/PXL/devWorks/devWorks2/GPIOSOC/Vitis/GPIOSOC/hw/GPIOSOC.xsa
TRACE::2025-02-17.10:47:32::SCWPlatform::DSA absoulate path C:/PXL/devWorks/devWorks2/GPIOSOC/Vitis/GPIOSOC/hw/GPIOSOC.xsa
TRACE::2025-02-17.10:47:32::SCWPlatform::DSA directory C:/PXL/devWorks/devWorks2/GPIOSOC/Vitis/GPIOSOC/hw
TRACE::2025-02-17.10:47:32::SCWPlatform:: Platform Path C:/PXL/devWorks/devWorks2/GPIOSOC/Vitis/GPIOSOC/hw/GPIOSOC.xsa
TRACE::2025-02-17.10:47:32::SCWPlatform:: Unique name xilinx:pynq-z2::0.0
TRACE::2025-02-17.10:47:32::SCWPlatform::Trying to set the existing hwdb with name design_1_wrapper_0
TRACE::2025-02-17.10:47:32::SCWPlatform::Opened existing hwdb design_1_wrapper_0
TRACE::2025-02-17.10:47:32::SCWPlatform::Found the Hw Db part of the input DSA
TRACE::2025-02-17.10:47:32::SCWMssOS::Checking the sw design at  C:/PXL/devWorks/devWorks2/GPIOSOC/Vitis/GPIOSOC/ps7_cortexa9_0/standalone_ps7_cortexa9_0/bsp/system.mss
TRACE::2025-02-17.10:47:32::SCWMssOS::DEBUG:  swdes dump  C:/PXL/devWorks/devWorks2/GPIOSOC/Vitis/GPIOSOC/ps7_cortexa9_0/standalone_ps7_cortexa9_0/bsp/system.mss|system_0||
C:/PXL/devWorks/devWorks2/GPIOSOC/Vitis/GPIOSOC/zynq_fsbl/zynq_fsbl_bsp/system.mss|system||

TRACE::2025-02-17.10:47:32::SCWMssOS::Sw design exists and opened at  C:/PXL/devWorks/devWorks2/GPIOSOC/Vitis/GPIOSOC/ps7_cortexa9_0/standalone_ps7_cortexa9_0/bsp/system.mss
TRACE::2025-02-17.10:47:32::SCWMssOS::Saving the mss changes C:/PXL/devWorks/devWorks2/GPIOSOC/Vitis/GPIOSOC/zynq_fsbl/zynq_fsbl_bsp/system.mss
TRACE::2025-02-17.10:47:32::SCWMssOS::Found a swdesign opened with the mssfile.
TRACE::2025-02-17.10:47:32::SCWMssOS::Completed writemss as part of save.
TRACE::2025-02-17.10:47:32::SCWMssOS::Commit changes completed.
TRACE::2025-02-17.10:47:32::SCWMssOS::Saving the mss changes C:/PXL/devWorks/devWorks2/GPIOSOC/Vitis/GPIOSOC/ps7_cortexa9_0/standalone_ps7_cortexa9_0/bsp/system.mss
TRACE::2025-02-17.10:47:32::SCWMssOS::Found a swdesign opened with the mssfile.
TRACE::2025-02-17.10:47:32::SCWMssOS::Completed writemss as part of save.
TRACE::2025-02-17.10:47:32::SCWMssOS::Commit changes completed.
TRACE::2025-02-17.10:47:32::SCWPlatform::Trying to open the hw design at C:/PXL/devWorks/devWorks2/GPIOSOC/Vitis/GPIOSOC/hw/GPIOSOC.xsa
TRACE::2025-02-17.10:47:32::SCWPlatform::DSA given C:/PXL/devWorks/devWorks2/GPIOSOC/Vitis/GPIOSOC/hw/GPIOSOC.xsa
TRACE::2025-02-17.10:47:32::SCWPlatform::DSA absoulate path C:/PXL/devWorks/devWorks2/GPIOSOC/Vitis/GPIOSOC/hw/GPIOSOC.xsa
TRACE::2025-02-17.10:47:32::SCWPlatform::DSA directory C:/PXL/devWorks/devWorks2/GPIOSOC/Vitis/GPIOSOC/hw
TRACE::2025-02-17.10:47:32::SCWPlatform:: Platform Path C:/PXL/devWorks/devWorks2/GPIOSOC/Vitis/GPIOSOC/hw/GPIOSOC.xsa
TRACE::2025-02-17.10:47:32::SCWPlatform:: Unique name xilinx:pynq-z2::0.0
TRACE::2025-02-17.10:47:32::SCWPlatform::Trying to set the existing hwdb with name design_1_wrapper_0
TRACE::2025-02-17.10:47:32::SCWPlatform::Opened existing hwdb design_1_wrapper_0
TRACE::2025-02-17.10:47:32::SCWPlatform::Found the Hw Db part of the input DSA
TRACE::2025-02-17.10:47:32::SCWMssOS::Checking the sw design at  C:/PXL/devWorks/devWorks2/GPIOSOC/Vitis/GPIOSOC/zynq_fsbl/zynq_fsbl_bsp/system.mss
TRACE::2025-02-17.10:47:32::SCWMssOS::DEBUG:  swdes dump  C:/PXL/devWorks/devWorks2/GPIOSOC/Vitis/GPIOSOC/ps7_cortexa9_0/standalone_ps7_cortexa9_0/bsp/system.mss|system_0||
C:/PXL/devWorks/devWorks2/GPIOSOC/Vitis/GPIOSOC/zynq_fsbl/zynq_fsbl_bsp/system.mss|system||

TRACE::2025-02-17.10:47:32::SCWMssOS::Sw design exists and opened at  C:/PXL/devWorks/devWorks2/GPIOSOC/Vitis/GPIOSOC/zynq_fsbl/zynq_fsbl_bsp/system.mss
TRACE::2025-02-17.10:47:32::SCWPlatform::Trying to open the hw design at C:/PXL/devWorks/devWorks2/GPIOSOC/Vitis/GPIOSOC/hw/GPIOSOC.xsa
TRACE::2025-02-17.10:47:32::SCWPlatform::DSA given C:/PXL/devWorks/devWorks2/GPIOSOC/Vitis/GPIOSOC/hw/GPIOSOC.xsa
TRACE::2025-02-17.10:47:32::SCWPlatform::DSA absoulate path C:/PXL/devWorks/devWorks2/GPIOSOC/Vitis/GPIOSOC/hw/GPIOSOC.xsa
TRACE::2025-02-17.10:47:32::SCWPlatform::DSA directory C:/PXL/devWorks/devWorks2/GPIOSOC/Vitis/GPIOSOC/hw
TRACE::2025-02-17.10:47:32::SCWPlatform:: Platform Path C:/PXL/devWorks/devWorks2/GPIOSOC/Vitis/GPIOSOC/hw/GPIOSOC.xsa
TRACE::2025-02-17.10:47:32::SCWPlatform:: Unique name xilinx:pynq-z2::0.0
TRACE::2025-02-17.10:47:32::SCWPlatform::Trying to set the existing hwdb with name design_1_wrapper_0
TRACE::2025-02-17.10:47:32::SCWPlatform::Opened existing hwdb design_1_wrapper_0
TRACE::2025-02-17.10:47:32::SCWPlatform::Found the Hw Db part of the input DSA
TRACE::2025-02-17.10:47:32::SCWMssOS::Checking the sw design at  C:/PXL/devWorks/devWorks2/GPIOSOC/Vitis/GPIOSOC/zynq_fsbl/zynq_fsbl_bsp/system.mss
TRACE::2025-02-17.10:47:32::SCWMssOS::DEBUG:  swdes dump  C:/PXL/devWorks/devWorks2/GPIOSOC/Vitis/GPIOSOC/ps7_cortexa9_0/standalone_ps7_cortexa9_0/bsp/system.mss|system_0||
C:/PXL/devWorks/devWorks2/GPIOSOC/Vitis/GPIOSOC/zynq_fsbl/zynq_fsbl_bsp/system.mss|system||

TRACE::2025-02-17.10:47:32::SCWMssOS::Sw design exists and opened at  C:/PXL/devWorks/devWorks2/GPIOSOC/Vitis/GPIOSOC/zynq_fsbl/zynq_fsbl_bsp/system.mss
TRACE::2025-02-17.10:47:32::SCWPlatform::Trying to open the hw design at C:/PXL/devWorks/devWorks2/GPIOSOC/Vitis/GPIOSOC/hw/GPIOSOC.xsa
TRACE::2025-02-17.10:47:32::SCWPlatform::DSA given C:/PXL/devWorks/devWorks2/GPIOSOC/Vitis/GPIOSOC/hw/GPIOSOC.xsa
TRACE::2025-02-17.10:47:32::SCWPlatform::DSA absoulate path C:/PXL/devWorks/devWorks2/GPIOSOC/Vitis/GPIOSOC/hw/GPIOSOC.xsa
TRACE::2025-02-17.10:47:32::SCWPlatform::DSA directory C:/PXL/devWorks/devWorks2/GPIOSOC/Vitis/GPIOSOC/hw
TRACE::2025-02-17.10:47:32::SCWPlatform:: Platform Path C:/PXL/devWorks/devWorks2/GPIOSOC/Vitis/GPIOSOC/hw/GPIOSOC.xsa
TRACE::2025-02-17.10:47:32::SCWPlatform:: Unique name xilinx:pynq-z2::0.0
TRACE::2025-02-17.10:47:32::SCWPlatform::Trying to set the existing hwdb with name design_1_wrapper_0
TRACE::2025-02-17.10:47:32::SCWPlatform::Opened existing hwdb design_1_wrapper_0
TRACE::2025-02-17.10:47:32::SCWPlatform::Found the Hw Db part of the input DSA
TRACE::2025-02-17.10:47:32::SCWMssOS::Checking the sw design at  C:/PXL/devWorks/devWorks2/GPIOSOC/Vitis/GPIOSOC/zynq_fsbl/zynq_fsbl_bsp/system.mss
TRACE::2025-02-17.10:47:32::SCWMssOS::DEBUG:  swdes dump  C:/PXL/devWorks/devWorks2/GPIOSOC/Vitis/GPIOSOC/ps7_cortexa9_0/standalone_ps7_cortexa9_0/bsp/system.mss|system_0||
C:/PXL/devWorks/devWorks2/GPIOSOC/Vitis/GPIOSOC/zynq_fsbl/zynq_fsbl_bsp/system.mss|system||

TRACE::2025-02-17.10:47:32::SCWMssOS::Sw design exists and opened at  C:/PXL/devWorks/devWorks2/GPIOSOC/Vitis/GPIOSOC/zynq_fsbl/zynq_fsbl_bsp/system.mss
TRACE::2025-02-17.10:47:32::SCWPlatform::Trying to open the hw design at C:/PXL/devWorks/devWorks2/GPIOSOC/Vitis/GPIOSOC/hw/GPIOSOC.xsa
TRACE::2025-02-17.10:47:32::SCWPlatform::DSA given C:/PXL/devWorks/devWorks2/GPIOSOC/Vitis/GPIOSOC/hw/GPIOSOC.xsa
TRACE::2025-02-17.10:47:32::SCWPlatform::DSA absoulate path C:/PXL/devWorks/devWorks2/GPIOSOC/Vitis/GPIOSOC/hw/GPIOSOC.xsa
TRACE::2025-02-17.10:47:32::SCWPlatform::DSA directory C:/PXL/devWorks/devWorks2/GPIOSOC/Vitis/GPIOSOC/hw
TRACE::2025-02-17.10:47:32::SCWPlatform:: Platform Path C:/PXL/devWorks/devWorks2/GPIOSOC/Vitis/GPIOSOC/hw/GPIOSOC.xsa
TRACE::2025-02-17.10:47:32::SCWPlatform:: Unique name xilinx:pynq-z2::0.0
TRACE::2025-02-17.10:47:32::SCWPlatform::Trying to set the existing hwdb with name design_1_wrapper_0
TRACE::2025-02-17.10:47:32::SCWPlatform::Opened existing hwdb design_1_wrapper_0
TRACE::2025-02-17.10:47:32::SCWPlatform::Found the Hw Db part of the input DSA
TRACE::2025-02-17.10:47:32::SCWMssOS::Checking the sw design at  C:/PXL/devWorks/devWorks2/GPIOSOC/Vitis/GPIOSOC/ps7_cortexa9_0/standalone_ps7_cortexa9_0/bsp/system.mss
TRACE::2025-02-17.10:47:32::SCWMssOS::DEBUG:  swdes dump  C:/PXL/devWorks/devWorks2/GPIOSOC/Vitis/GPIOSOC/ps7_cortexa9_0/standalone_ps7_cortexa9_0/bsp/system.mss|system_0||
C:/PXL/devWorks/devWorks2/GPIOSOC/Vitis/GPIOSOC/zynq_fsbl/zynq_fsbl_bsp/system.mss|system||

TRACE::2025-02-17.10:47:32::SCWMssOS::Sw design exists and opened at  C:/PXL/devWorks/devWorks2/GPIOSOC/Vitis/GPIOSOC/ps7_cortexa9_0/standalone_ps7_cortexa9_0/bsp/system.mss
TRACE::2025-02-17.10:47:32::SCWPlatform::Trying to open the hw design at C:/PXL/devWorks/devWorks2/GPIOSOC/Vitis/GPIOSOC/hw/GPIOSOC.xsa
TRACE::2025-02-17.10:47:32::SCWPlatform::DSA given C:/PXL/devWorks/devWorks2/GPIOSOC/Vitis/GPIOSOC/hw/GPIOSOC.xsa
TRACE::2025-02-17.10:47:32::SCWPlatform::DSA absoulate path C:/PXL/devWorks/devWorks2/GPIOSOC/Vitis/GPIOSOC/hw/GPIOSOC.xsa
TRACE::2025-02-17.10:47:32::SCWPlatform::DSA directory C:/PXL/devWorks/devWorks2/GPIOSOC/Vitis/GPIOSOC/hw
TRACE::2025-02-17.10:47:32::SCWPlatform:: Platform Path C:/PXL/devWorks/devWorks2/GPIOSOC/Vitis/GPIOSOC/hw/GPIOSOC.xsa
TRACE::2025-02-17.10:47:32::SCWPlatform:: Unique name xilinx:pynq-z2::0.0
TRACE::2025-02-17.10:47:32::SCWPlatform::Trying to set the existing hwdb with name design_1_wrapper_0
TRACE::2025-02-17.10:47:32::SCWPlatform::Opened existing hwdb design_1_wrapper_0
TRACE::2025-02-17.10:47:32::SCWPlatform::Found the Hw Db part of the input DSA
TRACE::2025-02-17.10:47:32::SCWMssOS::Checking the sw design at  C:/PXL/devWorks/devWorks2/GPIOSOC/Vitis/GPIOSOC/ps7_cortexa9_0/standalone_ps7_cortexa9_0/bsp/system.mss
TRACE::2025-02-17.10:47:32::SCWMssOS::DEBUG:  swdes dump  C:/PXL/devWorks/devWorks2/GPIOSOC/Vitis/GPIOSOC/ps7_cortexa9_0/standalone_ps7_cortexa9_0/bsp/system.mss|system_0||
C:/PXL/devWorks/devWorks2/GPIOSOC/Vitis/GPIOSOC/zynq_fsbl/zynq_fsbl_bsp/system.mss|system||

TRACE::2025-02-17.10:47:32::SCWMssOS::Sw design exists and opened at  C:/PXL/devWorks/devWorks2/GPIOSOC/Vitis/GPIOSOC/ps7_cortexa9_0/standalone_ps7_cortexa9_0/bsp/system.mss
TRACE::2025-02-17.10:47:32::SCWPlatform::Trying to open the hw design at C:/PXL/devWorks/devWorks2/GPIOSOC/Vitis/GPIOSOC/hw/GPIOSOC.xsa
TRACE::2025-02-17.10:47:32::SCWPlatform::DSA given C:/PXL/devWorks/devWorks2/GPIOSOC/Vitis/GPIOSOC/hw/GPIOSOC.xsa
TRACE::2025-02-17.10:47:32::SCWPlatform::DSA absoulate path C:/PXL/devWorks/devWorks2/GPIOSOC/Vitis/GPIOSOC/hw/GPIOSOC.xsa
TRACE::2025-02-17.10:47:32::SCWPlatform::DSA directory C:/PXL/devWorks/devWorks2/GPIOSOC/Vitis/GPIOSOC/hw
TRACE::2025-02-17.10:47:32::SCWPlatform:: Platform Path C:/PXL/devWorks/devWorks2/GPIOSOC/Vitis/GPIOSOC/hw/GPIOSOC.xsa
TRACE::2025-02-17.10:47:32::SCWPlatform:: Unique name xilinx:pynq-z2::0.0
TRACE::2025-02-17.10:47:32::SCWPlatform::Trying to set the existing hwdb with name design_1_wrapper_0
TRACE::2025-02-17.10:47:32::SCWPlatform::Opened existing hwdb design_1_wrapper_0
TRACE::2025-02-17.10:47:32::SCWPlatform::Found the Hw Db part of the input DSA
TRACE::2025-02-17.10:47:32::SCWMssOS::Checking the sw design at  C:/PXL/devWorks/devWorks2/GPIOSOC/Vitis/GPIOSOC/ps7_cortexa9_0/standalone_ps7_cortexa9_0/bsp/system.mss
TRACE::2025-02-17.10:47:32::SCWMssOS::DEBUG:  swdes dump  C:/PXL/devWorks/devWorks2/GPIOSOC/Vitis/GPIOSOC/ps7_cortexa9_0/standalone_ps7_cortexa9_0/bsp/system.mss|system_0||
C:/PXL/devWorks/devWorks2/GPIOSOC/Vitis/GPIOSOC/zynq_fsbl/zynq_fsbl_bsp/system.mss|system||

TRACE::2025-02-17.10:47:32::SCWMssOS::Sw design exists and opened at  C:/PXL/devWorks/devWorks2/GPIOSOC/Vitis/GPIOSOC/ps7_cortexa9_0/standalone_ps7_cortexa9_0/bsp/system.mss
TRACE::2025-02-17.10:47:32::SCWWriter::formatted JSON is {
	"platformName":	"GPIOSOC",
	"sprVersion":	"2.0",
	"mode":	"gui",
	"dsaType":	"Fixed",
	"platformDesc":	"GPIOSOC",
	"platHandOff":	"C:/PXL/devWorks/devWorks2/GPIOSOC/GPIOSOC.xsa",
	"platIntHandOff":	"<platformDir>/hw/GPIOSOC.xsa",
	"deviceType":	"zynq",
	"platIsPrebuiltAutogen":	"false",
	"platIsNoBootBsp":	"false",
	"platFsblTarget":	"ps7_cortexa9_0",
	"hasFsblMakeHasChanges":	"false",
	"hasPmufwMakeHasChanges":	"false",
	"fsblExtraCompilerFlags":	"-MMD -MP       -mcpu=cortex-a9 -mfpu=vfpv3 -mfloat-abi=hard ",
	"platPreBuiltFlag":	false,
	"platformSamplesDir":	"",
	"platActiveSys":	"GPIOSOC",
	"systems":	[{
			"systemName":	"GPIOSOC",
			"systemDesc":	"GPIOSOC",
			"sysIsBootAutoGen":	"true",
			"systemDispName":	"GPIOSOC",
			"sysActiveDom":	"standalone_ps7_cortexa9_0",
			"sysDefaultDom":	"standalone_ps7_cortexa9_0",
			"domains":	[{
					"domainName":	"zynq_fsbl",
					"domainDispName":	"zynq_fsbl",
					"domainDesc":	"FSBL Application BSP - Auto Generated.",
					"processors":	"ps7_cortexa9_0",
					"os":	"standalone",
					"sdxOs":	"standalone",
					"debugEnable":	"",
					"domRuntimes":	["cpp"],
					"swRepo":	"",
					"mssOsVer":	"9.1",
					"mssFile":	"",
					"md5Digest":	"38ba93e41c0d74ae18df48b1f9514907",
					"compatibleApp":	"zynq_fsbl",
					"domType":	"bootDomain",
					"arch":	"32-bit",
					"appSettings":	{
						"appCompilerFlags":	"",
						"appLinkerFlags":	""
					},
					"addedLibs":	["xilffs:5.2", "xilrsa:1.8"],
					"libOptions":	{
						"libsContainingOptions":	[]
					},
					"prebuiltLibs":	{
						"prebuiltIncPath":	[],
						"prebuiltLibPath":	[]
					},
					"isolation":	{
					}
				}, {
					"domainName":	"standalone_ps7_cortexa9_0",
					"domainDispName":	"standalone_ps7_cortexa9_0",
					"domainDesc":	"standalone_ps7_cortexa9_0",
					"processors":	"ps7_cortexa9_0",
					"os":	"standalone",
					"sdxOs":	"standalone",
					"qemuArgs":	"<platformDir>/resources/GPIOSOC/standalone_ps7_cortexa9_0/qemu_args.txt",
					"qemuData":	"<platformDir>/resources/GPIOSOC/standalone_ps7_cortexa9_0/qemu",
					"debugEnable":	"False",
					"domRuntimes":	["cpp"],
					"swRepo":	"",
					"mssOsVer":	"9.1",
					"mssFile":	"",
					"md5Digest":	"6a262be947555ba770b2f1965ebd288c",
					"compatibleApp":	"hello_world",
					"domType":	"mssDomain",
					"arch":	"32-bit",
					"appSettings":	{
						"appCompilerFlags":	"",
						"appLinkerFlags":	""
					},
					"addedLibs":	[],
					"libOptions":	{
						"libsContainingOptions":	[]
					},
					"prebuiltLibs":	{
						"prebuiltIncPath":	[],
						"prebuiltLibPath":	[]
					},
					"isolation":	{
					}
				}]
		}]
}
LOG::2025-02-17.10:47:32::SCWPlatform::Started generating the artifacts platform GPIOSOC
TRACE::2025-02-17.10:47:32::SCWPlatform::Sanity checking of platform is completed
LOG::2025-02-17.10:47:32::SCWPlatform::Started generating the artifacts for system configuration GPIOSOC
LOG::2025-02-17.10:47:32::SCWSystem::Started Processing the domain standalone_ps7_cortexa9_0
TRACE::2025-02-17.10:47:32::SCWDomain::Generating domain artifcats
TRACE::2025-02-17.10:47:32::SCWMssOS::Generating standalone artifcats
TRACE::2025-02-17.10:47:32::SCWMssOS::Copying the qemu file from  C:/PXL/devWorks/devWorks2/GPIOSOC/Vitis/GPIOSOC/resources/GPIOSOC/standalone_ps7_cortexa9_0/qemu_args.txt To C:/PXL/devWorks/devWorks2/GPIOSOC/Vitis/GPIOSOC/export/GPIOSOC/sw/GPIOSOC/qemu/
TRACE::2025-02-17.10:47:32::SCWMssOS::Copying the qemu file from  C:/PXL/devWorks/devWorks2/GPIOSOC/Vitis/GPIOSOC/resources/GPIOSOC/standalone_ps7_cortexa9_0/qemu_args.txt To C:/PXL/devWorks/devWorks2/GPIOSOC/Vitis/GPIOSOC/export/GPIOSOC/sw/GPIOSOC/standalone_ps7_cortexa9_0/qemu/
TRACE::2025-02-17.10:47:32::SCWMssOS:: Copying the user libraries. 
TRACE::2025-02-17.10:47:32::SCWPlatform::Trying to open the hw design at C:/PXL/devWorks/devWorks2/GPIOSOC/Vitis/GPIOSOC/hw/GPIOSOC.xsa
TRACE::2025-02-17.10:47:32::SCWPlatform::DSA given C:/PXL/devWorks/devWorks2/GPIOSOC/Vitis/GPIOSOC/hw/GPIOSOC.xsa
TRACE::2025-02-17.10:47:32::SCWPlatform::DSA absoulate path C:/PXL/devWorks/devWorks2/GPIOSOC/Vitis/GPIOSOC/hw/GPIOSOC.xsa
TRACE::2025-02-17.10:47:32::SCWPlatform::DSA directory C:/PXL/devWorks/devWorks2/GPIOSOC/Vitis/GPIOSOC/hw
TRACE::2025-02-17.10:47:32::SCWPlatform:: Platform Path C:/PXL/devWorks/devWorks2/GPIOSOC/Vitis/GPIOSOC/hw/GPIOSOC.xsa
TRACE::2025-02-17.10:47:32::SCWPlatform:: Unique name xilinx:pynq-z2::0.0
TRACE::2025-02-17.10:47:32::SCWPlatform::Trying to set the existing hwdb with name design_1_wrapper_0
TRACE::2025-02-17.10:47:32::SCWPlatform::Opened existing hwdb design_1_wrapper_0
TRACE::2025-02-17.10:47:32::SCWPlatform::Found the Hw Db part of the input DSA
TRACE::2025-02-17.10:47:32::SCWMssOS::Checking the sw design at  C:/PXL/devWorks/devWorks2/GPIOSOC/Vitis/GPIOSOC/ps7_cortexa9_0/standalone_ps7_cortexa9_0/bsp/system.mss
TRACE::2025-02-17.10:47:32::SCWMssOS::DEBUG:  swdes dump  C:/PXL/devWorks/devWorks2/GPIOSOC/Vitis/GPIOSOC/ps7_cortexa9_0/standalone_ps7_cortexa9_0/bsp/system.mss|system_0||
C:/PXL/devWorks/devWorks2/GPIOSOC/Vitis/GPIOSOC/zynq_fsbl/zynq_fsbl_bsp/system.mss|system||

TRACE::2025-02-17.10:47:32::SCWMssOS::Sw design exists and opened at  C:/PXL/devWorks/devWorks2/GPIOSOC/Vitis/GPIOSOC/ps7_cortexa9_0/standalone_ps7_cortexa9_0/bsp/system.mss
TRACE::2025-02-17.10:47:32::SCWMssOS::Completed writing the mss file at C:/PXL/devWorks/devWorks2/GPIOSOC/Vitis/GPIOSOC/ps7_cortexa9_0/standalone_ps7_cortexa9_0/bsp
TRACE::2025-02-17.10:47:32::SCWMssOS::Mss edits present, copying mssfile into export location C:/PXL/devWorks/devWorks2/GPIOSOC/Vitis/GPIOSOC/ps7_cortexa9_0/standalone_ps7_cortexa9_0/bsp/system.mss
TRACE::2025-02-17.10:47:32::SCWMssOS::bsp generated is upto date with the mss file. Skipping bsp generation.
TRACE::2025-02-17.10:47:32::SCWMssOS::BSP is already built. skipping the bsp build ... 
TRACE::2025-02-17.10:47:32::SCWDomain::Building the domain as part of full build :  standalone_ps7_cortexa9_0
TRACE::2025-02-17.10:47:32::SCWMssOS::skipping the bsp build ... 
TRACE::2025-02-17.10:47:32::SCWMssOS::Copying to export directory.
TRACE::2025-02-17.10:47:32::SCWMssOS:: Checking if to create the Supporting Applications
TRACE::2025-02-17.10:47:32::SCWMssOS:: No Linux domain exists, trying to generate FSBL 
TRACE::2025-02-17.10:47:32::SCWMssOS:: Completed Standalone Artifacts creation 
LOG::2025-02-17.10:47:32::SCWSystem::Completed Processing the domain standalone_ps7_cortexa9_0
LOG::2025-02-17.10:47:32::SCWSystem::Completed Processing the sysconfig GPIOSOC
LOG::2025-02-17.10:47:32::SCWPlatform::Completed generating the artifacts for system configuration GPIOSOC
TRACE::2025-02-17.10:47:32::SCWPlatform::Started preparing the platform 
TRACE::2025-02-17.10:47:32::SCWSystem::Writing the bif file for system config GPIOSOC
TRACE::2025-02-17.10:47:32::SCWSystem::dir created 
TRACE::2025-02-17.10:47:32::SCWSystem::Writing the bif 
TRACE::2025-02-17.10:47:32::SCWPlatform::Started writing the spfm file 
TRACE::2025-02-17.10:47:32::SCWPlatform::Started writing the xpfm file 
TRACE::2025-02-17.10:47:32::SCWPlatform::Completed generating the platform
TRACE::2025-02-17.10:47:32::SCWMssOS::Saving the mss changes C:/PXL/devWorks/devWorks2/GPIOSOC/Vitis/GPIOSOC/zynq_fsbl/zynq_fsbl_bsp/system.mss
TRACE::2025-02-17.10:47:32::SCWMssOS::Found a swdesign opened with the mssfile.
TRACE::2025-02-17.10:47:32::SCWMssOS::Completed writemss as part of save.
TRACE::2025-02-17.10:47:32::SCWMssOS::Commit changes completed.
TRACE::2025-02-17.10:47:32::SCWMssOS::Saving the mss changes C:/PXL/devWorks/devWorks2/GPIOSOC/Vitis/GPIOSOC/ps7_cortexa9_0/standalone_ps7_cortexa9_0/bsp/system.mss
TRACE::2025-02-17.10:47:32::SCWMssOS::Found a swdesign opened with the mssfile.
TRACE::2025-02-17.10:47:32::SCWMssOS::Completed writemss as part of save.
TRACE::2025-02-17.10:47:32::SCWMssOS::Commit changes completed.
TRACE::2025-02-17.10:47:32::SCWPlatform::Trying to open the hw design at C:/PXL/devWorks/devWorks2/GPIOSOC/Vitis/GPIOSOC/hw/GPIOSOC.xsa
TRACE::2025-02-17.10:47:32::SCWPlatform::DSA given C:/PXL/devWorks/devWorks2/GPIOSOC/Vitis/GPIOSOC/hw/GPIOSOC.xsa
TRACE::2025-02-17.10:47:32::SCWPlatform::DSA absoulate path C:/PXL/devWorks/devWorks2/GPIOSOC/Vitis/GPIOSOC/hw/GPIOSOC.xsa
TRACE::2025-02-17.10:47:32::SCWPlatform::DSA directory C:/PXL/devWorks/devWorks2/GPIOSOC/Vitis/GPIOSOC/hw
TRACE::2025-02-17.10:47:32::SCWPlatform:: Platform Path C:/PXL/devWorks/devWorks2/GPIOSOC/Vitis/GPIOSOC/hw/GPIOSOC.xsa
TRACE::2025-02-17.10:47:32::SCWPlatform:: Unique name xilinx:pynq-z2::0.0
TRACE::2025-02-17.10:47:32::SCWPlatform::Trying to set the existing hwdb with name design_1_wrapper_0
TRACE::2025-02-17.10:47:32::SCWPlatform::Opened existing hwdb design_1_wrapper_0
TRACE::2025-02-17.10:47:32::SCWPlatform::Found the Hw Db part of the input DSA
TRACE::2025-02-17.10:47:32::SCWMssOS::Checking the sw design at  C:/PXL/devWorks/devWorks2/GPIOSOC/Vitis/GPIOSOC/zynq_fsbl/zynq_fsbl_bsp/system.mss
TRACE::2025-02-17.10:47:32::SCWMssOS::DEBUG:  swdes dump  C:/PXL/devWorks/devWorks2/GPIOSOC/Vitis/GPIOSOC/ps7_cortexa9_0/standalone_ps7_cortexa9_0/bsp/system.mss|system_0||
C:/PXL/devWorks/devWorks2/GPIOSOC/Vitis/GPIOSOC/zynq_fsbl/zynq_fsbl_bsp/system.mss|system||

TRACE::2025-02-17.10:47:32::SCWMssOS::Sw design exists and opened at  C:/PXL/devWorks/devWorks2/GPIOSOC/Vitis/GPIOSOC/zynq_fsbl/zynq_fsbl_bsp/system.mss
TRACE::2025-02-17.10:47:32::SCWPlatform::Trying to open the hw design at C:/PXL/devWorks/devWorks2/GPIOSOC/Vitis/GPIOSOC/hw/GPIOSOC.xsa
TRACE::2025-02-17.10:47:32::SCWPlatform::DSA given C:/PXL/devWorks/devWorks2/GPIOSOC/Vitis/GPIOSOC/hw/GPIOSOC.xsa
TRACE::2025-02-17.10:47:32::SCWPlatform::DSA absoulate path C:/PXL/devWorks/devWorks2/GPIOSOC/Vitis/GPIOSOC/hw/GPIOSOC.xsa
TRACE::2025-02-17.10:47:32::SCWPlatform::DSA directory C:/PXL/devWorks/devWorks2/GPIOSOC/Vitis/GPIOSOC/hw
TRACE::2025-02-17.10:47:32::SCWPlatform:: Platform Path C:/PXL/devWorks/devWorks2/GPIOSOC/Vitis/GPIOSOC/hw/GPIOSOC.xsa
TRACE::2025-02-17.10:47:32::SCWPlatform:: Unique name xilinx:pynq-z2::0.0
TRACE::2025-02-17.10:47:32::SCWPlatform::Trying to set the existing hwdb with name design_1_wrapper_0
TRACE::2025-02-17.10:47:32::SCWPlatform::Opened existing hwdb design_1_wrapper_0
TRACE::2025-02-17.10:47:32::SCWPlatform::Found the Hw Db part of the input DSA
TRACE::2025-02-17.10:47:32::SCWMssOS::Checking the sw design at  C:/PXL/devWorks/devWorks2/GPIOSOC/Vitis/GPIOSOC/zynq_fsbl/zynq_fsbl_bsp/system.mss
TRACE::2025-02-17.10:47:32::SCWMssOS::DEBUG:  swdes dump  C:/PXL/devWorks/devWorks2/GPIOSOC/Vitis/GPIOSOC/ps7_cortexa9_0/standalone_ps7_cortexa9_0/bsp/system.mss|system_0||
C:/PXL/devWorks/devWorks2/GPIOSOC/Vitis/GPIOSOC/zynq_fsbl/zynq_fsbl_bsp/system.mss|system||

TRACE::2025-02-17.10:47:32::SCWMssOS::Sw design exists and opened at  C:/PXL/devWorks/devWorks2/GPIOSOC/Vitis/GPIOSOC/zynq_fsbl/zynq_fsbl_bsp/system.mss
TRACE::2025-02-17.10:47:32::SCWPlatform::Trying to open the hw design at C:/PXL/devWorks/devWorks2/GPIOSOC/Vitis/GPIOSOC/hw/GPIOSOC.xsa
TRACE::2025-02-17.10:47:32::SCWPlatform::DSA given C:/PXL/devWorks/devWorks2/GPIOSOC/Vitis/GPIOSOC/hw/GPIOSOC.xsa
TRACE::2025-02-17.10:47:32::SCWPlatform::DSA absoulate path C:/PXL/devWorks/devWorks2/GPIOSOC/Vitis/GPIOSOC/hw/GPIOSOC.xsa
TRACE::2025-02-17.10:47:32::SCWPlatform::DSA directory C:/PXL/devWorks/devWorks2/GPIOSOC/Vitis/GPIOSOC/hw
TRACE::2025-02-17.10:47:32::SCWPlatform:: Platform Path C:/PXL/devWorks/devWorks2/GPIOSOC/Vitis/GPIOSOC/hw/GPIOSOC.xsa
TRACE::2025-02-17.10:47:32::SCWPlatform:: Unique name xilinx:pynq-z2::0.0
TRACE::2025-02-17.10:47:32::SCWPlatform::Trying to set the existing hwdb with name design_1_wrapper_0
TRACE::2025-02-17.10:47:32::SCWPlatform::Opened existing hwdb design_1_wrapper_0
TRACE::2025-02-17.10:47:32::SCWPlatform::Found the Hw Db part of the input DSA
TRACE::2025-02-17.10:47:32::SCWMssOS::Checking the sw design at  C:/PXL/devWorks/devWorks2/GPIOSOC/Vitis/GPIOSOC/zynq_fsbl/zynq_fsbl_bsp/system.mss
TRACE::2025-02-17.10:47:32::SCWMssOS::DEBUG:  swdes dump  C:/PXL/devWorks/devWorks2/GPIOSOC/Vitis/GPIOSOC/ps7_cortexa9_0/standalone_ps7_cortexa9_0/bsp/system.mss|system_0||
C:/PXL/devWorks/devWorks2/GPIOSOC/Vitis/GPIOSOC/zynq_fsbl/zynq_fsbl_bsp/system.mss|system||

TRACE::2025-02-17.10:47:32::SCWMssOS::Sw design exists and opened at  C:/PXL/devWorks/devWorks2/GPIOSOC/Vitis/GPIOSOC/zynq_fsbl/zynq_fsbl_bsp/system.mss
TRACE::2025-02-17.10:47:32::SCWPlatform::Trying to open the hw design at C:/PXL/devWorks/devWorks2/GPIOSOC/Vitis/GPIOSOC/hw/GPIOSOC.xsa
TRACE::2025-02-17.10:47:32::SCWPlatform::DSA given C:/PXL/devWorks/devWorks2/GPIOSOC/Vitis/GPIOSOC/hw/GPIOSOC.xsa
TRACE::2025-02-17.10:47:32::SCWPlatform::DSA absoulate path C:/PXL/devWorks/devWorks2/GPIOSOC/Vitis/GPIOSOC/hw/GPIOSOC.xsa
TRACE::2025-02-17.10:47:32::SCWPlatform::DSA directory C:/PXL/devWorks/devWorks2/GPIOSOC/Vitis/GPIOSOC/hw
TRACE::2025-02-17.10:47:32::SCWPlatform:: Platform Path C:/PXL/devWorks/devWorks2/GPIOSOC/Vitis/GPIOSOC/hw/GPIOSOC.xsa
TRACE::2025-02-17.10:47:32::SCWPlatform:: Unique name xilinx:pynq-z2::0.0
TRACE::2025-02-17.10:47:32::SCWPlatform::Trying to set the existing hwdb with name design_1_wrapper_0
TRACE::2025-02-17.10:47:32::SCWPlatform::Opened existing hwdb design_1_wrapper_0
TRACE::2025-02-17.10:47:32::SCWPlatform::Found the Hw Db part of the input DSA
TRACE::2025-02-17.10:47:32::SCWMssOS::Checking the sw design at  C:/PXL/devWorks/devWorks2/GPIOSOC/Vitis/GPIOSOC/ps7_cortexa9_0/standalone_ps7_cortexa9_0/bsp/system.mss
TRACE::2025-02-17.10:47:32::SCWMssOS::DEBUG:  swdes dump  C:/PXL/devWorks/devWorks2/GPIOSOC/Vitis/GPIOSOC/ps7_cortexa9_0/standalone_ps7_cortexa9_0/bsp/system.mss|system_0||
C:/PXL/devWorks/devWorks2/GPIOSOC/Vitis/GPIOSOC/zynq_fsbl/zynq_fsbl_bsp/system.mss|system||

TRACE::2025-02-17.10:47:32::SCWMssOS::Sw design exists and opened at  C:/PXL/devWorks/devWorks2/GPIOSOC/Vitis/GPIOSOC/ps7_cortexa9_0/standalone_ps7_cortexa9_0/bsp/system.mss
TRACE::2025-02-17.10:47:32::SCWPlatform::Trying to open the hw design at C:/PXL/devWorks/devWorks2/GPIOSOC/Vitis/GPIOSOC/hw/GPIOSOC.xsa
TRACE::2025-02-17.10:47:32::SCWPlatform::DSA given C:/PXL/devWorks/devWorks2/GPIOSOC/Vitis/GPIOSOC/hw/GPIOSOC.xsa
TRACE::2025-02-17.10:47:32::SCWPlatform::DSA absoulate path C:/PXL/devWorks/devWorks2/GPIOSOC/Vitis/GPIOSOC/hw/GPIOSOC.xsa
TRACE::2025-02-17.10:47:32::SCWPlatform::DSA directory C:/PXL/devWorks/devWorks2/GPIOSOC/Vitis/GPIOSOC/hw
TRACE::2025-02-17.10:47:32::SCWPlatform:: Platform Path C:/PXL/devWorks/devWorks2/GPIOSOC/Vitis/GPIOSOC/hw/GPIOSOC.xsa
TRACE::2025-02-17.10:47:32::SCWPlatform:: Unique name xilinx:pynq-z2::0.0
TRACE::2025-02-17.10:47:32::SCWPlatform::Trying to set the existing hwdb with name design_1_wrapper_0
TRACE::2025-02-17.10:47:32::SCWPlatform::Opened existing hwdb design_1_wrapper_0
TRACE::2025-02-17.10:47:32::SCWPlatform::Found the Hw Db part of the input DSA
TRACE::2025-02-17.10:47:32::SCWMssOS::Checking the sw design at  C:/PXL/devWorks/devWorks2/GPIOSOC/Vitis/GPIOSOC/ps7_cortexa9_0/standalone_ps7_cortexa9_0/bsp/system.mss
TRACE::2025-02-17.10:47:32::SCWMssOS::DEBUG:  swdes dump  C:/PXL/devWorks/devWorks2/GPIOSOC/Vitis/GPIOSOC/ps7_cortexa9_0/standalone_ps7_cortexa9_0/bsp/system.mss|system_0||
C:/PXL/devWorks/devWorks2/GPIOSOC/Vitis/GPIOSOC/zynq_fsbl/zynq_fsbl_bsp/system.mss|system||

TRACE::2025-02-17.10:47:32::SCWMssOS::Sw design exists and opened at  C:/PXL/devWorks/devWorks2/GPIOSOC/Vitis/GPIOSOC/ps7_cortexa9_0/standalone_ps7_cortexa9_0/bsp/system.mss
TRACE::2025-02-17.10:47:32::SCWPlatform::Trying to open the hw design at C:/PXL/devWorks/devWorks2/GPIOSOC/Vitis/GPIOSOC/hw/GPIOSOC.xsa
TRACE::2025-02-17.10:47:32::SCWPlatform::DSA given C:/PXL/devWorks/devWorks2/GPIOSOC/Vitis/GPIOSOC/hw/GPIOSOC.xsa
TRACE::2025-02-17.10:47:32::SCWPlatform::DSA absoulate path C:/PXL/devWorks/devWorks2/GPIOSOC/Vitis/GPIOSOC/hw/GPIOSOC.xsa
TRACE::2025-02-17.10:47:32::SCWPlatform::DSA directory C:/PXL/devWorks/devWorks2/GPIOSOC/Vitis/GPIOSOC/hw
TRACE::2025-02-17.10:47:32::SCWPlatform:: Platform Path C:/PXL/devWorks/devWorks2/GPIOSOC/Vitis/GPIOSOC/hw/GPIOSOC.xsa
TRACE::2025-02-17.10:47:32::SCWPlatform:: Unique name xilinx:pynq-z2::0.0
TRACE::2025-02-17.10:47:32::SCWPlatform::Trying to set the existing hwdb with name design_1_wrapper_0
TRACE::2025-02-17.10:47:32::SCWPlatform::Opened existing hwdb design_1_wrapper_0
TRACE::2025-02-17.10:47:32::SCWPlatform::Found the Hw Db part of the input DSA
TRACE::2025-02-17.10:47:32::SCWMssOS::Checking the sw design at  C:/PXL/devWorks/devWorks2/GPIOSOC/Vitis/GPIOSOC/ps7_cortexa9_0/standalone_ps7_cortexa9_0/bsp/system.mss
TRACE::2025-02-17.10:47:32::SCWMssOS::DEBUG:  swdes dump  C:/PXL/devWorks/devWorks2/GPIOSOC/Vitis/GPIOSOC/ps7_cortexa9_0/standalone_ps7_cortexa9_0/bsp/system.mss|system_0||
C:/PXL/devWorks/devWorks2/GPIOSOC/Vitis/GPIOSOC/zynq_fsbl/zynq_fsbl_bsp/system.mss|system||

TRACE::2025-02-17.10:47:32::SCWMssOS::Sw design exists and opened at  C:/PXL/devWorks/devWorks2/GPIOSOC/Vitis/GPIOSOC/ps7_cortexa9_0/standalone_ps7_cortexa9_0/bsp/system.mss
TRACE::2025-02-17.10:47:32::SCWWriter::formatted JSON is {
	"platformName":	"GPIOSOC",
	"sprVersion":	"2.0",
	"mode":	"gui",
	"dsaType":	"Fixed",
	"platformDesc":	"GPIOSOC",
	"platHandOff":	"C:/PXL/devWorks/devWorks2/GPIOSOC/GPIOSOC.xsa",
	"platIntHandOff":	"<platformDir>/hw/GPIOSOC.xsa",
	"deviceType":	"zynq",
	"platIsPrebuiltAutogen":	"false",
	"platIsNoBootBsp":	"false",
	"platFsblTarget":	"ps7_cortexa9_0",
	"hasFsblMakeHasChanges":	"false",
	"hasPmufwMakeHasChanges":	"false",
	"fsblExtraCompilerFlags":	"-MMD -MP       -mcpu=cortex-a9 -mfpu=vfpv3 -mfloat-abi=hard ",
	"platPreBuiltFlag":	false,
	"platformSamplesDir":	"",
	"platActiveSys":	"GPIOSOC",
	"systems":	[{
			"systemName":	"GPIOSOC",
			"systemDesc":	"GPIOSOC",
			"sysIsBootAutoGen":	"true",
			"systemDispName":	"GPIOSOC",
			"sysActiveDom":	"standalone_ps7_cortexa9_0",
			"sysDefaultDom":	"standalone_ps7_cortexa9_0",
			"domains":	[{
					"domainName":	"zynq_fsbl",
					"domainDispName":	"zynq_fsbl",
					"domainDesc":	"FSBL Application BSP - Auto Generated.",
					"processors":	"ps7_cortexa9_0",
					"os":	"standalone",
					"sdxOs":	"standalone",
					"debugEnable":	"",
					"domRuntimes":	["cpp"],
					"swRepo":	"",
					"mssOsVer":	"9.1",
					"mssFile":	"",
					"md5Digest":	"38ba93e41c0d74ae18df48b1f9514907",
					"compatibleApp":	"zynq_fsbl",
					"domType":	"bootDomain",
					"arch":	"32-bit",
					"appSettings":	{
						"appCompilerFlags":	"",
						"appLinkerFlags":	""
					},
					"addedLibs":	["xilffs:5.2", "xilrsa:1.8"],
					"libOptions":	{
						"libsContainingOptions":	[]
					},
					"prebuiltLibs":	{
						"prebuiltIncPath":	[],
						"prebuiltLibPath":	[]
					},
					"isolation":	{
					}
				}, {
					"domainName":	"standalone_ps7_cortexa9_0",
					"domainDispName":	"standalone_ps7_cortexa9_0",
					"domainDesc":	"standalone_ps7_cortexa9_0",
					"processors":	"ps7_cortexa9_0",
					"os":	"standalone",
					"sdxOs":	"standalone",
					"qemuArgs":	"<platformDir>/resources/GPIOSOC/standalone_ps7_cortexa9_0/qemu_args.txt",
					"qemuData":	"<platformDir>/resources/GPIOSOC/standalone_ps7_cortexa9_0/qemu",
					"debugEnable":	"False",
					"domRuntimes":	["cpp"],
					"swRepo":	"",
					"mssOsVer":	"9.1",
					"mssFile":	"",
					"md5Digest":	"6a262be947555ba770b2f1965ebd288c",
					"compatibleApp":	"hello_world",
					"domType":	"mssDomain",
					"arch":	"32-bit",
					"appSettings":	{
						"appCompilerFlags":	"",
						"appLinkerFlags":	""
					},
					"addedLibs":	[],
					"libOptions":	{
						"libsContainingOptions":	[]
					},
					"prebuiltLibs":	{
						"prebuiltIncPath":	[],
						"prebuiltLibPath":	[]
					},
					"isolation":	{
					}
				}]
		}]
}
KEYINFO::2025-02-17.10:47:32::SCWPlatform::updated the xpfm file.
LOG::2025-02-17.10:48:03::SCWPlatform::Started generating the artifacts platform GPIOSOC
TRACE::2025-02-17.10:48:03::SCWPlatform::Sanity checking of platform is completed
LOG::2025-02-17.10:48:03::SCWPlatform::Started generating the artifacts for system configuration GPIOSOC
LOG::2025-02-17.10:48:03::SCWSystem::Checking the domain zynq_fsbl
LOG::2025-02-17.10:48:03::SCWSystem::Doing application build for :  zynq_fsbl
TRACE::2025-02-17.10:48:03::SCWBDomain::Not a forced makefile updation, No changes are present. 
TRACE::2025-02-17.10:48:03::SCWDomain::Building the domain as part of full build :  zynq_fsbl
TRACE::2025-02-17.10:48:03::SCWPlatform::Trying to open the hw design at C:/PXL/devWorks/devWorks2/GPIOSOC/Vitis/GPIOSOC/hw/GPIOSOC.xsa
TRACE::2025-02-17.10:48:03::SCWPlatform::DSA given C:/PXL/devWorks/devWorks2/GPIOSOC/Vitis/GPIOSOC/hw/GPIOSOC.xsa
TRACE::2025-02-17.10:48:03::SCWPlatform::DSA absoulate path C:/PXL/devWorks/devWorks2/GPIOSOC/Vitis/GPIOSOC/hw/GPIOSOC.xsa
TRACE::2025-02-17.10:48:03::SCWPlatform::DSA directory C:/PXL/devWorks/devWorks2/GPIOSOC/Vitis/GPIOSOC/hw
TRACE::2025-02-17.10:48:03::SCWPlatform:: Platform Path C:/PXL/devWorks/devWorks2/GPIOSOC/Vitis/GPIOSOC/hw/GPIOSOC.xsa
TRACE::2025-02-17.10:48:03::SCWPlatform:: Unique name xilinx:pynq-z2::0.0
TRACE::2025-02-17.10:48:03::SCWPlatform::Trying to set the existing hwdb with name design_1_wrapper_0
TRACE::2025-02-17.10:48:03::SCWPlatform::Opened existing hwdb design_1_wrapper_0
TRACE::2025-02-17.10:48:03::SCWPlatform::Found the Hw Db part of the input DSA
TRACE::2025-02-17.10:48:03::SCWMssOS::Checking the sw design at  C:/PXL/devWorks/devWorks2/GPIOSOC/Vitis/GPIOSOC/zynq_fsbl/zynq_fsbl_bsp/system.mss
TRACE::2025-02-17.10:48:03::SCWMssOS::DEBUG:  swdes dump  C:/PXL/devWorks/devWorks2/GPIOSOC/Vitis/GPIOSOC/ps7_cortexa9_0/standalone_ps7_cortexa9_0/bsp/system.mss|system_0||
C:/PXL/devWorks/devWorks2/GPIOSOC/Vitis/GPIOSOC/zynq_fsbl/zynq_fsbl_bsp/system.mss|system||

TRACE::2025-02-17.10:48:03::SCWMssOS::Sw design exists and opened at  C:/PXL/devWorks/devWorks2/GPIOSOC/Vitis/GPIOSOC/zynq_fsbl/zynq_fsbl_bsp/system.mss
TRACE::2025-02-17.10:48:03::SCWBDomain::Completed writing the mss file at C:/PXL/devWorks/devWorks2/GPIOSOC/Vitis/GPIOSOC/zynq_fsbl/zynq_fsbl_bsp
TRACE::2025-02-17.10:48:03::SCWBDomain::bsp generated is upto date with the mss file. Skipping bsp generation.
TRACE::2025-02-17.10:48:03::SCWBDomain::Not a forced makefile updation, No changes are present. 
TRACE::2025-02-17.10:48:03::SCWBDomain::System Command Ran  C:&  cd  C:/PXL/devWorks/devWorks2/GPIOSOC/Vitis/GPIOSOC/zynq_fsbl& make -C  zynq_fsbl_bsp & make 
TRACE::2025-02-17.10:48:04::SCWBDomain::make: Entering directory 'C:/PXL/devWorks/devWorks2/GPIOSOC/Vitis/GPIOSOC/zynq_fsbl/zynq_fsbl_bsp'

TRACE::2025-02-17.10:48:04::SCWBDomain::make --no-print-directory seq_libs

TRACE::2025-02-17.10:48:04::SCWBDomain::"Running Make include in ps7_cortexa9_0/libsrc/coresightps_dcc_v1_10/src"

TRACE::2025-02-17.10:48:04::SCWBDomain::make -C ps7_cortexa9_0/libsrc/coresightps_dcc_v1_10/src -s include  "SHELL=CMD" "COMPILER=arm-none-eabi-gcc" "ASSEMBLER=arm-non
TRACE::2025-02-17.10:48:04::SCWBDomain::e-eabi-as" "ARCHIVER=arm-none-eabi-ar" "COMPILER_FLAGS=  -O2 -c" "EXTRA_COMPILER_FLAGS=-mcpu=cortex-a9 -mfpu=vfpv3 -mfloat-abi=
TRACE::2025-02-17.10:48:04::SCWBDomain::hard -nostartfiles -g -Wall -Wextra -fno-tree-loop-distribute-patterns"

TRACE::2025-02-17.10:48:04::SCWBDomain::"Running Make include in ps7_cortexa9_0/libsrc/cpu_cortexa9_v2_12/src"

TRACE::2025-02-17.10:48:04::SCWBDomain::make -C ps7_cortexa9_0/libsrc/cpu_cortexa9_v2_12/src -s include  "SHELL=CMD" "COMPILER=arm-none-eabi-gcc" "ASSEMBLER=arm-none-e
TRACE::2025-02-17.10:48:04::SCWBDomain::abi-as" "ARCHIVER=arm-none-eabi-ar" "COMPILER_FLAGS=  -O2 -c" "EXTRA_COMPILER_FLAGS=-mcpu=cortex-a9 -mfpu=vfpv3 -mfloat-abi=har
TRACE::2025-02-17.10:48:04::SCWBDomain::d -nostartfiles -g -Wall -Wextra -fno-tree-loop-distribute-patterns"

TRACE::2025-02-17.10:48:04::SCWBDomain::"Running Make include in ps7_cortexa9_0/libsrc/ddrps_v1_2/src"

TRACE::2025-02-17.10:48:04::SCWBDomain::make -C ps7_cortexa9_0/libsrc/ddrps_v1_2/src -s include  "SHELL=CMD" "COMPILER=arm-none-eabi-gcc" "ASSEMBLER=arm-none-eabi-as" 
TRACE::2025-02-17.10:48:04::SCWBDomain::"ARCHIVER=arm-none-eabi-ar" "COMPILER_FLAGS=  -O2 -c" "EXTRA_COMPILER_FLAGS=-mcpu=cortex-a9 -mfpu=vfpv3 -mfloat-abi=hard -nosta
TRACE::2025-02-17.10:48:04::SCWBDomain::rtfiles -g -Wall -Wextra -fno-tree-loop-distribute-patterns"

TRACE::2025-02-17.10:48:04::SCWBDomain::"Running Make include in ps7_cortexa9_0/libsrc/devcfg_v3_8/src"

TRACE::2025-02-17.10:48:04::SCWBDomain::make -C ps7_cortexa9_0/libsrc/devcfg_v3_8/src -s include  "SHELL=CMD" "COMPILER=arm-none-eabi-gcc" "ASSEMBLER=arm-none-eabi-as"
TRACE::2025-02-17.10:48:04::SCWBDomain:: "ARCHIVER=arm-none-eabi-ar" "COMPILER_FLAGS=  -O2 -c" "EXTRA_COMPILER_FLAGS=-mcpu=cortex-a9 -mfpu=vfpv3 -mfloat-abi=hard -nost
TRACE::2025-02-17.10:48:04::SCWBDomain::artfiles -g -Wall -Wextra -fno-tree-loop-distribute-patterns"

TRACE::2025-02-17.10:48:04::SCWBDomain::"Running Make include in ps7_cortexa9_0/libsrc/dmaps_v2_10/src"

TRACE::2025-02-17.10:48:04::SCWBDomain::make -C ps7_cortexa9_0/libsrc/dmaps_v2_10/src -s include  "SHELL=CMD" "COMPILER=arm-none-eabi-gcc" "ASSEMBLER=arm-none-eabi-as"
TRACE::2025-02-17.10:48:04::SCWBDomain:: "ARCHIVER=arm-none-eabi-ar" "COMPILER_FLAGS=  -O2 -c" "EXTRA_COMPILER_FLAGS=-mcpu=cortex-a9 -mfpu=vfpv3 -mfloat-abi=hard -nost
TRACE::2025-02-17.10:48:04::SCWBDomain::artfiles -g -Wall -Wextra -fno-tree-loop-distribute-patterns"

TRACE::2025-02-17.10:48:04::SCWBDomain::"Running Make include in ps7_cortexa9_0/libsrc/emacps_v3_20/src"

TRACE::2025-02-17.10:48:04::SCWBDomain::make -C ps7_cortexa9_0/libsrc/emacps_v3_20/src -s include  "SHELL=CMD" "COMPILER=arm-none-eabi-gcc" "ASSEMBLER=arm-none-eabi-as
TRACE::2025-02-17.10:48:04::SCWBDomain::" "ARCHIVER=arm-none-eabi-ar" "COMPILER_FLAGS=  -O2 -c" "EXTRA_COMPILER_FLAGS=-mcpu=cortex-a9 -mfpu=vfpv3 -mfloat-abi=hard -nos
TRACE::2025-02-17.10:48:04::SCWBDomain::tartfiles -g -Wall -Wextra -fno-tree-loop-distribute-patterns"

TRACE::2025-02-17.10:48:04::SCWBDomain::"Running Make include in ps7_cortexa9_0/libsrc/gpiops_v3_13/src"

TRACE::2025-02-17.10:48:04::SCWBDomain::make -C ps7_cortexa9_0/libsrc/gpiops_v3_13/src -s include  "SHELL=CMD" "COMPILER=arm-none-eabi-gcc" "ASSEMBLER=arm-none-eabi-as
TRACE::2025-02-17.10:48:04::SCWBDomain::" "ARCHIVER=arm-none-eabi-ar" "COMPILER_FLAGS=  -O2 -c" "EXTRA_COMPILER_FLAGS=-mcpu=cortex-a9 -mfpu=vfpv3 -mfloat-abi=hard -nos
TRACE::2025-02-17.10:48:04::SCWBDomain::tartfiles -g -Wall -Wextra -fno-tree-loop-distribute-patterns"

TRACE::2025-02-17.10:48:05::SCWBDomain::"Running Make include in ps7_cortexa9_0/libsrc/gpio_v4_11/src"

TRACE::2025-02-17.10:48:05::SCWBDomain::make -C ps7_cortexa9_0/libsrc/gpio_v4_11/src -s include  "SHELL=CMD" "COMPILER=arm-none-eabi-gcc" "ASSEMBLER=arm-none-eabi-as" 
TRACE::2025-02-17.10:48:05::SCWBDomain::"ARCHIVER=arm-none-eabi-ar" "COMPILER_FLAGS=  -O2 -c" "EXTRA_COMPILER_FLAGS=-mcpu=cortex-a9 -mfpu=vfpv3 -mfloat-abi=hard -nosta
TRACE::2025-02-17.10:48:05::SCWBDomain::rtfiles -g -Wall -Wextra -fno-tree-loop-distribute-patterns"

TRACE::2025-02-17.10:48:05::SCWBDomain::"Running Make include in ps7_cortexa9_0/libsrc/qspips_v3_12/src"

TRACE::2025-02-17.10:48:05::SCWBDomain::make -C ps7_cortexa9_0/libsrc/qspips_v3_12/src -s include  "SHELL=CMD" "COMPILER=arm-none-eabi-gcc" "ASSEMBLER=arm-none-eabi-as
TRACE::2025-02-17.10:48:05::SCWBDomain::" "ARCHIVER=arm-none-eabi-ar" "COMPILER_FLAGS=  -O2 -c" "EXTRA_COMPILER_FLAGS=-mcpu=cortex-a9 -mfpu=vfpv3 -mfloat-abi=hard -nos
TRACE::2025-02-17.10:48:05::SCWBDomain::tartfiles -g -Wall -Wextra -fno-tree-loop-distribute-patterns"

TRACE::2025-02-17.10:48:05::SCWBDomain::"Running Make include in ps7_cortexa9_0/libsrc/scugic_v5_3/src"

TRACE::2025-02-17.10:48:05::SCWBDomain::make -C ps7_cortexa9_0/libsrc/scugic_v5_3/src -s include  "SHELL=CMD" "COMPILER=arm-none-eabi-gcc" "ASSEMBLER=arm-none-eabi-as"
TRACE::2025-02-17.10:48:05::SCWBDomain:: "ARCHIVER=arm-none-eabi-ar" "COMPILER_FLAGS=  -O2 -c" "EXTRA_COMPILER_FLAGS=-mcpu=cortex-a9 -mfpu=vfpv3 -mfloat-abi=hard -nost
TRACE::2025-02-17.10:48:05::SCWBDomain::artfiles -g -Wall -Wextra -fno-tree-loop-distribute-patterns"

TRACE::2025-02-17.10:48:05::SCWBDomain::"Running Make include in ps7_cortexa9_0/libsrc/scutimer_v2_6/src"

TRACE::2025-02-17.10:48:05::SCWBDomain::make -C ps7_cortexa9_0/libsrc/scutimer_v2_6/src -s include  "SHELL=CMD" "COMPILER=arm-none-eabi-gcc" "ASSEMBLER=arm-none-eabi-a
TRACE::2025-02-17.10:48:05::SCWBDomain::s" "ARCHIVER=arm-none-eabi-ar" "COMPILER_FLAGS=  -O2 -c" "EXTRA_COMPILER_FLAGS=-mcpu=cortex-a9 -mfpu=vfpv3 -mfloat-abi=hard -no
TRACE::2025-02-17.10:48:05::SCWBDomain::startfiles -g -Wall -Wextra -fno-tree-loop-distribute-patterns"

TRACE::2025-02-17.10:48:05::SCWBDomain::"Running Make include in ps7_cortexa9_0/libsrc/scuwdt_v2_5/src"

TRACE::2025-02-17.10:48:05::SCWBDomain::make -C ps7_cortexa9_0/libsrc/scuwdt_v2_5/src -s include  "SHELL=CMD" "COMPILER=arm-none-eabi-gcc" "ASSEMBLER=arm-none-eabi-as"
TRACE::2025-02-17.10:48:05::SCWBDomain:: "ARCHIVER=arm-none-eabi-ar" "COMPILER_FLAGS=  -O2 -c" "EXTRA_COMPILER_FLAGS=-mcpu=cortex-a9 -mfpu=vfpv3 -mfloat-abi=hard -nost
TRACE::2025-02-17.10:48:05::SCWBDomain::artfiles -g -Wall -Wextra -fno-tree-loop-distribute-patterns"

TRACE::2025-02-17.10:48:05::SCWBDomain::"Running Make include in ps7_cortexa9_0/libsrc/sdps_v4_3/src"

TRACE::2025-02-17.10:48:05::SCWBDomain::make -C ps7_cortexa9_0/libsrc/sdps_v4_3/src -s include  "SHELL=CMD" "COMPILER=arm-none-eabi-gcc" "ASSEMBLER=arm-none-eabi-as" "
TRACE::2025-02-17.10:48:05::SCWBDomain::ARCHIVER=arm-none-eabi-ar" "COMPILER_FLAGS=  -O2 -c" "EXTRA_COMPILER_FLAGS=-mcpu=cortex-a9 -mfpu=vfpv3 -mfloat-abi=hard -nostar
TRACE::2025-02-17.10:48:05::SCWBDomain::tfiles -g -Wall -Wextra -fno-tree-loop-distribute-patterns"

TRACE::2025-02-17.10:48:05::SCWBDomain::"Running Make include in ps7_cortexa9_0/libsrc/standalone_v9_1/src"

TRACE::2025-02-17.10:48:05::SCWBDomain::make -C ps7_cortexa9_0/libsrc/standalone_v9_1/src -s include  "SHELL=CMD" "COMPILER=arm-none-eabi-gcc" "ASSEMBLER=arm-none-eabi
TRACE::2025-02-17.10:48:05::SCWBDomain::-as" "ARCHIVER=arm-none-eabi-ar" "COMPILER_FLAGS=  -O2 -c" "EXTRA_COMPILER_FLAGS=-mcpu=cortex-a9 -mfpu=vfpv3 -mfloat-abi=hard -
TRACE::2025-02-17.10:48:05::SCWBDomain::nostartfiles -g -Wall -Wextra -fno-tree-loop-distribute-patterns"

TRACE::2025-02-17.10:48:06::SCWBDomain::"Running Make include in ps7_cortexa9_0/libsrc/uartps_v3_14/src"

TRACE::2025-02-17.10:48:06::SCWBDomain::make -C ps7_cortexa9_0/libsrc/uartps_v3_14/src -s include  "SHELL=CMD" "COMPILER=arm-none-eabi-gcc" "ASSEMBLER=arm-none-eabi-as
TRACE::2025-02-17.10:48:06::SCWBDomain::" "ARCHIVER=arm-none-eabi-ar" "COMPILER_FLAGS=  -O2 -c" "EXTRA_COMPILER_FLAGS=-mcpu=cortex-a9 -mfpu=vfpv3 -mfloat-abi=hard -nos
TRACE::2025-02-17.10:48:06::SCWBDomain::tartfiles -g -Wall -Wextra -fno-tree-loop-distribute-patterns"

TRACE::2025-02-17.10:48:06::SCWBDomain::"Running Make include in ps7_cortexa9_0/libsrc/usbps_v2_9/src"

TRACE::2025-02-17.10:48:06::SCWBDomain::make -C ps7_cortexa9_0/libsrc/usbps_v2_9/src -s include  "SHELL=CMD" "COMPILER=arm-none-eabi-gcc" "ASSEMBLER=arm-none-eabi-as" 
TRACE::2025-02-17.10:48:06::SCWBDomain::"ARCHIVER=arm-none-eabi-ar" "COMPILER_FLAGS=  -O2 -c" "EXTRA_COMPILER_FLAGS=-mcpu=cortex-a9 -mfpu=vfpv3 -mfloat-abi=hard -nosta
TRACE::2025-02-17.10:48:06::SCWBDomain::rtfiles -g -Wall -Wextra -fno-tree-loop-distribute-patterns"

TRACE::2025-02-17.10:48:06::SCWBDomain::"Running Make include in ps7_cortexa9_0/libsrc/xadcps_v2_7/src"

TRACE::2025-02-17.10:48:06::SCWBDomain::make -C ps7_cortexa9_0/libsrc/xadcps_v2_7/src -s include  "SHELL=CMD" "COMPILER=arm-none-eabi-gcc" "ASSEMBLER=arm-none-eabi-as"
TRACE::2025-02-17.10:48:06::SCWBDomain:: "ARCHIVER=arm-none-eabi-ar" "COMPILER_FLAGS=  -O2 -c" "EXTRA_COMPILER_FLAGS=-mcpu=cortex-a9 -mfpu=vfpv3 -mfloat-abi=hard -nost
TRACE::2025-02-17.10:48:06::SCWBDomain::artfiles -g -Wall -Wextra -fno-tree-loop-distribute-patterns"

TRACE::2025-02-17.10:48:07::SCWBDomain::"Running Make include in ps7_cortexa9_0/libsrc/xilffs_v5_2/src"

TRACE::2025-02-17.10:48:07::SCWBDomain::make -C ps7_cortexa9_0/libsrc/xilffs_v5_2/src -s include  "SHELL=CMD" "COMPILER=arm-none-eabi-gcc" "ASSEMBLER=arm-none-eabi-as"
TRACE::2025-02-17.10:48:07::SCWBDomain:: "ARCHIVER=arm-none-eabi-ar" "COMPILER_FLAGS=  -O2 -c" "EXTRA_COMPILER_FLAGS=-mcpu=cortex-a9 -mfpu=vfpv3 -mfloat-abi=hard -nost
TRACE::2025-02-17.10:48:07::SCWBDomain::artfiles -g -Wall -Wextra -fno-tree-loop-distribute-patterns"

TRACE::2025-02-17.10:48:07::SCWBDomain::"Running Make include in ps7_cortexa9_0/libsrc/xilrsa_v1_8/src"

TRACE::2025-02-17.10:48:07::SCWBDomain::make -C ps7_cortexa9_0/libsrc/xilrsa_v1_8/src -s include  "SHELL=CMD" "COMPILER=arm-none-eabi-gcc" "ASSEMBLER=arm-none-eabi-as"
TRACE::2025-02-17.10:48:07::SCWBDomain:: "ARCHIVER=arm-none-eabi-ar" "COMPILER_FLAGS=  -O2 -c" "EXTRA_COMPILER_FLAGS=-mcpu=cortex-a9 -mfpu=vfpv3 -mfloat-abi=hard -nost
TRACE::2025-02-17.10:48:07::SCWBDomain::artfiles -g -Wall -Wextra -fno-tree-loop-distribute-patterns"

TRACE::2025-02-17.10:48:07::SCWBDomain::"Running Make libs in ps7_cortexa9_0/libsrc/xilrsa_v1_8/src"

TRACE::2025-02-17.10:48:07::SCWBDomain::make -C ps7_cortexa9_0/libsrc/xilrsa_v1_8/src -s libs  "SHELL=CMD" "COMPILER=arm-none-eabi-gcc" "ASSEMBLER=arm-none-eabi-as" "A
TRACE::2025-02-17.10:48:07::SCWBDomain::RCHIVER=arm-none-eabi-ar" "COMPILER_FLAGS=  -O2 -c" "EXTRA_COMPILER_FLAGS=-mcpu=cortex-a9 -mfpu=vfpv3 -mfloat-abi=hard -nostart
TRACE::2025-02-17.10:48:07::SCWBDomain::files -g -Wall -Wextra -fno-tree-loop-distribute-patterns"

TRACE::2025-02-17.10:48:07::SCWBDomain::'Finished building libraries sequentially.'

TRACE::2025-02-17.10:48:07::SCWBDomain::make -j 6 --no-print-directory par_libs

TRACE::2025-02-17.10:48:07::SCWBDomain::"Running Make include in ps7_cortexa9_0/libsrc/coresightps_dcc_v1_10/src"

TRACE::2025-02-17.10:48:07::SCWBDomain::make -C ps7_cortexa9_0/libsrc/coresightps_dcc_v1_10/src -s include  "SHELL=CMD" "COMPILER=arm-none-eabi-gcc" "ASSEMBLER=arm-non
TRACE::2025-02-17.10:48:07::SCWBDomain::e-eabi-as" "ARCHIVER=arm-none-eabi-ar" "COMPILER_FLAGS=  -O2 -c" "EXTRA_COMPILER_FLAGS=-mcpu=cortex-a9 -mfpu=vfpv3 -mfloat-abi=
TRACE::2025-02-17.10:48:07::SCWBDomain::hard -nostartfiles -g -Wall -Wextra -fno-tree-loop-distribute-patterns"

TRACE::2025-02-17.10:48:07::SCWBDomain::"Running Make include in ps7_cortexa9_0/libsrc/cpu_cortexa9_v2_12/src"

TRACE::2025-02-17.10:48:07::SCWBDomain::make -C ps7_cortexa9_0/libsrc/cpu_cortexa9_v2_12/src -s include  "SHELL=CMD" "COMPILER=arm-none-eabi-gcc" "ASSEMBLER=arm-none-e
TRACE::2025-02-17.10:48:07::SCWBDomain::abi-as" "ARCHIVER=arm-none-eabi-ar" "COMPILER_FLAGS=  -O2 -c" "EXTRA_COMPILER_FLAGS=-mcpu=cortex-a9 -mfpu=vfpv3 -mfloat-abi=har
TRACE::2025-02-17.10:48:07::SCWBDomain::d -nostartfiles -g -Wall -Wextra -fno-tree-loop-distribute-patterns"

TRACE::2025-02-17.10:48:07::SCWBDomain::"Running Make include in ps7_cortexa9_0/libsrc/ddrps_v1_2/src"

TRACE::2025-02-17.10:48:07::SCWBDomain::make -C ps7_cortexa9_0/libsrc/ddrps_v1_2/src -s include  "SHELL=CMD" "COMPILER=arm-none-eabi-gcc" "ASSEMBLER=arm-none-eabi-as" 
TRACE::2025-02-17.10:48:07::SCWBDomain::"ARCHIVER=arm-none-eabi-ar" "COMPILER_FLAGS=  -O2 -c" "EXTRA_COMPILER_FLAGS=-mcpu=cortex-a9 -mfpu=vfpv3 -mfloat-abi=hard -nosta
TRACE::2025-02-17.10:48:07::SCWBDomain::rtfiles -g -Wall -Wextra -fno-tree-loop-distribute-patterns"

TRACE::2025-02-17.10:48:07::SCWBDomain::"Running Make include in ps7_cortexa9_0/libsrc/devcfg_v3_8/src"

TRACE::2025-02-17.10:48:07::SCWBDomain::make -C ps7_cortexa9_0/libsrc/devcfg_v3_8/src -s include  "SHELL=CMD" "COMPILER=arm-none-eabi-gcc" "ASSEMBLER=arm-none-eabi-as"
TRACE::2025-02-17.10:48:07::SCWBDomain:: "ARCHIVER=arm-none-eabi-ar" "COMPILER_FLAGS=  -O2 -c" "EXTRA_COMPILER_FLAGS=-mcpu=cortex-a9 -mfpu=vfpv3 -mfloat-abi=hard -nost
TRACE::2025-02-17.10:48:07::SCWBDomain::artfiles -g -Wall -Wextra -fno-tree-loop-distribute-patterns"

TRACE::2025-02-17.10:48:07::SCWBDomain::"Running Make include in ps7_cortexa9_0/libsrc/dmaps_v2_10/src"

TRACE::2025-02-17.10:48:07::SCWBDomain::make -C ps7_cortexa9_0/libsrc/dmaps_v2_10/src -s include  "SHELL=CMD" "COMPILER=arm-none-eabi-gcc" "ASSEMBLER=arm-none-eabi-as"
TRACE::2025-02-17.10:48:07::SCWBDomain:: "ARCHIVER=arm-none-eabi-ar" "COMPILER_FLAGS=  -O2 -c" "EXTRA_COMPILER_FLAGS=-mcpu=cortex-a9 -mfpu=vfpv3 -mfloat-abi=hard -nost
TRACE::2025-02-17.10:48:07::SCWBDomain::artfiles -g -Wall -Wextra -fno-tree-loop-distribute-patterns"

TRACE::2025-02-17.10:48:07::SCWBDomain::"Running Make include in ps7_cortexa9_0/libsrc/emacps_v3_20/src"

TRACE::2025-02-17.10:48:07::SCWBDomain::make -C ps7_cortexa9_0/libsrc/emacps_v3_20/src -s include  "SHELL=CMD" "COMPILER=arm-none-eabi-gcc" "ASSEMBLER=arm-none-eabi-as
TRACE::2025-02-17.10:48:07::SCWBDomain::" "ARCHIVER=arm-none-eabi-ar" "COMPILER_FLAGS=  -O2 -c" "EXTRA_COMPILER_FLAGS=-mcpu=cortex-a9 -mfpu=vfpv3 -mfloat-abi=hard -nos
TRACE::2025-02-17.10:48:07::SCWBDomain::tartfiles -g -Wall -Wextra -fno-tree-loop-distribute-patterns"

TRACE::2025-02-17.10:48:07::SCWBDomain::"Running Make include in ps7_cortexa9_0/libsrc/gpiops_v3_13/src"

TRACE::2025-02-17.10:48:07::SCWBDomain::make -C ps7_cortexa9_0/libsrc/gpiops_v3_13/src -s include  "SHELL=CMD" "COMPILER=arm-none-eabi-gcc" "ASSEMBLER=arm-none-eabi-as
TRACE::2025-02-17.10:48:07::SCWBDomain::" "ARCHIVER=arm-none-eabi-ar" "COMPILER_FLAGS=  -O2 -c" "EXTRA_COMPILER_FLAGS=-mcpu=cortex-a9 -mfpu=vfpv3 -mfloat-abi=hard -nos
TRACE::2025-02-17.10:48:07::SCWBDomain::tartfiles -g -Wall -Wextra -fno-tree-loop-distribute-patterns"

TRACE::2025-02-17.10:48:07::SCWBDomain::"Running Make include in ps7_cortexa9_0/libsrc/gpio_v4_11/src"

TRACE::2025-02-17.10:48:07::SCWBDomain::make -C ps7_cortexa9_0/libsrc/gpio_v4_11/src -s include  "SHELL=CMD" "COMPILER=arm-none-eabi-gcc" "ASSEMBLER=arm-none-eabi-as" 
TRACE::2025-02-17.10:48:07::SCWBDomain::"ARCHIVER=arm-none-eabi-ar" "COMPILER_FLAGS=  -O2 -c" "EXTRA_COMPILER_FLAGS=-mcpu=cortex-a9 -mfpu=vfpv3 -mfloat-abi=hard -nosta
TRACE::2025-02-17.10:48:07::SCWBDomain::rtfiles -g -Wall -Wextra -fno-tree-loop-distribute-patterns"

TRACE::2025-02-17.10:48:07::SCWBDomain::"Running Make include in ps7_cortexa9_0/libsrc/qspips_v3_12/src"

TRACE::2025-02-17.10:48:07::SCWBDomain::make -C ps7_cortexa9_0/libsrc/qspips_v3_12/src -s include  "SHELL=CMD" "COMPILER=arm-none-eabi-gcc" "ASSEMBLER=arm-none-eabi-as
TRACE::2025-02-17.10:48:07::SCWBDomain::" "ARCHIVER=arm-none-eabi-ar" "COMPILER_FLAGS=  -O2 -c" "EXTRA_COMPILER_FLAGS=-mcpu=cortex-a9 -mfpu=vfpv3 -mfloat-abi=hard -nos
TRACE::2025-02-17.10:48:07::SCWBDomain::tartfiles -g -Wall -Wextra -fno-tree-loop-distribute-patterns"

TRACE::2025-02-17.10:48:07::SCWBDomain::"Running Make include in ps7_cortexa9_0/libsrc/scugic_v5_3/src"

TRACE::2025-02-17.10:48:07::SCWBDomain::make -C ps7_cortexa9_0/libsrc/scugic_v5_3/src -s include  "SHELL=CMD" "COMPILER=arm-none-eabi-gcc" "ASSEMBLER=arm-none-eabi-as"
TRACE::2025-02-17.10:48:07::SCWBDomain:: "ARCHIVER=arm-none-eabi-ar" "COMPILER_FLAGS=  -O2 -c" "EXTRA_COMPILER_FLAGS=-mcpu=cortex-a9 -mfpu=vfpv3 -mfloat-abi=hard -nost
TRACE::2025-02-17.10:48:07::SCWBDomain::artfiles -g -Wall -Wextra -fno-tree-loop-distribute-patterns"

TRACE::2025-02-17.10:48:07::SCWBDomain::"Running Make include in ps7_cortexa9_0/libsrc/scutimer_v2_6/src"

TRACE::2025-02-17.10:48:07::SCWBDomain::make -C ps7_cortexa9_0/libsrc/scutimer_v2_6/src -s include  "SHELL=CMD" "COMPILER=arm-none-eabi-gcc" "ASSEMBLER=arm-none-eabi-a
TRACE::2025-02-17.10:48:07::SCWBDomain::s" "ARCHIVER=arm-none-eabi-ar" "COMPILER_FLAGS=  -O2 -c" "EXTRA_COMPILER_FLAGS=-mcpu=cortex-a9 -mfpu=vfpv3 -mfloat-abi=hard -no
TRACE::2025-02-17.10:48:07::SCWBDomain::startfiles -g -Wall -Wextra -fno-tree-loop-distribute-patterns"

TRACE::2025-02-17.10:48:07::SCWBDomain::"Running Make include in ps7_cortexa9_0/libsrc/scuwdt_v2_5/src"

TRACE::2025-02-17.10:48:07::SCWBDomain::make -C ps7_cortexa9_0/libsrc/scuwdt_v2_5/src -s include  "SHELL=CMD" "COMPILER=arm-none-eabi-gcc" "ASSEMBLER=arm-none-eabi-as"
TRACE::2025-02-17.10:48:07::SCWBDomain:: "ARCHIVER=arm-none-eabi-ar" "COMPILER_FLAGS=  -O2 -c" "EXTRA_COMPILER_FLAGS=-mcpu=cortex-a9 -mfpu=vfpv3 -mfloat-abi=hard -nost
TRACE::2025-02-17.10:48:07::SCWBDomain::artfiles -g -Wall -Wextra -fno-tree-loop-distribute-patterns"

TRACE::2025-02-17.10:48:07::SCWBDomain::"Running Make include in ps7_cortexa9_0/libsrc/sdps_v4_3/src"

TRACE::2025-02-17.10:48:07::SCWBDomain::make -C ps7_cortexa9_0/libsrc/sdps_v4_3/src -s include  "SHELL=CMD" "COMPILER=arm-none-eabi-gcc" "ASSEMBLER=arm-none-eabi-as" "
TRACE::2025-02-17.10:48:07::SCWBDomain::ARCHIVER=arm-none-eabi-ar" "COMPILER_FLAGS=  -O2 -c" "EXTRA_COMPILER_FLAGS=-mcpu=cortex-a9 -mfpu=vfpv3 -mfloat-abi=hard -nostar
TRACE::2025-02-17.10:48:07::SCWBDomain::tfiles -g -Wall -Wextra -fno-tree-loop-distribute-patterns"

TRACE::2025-02-17.10:48:07::SCWBDomain::"Running Make include in ps7_cortexa9_0/libsrc/standalone_v9_1/src"

TRACE::2025-02-17.10:48:07::SCWBDomain::make -C ps7_cortexa9_0/libsrc/standalone_v9_1/src -s include  "SHELL=CMD" "COMPILER=arm-none-eabi-gcc" "ASSEMBLER=arm-none-eabi
TRACE::2025-02-17.10:48:07::SCWBDomain::-as" "ARCHIVER=arm-none-eabi-ar" "COMPILER_FLAGS=  -O2 -c" "EXTRA_COMPILER_FLAGS=-mcpu=cortex-a9 -mfpu=vfpv3 -mfloat-abi=hard -
TRACE::2025-02-17.10:48:07::SCWBDomain::nostartfiles -g -Wall -Wextra -fno-tree-loop-distribute-patterns"

TRACE::2025-02-17.10:48:07::SCWBDomain::"Running Make include in ps7_cortexa9_0/libsrc/uartps_v3_14/src"

TRACE::2025-02-17.10:48:07::SCWBDomain::make -C ps7_cortexa9_0/libsrc/uartps_v3_14/src -s include  "SHELL=CMD" "COMPILER=arm-none-eabi-gcc" "ASSEMBLER=arm-none-eabi-as
TRACE::2025-02-17.10:48:07::SCWBDomain::" "ARCHIVER=arm-none-eabi-ar" "COMPILER_FLAGS=  -O2 -c" "EXTRA_COMPILER_FLAGS=-mcpu=cortex-a9 -mfpu=vfpv3 -mfloat-abi=hard -nos
TRACE::2025-02-17.10:48:07::SCWBDomain::tartfiles -g -Wall -Wextra -fno-tree-loop-distribute-patterns"

TRACE::2025-02-17.10:48:07::SCWBDomain::"Running Make include in ps7_cortexa9_0/libsrc/usbps_v2_9/src"

TRACE::2025-02-17.10:48:07::SCWBDomain::make -C ps7_cortexa9_0/libsrc/usbps_v2_9/src -s include  "SHELL=CMD" "COMPILER=arm-none-eabi-gcc" "ASSEMBLER=arm-none-eabi-as" 
TRACE::2025-02-17.10:48:07::SCWBDomain::"ARCHIVER=arm-none-eabi-ar" "COMPILER_FLAGS=  -O2 -c" "EXTRA_COMPILER_FLAGS=-mcpu=cortex-a9 -mfpu=vfpv3 -mfloat-abi=hard -nosta
TRACE::2025-02-17.10:48:07::SCWBDomain::rtfiles -g -Wall -Wextra -fno-tree-loop-distribute-patterns"

TRACE::2025-02-17.10:48:07::SCWBDomain::"Running Make include in ps7_cortexa9_0/libsrc/xadcps_v2_7/src"

TRACE::2025-02-17.10:48:07::SCWBDomain::make -C ps7_cortexa9_0/libsrc/xadcps_v2_7/src -s include  "SHELL=CMD" "COMPILER=arm-none-eabi-gcc" "ASSEMBLER=arm-none-eabi-as"
TRACE::2025-02-17.10:48:07::SCWBDomain:: "ARCHIVER=arm-none-eabi-ar" "COMPILER_FLAGS=  -O2 -c" "EXTRA_COMPILER_FLAGS=-mcpu=cortex-a9 -mfpu=vfpv3 -mfloat-abi=hard -nost
TRACE::2025-02-17.10:48:07::SCWBDomain::artfiles -g -Wall -Wextra -fno-tree-loop-distribute-patterns"

TRACE::2025-02-17.10:48:07::SCWBDomain::"Running Make include in ps7_cortexa9_0/libsrc/xilffs_v5_2/src"

TRACE::2025-02-17.10:48:07::SCWBDomain::make -C ps7_cortexa9_0/libsrc/xilffs_v5_2/src -s include  "SHELL=CMD" "COMPILER=arm-none-eabi-gcc" "ASSEMBLER=arm-none-eabi-as"
TRACE::2025-02-17.10:48:07::SCWBDomain:: "ARCHIVER=arm-none-eabi-ar" "COMPILER_FLAGS=  -O2 -c" "EXTRA_COMPILER_FLAGS=-mcpu=cortex-a9 -mfpu=vfpv3 -mfloat-abi=hard -nost
TRACE::2025-02-17.10:48:07::SCWBDomain::artfiles -g -Wall -Wextra -fno-tree-loop-distribute-patterns"

TRACE::2025-02-17.10:48:07::SCWBDomain::"Running Make include in ps7_cortexa9_0/libsrc/xilrsa_v1_8/src"

TRACE::2025-02-17.10:48:07::SCWBDomain::make -C ps7_cortexa9_0/libsrc/xilrsa_v1_8/src -s include  "SHELL=CMD" "COMPILER=arm-none-eabi-gcc" "ASSEMBLER=arm-none-eabi-as"
TRACE::2025-02-17.10:48:07::SCWBDomain:: "ARCHIVER=arm-none-eabi-ar" "COMPILER_FLAGS=  -O2 -c" "EXTRA_COMPILER_FLAGS=-mcpu=cortex-a9 -mfpu=vfpv3 -mfloat-abi=hard -nost
TRACE::2025-02-17.10:48:07::SCWBDomain::artfiles -g -Wall -Wextra -fno-tree-loop-distribute-patterns"

TRACE::2025-02-17.10:48:07::SCWBDomain::"Running Make libs in ps7_cortexa9_0/libsrc/coresightps_dcc_v1_10/src"

TRACE::2025-02-17.10:48:07::SCWBDomain::make -C ps7_cortexa9_0/libsrc/coresightps_dcc_v1_10/src -s libs  "SHELL=CMD" "COMPILER=arm-none-eabi-gcc" "ASSEMBLER=arm-none-e
TRACE::2025-02-17.10:48:07::SCWBDomain::abi-as" "ARCHIVER=arm-none-eabi-ar" "COMPILER_FLAGS=  -O2 -c" "EXTRA_COMPILER_FLAGS=-mcpu=cortex-a9 -mfpu=vfpv3 -mfloat-abi=har
TRACE::2025-02-17.10:48:07::SCWBDomain::d -nostartfiles -g -Wall -Wextra -fno-tree-loop-distribute-patterns"

TRACE::2025-02-17.10:48:07::SCWBDomain::"Running Make libs in ps7_cortexa9_0/libsrc/cpu_cortexa9_v2_12/src"

TRACE::2025-02-17.10:48:07::SCWBDomain::make -C ps7_cortexa9_0/libsrc/cpu_cortexa9_v2_12/src -s libs  "SHELL=CMD" "COMPILER=arm-none-eabi-gcc" "ASSEMBLER=arm-none-eabi
TRACE::2025-02-17.10:48:07::SCWBDomain::-as" "ARCHIVER=arm-none-eabi-ar" "COMPILER_FLAGS=  -O2 -c" "EXTRA_COMPILER_FLAGS=-mcpu=cortex-a9 -mfpu=vfpv3 -mfloat-abi=hard -
TRACE::2025-02-17.10:48:07::SCWBDomain::nostartfiles -g -Wall -Wextra -fno-tree-loop-distribute-patterns"

TRACE::2025-02-17.10:48:07::SCWBDomain::"Running Make libs in ps7_cortexa9_0/libsrc/ddrps_v1_2/src"

TRACE::2025-02-17.10:48:07::SCWBDomain::make -C ps7_cortexa9_0/libsrc/ddrps_v1_2/src -s libs  "SHELL=CMD" "COMPILER=arm-none-eabi-gcc" "ASSEMBLER=arm-none-eabi-as" "AR
TRACE::2025-02-17.10:48:07::SCWBDomain::CHIVER=arm-none-eabi-ar" "COMPILER_FLAGS=  -O2 -c" "EXTRA_COMPILER_FLAGS=-mcpu=cortex-a9 -mfpu=vfpv3 -mfloat-abi=hard -nostartf
TRACE::2025-02-17.10:48:07::SCWBDomain::iles -g -Wall -Wextra -fno-tree-loop-distribute-patterns"

TRACE::2025-02-17.10:48:07::SCWBDomain::"Running Make libs in ps7_cortexa9_0/libsrc/devcfg_v3_8/src"

TRACE::2025-02-17.10:48:07::SCWBDomain::make -C ps7_cortexa9_0/libsrc/devcfg_v3_8/src -s libs  "SHELL=CMD" "COMPILER=arm-none-eabi-gcc" "ASSEMBLER=arm-none-eabi-as" "A
TRACE::2025-02-17.10:48:07::SCWBDomain::RCHIVER=arm-none-eabi-ar" "COMPILER_FLAGS=  -O2 -c" "EXTRA_COMPILER_FLAGS=-mcpu=cortex-a9 -mfpu=vfpv3 -mfloat-abi=hard -nostart
TRACE::2025-02-17.10:48:07::SCWBDomain::files -g -Wall -Wextra -fno-tree-loop-distribute-patterns"

TRACE::2025-02-17.10:48:07::SCWBDomain::"Running Make libs in ps7_cortexa9_0/libsrc/dmaps_v2_10/src"

TRACE::2025-02-17.10:48:07::SCWBDomain::make -C ps7_cortexa9_0/libsrc/dmaps_v2_10/src -s libs  "SHELL=CMD" "COMPILER=arm-none-eabi-gcc" "ASSEMBLER=arm-none-eabi-as" "A
TRACE::2025-02-17.10:48:07::SCWBDomain::RCHIVER=arm-none-eabi-ar" "COMPILER_FLAGS=  -O2 -c" "EXTRA_COMPILER_FLAGS=-mcpu=cortex-a9 -mfpu=vfpv3 -mfloat-abi=hard -nostart
TRACE::2025-02-17.10:48:07::SCWBDomain::files -g -Wall -Wextra -fno-tree-loop-distribute-patterns"

TRACE::2025-02-17.10:48:07::SCWBDomain::"Running Make libs in ps7_cortexa9_0/libsrc/emacps_v3_20/src"

TRACE::2025-02-17.10:48:07::SCWBDomain::make -C ps7_cortexa9_0/libsrc/emacps_v3_20/src -s libs  "SHELL=CMD" "COMPILER=arm-none-eabi-gcc" "ASSEMBLER=arm-none-eabi-as" "
TRACE::2025-02-17.10:48:07::SCWBDomain::ARCHIVER=arm-none-eabi-ar" "COMPILER_FLAGS=  -O2 -c" "EXTRA_COMPILER_FLAGS=-mcpu=cortex-a9 -mfpu=vfpv3 -mfloat-abi=hard -nostar
TRACE::2025-02-17.10:48:07::SCWBDomain::tfiles -g -Wall -Wextra -fno-tree-loop-distribute-patterns"

TRACE::2025-02-17.10:48:07::SCWBDomain::"Running Make libs in ps7_cortexa9_0/libsrc/gpiops_v3_13/src"

TRACE::2025-02-17.10:48:07::SCWBDomain::make -C ps7_cortexa9_0/libsrc/gpiops_v3_13/src -s libs  "SHELL=CMD" "COMPILER=arm-none-eabi-gcc" "ASSEMBLER=arm-none-eabi-as" "
TRACE::2025-02-17.10:48:07::SCWBDomain::ARCHIVER=arm-none-eabi-ar" "COMPILER_FLAGS=  -O2 -c" "EXTRA_COMPILER_FLAGS=-mcpu=cortex-a9 -mfpu=vfpv3 -mfloat-abi=hard -nostar
TRACE::2025-02-17.10:48:07::SCWBDomain::tfiles -g -Wall -Wextra -fno-tree-loop-distribute-patterns"

TRACE::2025-02-17.10:48:08::SCWBDomain::"Running Make libs in ps7_cortexa9_0/libsrc/gpio_v4_11/src"

TRACE::2025-02-17.10:48:08::SCWBDomain::make -C ps7_cortexa9_0/libsrc/gpio_v4_11/src -s libs  "SHELL=CMD" "COMPILER=arm-none-eabi-gcc" "ASSEMBLER=arm-none-eabi-as" "AR
TRACE::2025-02-17.10:48:08::SCWBDomain::CHIVER=arm-none-eabi-ar" "COMPILER_FLAGS=  -O2 -c" "EXTRA_COMPILER_FLAGS=-mcpu=cortex-a9 -mfpu=vfpv3 -mfloat-abi=hard -nostartf
TRACE::2025-02-17.10:48:08::SCWBDomain::iles -g -Wall -Wextra -fno-tree-loop-distribute-patterns"

TRACE::2025-02-17.10:48:08::SCWBDomain::"Running Make libs in ps7_cortexa9_0/libsrc/qspips_v3_12/src"

TRACE::2025-02-17.10:48:08::SCWBDomain::make -C ps7_cortexa9_0/libsrc/qspips_v3_12/src -s libs  "SHELL=CMD" "COMPILER=arm-none-eabi-gcc" "ASSEMBLER=arm-none-eabi-as" "
TRACE::2025-02-17.10:48:08::SCWBDomain::ARCHIVER=arm-none-eabi-ar" "COMPILER_FLAGS=  -O2 -c" "EXTRA_COMPILER_FLAGS=-mcpu=cortex-a9 -mfpu=vfpv3 -mfloat-abi=hard -nostar
TRACE::2025-02-17.10:48:08::SCWBDomain::tfiles -g -Wall -Wextra -fno-tree-loop-distribute-patterns"

TRACE::2025-02-17.10:48:08::SCWBDomain::"Running Make libs in ps7_cortexa9_0/libsrc/scugic_v5_3/src"

TRACE::2025-02-17.10:48:08::SCWBDomain::make -C ps7_cortexa9_0/libsrc/scugic_v5_3/src -s libs  "SHELL=CMD" "COMPILER=arm-none-eabi-gcc" "ASSEMBLER=arm-none-eabi-as" "A
TRACE::2025-02-17.10:48:08::SCWBDomain::RCHIVER=arm-none-eabi-ar" "COMPILER_FLAGS=  -O2 -c" "EXTRA_COMPILER_FLAGS=-mcpu=cortex-a9 -mfpu=vfpv3 -mfloat-abi=hard -nostart
TRACE::2025-02-17.10:48:08::SCWBDomain::files -g -Wall -Wextra -fno-tree-loop-distribute-patterns"

TRACE::2025-02-17.10:48:09::SCWBDomain::"Running Make libs in ps7_cortexa9_0/libsrc/scutimer_v2_6/src"

TRACE::2025-02-17.10:48:09::SCWBDomain::make -C ps7_cortexa9_0/libsrc/scutimer_v2_6/src -s libs  "SHELL=CMD" "COMPILER=arm-none-eabi-gcc" "ASSEMBLER=arm-none-eabi-as" 
TRACE::2025-02-17.10:48:09::SCWBDomain::"ARCHIVER=arm-none-eabi-ar" "COMPILER_FLAGS=  -O2 -c" "EXTRA_COMPILER_FLAGS=-mcpu=cortex-a9 -mfpu=vfpv3 -mfloat-abi=hard -nosta
TRACE::2025-02-17.10:48:09::SCWBDomain::rtfiles -g -Wall -Wextra -fno-tree-loop-distribute-patterns"

TRACE::2025-02-17.10:48:09::SCWBDomain::"Running Make libs in ps7_cortexa9_0/libsrc/scuwdt_v2_5/src"

TRACE::2025-02-17.10:48:09::SCWBDomain::make -C ps7_cortexa9_0/libsrc/scuwdt_v2_5/src -s libs  "SHELL=CMD" "COMPILER=arm-none-eabi-gcc" "ASSEMBLER=arm-none-eabi-as" "A
TRACE::2025-02-17.10:48:09::SCWBDomain::RCHIVER=arm-none-eabi-ar" "COMPILER_FLAGS=  -O2 -c" "EXTRA_COMPILER_FLAGS=-mcpu=cortex-a9 -mfpu=vfpv3 -mfloat-abi=hard -nostart
TRACE::2025-02-17.10:48:09::SCWBDomain::files -g -Wall -Wextra -fno-tree-loop-distribute-patterns"

TRACE::2025-02-17.10:48:09::SCWBDomain::"Running Make libs in ps7_cortexa9_0/libsrc/sdps_v4_3/src"

TRACE::2025-02-17.10:48:09::SCWBDomain::make -C ps7_cortexa9_0/libsrc/sdps_v4_3/src -s libs  "SHELL=CMD" "COMPILER=arm-none-eabi-gcc" "ASSEMBLER=arm-none-eabi-as" "ARC
TRACE::2025-02-17.10:48:09::SCWBDomain::HIVER=arm-none-eabi-ar" "COMPILER_FLAGS=  -O2 -c" "EXTRA_COMPILER_FLAGS=-mcpu=cortex-a9 -mfpu=vfpv3 -mfloat-abi=hard -nostartfi
TRACE::2025-02-17.10:48:09::SCWBDomain::les -g -Wall -Wextra -fno-tree-loop-distribute-patterns"

TRACE::2025-02-17.10:48:09::SCWBDomain::"Running Make libs in ps7_cortexa9_0/libsrc/standalone_v9_1/src"

TRACE::2025-02-17.10:48:09::SCWBDomain::make -C ps7_cortexa9_0/libsrc/standalone_v9_1/src -s libs  "SHELL=CMD" "COMPILER=arm-none-eabi-gcc" "ASSEMBLER=arm-none-eabi-as
TRACE::2025-02-17.10:48:09::SCWBDomain::" "ARCHIVER=arm-none-eabi-ar" "COMPILER_FLAGS=  -O2 -c" "EXTRA_COMPILER_FLAGS=-mcpu=cortex-a9 -mfpu=vfpv3 -mfloat-abi=hard -nos
TRACE::2025-02-17.10:48:09::SCWBDomain::tartfiles -g -Wall -Wextra -fno-tree-loop-distribute-patterns"

TRACE::2025-02-17.10:48:09::SCWBDomain::"Running Make libs in ps7_cortexa9_0/libsrc/uartps_v3_14/src"

TRACE::2025-02-17.10:48:09::SCWBDomain::make -C ps7_cortexa9_0/libsrc/uartps_v3_14/src -s libs  "SHELL=CMD" "COMPILER=arm-none-eabi-gcc" "ASSEMBLER=arm-none-eabi-as" "
TRACE::2025-02-17.10:48:09::SCWBDomain::ARCHIVER=arm-none-eabi-ar" "COMPILER_FLAGS=  -O2 -c" "EXTRA_COMPILER_FLAGS=-mcpu=cortex-a9 -mfpu=vfpv3 -mfloat-abi=hard -nostar
TRACE::2025-02-17.10:48:09::SCWBDomain::tfiles -g -Wall -Wextra -fno-tree-loop-distribute-patterns"

TRACE::2025-02-17.10:48:09::SCWBDomain::"Running Make libs in ps7_cortexa9_0/libsrc/usbps_v2_9/src"

TRACE::2025-02-17.10:48:09::SCWBDomain::make -C ps7_cortexa9_0/libsrc/usbps_v2_9/src -s libs  "SHELL=CMD" "COMPILER=arm-none-eabi-gcc" "ASSEMBLER=arm-none-eabi-as" "AR
TRACE::2025-02-17.10:48:09::SCWBDomain::CHIVER=arm-none-eabi-ar" "COMPILER_FLAGS=  -O2 -c" "EXTRA_COMPILER_FLAGS=-mcpu=cortex-a9 -mfpu=vfpv3 -mfloat-abi=hard -nostartf
TRACE::2025-02-17.10:48:09::SCWBDomain::iles -g -Wall -Wextra -fno-tree-loop-distribute-patterns"

TRACE::2025-02-17.10:48:10::SCWBDomain::"Running Make libs in ps7_cortexa9_0/libsrc/xadcps_v2_7/src"

TRACE::2025-02-17.10:48:10::SCWBDomain::make -C ps7_cortexa9_0/libsrc/xadcps_v2_7/src -s libs  "SHELL=CMD" "COMPILER=arm-none-eabi-gcc" "ASSEMBLER=arm-none-eabi-as" "A
TRACE::2025-02-17.10:48:10::SCWBDomain::RCHIVER=arm-none-eabi-ar" "COMPILER_FLAGS=  -O2 -c" "EXTRA_COMPILER_FLAGS=-mcpu=cortex-a9 -mfpu=vfpv3 -mfloat-abi=hard -nostart
TRACE::2025-02-17.10:48:10::SCWBDomain::files -g -Wall -Wextra -fno-tree-loop-distribute-patterns"

TRACE::2025-02-17.10:48:10::SCWBDomain::"Running Make libs in ps7_cortexa9_0/libsrc/xilffs_v5_2/src"

TRACE::2025-02-17.10:48:10::SCWBDomain::make -C ps7_cortexa9_0/libsrc/xilffs_v5_2/src -s libs  "SHELL=CMD" "COMPILER=arm-none-eabi-gcc" "ASSEMBLER=arm-none-eabi-as" "A
TRACE::2025-02-17.10:48:10::SCWBDomain::RCHIVER=arm-none-eabi-ar" "COMPILER_FLAGS=  -O2 -c" "EXTRA_COMPILER_FLAGS=-mcpu=cortex-a9 -mfpu=vfpv3 -mfloat-abi=hard -nostart
TRACE::2025-02-17.10:48:10::SCWBDomain::files -g -Wall -Wextra -fno-tree-loop-distribute-patterns"

TRACE::2025-02-17.10:48:12::SCWBDomain::'Finished building libraries parallelly.'

TRACE::2025-02-17.10:48:12::SCWBDomain::make --no-print-directory archive

TRACE::2025-02-17.10:48:12::SCWBDomain::arm-none-eabi-ar -r  ps7_cortexa9_0/lib/libxil.a ps7_cortexa9_0/lib/_exit.o ps7_cortexa9_0/lib/_open.o ps7_cortexa9_0/lib/_sbrk
TRACE::2025-02-17.10:48:12::SCWBDomain::.o ps7_cortexa9_0/lib/abort.o ps7_cortexa9_0/lib/asm_vectors.o ps7_cortexa9_0/lib/boot.o ps7_cortexa9_0/lib/close.o ps7_cortexa
TRACE::2025-02-17.10:48:12::SCWBDomain::9_0/lib/cpputest_time.o ps7_cortexa9_0/lib/cpu_init.o ps7_cortexa9_0/lib/errno.o ps7_cortexa9_0/lib/fcntl.o ps7_cortexa9_0/lib/
TRACE::2025-02-17.10:48:12::SCWBDomain::fstat.o ps7_cortexa9_0/lib/getentropy.o ps7_cortexa9_0/lib/getpid.o ps7_cortexa9_0/lib/inbyte.o ps7_cortexa9_0/lib/isatty.o ps7
TRACE::2025-02-17.10:48:12::SCWBDomain::_cortexa9_0/lib/kill.o ps7_cortexa9_0/lib/lseek.o ps7_cortexa9_0/lib/open.o ps7_cortexa9_0/lib/outbyte.o ps7_cortexa9_0/lib/pri
TRACE::2025-02-17.10:48:12::SCWBDomain::nt.o ps7_cortexa9_0/lib/putnum.o ps7_cortexa9_0/lib/read.o ps7_cortexa9_0/lib/sbrk.o ps7_cortexa9_0/lib/sleep.o ps7_cortexa9_0/
TRACE::2025-02-17.10:48:12::SCWBDomain::lib/time.o ps7_cortexa9_0/lib/translation_table.o ps7_cortexa9_0/lib/unlink.o ps7_cortexa9_0/lib/usleep.o ps7_cortexa9_0/lib/ve
TRACE::2025-02-17.10:48:12::SCWBDomain::ctors.o ps7_cortexa9_0/lib/write.o ps7_cortexa9_0/lib/xadcps.o ps7_cortexa9_0/lib/xadcps_g.o ps7_cortexa9_0/lib/xadcps_intr.o p
TRACE::2025-02-17.10:48:12::SCWBDomain::s7_cortexa9_0/lib/xadcps_selftest.o ps7_cortexa9_0/lib/xadcps_sinit.o ps7_cortexa9_0/lib/xcoresightpsdcc.o ps7_cortexa9_0/lib/x
TRACE::2025-02-17.10:48:12::SCWBDomain::devcfg.o ps7_cortexa9_0/lib/xdevcfg_g.o ps7_cortexa9_0/lib/xdevcfg_hw.o ps7_cortexa9_0/lib/xdevcfg_intr.o ps7_cortexa9_0/lib/xd
TRACE::2025-02-17.10:48:12::SCWBDomain::evcfg_selftest.o ps7_cortexa9_0/lib/xdevcfg_sinit.o ps7_cortexa9_0/lib/xdmaps.o ps7_cortexa9_0/lib/xdmaps_g.o ps7_cortexa9_0/li
TRACE::2025-02-17.10:48:12::SCWBDomain::b/xdmaps_hw.o ps7_cortexa9_0/lib/xdmaps_selftest.o ps7_cortexa9_0/lib/xdmaps_sinit.o ps7_cortexa9_0/lib/xemacps.o ps7_cortexa9_
TRACE::2025-02-17.10:48:12::SCWBDomain::0/lib/xemacps_bdring.o ps7_cortexa9_0/lib/xemacps_control.o ps7_cortexa9_0/lib/xemacps_g.o ps7_cortexa9_0/lib/xemacps_hw.o ps7_
TRACE::2025-02-17.10:48:12::SCWBDomain::cortexa9_0/lib/xemacps_intr.o ps7_cortexa9_0/lib/xemacps_sinit.o ps7_cortexa9_0/lib/xgpio.o ps7_cortexa9_0/lib/xgpio_extra.o ps
TRACE::2025-02-17.10:48:12::SCWBDomain::7_cortexa9_0/lib/xgpio_g.o ps7_cortexa9_0/lib/xgpio_intr.o ps7_cortexa9_0/lib/xgpio_selftest.o ps7_cortexa9_0/lib/xgpio_sinit.o
TRACE::2025-02-17.10:48:12::SCWBDomain:: ps7_cortexa9_0/lib/xgpiops.o ps7_cortexa9_0/lib/xgpiops_g.o ps7_cortexa9_0/lib/xgpiops_hw.o ps7_cortexa9_0/lib/xgpiops_intr.o 
TRACE::2025-02-17.10:48:12::SCWBDomain::ps7_cortexa9_0/lib/xgpiops_selftest.o ps7_cortexa9_0/lib/xgpiops_sinit.o ps7_cortexa9_0/lib/xil-crt0.o ps7_cortexa9_0/lib/xil_a
TRACE::2025-02-17.10:48:12::SCWBDomain::ssert.o ps7_cortexa9_0/lib/xil_cache.o ps7_cortexa9_0/lib/xil_clocking.o ps7_cortexa9_0/lib/xil_exception.o ps7_cortexa9_0/lib/
TRACE::2025-02-17.10:48:12::SCWBDomain::xil_mem.o ps7_cortexa9_0/lib/xil_misc_psreset_api.o ps7_cortexa9_0/lib/xil_mmu.o ps7_cortexa9_0/lib/xil_printf.o ps7_cortexa9_0
TRACE::2025-02-17.10:48:12::SCWBDomain::/lib/xil_sleepcommon.o ps7_cortexa9_0/lib/xil_sleeptimer.o ps7_cortexa9_0/lib/xil_spinlock.o ps7_cortexa9_0/lib/xil_testcache.o
TRACE::2025-02-17.10:48:12::SCWBDomain:: ps7_cortexa9_0/lib/xil_testio.o ps7_cortexa9_0/lib/xil_testmem.o ps7_cortexa9_0/lib/xil_util.o ps7_cortexa9_0/lib/xinterrupt_w
TRACE::2025-02-17.10:48:12::SCWBDomain::rap.o ps7_cortexa9_0/lib/xl2cc_counter.o ps7_cortexa9_0/lib/xplatform_info.o ps7_cortexa9_0/lib/xpm_counter.o ps7_cortexa9_0/li
TRACE::2025-02-17.10:48:12::SCWBDomain::b/xpm_init.o ps7_cortexa9_0/lib/xqspips.o ps7_cortexa9_0/lib/xqspips_g.o ps7_cortexa9_0/lib/xqspips_hw.o ps7_cortexa9_0/lib/xqs
TRACE::2025-02-17.10:48:12::SCWBDomain::pips_options.o ps7_cortexa9_0/lib/xqspips_selftest.o ps7_cortexa9_0/lib/xqspips_sinit.o ps7_cortexa9_0/lib/xscugic.o ps7_cortex
TRACE::2025-02-17.10:48:12::SCWBDomain::a9_0/lib/xscugic_g.o ps7_cortexa9_0/lib/xscugic_hw.o ps7_cortexa9_0/lib/xscugic_intr.o ps7_cortexa9_0/lib/xscugic_selftest.o ps
TRACE::2025-02-17.10:48:12::SCWBDomain::7_cortexa9_0/lib/xscugic_sinit.o ps7_cortexa9_0/lib/xscutimer.o ps7_cortexa9_0/lib/xscutimer_g.o ps7_cortexa9_0/lib/xscutimer_s
TRACE::2025-02-17.10:48:12::SCWBDomain::elftest.o ps7_cortexa9_0/lib/xscutimer_sinit.o ps7_cortexa9_0/lib/xscuwdt.o ps7_cortexa9_0/lib/xscuwdt_g.o ps7_cortexa9_0/lib/x
TRACE::2025-02-17.10:48:12::SCWBDomain::scuwdt_selftest.o ps7_cortexa9_0/lib/xscuwdt_sinit.o ps7_cortexa9_0/lib/xsdps.o ps7_cortexa9_0/lib/xsdps_card.o ps7_cortexa9_0/
TRACE::2025-02-17.10:48:12::SCWBDomain::lib/xsdps_g.o ps7_cortexa9_0/lib/xsdps_host.o ps7_cortexa9_0/lib/xsdps_options.o ps7_cortexa9_0/lib/xsdps_sinit.o ps7_cortexa9_
TRACE::2025-02-17.10:48:12::SCWBDomain::0/lib/xtime_l.o ps7_cortexa9_0/lib/xuartps.o ps7_cortexa9_0/lib/xuartps_g.o ps7_cortexa9_0/lib/xuartps_hw.o ps7_cortexa9_0/lib/
TRACE::2025-02-17.10:48:12::SCWBDomain::xuartps_intr.o ps7_cortexa9_0/lib/xuartps_options.o ps7_cortexa9_0/lib/xuartps_selftest.o ps7_cortexa9_0/lib/xuartps_sinit.o ps
TRACE::2025-02-17.10:48:12::SCWBDomain::7_cortexa9_0/lib/xusbps.o ps7_cortexa9_0/lib/xusbps_endpoint.o ps7_cortexa9_0/lib/xusbps_g.o ps7_cortexa9_0/lib/xusbps_hw.o ps7
TRACE::2025-02-17.10:48:12::SCWBDomain::_cortexa9_0/lib/xusbps_intr.o ps7_cortexa9_0/lib/xusbps_sinit.o

TRACE::2025-02-17.10:48:12::SCWBDomain::'Finished building libraries'

TRACE::2025-02-17.10:48:12::SCWBDomain::make: Leaving directory 'C:/PXL/devWorks/devWorks2/GPIOSOC/Vitis/GPIOSOC/zynq_fsbl/zynq_fsbl_bsp'

TRACE::2025-02-17.10:48:12::SCWBDomain::arm-none-eabi-gcc  -O2 -c -MMD -MP       -mcpu=cortex-a9 -mfpu=vfpv3 -mfloat-abi=hard  -c sd.c -o sd.o -Izynq_fsbl_bsp/ps7_cort
TRACE::2025-02-17.10:48:12::SCWBDomain::exa9_0/include -I.

TRACE::2025-02-17.10:48:12::SCWBDomain::arm-none-eabi-gcc  -O2 -c -MMD -MP       -mcpu=cortex-a9 -mfpu=vfpv3 -mfloat-abi=hard  -c nand.c -o nand.o -Izynq_fsbl_bsp/ps7_
TRACE::2025-02-17.10:48:12::SCWBDomain::cortexa9_0/include -I.

TRACE::2025-02-17.10:48:12::SCWBDomain::arm-none-eabi-gcc  -O2 -c -MMD -MP       -mcpu=cortex-a9 -mfpu=vfpv3 -mfloat-abi=hard  -c nor.c -o nor.o -Izynq_fsbl_bsp/ps7_co
TRACE::2025-02-17.10:48:12::SCWBDomain::rtexa9_0/include -I.

TRACE::2025-02-17.10:48:12::SCWBDomain::arm-none-eabi-gcc  -O2 -c -MMD -MP       -mcpu=cortex-a9 -mfpu=vfpv3 -mfloat-abi=hard  -c image_mover.c -o image_mover.o -Izynq
TRACE::2025-02-17.10:48:12::SCWBDomain::_fsbl_bsp/ps7_cortexa9_0/include -I.

TRACE::2025-02-17.10:48:13::SCWBDomain::arm-none-eabi-gcc  -O2 -c -MMD -MP       -mcpu=cortex-a9 -mfpu=vfpv3 -mfloat-abi=hard  -c md5.c -o md5.o -Izynq_fsbl_bsp/ps7_co
TRACE::2025-02-17.10:48:13::SCWBDomain::rtexa9_0/include -I.

TRACE::2025-02-17.10:48:13::SCWBDomain::arm-none-eabi-gcc  -O2 -c -MMD -MP       -mcpu=cortex-a9 -mfpu=vfpv3 -mfloat-abi=hard  -c fsbl_hooks.c -o fsbl_hooks.o -Izynq_f
TRACE::2025-02-17.10:48:13::SCWBDomain::sbl_bsp/ps7_cortexa9_0/include -I.

TRACE::2025-02-17.10:48:13::SCWBDomain::arm-none-eabi-gcc  -O2 -c -MMD -MP       -mcpu=cortex-a9 -mfpu=vfpv3 -mfloat-abi=hard  -c main.c -o main.o -Izynq_fsbl_bsp/ps7_
TRACE::2025-02-17.10:48:13::SCWBDomain::cortexa9_0/include -I.

TRACE::2025-02-17.10:48:13::SCWBDomain::arm-none-eabi-gcc  -O2 -c -MMD -MP       -mcpu=cortex-a9 -mfpu=vfpv3 -mfloat-abi=hard  -c rsa.c -o rsa.o -Izynq_fsbl_bsp/ps7_co
TRACE::2025-02-17.10:48:13::SCWBDomain::rtexa9_0/include -I.

TRACE::2025-02-17.10:48:13::SCWBDomain::arm-none-eabi-gcc  -O2 -c -MMD -MP       -mcpu=cortex-a9 -mfpu=vfpv3 -mfloat-abi=hard  -c qspi.c -o qspi.o -Izynq_fsbl_bsp/ps7_
TRACE::2025-02-17.10:48:13::SCWBDomain::cortexa9_0/include -I.

TRACE::2025-02-17.10:48:13::SCWBDomain::arm-none-eabi-gcc  -O2 -c -MMD -MP       -mcpu=cortex-a9 -mfpu=vfpv3 -mfloat-abi=hard  -c ps7_init.c -o ps7_init.o -Izynq_fsbl_
TRACE::2025-02-17.10:48:13::SCWBDomain::bsp/ps7_cortexa9_0/include -I.

TRACE::2025-02-17.10:48:14::SCWBDomain::arm-none-eabi-gcc  -O2 -c -MMD -MP       -mcpu=cortex-a9 -mfpu=vfpv3 -mfloat-abi=hard  -c pcap.c -o pcap.o -Izynq_fsbl_bsp/ps7_
TRACE::2025-02-17.10:48:14::SCWBDomain::cortexa9_0/include -I.

TRACE::2025-02-17.10:48:14::SCWBDomain::arm-none-eabi-gcc  -O2 -c -MMD -MP       -mcpu=cortex-a9 -mfpu=vfpv3 -mfloat-abi=hard  -c fsbl_handoff.S -o fsbl_handoff.o -Izy
TRACE::2025-02-17.10:48:14::SCWBDomain::nq_fsbl_bsp/ps7_cortexa9_0/include -I.

TRACE::2025-02-17.10:48:14::SCWBDomain::arm-none-eabi-gcc -o fsbl.elf fsbl_handoff.o fsbl_hooks.o image_mover.o main.o md5.o nand.o nor.o pcap.o ps7_init.o qspi.o rsa.
TRACE::2025-02-17.10:48:14::SCWBDomain::o sd.o -MMD -MP       -mcpu=cortex-a9 -mfpu=vfpv3 -mfloat-abi=hard   -mcpu=cortex-a9 -mfpu=vfpv3 -mfloat-abi=hard -Wl,-build-id
TRACE::2025-02-17.10:48:14::SCWBDomain::=none -specs=Xilinx.spec  -lrsa -Wl,--start-group,-lxil,-lgcc,-lc,--end-group -Wl,--start-group,-lxilffs,-lxil,-lgcc,-lc,--end-
TRACE::2025-02-17.10:48:14::SCWBDomain::group -Wl,--start-group,-lrsa,-lxil,-lgcc,-lc,--end-group                                    -Wl,--gc-sections -Lzynq_fsbl_bsp/
TRACE::2025-02-17.10:48:14::SCWBDomain::ps7_cortexa9_0/lib -L./ -Tlscript.ld

LOG::2025-02-17.10:48:14::SCWSystem::Checking the domain standalone_ps7_cortexa9_0
LOG::2025-02-17.10:48:14::SCWSystem::Not a boot domain 
LOG::2025-02-17.10:48:14::SCWSystem::Started Processing the domain standalone_ps7_cortexa9_0
TRACE::2025-02-17.10:48:14::SCWDomain::Generating domain artifcats
TRACE::2025-02-17.10:48:14::SCWMssOS::Generating standalone artifcats
TRACE::2025-02-17.10:48:14::SCWMssOS::Copying the qemu file from  C:/PXL/devWorks/devWorks2/GPIOSOC/Vitis/GPIOSOC/resources/GPIOSOC/standalone_ps7_cortexa9_0/qemu_args.txt To C:/PXL/devWorks/devWorks2/GPIOSOC/Vitis/GPIOSOC/export/GPIOSOC/sw/GPIOSOC/qemu/
TRACE::2025-02-17.10:48:14::SCWMssOS::Copying the qemu file from  C:/PXL/devWorks/devWorks2/GPIOSOC/Vitis/GPIOSOC/resources/GPIOSOC/standalone_ps7_cortexa9_0/qemu_args.txt To C:/PXL/devWorks/devWorks2/GPIOSOC/Vitis/GPIOSOC/export/GPIOSOC/sw/GPIOSOC/standalone_ps7_cortexa9_0/qemu/
TRACE::2025-02-17.10:48:14::SCWMssOS:: Copying the user libraries. 
TRACE::2025-02-17.10:48:14::SCWPlatform::Trying to open the hw design at C:/PXL/devWorks/devWorks2/GPIOSOC/Vitis/GPIOSOC/hw/GPIOSOC.xsa
TRACE::2025-02-17.10:48:14::SCWPlatform::DSA given C:/PXL/devWorks/devWorks2/GPIOSOC/Vitis/GPIOSOC/hw/GPIOSOC.xsa
TRACE::2025-02-17.10:48:14::SCWPlatform::DSA absoulate path C:/PXL/devWorks/devWorks2/GPIOSOC/Vitis/GPIOSOC/hw/GPIOSOC.xsa
TRACE::2025-02-17.10:48:14::SCWPlatform::DSA directory C:/PXL/devWorks/devWorks2/GPIOSOC/Vitis/GPIOSOC/hw
TRACE::2025-02-17.10:48:14::SCWPlatform:: Platform Path C:/PXL/devWorks/devWorks2/GPIOSOC/Vitis/GPIOSOC/hw/GPIOSOC.xsa
TRACE::2025-02-17.10:48:14::SCWPlatform:: Unique name xilinx:pynq-z2::0.0
TRACE::2025-02-17.10:48:14::SCWPlatform::Trying to set the existing hwdb with name design_1_wrapper_0
TRACE::2025-02-17.10:48:14::SCWPlatform::Opened existing hwdb design_1_wrapper_0
TRACE::2025-02-17.10:48:14::SCWPlatform::Found the Hw Db part of the input DSA
TRACE::2025-02-17.10:48:14::SCWMssOS::Checking the sw design at  C:/PXL/devWorks/devWorks2/GPIOSOC/Vitis/GPIOSOC/ps7_cortexa9_0/standalone_ps7_cortexa9_0/bsp/system.mss
TRACE::2025-02-17.10:48:14::SCWMssOS::DEBUG:  swdes dump  C:/PXL/devWorks/devWorks2/GPIOSOC/Vitis/GPIOSOC/ps7_cortexa9_0/standalone_ps7_cortexa9_0/bsp/system.mss|system_0||
C:/PXL/devWorks/devWorks2/GPIOSOC/Vitis/GPIOSOC/zynq_fsbl/zynq_fsbl_bsp/system.mss|system||

TRACE::2025-02-17.10:48:14::SCWMssOS::Sw design exists and opened at  C:/PXL/devWorks/devWorks2/GPIOSOC/Vitis/GPIOSOC/ps7_cortexa9_0/standalone_ps7_cortexa9_0/bsp/system.mss
TRACE::2025-02-17.10:48:14::SCWMssOS::Completed writing the mss file at C:/PXL/devWorks/devWorks2/GPIOSOC/Vitis/GPIOSOC/ps7_cortexa9_0/standalone_ps7_cortexa9_0/bsp
TRACE::2025-02-17.10:48:14::SCWMssOS::Mss edits present, copying mssfile into export location C:/PXL/devWorks/devWorks2/GPIOSOC/Vitis/GPIOSOC/ps7_cortexa9_0/standalone_ps7_cortexa9_0/bsp/system.mss
TRACE::2025-02-17.10:48:14::SCWMssOS::bsp generated is upto date with the mss file. Skipping bsp generation.
TRACE::2025-02-17.10:48:14::SCWMssOS::BSP is already built. skipping the bsp build ... 
TRACE::2025-02-17.10:48:14::SCWDomain::Building the domain as part of full build :  standalone_ps7_cortexa9_0
TRACE::2025-02-17.10:48:14::SCWMssOS::doing bsp build ... 
TRACE::2025-02-17.10:48:14::SCWMssOS::System Command Ran  C: & cd  C:/PXL/devWorks/devWorks2/GPIOSOC/Vitis/GPIOSOC/ps7_cortexa9_0/standalone_ps7_cortexa9_0/bsp & make 
TRACE::2025-02-17.10:48:14::SCWMssOS::make --no-print-directory seq_libs

TRACE::2025-02-17.10:48:14::SCWMssOS::'Finished building libraries sequentially.'

TRACE::2025-02-17.10:48:14::SCWMssOS::make -j 6 --no-print-directory par_libs

TRACE::2025-02-17.10:48:14::SCWMssOS::"Running Make include in ps7_cortexa9_0/libsrc/coresightps_dcc_v1_10/src"

TRACE::2025-02-17.10:48:14::SCWMssOS::make -C ps7_cortexa9_0/libsrc/coresightps_dcc_v1_10/src -s include  "SHELL=CMD" "COMPILER=arm-none-eabi-gcc" "ASSEMBLER=arm-non
TRACE::2025-02-17.10:48:14::SCWMssOS::e-eabi-as" "ARCHIVER=arm-none-eabi-ar" "COMPILER_FLAGS=  -O2 -c" "EXTRA_COMPILER_FLAGS=-mcpu=cortex-a9 -mfpu=vfpv3 -mfloat-abi=
TRACE::2025-02-17.10:48:14::SCWMssOS::hard -nostartfiles -g -Wall -Wextra -fno-tree-loop-distribute-patterns"

TRACE::2025-02-17.10:48:14::SCWMssOS::"Running Make include in ps7_cortexa9_0/libsrc/cpu_cortexa9_v2_12/src"

TRACE::2025-02-17.10:48:14::SCWMssOS::make -C ps7_cortexa9_0/libsrc/cpu_cortexa9_v2_12/src -s include  "SHELL=CMD" "COMPILER=arm-none-eabi-gcc" "ASSEMBLER=arm-none-e
TRACE::2025-02-17.10:48:14::SCWMssOS::abi-as" "ARCHIVER=arm-none-eabi-ar" "COMPILER_FLAGS=  -O2 -c" "EXTRA_COMPILER_FLAGS=-mcpu=cortex-a9 -mfpu=vfpv3 -mfloat-abi=har
TRACE::2025-02-17.10:48:14::SCWMssOS::d -nostartfiles -g -Wall -Wextra -fno-tree-loop-distribute-patterns"

TRACE::2025-02-17.10:48:14::SCWMssOS::"Running Make include in ps7_cortexa9_0/libsrc/ddrps_v1_2/src"

TRACE::2025-02-17.10:48:14::SCWMssOS::make -C ps7_cortexa9_0/libsrc/ddrps_v1_2/src -s include  "SHELL=CMD" "COMPILER=arm-none-eabi-gcc" "ASSEMBLER=arm-none-eabi-as" 
TRACE::2025-02-17.10:48:14::SCWMssOS::"ARCHIVER=arm-none-eabi-ar" "COMPILER_FLAGS=  -O2 -c" "EXTRA_COMPILER_FLAGS=-mcpu=cortex-a9 -mfpu=vfpv3 -mfloat-abi=hard -nosta
TRACE::2025-02-17.10:48:14::SCWMssOS::rtfiles -g -Wall -Wextra -fno-tree-loop-distribute-patterns"

TRACE::2025-02-17.10:48:14::SCWMssOS::"Running Make include in ps7_cortexa9_0/libsrc/devcfg_v3_8/src"

TRACE::2025-02-17.10:48:14::SCWMssOS::make -C ps7_cortexa9_0/libsrc/devcfg_v3_8/src -s include  "SHELL=CMD" "COMPILER=arm-none-eabi-gcc" "ASSEMBLER=arm-none-eabi-as"
TRACE::2025-02-17.10:48:14::SCWMssOS:: "ARCHIVER=arm-none-eabi-ar" "COMPILER_FLAGS=  -O2 -c" "EXTRA_COMPILER_FLAGS=-mcpu=cortex-a9 -mfpu=vfpv3 -mfloat-abi=hard -nost
TRACE::2025-02-17.10:48:14::SCWMssOS::artfiles -g -Wall -Wextra -fno-tree-loop-distribute-patterns"

TRACE::2025-02-17.10:48:14::SCWMssOS::"Running Make include in ps7_cortexa9_0/libsrc/dmaps_v2_10/src"

TRACE::2025-02-17.10:48:14::SCWMssOS::make -C ps7_cortexa9_0/libsrc/dmaps_v2_10/src -s include  "SHELL=CMD" "COMPILER=arm-none-eabi-gcc" "ASSEMBLER=arm-none-eabi-as"
TRACE::2025-02-17.10:48:14::SCWMssOS:: "ARCHIVER=arm-none-eabi-ar" "COMPILER_FLAGS=  -O2 -c" "EXTRA_COMPILER_FLAGS=-mcpu=cortex-a9 -mfpu=vfpv3 -mfloat-abi=hard -nost
TRACE::2025-02-17.10:48:14::SCWMssOS::artfiles -g -Wall -Wextra -fno-tree-loop-distribute-patterns"

TRACE::2025-02-17.10:48:14::SCWMssOS::"Running Make include in ps7_cortexa9_0/libsrc/emacps_v3_20/src"

TRACE::2025-02-17.10:48:14::SCWMssOS::make -C ps7_cortexa9_0/libsrc/emacps_v3_20/src -s include  "SHELL=CMD" "COMPILER=arm-none-eabi-gcc" "ASSEMBLER=arm-none-eabi-as
TRACE::2025-02-17.10:48:14::SCWMssOS::" "ARCHIVER=arm-none-eabi-ar" "COMPILER_FLAGS=  -O2 -c" "EXTRA_COMPILER_FLAGS=-mcpu=cortex-a9 -mfpu=vfpv3 -mfloat-abi=hard -nos
TRACE::2025-02-17.10:48:14::SCWMssOS::tartfiles -g -Wall -Wextra -fno-tree-loop-distribute-patterns"

TRACE::2025-02-17.10:48:14::SCWMssOS::"Running Make include in ps7_cortexa9_0/libsrc/gpiops_v3_13/src"

TRACE::2025-02-17.10:48:14::SCWMssOS::"Running Make include in ps7_cortexa9_0/libsrc/gpio_v4_11/src"

TRACE::2025-02-17.10:48:14::SCWMssOS::make -C ps7_cortexa9_0/libsrc/gpiops_v3_13/src -s include  "SHELL=CMD" "COMPILER=arm-none-eabi-gcc" "ASSEMBLER=arm-none-eabi-as
TRACE::2025-02-17.10:48:14::SCWMssOS::" "ARCHIVER=arm-none-eabi-ar" "COMPILER_FLAGS=  -O2 -c" "EXTRA_COMPILER_FLAGS=-mcpu=cortex-a9 -mfpu=vfpv3 -mfloat-abi=hard -nos
TRACE::2025-02-17.10:48:14::SCWMssOS::tartfiles -g -Wall -Wextra -fno-tree-loop-distribute-patterns"

TRACE::2025-02-17.10:48:14::SCWMssOS::make -C ps7_cortexa9_0/libsrc/gpio_v4_11/src -s include  "SHELL=CMD" "COMPILER=arm-none-eabi-gcc" "ASSEMBLER=arm-none-eabi-as" 
TRACE::2025-02-17.10:48:14::SCWMssOS::"ARCHIVER=arm-none-eabi-ar" "COMPILER_FLAGS=  -O2 -c" "EXTRA_COMPILER_FLAGS=-mcpu=cortex-a9 -mfpu=vfpv3 -mfloat-abi=hard -nosta
TRACE::2025-02-17.10:48:14::SCWMssOS::rtfiles -g -Wall -Wextra -fno-tree-loop-distribute-patterns"

TRACE::2025-02-17.10:48:14::SCWMssOS::"Running Make include in ps7_cortexa9_0/libsrc/qspips_v3_12/src"

TRACE::2025-02-17.10:48:14::SCWMssOS::make -C ps7_cortexa9_0/libsrc/qspips_v3_12/src -s include  "SHELL=CMD" "COMPILER=arm-none-eabi-gcc" "ASSEMBLER=arm-none-eabi-as
TRACE::2025-02-17.10:48:14::SCWMssOS::" "ARCHIVER=arm-none-eabi-ar" "COMPILER_FLAGS=  -O2 -c" "EXTRA_COMPILER_FLAGS=-mcpu=cortex-a9 -mfpu=vfpv3 -mfloat-abi=hard -nos
TRACE::2025-02-17.10:48:14::SCWMssOS::tartfiles -g -Wall -Wextra -fno-tree-loop-distribute-patterns"

TRACE::2025-02-17.10:48:14::SCWMssOS::"Running Make include in ps7_cortexa9_0/libsrc/scugic_v5_3/src"

TRACE::2025-02-17.10:48:14::SCWMssOS::make -C ps7_cortexa9_0/libsrc/scugic_v5_3/src -s include  "SHELL=CMD" "COMPILER=arm-none-eabi-gcc" "ASSEMBLER=arm-none-eabi-as"
TRACE::2025-02-17.10:48:14::SCWMssOS:: "ARCHIVER=arm-none-eabi-ar" "COMPILER_FLAGS=  -O2 -c" "EXTRA_COMPILER_FLAGS=-mcpu=cortex-a9 -mfpu=vfpv3 -mfloat-abi=hard -nost
TRACE::2025-02-17.10:48:14::SCWMssOS::artfiles -g -Wall -Wextra -fno-tree-loop-distribute-patterns"

TRACE::2025-02-17.10:48:14::SCWMssOS::"Running Make include in ps7_cortexa9_0/libsrc/scutimer_v2_6/src"

TRACE::2025-02-17.10:48:14::SCWMssOS::make -C ps7_cortexa9_0/libsrc/scutimer_v2_6/src -s include  "SHELL=CMD" "COMPILER=arm-none-eabi-gcc" "ASSEMBLER=arm-none-eabi-a
TRACE::2025-02-17.10:48:14::SCWMssOS::s" "ARCHIVER=arm-none-eabi-ar" "COMPILER_FLAGS=  -O2 -c" "EXTRA_COMPILER_FLAGS=-mcpu=cortex-a9 -mfpu=vfpv3 -mfloat-abi=hard -no
TRACE::2025-02-17.10:48:14::SCWMssOS::startfiles -g -Wall -Wextra -fno-tree-loop-distribute-patterns"

TRACE::2025-02-17.10:48:14::SCWMssOS::"Running Make include in ps7_cortexa9_0/libsrc/scuwdt_v2_5/src"

TRACE::2025-02-17.10:48:14::SCWMssOS::make -C ps7_cortexa9_0/libsrc/scuwdt_v2_5/src -s include  "SHELL=CMD" "COMPILER=arm-none-eabi-gcc" "ASSEMBLER=arm-none-eabi-as"
TRACE::2025-02-17.10:48:14::SCWMssOS:: "ARCHIVER=arm-none-eabi-ar" "COMPILER_FLAGS=  -O2 -c" "EXTRA_COMPILER_FLAGS=-mcpu=cortex-a9 -mfpu=vfpv3 -mfloat-abi=hard -nost
TRACE::2025-02-17.10:48:14::SCWMssOS::artfiles -g -Wall -Wextra -fno-tree-loop-distribute-patterns"

TRACE::2025-02-17.10:48:14::SCWMssOS::"Running Make include in ps7_cortexa9_0/libsrc/sdps_v4_3/src"

TRACE::2025-02-17.10:48:14::SCWMssOS::make -C ps7_cortexa9_0/libsrc/sdps_v4_3/src -s include  "SHELL=CMD" "COMPILER=arm-none-eabi-gcc" "ASSEMBLER=arm-none-eabi-as" "
TRACE::2025-02-17.10:48:14::SCWMssOS::ARCHIVER=arm-none-eabi-ar" "COMPILER_FLAGS=  -O2 -c" "EXTRA_COMPILER_FLAGS=-mcpu=cortex-a9 -mfpu=vfpv3 -mfloat-abi=hard -nostar
TRACE::2025-02-17.10:48:14::SCWMssOS::tfiles -g -Wall -Wextra -fno-tree-loop-distribute-patterns"

TRACE::2025-02-17.10:48:14::SCWMssOS::"Running Make include in ps7_cortexa9_0/libsrc/standalone_v9_1/src"

TRACE::2025-02-17.10:48:14::SCWMssOS::make -C ps7_cortexa9_0/libsrc/standalone_v9_1/src -s include  "SHELL=CMD" "COMPILER=arm-none-eabi-gcc" "ASSEMBLER=arm-none-eabi
TRACE::2025-02-17.10:48:14::SCWMssOS::-as" "ARCHIVER=arm-none-eabi-ar" "COMPILER_FLAGS=  -O2 -c" "EXTRA_COMPILER_FLAGS=-mcpu=cortex-a9 -mfpu=vfpv3 -mfloat-abi=hard -
TRACE::2025-02-17.10:48:14::SCWMssOS::nostartfiles -g -Wall -Wextra -fno-tree-loop-distribute-patterns"

TRACE::2025-02-17.10:48:14::SCWMssOS::"Running Make include in ps7_cortexa9_0/libsrc/uartps_v3_14/src"

TRACE::2025-02-17.10:48:14::SCWMssOS::make -C ps7_cortexa9_0/libsrc/uartps_v3_14/src -s include  "SHELL=CMD" "COMPILER=arm-none-eabi-gcc" "ASSEMBLER=arm-none-eabi-as
TRACE::2025-02-17.10:48:14::SCWMssOS::" "ARCHIVER=arm-none-eabi-ar" "COMPILER_FLAGS=  -O2 -c" "EXTRA_COMPILER_FLAGS=-mcpu=cortex-a9 -mfpu=vfpv3 -mfloat-abi=hard -nos
TRACE::2025-02-17.10:48:14::SCWMssOS::tartfiles -g -Wall -Wextra -fno-tree-loop-distribute-patterns"

TRACE::2025-02-17.10:48:14::SCWMssOS::"Running Make include in ps7_cortexa9_0/libsrc/usbps_v2_9/src"

TRACE::2025-02-17.10:48:14::SCWMssOS::make -C ps7_cortexa9_0/libsrc/usbps_v2_9/src -s include  "SHELL=CMD" "COMPILER=arm-none-eabi-gcc" "ASSEMBLER=arm-none-eabi-as" 
TRACE::2025-02-17.10:48:14::SCWMssOS::"ARCHIVER=arm-none-eabi-ar" "COMPILER_FLAGS=  -O2 -c" "EXTRA_COMPILER_FLAGS=-mcpu=cortex-a9 -mfpu=vfpv3 -mfloat-abi=hard -nosta
TRACE::2025-02-17.10:48:14::SCWMssOS::rtfiles -g -Wall -Wextra -fno-tree-loop-distribute-patterns"

TRACE::2025-02-17.10:48:15::SCWMssOS::"Running Make include in ps7_cortexa9_0/libsrc/xadcps_v2_7/src"

TRACE::2025-02-17.10:48:15::SCWMssOS::make -C ps7_cortexa9_0/libsrc/xadcps_v2_7/src -s include  "SHELL=CMD" "COMPILER=arm-none-eabi-gcc" "ASSEMBLER=arm-none-eabi-as"
TRACE::2025-02-17.10:48:15::SCWMssOS:: "ARCHIVER=arm-none-eabi-ar" "COMPILER_FLAGS=  -O2 -c" "EXTRA_COMPILER_FLAGS=-mcpu=cortex-a9 -mfpu=vfpv3 -mfloat-abi=hard -nost
TRACE::2025-02-17.10:48:15::SCWMssOS::artfiles -g -Wall -Wextra -fno-tree-loop-distribute-patterns"

TRACE::2025-02-17.10:48:15::SCWMssOS::"Running Make libs in ps7_cortexa9_0/libsrc/coresightps_dcc_v1_10/src"

TRACE::2025-02-17.10:48:15::SCWMssOS::make -C ps7_cortexa9_0/libsrc/coresightps_dcc_v1_10/src -s libs  "SHELL=CMD" "COMPILER=arm-none-eabi-gcc" "ASSEMBLER=arm-none-e
TRACE::2025-02-17.10:48:15::SCWMssOS::abi-as" "ARCHIVER=arm-none-eabi-ar" "COMPILER_FLAGS=  -O2 -c" "EXTRA_COMPILER_FLAGS=-mcpu=cortex-a9 -mfpu=vfpv3 -mfloat-abi=har
TRACE::2025-02-17.10:48:15::SCWMssOS::d -nostartfiles -g -Wall -Wextra -fno-tree-loop-distribute-patterns"

TRACE::2025-02-17.10:48:15::SCWMssOS::"Running Make libs in ps7_cortexa9_0/libsrc/cpu_cortexa9_v2_12/src"

TRACE::2025-02-17.10:48:15::SCWMssOS::make -C ps7_cortexa9_0/libsrc/cpu_cortexa9_v2_12/src -s libs  "SHELL=CMD" "COMPILER=arm-none-eabi-gcc" "ASSEMBLER=arm-none-eabi
TRACE::2025-02-17.10:48:15::SCWMssOS::-as" "ARCHIVER=arm-none-eabi-ar" "COMPILER_FLAGS=  -O2 -c" "EXTRA_COMPILER_FLAGS=-mcpu=cortex-a9 -mfpu=vfpv3 -mfloat-abi=hard -
TRACE::2025-02-17.10:48:15::SCWMssOS::nostartfiles -g -Wall -Wextra -fno-tree-loop-distribute-patterns"

TRACE::2025-02-17.10:48:15::SCWMssOS::"Running Make libs in ps7_cortexa9_0/libsrc/ddrps_v1_2/src"

TRACE::2025-02-17.10:48:15::SCWMssOS::make -C ps7_cortexa9_0/libsrc/ddrps_v1_2/src -s libs  "SHELL=CMD" "COMPILER=arm-none-eabi-gcc" "ASSEMBLER=arm-none-eabi-as" "AR
TRACE::2025-02-17.10:48:15::SCWMssOS::CHIVER=arm-none-eabi-ar" "COMPILER_FLAGS=  -O2 -c" "EXTRA_COMPILER_FLAGS=-mcpu=cortex-a9 -mfpu=vfpv3 -mfloat-abi=hard -nostartf
TRACE::2025-02-17.10:48:15::SCWMssOS::iles -g -Wall -Wextra -fno-tree-loop-distribute-patterns"

TRACE::2025-02-17.10:48:15::SCWMssOS::"Running Make libs in ps7_cortexa9_0/libsrc/devcfg_v3_8/src"

TRACE::2025-02-17.10:48:15::SCWMssOS::make -C ps7_cortexa9_0/libsrc/devcfg_v3_8/src -s libs  "SHELL=CMD" "COMPILER=arm-none-eabi-gcc" "ASSEMBLER=arm-none-eabi-as" "A
TRACE::2025-02-17.10:48:15::SCWMssOS::RCHIVER=arm-none-eabi-ar" "COMPILER_FLAGS=  -O2 -c" "EXTRA_COMPILER_FLAGS=-mcpu=cortex-a9 -mfpu=vfpv3 -mfloat-abi=hard -nostart
TRACE::2025-02-17.10:48:15::SCWMssOS::files -g -Wall -Wextra -fno-tree-loop-distribute-patterns"

TRACE::2025-02-17.10:48:15::SCWMssOS::"Running Make libs in ps7_cortexa9_0/libsrc/dmaps_v2_10/src"

TRACE::2025-02-17.10:48:15::SCWMssOS::make -C ps7_cortexa9_0/libsrc/dmaps_v2_10/src -s libs  "SHELL=CMD" "COMPILER=arm-none-eabi-gcc" "ASSEMBLER=arm-none-eabi-as" "A
TRACE::2025-02-17.10:48:15::SCWMssOS::RCHIVER=arm-none-eabi-ar" "COMPILER_FLAGS=  -O2 -c" "EXTRA_COMPILER_FLAGS=-mcpu=cortex-a9 -mfpu=vfpv3 -mfloat-abi=hard -nostart
TRACE::2025-02-17.10:48:15::SCWMssOS::files -g -Wall -Wextra -fno-tree-loop-distribute-patterns"

TRACE::2025-02-17.10:48:15::SCWMssOS::"Running Make libs in ps7_cortexa9_0/libsrc/emacps_v3_20/src"

TRACE::2025-02-17.10:48:15::SCWMssOS::make -C ps7_cortexa9_0/libsrc/emacps_v3_20/src -s libs  "SHELL=CMD" "COMPILER=arm-none-eabi-gcc" "ASSEMBLER=arm-none-eabi-as" "
TRACE::2025-02-17.10:48:15::SCWMssOS::ARCHIVER=arm-none-eabi-ar" "COMPILER_FLAGS=  -O2 -c" "EXTRA_COMPILER_FLAGS=-mcpu=cortex-a9 -mfpu=vfpv3 -mfloat-abi=hard -nostar
TRACE::2025-02-17.10:48:15::SCWMssOS::tfiles -g -Wall -Wextra -fno-tree-loop-distribute-patterns"

TRACE::2025-02-17.10:48:15::SCWMssOS::"Running Make libs in ps7_cortexa9_0/libsrc/gpiops_v3_13/src"

TRACE::2025-02-17.10:48:15::SCWMssOS::make -C ps7_cortexa9_0/libsrc/gpiops_v3_13/src -s libs  "SHELL=CMD" "COMPILER=arm-none-eabi-gcc" "ASSEMBLER=arm-none-eabi-as" "
TRACE::2025-02-17.10:48:15::SCWMssOS::ARCHIVER=arm-none-eabi-ar" "COMPILER_FLAGS=  -O2 -c" "EXTRA_COMPILER_FLAGS=-mcpu=cortex-a9 -mfpu=vfpv3 -mfloat-abi=hard -nostar
TRACE::2025-02-17.10:48:15::SCWMssOS::tfiles -g -Wall -Wextra -fno-tree-loop-distribute-patterns"

TRACE::2025-02-17.10:48:15::SCWMssOS::"Running Make libs in ps7_cortexa9_0/libsrc/gpio_v4_11/src"

TRACE::2025-02-17.10:48:15::SCWMssOS::make -C ps7_cortexa9_0/libsrc/gpio_v4_11/src -s libs  "SHELL=CMD" "COMPILER=arm-none-eabi-gcc" "ASSEMBLER=arm-none-eabi-as" "AR
TRACE::2025-02-17.10:48:15::SCWMssOS::CHIVER=arm-none-eabi-ar" "COMPILER_FLAGS=  -O2 -c" "EXTRA_COMPILER_FLAGS=-mcpu=cortex-a9 -mfpu=vfpv3 -mfloat-abi=hard -nostartf
TRACE::2025-02-17.10:48:15::SCWMssOS::iles -g -Wall -Wextra -fno-tree-loop-distribute-patterns"

TRACE::2025-02-17.10:48:15::SCWMssOS::"Running Make libs in ps7_cortexa9_0/libsrc/qspips_v3_12/src"

TRACE::2025-02-17.10:48:15::SCWMssOS::make -C ps7_cortexa9_0/libsrc/qspips_v3_12/src -s libs  "SHELL=CMD" "COMPILER=arm-none-eabi-gcc" "ASSEMBLER=arm-none-eabi-as" "
TRACE::2025-02-17.10:48:15::SCWMssOS::ARCHIVER=arm-none-eabi-ar" "COMPILER_FLAGS=  -O2 -c" "EXTRA_COMPILER_FLAGS=-mcpu=cortex-a9 -mfpu=vfpv3 -mfloat-abi=hard -nostar
TRACE::2025-02-17.10:48:15::SCWMssOS::tfiles -g -Wall -Wextra -fno-tree-loop-distribute-patterns"

TRACE::2025-02-17.10:48:16::SCWMssOS::"Running Make libs in ps7_cortexa9_0/libsrc/scugic_v5_3/src"

TRACE::2025-02-17.10:48:16::SCWMssOS::make -C ps7_cortexa9_0/libsrc/scugic_v5_3/src -s libs  "SHELL=CMD" "COMPILER=arm-none-eabi-gcc" "ASSEMBLER=arm-none-eabi-as" "A
TRACE::2025-02-17.10:48:16::SCWMssOS::RCHIVER=arm-none-eabi-ar" "COMPILER_FLAGS=  -O2 -c" "EXTRA_COMPILER_FLAGS=-mcpu=cortex-a9 -mfpu=vfpv3 -mfloat-abi=hard -nostart
TRACE::2025-02-17.10:48:16::SCWMssOS::files -g -Wall -Wextra -fno-tree-loop-distribute-patterns"

TRACE::2025-02-17.10:48:16::SCWMssOS::"Running Make libs in ps7_cortexa9_0/libsrc/scutimer_v2_6/src"

TRACE::2025-02-17.10:48:16::SCWMssOS::make -C ps7_cortexa9_0/libsrc/scutimer_v2_6/src -s libs  "SHELL=CMD" "COMPILER=arm-none-eabi-gcc" "ASSEMBLER=arm-none-eabi-as" 
TRACE::2025-02-17.10:48:16::SCWMssOS::"ARCHIVER=arm-none-eabi-ar" "COMPILER_FLAGS=  -O2 -c" "EXTRA_COMPILER_FLAGS=-mcpu=cortex-a9 -mfpu=vfpv3 -mfloat-abi=hard -nosta
TRACE::2025-02-17.10:48:16::SCWMssOS::rtfiles -g -Wall -Wextra -fno-tree-loop-distribute-patterns"

TRACE::2025-02-17.10:48:16::SCWMssOS::"Running Make libs in ps7_cortexa9_0/libsrc/scuwdt_v2_5/src"

TRACE::2025-02-17.10:48:16::SCWMssOS::make -C ps7_cortexa9_0/libsrc/scuwdt_v2_5/src -s libs  "SHELL=CMD" "COMPILER=arm-none-eabi-gcc" "ASSEMBLER=arm-none-eabi-as" "A
TRACE::2025-02-17.10:48:16::SCWMssOS::RCHIVER=arm-none-eabi-ar" "COMPILER_FLAGS=  -O2 -c" "EXTRA_COMPILER_FLAGS=-mcpu=cortex-a9 -mfpu=vfpv3 -mfloat-abi=hard -nostart
TRACE::2025-02-17.10:48:16::SCWMssOS::files -g -Wall -Wextra -fno-tree-loop-distribute-patterns"

TRACE::2025-02-17.10:48:16::SCWMssOS::"Running Make libs in ps7_cortexa9_0/libsrc/sdps_v4_3/src"

TRACE::2025-02-17.10:48:16::SCWMssOS::make -C ps7_cortexa9_0/libsrc/sdps_v4_3/src -s libs  "SHELL=CMD" "COMPILER=arm-none-eabi-gcc" "ASSEMBLER=arm-none-eabi-as" "ARC
TRACE::2025-02-17.10:48:16::SCWMssOS::HIVER=arm-none-eabi-ar" "COMPILER_FLAGS=  -O2 -c" "EXTRA_COMPILER_FLAGS=-mcpu=cortex-a9 -mfpu=vfpv3 -mfloat-abi=hard -nostartfi
TRACE::2025-02-17.10:48:16::SCWMssOS::les -g -Wall -Wextra -fno-tree-loop-distribute-patterns"

TRACE::2025-02-17.10:48:17::SCWMssOS::"Running Make libs in ps7_cortexa9_0/libsrc/standalone_v9_1/src"

TRACE::2025-02-17.10:48:17::SCWMssOS::make -C ps7_cortexa9_0/libsrc/standalone_v9_1/src -s libs  "SHELL=CMD" "COMPILER=arm-none-eabi-gcc" "ASSEMBLER=arm-none-eabi-as
TRACE::2025-02-17.10:48:17::SCWMssOS::" "ARCHIVER=arm-none-eabi-ar" "COMPILER_FLAGS=  -O2 -c" "EXTRA_COMPILER_FLAGS=-mcpu=cortex-a9 -mfpu=vfpv3 -mfloat-abi=hard -nos
TRACE::2025-02-17.10:48:17::SCWMssOS::tartfiles -g -Wall -Wextra -fno-tree-loop-distribute-patterns"

TRACE::2025-02-17.10:48:17::SCWMssOS::"Running Make libs in ps7_cortexa9_0/libsrc/uartps_v3_14/src"

TRACE::2025-02-17.10:48:17::SCWMssOS::make -C ps7_cortexa9_0/libsrc/uartps_v3_14/src -s libs  "SHELL=CMD" "COMPILER=arm-none-eabi-gcc" "ASSEMBLER=arm-none-eabi-as" "
TRACE::2025-02-17.10:48:17::SCWMssOS::ARCHIVER=arm-none-eabi-ar" "COMPILER_FLAGS=  -O2 -c" "EXTRA_COMPILER_FLAGS=-mcpu=cortex-a9 -mfpu=vfpv3 -mfloat-abi=hard -nostar
TRACE::2025-02-17.10:48:17::SCWMssOS::tfiles -g -Wall -Wextra -fno-tree-loop-distribute-patterns"

TRACE::2025-02-17.10:48:17::SCWMssOS::"Running Make libs in ps7_cortexa9_0/libsrc/usbps_v2_9/src"

TRACE::2025-02-17.10:48:17::SCWMssOS::make -C ps7_cortexa9_0/libsrc/usbps_v2_9/src -s libs  "SHELL=CMD" "COMPILER=arm-none-eabi-gcc" "ASSEMBLER=arm-none-eabi-as" "AR
TRACE::2025-02-17.10:48:17::SCWMssOS::CHIVER=arm-none-eabi-ar" "COMPILER_FLAGS=  -O2 -c" "EXTRA_COMPILER_FLAGS=-mcpu=cortex-a9 -mfpu=vfpv3 -mfloat-abi=hard -nostartf
TRACE::2025-02-17.10:48:17::SCWMssOS::iles -g -Wall -Wextra -fno-tree-loop-distribute-patterns"

TRACE::2025-02-17.10:48:17::SCWMssOS::"Running Make libs in ps7_cortexa9_0/libsrc/xadcps_v2_7/src"

TRACE::2025-02-17.10:48:17::SCWMssOS::make -C ps7_cortexa9_0/libsrc/xadcps_v2_7/src -s libs  "SHELL=CMD" "COMPILER=arm-none-eabi-gcc" "ASSEMBLER=arm-none-eabi-as" "A
TRACE::2025-02-17.10:48:17::SCWMssOS::RCHIVER=arm-none-eabi-ar" "COMPILER_FLAGS=  -O2 -c" "EXTRA_COMPILER_FLAGS=-mcpu=cortex-a9 -mfpu=vfpv3 -mfloat-abi=hard -nostart
TRACE::2025-02-17.10:48:17::SCWMssOS::files -g -Wall -Wextra -fno-tree-loop-distribute-patterns"

TRACE::2025-02-17.10:48:19::SCWMssOS::'Finished building libraries parallelly.'

TRACE::2025-02-17.10:48:19::SCWMssOS::make --no-print-directory archive

TRACE::2025-02-17.10:48:19::SCWMssOS::arm-none-eabi-ar -r  ps7_cortexa9_0/lib/libxil.a ps7_cortexa9_0/lib/_exit.o ps7_cortexa9_0/lib/_open.o ps7_cortexa9_0/lib/_sbrk
TRACE::2025-02-17.10:48:19::SCWMssOS::.o ps7_cortexa9_0/lib/abort.o ps7_cortexa9_0/lib/asm_vectors.o ps7_cortexa9_0/lib/boot.o ps7_cortexa9_0/lib/close.o ps7_cortexa
TRACE::2025-02-17.10:48:19::SCWMssOS::9_0/lib/cpputest_time.o ps7_cortexa9_0/lib/cpu_init.o ps7_cortexa9_0/lib/errno.o ps7_cortexa9_0/lib/fcntl.o ps7_cortexa9_0/lib/
TRACE::2025-02-17.10:48:19::SCWMssOS::fstat.o ps7_cortexa9_0/lib/getentropy.o ps7_cortexa9_0/lib/getpid.o ps7_cortexa9_0/lib/inbyte.o ps7_cortexa9_0/lib/isatty.o ps7
TRACE::2025-02-17.10:48:19::SCWMssOS::_cortexa9_0/lib/kill.o ps7_cortexa9_0/lib/lseek.o ps7_cortexa9_0/lib/open.o ps7_cortexa9_0/lib/outbyte.o ps7_cortexa9_0/lib/pri
TRACE::2025-02-17.10:48:19::SCWMssOS::nt.o ps7_cortexa9_0/lib/putnum.o ps7_cortexa9_0/lib/read.o ps7_cortexa9_0/lib/sbrk.o ps7_cortexa9_0/lib/sleep.o ps7_cortexa9_0/
TRACE::2025-02-17.10:48:19::SCWMssOS::lib/time.o ps7_cortexa9_0/lib/translation_table.o ps7_cortexa9_0/lib/unlink.o ps7_cortexa9_0/lib/usleep.o ps7_cortexa9_0/lib/ve
TRACE::2025-02-17.10:48:19::SCWMssOS::ctors.o ps7_cortexa9_0/lib/write.o ps7_cortexa9_0/lib/xadcps.o ps7_cortexa9_0/lib/xadcps_g.o ps7_cortexa9_0/lib/xadcps_intr.o p
TRACE::2025-02-17.10:48:19::SCWMssOS::s7_cortexa9_0/lib/xadcps_selftest.o ps7_cortexa9_0/lib/xadcps_sinit.o ps7_cortexa9_0/lib/xcoresightpsdcc.o ps7_cortexa9_0/lib/x
TRACE::2025-02-17.10:48:19::SCWMssOS::devcfg.o ps7_cortexa9_0/lib/xdevcfg_g.o ps7_cortexa9_0/lib/xdevcfg_hw.o ps7_cortexa9_0/lib/xdevcfg_intr.o ps7_cortexa9_0/lib/xd
TRACE::2025-02-17.10:48:19::SCWMssOS::evcfg_selftest.o ps7_cortexa9_0/lib/xdevcfg_sinit.o ps7_cortexa9_0/lib/xdmaps.o ps7_cortexa9_0/lib/xdmaps_g.o ps7_cortexa9_0/li
TRACE::2025-02-17.10:48:19::SCWMssOS::b/xdmaps_hw.o ps7_cortexa9_0/lib/xdmaps_selftest.o ps7_cortexa9_0/lib/xdmaps_sinit.o ps7_cortexa9_0/lib/xemacps.o ps7_cortexa9_
TRACE::2025-02-17.10:48:19::SCWMssOS::0/lib/xemacps_bdring.o ps7_cortexa9_0/lib/xemacps_control.o ps7_cortexa9_0/lib/xemacps_g.o ps7_cortexa9_0/lib/xemacps_hw.o ps7_
TRACE::2025-02-17.10:48:19::SCWMssOS::cortexa9_0/lib/xemacps_intr.o ps7_cortexa9_0/lib/xemacps_sinit.o ps7_cortexa9_0/lib/xgpio.o ps7_cortexa9_0/lib/xgpio_extra.o ps
TRACE::2025-02-17.10:48:19::SCWMssOS::7_cortexa9_0/lib/xgpio_g.o ps7_cortexa9_0/lib/xgpio_intr.o ps7_cortexa9_0/lib/xgpio_selftest.o ps7_cortexa9_0/lib/xgpio_sinit.o
TRACE::2025-02-17.10:48:19::SCWMssOS:: ps7_cortexa9_0/lib/xgpiops.o ps7_cortexa9_0/lib/xgpiops_g.o ps7_cortexa9_0/lib/xgpiops_hw.o ps7_cortexa9_0/lib/xgpiops_intr.o 
TRACE::2025-02-17.10:48:19::SCWMssOS::ps7_cortexa9_0/lib/xgpiops_selftest.o ps7_cortexa9_0/lib/xgpiops_sinit.o ps7_cortexa9_0/lib/xil-crt0.o ps7_cortexa9_0/lib/xil_a
TRACE::2025-02-17.10:48:19::SCWMssOS::ssert.o ps7_cortexa9_0/lib/xil_cache.o ps7_cortexa9_0/lib/xil_clocking.o ps7_cortexa9_0/lib/xil_exception.o ps7_cortexa9_0/lib/
TRACE::2025-02-17.10:48:19::SCWMssOS::xil_mem.o ps7_cortexa9_0/lib/xil_misc_psreset_api.o ps7_cortexa9_0/lib/xil_mmu.o ps7_cortexa9_0/lib/xil_printf.o ps7_cortexa9_0
TRACE::2025-02-17.10:48:19::SCWMssOS::/lib/xil_sleepcommon.o ps7_cortexa9_0/lib/xil_sleeptimer.o ps7_cortexa9_0/lib/xil_spinlock.o ps7_cortexa9_0/lib/xil_testcache.o
TRACE::2025-02-17.10:48:19::SCWMssOS:: ps7_cortexa9_0/lib/xil_testio.o ps7_cortexa9_0/lib/xil_testmem.o ps7_cortexa9_0/lib/xil_util.o ps7_cortexa9_0/lib/xinterrupt_w
TRACE::2025-02-17.10:48:19::SCWMssOS::rap.o ps7_cortexa9_0/lib/xl2cc_counter.o ps7_cortexa9_0/lib/xplatform_info.o ps7_cortexa9_0/lib/xpm_counter.o ps7_cortexa9_0/li
TRACE::2025-02-17.10:48:19::SCWMssOS::b/xpm_init.o ps7_cortexa9_0/lib/xqspips.o ps7_cortexa9_0/lib/xqspips_g.o ps7_cortexa9_0/lib/xqspips_hw.o ps7_cortexa9_0/lib/xqs
TRACE::2025-02-17.10:48:19::SCWMssOS::pips_options.o ps7_cortexa9_0/lib/xqspips_selftest.o ps7_cortexa9_0/lib/xqspips_sinit.o ps7_cortexa9_0/lib/xscugic.o ps7_cortex
TRACE::2025-02-17.10:48:19::SCWMssOS::a9_0/lib/xscugic_g.o ps7_cortexa9_0/lib/xscugic_hw.o ps7_cortexa9_0/lib/xscugic_intr.o ps7_cortexa9_0/lib/xscugic_selftest.o ps
TRACE::2025-02-17.10:48:19::SCWMssOS::7_cortexa9_0/lib/xscugic_sinit.o ps7_cortexa9_0/lib/xscutimer.o ps7_cortexa9_0/lib/xscutimer_g.o ps7_cortexa9_0/lib/xscutimer_s
TRACE::2025-02-17.10:48:19::SCWMssOS::elftest.o ps7_cortexa9_0/lib/xscutimer_sinit.o ps7_cortexa9_0/lib/xscuwdt.o ps7_cortexa9_0/lib/xscuwdt_g.o ps7_cortexa9_0/lib/x
TRACE::2025-02-17.10:48:19::SCWMssOS::scuwdt_selftest.o ps7_cortexa9_0/lib/xscuwdt_sinit.o ps7_cortexa9_0/lib/xsdps.o ps7_cortexa9_0/lib/xsdps_card.o ps7_cortexa9_0/
TRACE::2025-02-17.10:48:19::SCWMssOS::lib/xsdps_g.o ps7_cortexa9_0/lib/xsdps_host.o ps7_cortexa9_0/lib/xsdps_options.o ps7_cortexa9_0/lib/xsdps_sinit.o ps7_cortexa9_
TRACE::2025-02-17.10:48:19::SCWMssOS::0/lib/xtime_l.o ps7_cortexa9_0/lib/xuartps.o ps7_cortexa9_0/lib/xuartps_g.o ps7_cortexa9_0/lib/xuartps_hw.o ps7_cortexa9_0/lib/
TRACE::2025-02-17.10:48:19::SCWMssOS::xuartps_intr.o ps7_cortexa9_0/lib/xuartps_options.o ps7_cortexa9_0/lib/xuartps_selftest.o ps7_cortexa9_0/lib/xuartps_sinit.o ps
TRACE::2025-02-17.10:48:19::SCWMssOS::7_cortexa9_0/lib/xusbps.o ps7_cortexa9_0/lib/xusbps_endpoint.o ps7_cortexa9_0/lib/xusbps_g.o ps7_cortexa9_0/lib/xusbps_hw.o ps7
TRACE::2025-02-17.10:48:19::SCWMssOS::_cortexa9_0/lib/xusbps_intr.o ps7_cortexa9_0/lib/xusbps_sinit.o

TRACE::2025-02-17.10:48:19::SCWMssOS::'Finished building libraries'

TRACE::2025-02-17.10:48:19::SCWMssOS::Copying to export directory.
TRACE::2025-02-17.10:48:19::SCWMssOS:: Checking if to create the Supporting Applications
TRACE::2025-02-17.10:48:19::SCWMssOS:: No Linux domain exists, trying to generate FSBL 
LOG::2025-02-17.10:48:19::SCWSystem::Completed Processing the domain standalone_ps7_cortexa9_0
LOG::2025-02-17.10:48:19::SCWSystem::Completed Processing the sysconfig GPIOSOC
LOG::2025-02-17.10:48:19::SCWPlatform::Completed generating the artifacts for system configuration GPIOSOC
TRACE::2025-02-17.10:48:19::SCWPlatform::Started preparing the platform 
TRACE::2025-02-17.10:48:19::SCWSystem::Writing the bif file for system config GPIOSOC
TRACE::2025-02-17.10:48:19::SCWSystem::dir created 
TRACE::2025-02-17.10:48:19::SCWSystem::Writing the bif 
TRACE::2025-02-17.10:48:19::SCWPlatform::Started writing the spfm file 
TRACE::2025-02-17.10:48:19::SCWPlatform::Started writing the xpfm file 
TRACE::2025-02-17.10:48:19::SCWPlatform::Completed generating the platform
TRACE::2025-02-17.10:48:19::SCWMssOS::Saving the mss changes C:/PXL/devWorks/devWorks2/GPIOSOC/Vitis/GPIOSOC/zynq_fsbl/zynq_fsbl_bsp/system.mss
TRACE::2025-02-17.10:48:19::SCWMssOS::Found a swdesign opened with the mssfile.
TRACE::2025-02-17.10:48:19::SCWMssOS::Completed writemss as part of save.
TRACE::2025-02-17.10:48:19::SCWMssOS::Commit changes completed.
TRACE::2025-02-17.10:48:19::SCWMssOS::Saving the mss changes C:/PXL/devWorks/devWorks2/GPIOSOC/Vitis/GPIOSOC/ps7_cortexa9_0/standalone_ps7_cortexa9_0/bsp/system.mss
TRACE::2025-02-17.10:48:19::SCWMssOS::Found a swdesign opened with the mssfile.
TRACE::2025-02-17.10:48:19::SCWMssOS::Completed writemss as part of save.
TRACE::2025-02-17.10:48:19::SCWMssOS::Commit changes completed.
TRACE::2025-02-17.10:48:19::SCWPlatform::Trying to open the hw design at C:/PXL/devWorks/devWorks2/GPIOSOC/Vitis/GPIOSOC/hw/GPIOSOC.xsa
TRACE::2025-02-17.10:48:19::SCWPlatform::DSA given C:/PXL/devWorks/devWorks2/GPIOSOC/Vitis/GPIOSOC/hw/GPIOSOC.xsa
TRACE::2025-02-17.10:48:19::SCWPlatform::DSA absoulate path C:/PXL/devWorks/devWorks2/GPIOSOC/Vitis/GPIOSOC/hw/GPIOSOC.xsa
TRACE::2025-02-17.10:48:19::SCWPlatform::DSA directory C:/PXL/devWorks/devWorks2/GPIOSOC/Vitis/GPIOSOC/hw
TRACE::2025-02-17.10:48:19::SCWPlatform:: Platform Path C:/PXL/devWorks/devWorks2/GPIOSOC/Vitis/GPIOSOC/hw/GPIOSOC.xsa
TRACE::2025-02-17.10:48:19::SCWPlatform:: Unique name xilinx:pynq-z2::0.0
TRACE::2025-02-17.10:48:19::SCWPlatform::Trying to set the existing hwdb with name design_1_wrapper_0
TRACE::2025-02-17.10:48:19::SCWPlatform::Opened existing hwdb design_1_wrapper_0
TRACE::2025-02-17.10:48:19::SCWPlatform::Found the Hw Db part of the input DSA
TRACE::2025-02-17.10:48:19::SCWMssOS::Checking the sw design at  C:/PXL/devWorks/devWorks2/GPIOSOC/Vitis/GPIOSOC/zynq_fsbl/zynq_fsbl_bsp/system.mss
TRACE::2025-02-17.10:48:19::SCWMssOS::DEBUG:  swdes dump  C:/PXL/devWorks/devWorks2/GPIOSOC/Vitis/GPIOSOC/ps7_cortexa9_0/standalone_ps7_cortexa9_0/bsp/system.mss|system_0||
C:/PXL/devWorks/devWorks2/GPIOSOC/Vitis/GPIOSOC/zynq_fsbl/zynq_fsbl_bsp/system.mss|system||

TRACE::2025-02-17.10:48:19::SCWMssOS::Sw design exists and opened at  C:/PXL/devWorks/devWorks2/GPIOSOC/Vitis/GPIOSOC/zynq_fsbl/zynq_fsbl_bsp/system.mss
TRACE::2025-02-17.10:48:19::SCWPlatform::Trying to open the hw design at C:/PXL/devWorks/devWorks2/GPIOSOC/Vitis/GPIOSOC/hw/GPIOSOC.xsa
TRACE::2025-02-17.10:48:19::SCWPlatform::DSA given C:/PXL/devWorks/devWorks2/GPIOSOC/Vitis/GPIOSOC/hw/GPIOSOC.xsa
TRACE::2025-02-17.10:48:19::SCWPlatform::DSA absoulate path C:/PXL/devWorks/devWorks2/GPIOSOC/Vitis/GPIOSOC/hw/GPIOSOC.xsa
TRACE::2025-02-17.10:48:19::SCWPlatform::DSA directory C:/PXL/devWorks/devWorks2/GPIOSOC/Vitis/GPIOSOC/hw
TRACE::2025-02-17.10:48:19::SCWPlatform:: Platform Path C:/PXL/devWorks/devWorks2/GPIOSOC/Vitis/GPIOSOC/hw/GPIOSOC.xsa
TRACE::2025-02-17.10:48:19::SCWPlatform:: Unique name xilinx:pynq-z2::0.0
TRACE::2025-02-17.10:48:19::SCWPlatform::Trying to set the existing hwdb with name design_1_wrapper_0
TRACE::2025-02-17.10:48:19::SCWPlatform::Opened existing hwdb design_1_wrapper_0
TRACE::2025-02-17.10:48:19::SCWPlatform::Found the Hw Db part of the input DSA
TRACE::2025-02-17.10:48:19::SCWMssOS::Checking the sw design at  C:/PXL/devWorks/devWorks2/GPIOSOC/Vitis/GPIOSOC/zynq_fsbl/zynq_fsbl_bsp/system.mss
TRACE::2025-02-17.10:48:19::SCWMssOS::DEBUG:  swdes dump  C:/PXL/devWorks/devWorks2/GPIOSOC/Vitis/GPIOSOC/ps7_cortexa9_0/standalone_ps7_cortexa9_0/bsp/system.mss|system_0||
C:/PXL/devWorks/devWorks2/GPIOSOC/Vitis/GPIOSOC/zynq_fsbl/zynq_fsbl_bsp/system.mss|system||

TRACE::2025-02-17.10:48:19::SCWMssOS::Sw design exists and opened at  C:/PXL/devWorks/devWorks2/GPIOSOC/Vitis/GPIOSOC/zynq_fsbl/zynq_fsbl_bsp/system.mss
TRACE::2025-02-17.10:48:19::SCWPlatform::Trying to open the hw design at C:/PXL/devWorks/devWorks2/GPIOSOC/Vitis/GPIOSOC/hw/GPIOSOC.xsa
TRACE::2025-02-17.10:48:19::SCWPlatform::DSA given C:/PXL/devWorks/devWorks2/GPIOSOC/Vitis/GPIOSOC/hw/GPIOSOC.xsa
TRACE::2025-02-17.10:48:19::SCWPlatform::DSA absoulate path C:/PXL/devWorks/devWorks2/GPIOSOC/Vitis/GPIOSOC/hw/GPIOSOC.xsa
TRACE::2025-02-17.10:48:19::SCWPlatform::DSA directory C:/PXL/devWorks/devWorks2/GPIOSOC/Vitis/GPIOSOC/hw
TRACE::2025-02-17.10:48:19::SCWPlatform:: Platform Path C:/PXL/devWorks/devWorks2/GPIOSOC/Vitis/GPIOSOC/hw/GPIOSOC.xsa
TRACE::2025-02-17.10:48:19::SCWPlatform:: Unique name xilinx:pynq-z2::0.0
TRACE::2025-02-17.10:48:19::SCWPlatform::Trying to set the existing hwdb with name design_1_wrapper_0
TRACE::2025-02-17.10:48:19::SCWPlatform::Opened existing hwdb design_1_wrapper_0
TRACE::2025-02-17.10:48:19::SCWPlatform::Found the Hw Db part of the input DSA
TRACE::2025-02-17.10:48:19::SCWMssOS::Checking the sw design at  C:/PXL/devWorks/devWorks2/GPIOSOC/Vitis/GPIOSOC/zynq_fsbl/zynq_fsbl_bsp/system.mss
TRACE::2025-02-17.10:48:19::SCWMssOS::DEBUG:  swdes dump  C:/PXL/devWorks/devWorks2/GPIOSOC/Vitis/GPIOSOC/ps7_cortexa9_0/standalone_ps7_cortexa9_0/bsp/system.mss|system_0||
C:/PXL/devWorks/devWorks2/GPIOSOC/Vitis/GPIOSOC/zynq_fsbl/zynq_fsbl_bsp/system.mss|system||

TRACE::2025-02-17.10:48:19::SCWMssOS::Sw design exists and opened at  C:/PXL/devWorks/devWorks2/GPIOSOC/Vitis/GPIOSOC/zynq_fsbl/zynq_fsbl_bsp/system.mss
TRACE::2025-02-17.10:48:19::SCWPlatform::Trying to open the hw design at C:/PXL/devWorks/devWorks2/GPIOSOC/Vitis/GPIOSOC/hw/GPIOSOC.xsa
TRACE::2025-02-17.10:48:19::SCWPlatform::DSA given C:/PXL/devWorks/devWorks2/GPIOSOC/Vitis/GPIOSOC/hw/GPIOSOC.xsa
TRACE::2025-02-17.10:48:19::SCWPlatform::DSA absoulate path C:/PXL/devWorks/devWorks2/GPIOSOC/Vitis/GPIOSOC/hw/GPIOSOC.xsa
TRACE::2025-02-17.10:48:19::SCWPlatform::DSA directory C:/PXL/devWorks/devWorks2/GPIOSOC/Vitis/GPIOSOC/hw
TRACE::2025-02-17.10:48:19::SCWPlatform:: Platform Path C:/PXL/devWorks/devWorks2/GPIOSOC/Vitis/GPIOSOC/hw/GPIOSOC.xsa
TRACE::2025-02-17.10:48:19::SCWPlatform:: Unique name xilinx:pynq-z2::0.0
TRACE::2025-02-17.10:48:19::SCWPlatform::Trying to set the existing hwdb with name design_1_wrapper_0
TRACE::2025-02-17.10:48:19::SCWPlatform::Opened existing hwdb design_1_wrapper_0
TRACE::2025-02-17.10:48:19::SCWPlatform::Found the Hw Db part of the input DSA
TRACE::2025-02-17.10:48:19::SCWMssOS::Checking the sw design at  C:/PXL/devWorks/devWorks2/GPIOSOC/Vitis/GPIOSOC/ps7_cortexa9_0/standalone_ps7_cortexa9_0/bsp/system.mss
TRACE::2025-02-17.10:48:19::SCWMssOS::DEBUG:  swdes dump  C:/PXL/devWorks/devWorks2/GPIOSOC/Vitis/GPIOSOC/ps7_cortexa9_0/standalone_ps7_cortexa9_0/bsp/system.mss|system_0||
C:/PXL/devWorks/devWorks2/GPIOSOC/Vitis/GPIOSOC/zynq_fsbl/zynq_fsbl_bsp/system.mss|system||

TRACE::2025-02-17.10:48:19::SCWMssOS::Sw design exists and opened at  C:/PXL/devWorks/devWorks2/GPIOSOC/Vitis/GPIOSOC/ps7_cortexa9_0/standalone_ps7_cortexa9_0/bsp/system.mss
TRACE::2025-02-17.10:48:19::SCWPlatform::Trying to open the hw design at C:/PXL/devWorks/devWorks2/GPIOSOC/Vitis/GPIOSOC/hw/GPIOSOC.xsa
TRACE::2025-02-17.10:48:19::SCWPlatform::DSA given C:/PXL/devWorks/devWorks2/GPIOSOC/Vitis/GPIOSOC/hw/GPIOSOC.xsa
TRACE::2025-02-17.10:48:19::SCWPlatform::DSA absoulate path C:/PXL/devWorks/devWorks2/GPIOSOC/Vitis/GPIOSOC/hw/GPIOSOC.xsa
TRACE::2025-02-17.10:48:19::SCWPlatform::DSA directory C:/PXL/devWorks/devWorks2/GPIOSOC/Vitis/GPIOSOC/hw
TRACE::2025-02-17.10:48:19::SCWPlatform:: Platform Path C:/PXL/devWorks/devWorks2/GPIOSOC/Vitis/GPIOSOC/hw/GPIOSOC.xsa
TRACE::2025-02-17.10:48:19::SCWPlatform:: Unique name xilinx:pynq-z2::0.0
TRACE::2025-02-17.10:48:19::SCWPlatform::Trying to set the existing hwdb with name design_1_wrapper_0
TRACE::2025-02-17.10:48:19::SCWPlatform::Opened existing hwdb design_1_wrapper_0
TRACE::2025-02-17.10:48:19::SCWPlatform::Found the Hw Db part of the input DSA
TRACE::2025-02-17.10:48:19::SCWMssOS::Checking the sw design at  C:/PXL/devWorks/devWorks2/GPIOSOC/Vitis/GPIOSOC/ps7_cortexa9_0/standalone_ps7_cortexa9_0/bsp/system.mss
TRACE::2025-02-17.10:48:19::SCWMssOS::DEBUG:  swdes dump  C:/PXL/devWorks/devWorks2/GPIOSOC/Vitis/GPIOSOC/ps7_cortexa9_0/standalone_ps7_cortexa9_0/bsp/system.mss|system_0||
C:/PXL/devWorks/devWorks2/GPIOSOC/Vitis/GPIOSOC/zynq_fsbl/zynq_fsbl_bsp/system.mss|system||

TRACE::2025-02-17.10:48:19::SCWMssOS::Sw design exists and opened at  C:/PXL/devWorks/devWorks2/GPIOSOC/Vitis/GPIOSOC/ps7_cortexa9_0/standalone_ps7_cortexa9_0/bsp/system.mss
TRACE::2025-02-17.10:48:19::SCWPlatform::Trying to open the hw design at C:/PXL/devWorks/devWorks2/GPIOSOC/Vitis/GPIOSOC/hw/GPIOSOC.xsa
TRACE::2025-02-17.10:48:19::SCWPlatform::DSA given C:/PXL/devWorks/devWorks2/GPIOSOC/Vitis/GPIOSOC/hw/GPIOSOC.xsa
TRACE::2025-02-17.10:48:19::SCWPlatform::DSA absoulate path C:/PXL/devWorks/devWorks2/GPIOSOC/Vitis/GPIOSOC/hw/GPIOSOC.xsa
TRACE::2025-02-17.10:48:19::SCWPlatform::DSA directory C:/PXL/devWorks/devWorks2/GPIOSOC/Vitis/GPIOSOC/hw
TRACE::2025-02-17.10:48:19::SCWPlatform:: Platform Path C:/PXL/devWorks/devWorks2/GPIOSOC/Vitis/GPIOSOC/hw/GPIOSOC.xsa
TRACE::2025-02-17.10:48:19::SCWPlatform:: Unique name xilinx:pynq-z2::0.0
TRACE::2025-02-17.10:48:19::SCWPlatform::Trying to set the existing hwdb with name design_1_wrapper_0
TRACE::2025-02-17.10:48:19::SCWPlatform::Opened existing hwdb design_1_wrapper_0
TRACE::2025-02-17.10:48:19::SCWPlatform::Found the Hw Db part of the input DSA
TRACE::2025-02-17.10:48:19::SCWMssOS::Checking the sw design at  C:/PXL/devWorks/devWorks2/GPIOSOC/Vitis/GPIOSOC/ps7_cortexa9_0/standalone_ps7_cortexa9_0/bsp/system.mss
TRACE::2025-02-17.10:48:19::SCWMssOS::DEBUG:  swdes dump  C:/PXL/devWorks/devWorks2/GPIOSOC/Vitis/GPIOSOC/ps7_cortexa9_0/standalone_ps7_cortexa9_0/bsp/system.mss|system_0||
C:/PXL/devWorks/devWorks2/GPIOSOC/Vitis/GPIOSOC/zynq_fsbl/zynq_fsbl_bsp/system.mss|system||

TRACE::2025-02-17.10:48:19::SCWMssOS::Sw design exists and opened at  C:/PXL/devWorks/devWorks2/GPIOSOC/Vitis/GPIOSOC/ps7_cortexa9_0/standalone_ps7_cortexa9_0/bsp/system.mss
TRACE::2025-02-17.10:48:19::SCWWriter::formatted JSON is {
	"platformName":	"GPIOSOC",
	"sprVersion":	"2.0",
	"mode":	"gui",
	"dsaType":	"Fixed",
	"platformDesc":	"GPIOSOC",
	"platHandOff":	"C:/PXL/devWorks/devWorks2/GPIOSOC/GPIOSOC.xsa",
	"platIntHandOff":	"<platformDir>/hw/GPIOSOC.xsa",
	"deviceType":	"zynq",
	"platIsPrebuiltAutogen":	"false",
	"platIsNoBootBsp":	"false",
	"platFsblTarget":	"ps7_cortexa9_0",
	"hasFsblMakeHasChanges":	"false",
	"hasPmufwMakeHasChanges":	"false",
	"fsblExtraCompilerFlags":	"-MMD -MP       -mcpu=cortex-a9 -mfpu=vfpv3 -mfloat-abi=hard ",
	"platPreBuiltFlag":	false,
	"platformSamplesDir":	"",
	"platActiveSys":	"GPIOSOC",
	"systems":	[{
			"systemName":	"GPIOSOC",
			"systemDesc":	"GPIOSOC",
			"sysIsBootAutoGen":	"true",
			"systemDispName":	"GPIOSOC",
			"sysActiveDom":	"standalone_ps7_cortexa9_0",
			"sysDefaultDom":	"standalone_ps7_cortexa9_0",
			"domains":	[{
					"domainName":	"zynq_fsbl",
					"domainDispName":	"zynq_fsbl",
					"domainDesc":	"FSBL Application BSP - Auto Generated.",
					"processors":	"ps7_cortexa9_0",
					"os":	"standalone",
					"sdxOs":	"standalone",
					"debugEnable":	"",
					"domRuntimes":	["cpp"],
					"swRepo":	"",
					"mssOsVer":	"9.1",
					"mssFile":	"",
					"md5Digest":	"38ba93e41c0d74ae18df48b1f9514907",
					"compatibleApp":	"zynq_fsbl",
					"domType":	"bootDomain",
					"arch":	"32-bit",
					"appSettings":	{
						"appCompilerFlags":	"",
						"appLinkerFlags":	""
					},
					"addedLibs":	["xilffs:5.2", "xilrsa:1.8"],
					"libOptions":	{
						"libsContainingOptions":	[]
					},
					"prebuiltLibs":	{
						"prebuiltIncPath":	[],
						"prebuiltLibPath":	[]
					},
					"isolation":	{
					}
				}, {
					"domainName":	"standalone_ps7_cortexa9_0",
					"domainDispName":	"standalone_ps7_cortexa9_0",
					"domainDesc":	"standalone_ps7_cortexa9_0",
					"processors":	"ps7_cortexa9_0",
					"os":	"standalone",
					"sdxOs":	"standalone",
					"qemuArgs":	"<platformDir>/resources/GPIOSOC/standalone_ps7_cortexa9_0/qemu_args.txt",
					"qemuData":	"<platformDir>/resources/GPIOSOC/standalone_ps7_cortexa9_0/qemu",
					"debugEnable":	"False",
					"domRuntimes":	["cpp"],
					"swRepo":	"",
					"mssOsVer":	"9.1",
					"mssFile":	"",
					"md5Digest":	"6a262be947555ba770b2f1965ebd288c",
					"compatibleApp":	"hello_world",
					"domType":	"mssDomain",
					"arch":	"32-bit",
					"appSettings":	{
						"appCompilerFlags":	"",
						"appLinkerFlags":	""
					},
					"addedLibs":	[],
					"libOptions":	{
						"libsContainingOptions":	[]
					},
					"prebuiltLibs":	{
						"prebuiltIncPath":	[],
						"prebuiltLibPath":	[]
					},
					"isolation":	{
					}
				}]
		}]
}
KEYINFO::2025-02-17.10:48:19::SCWPlatform::updated the xpfm file.
TRACE::2025-02-17.10:48:20::SCWPlatform::Trying to open the hw design at C:/PXL/devWorks/devWorks2/GPIOSOC/Vitis/GPIOSOC/hw/GPIOSOC.xsa
TRACE::2025-02-17.10:48:20::SCWPlatform::DSA given C:/PXL/devWorks/devWorks2/GPIOSOC/Vitis/GPIOSOC/hw/GPIOSOC.xsa
TRACE::2025-02-17.10:48:20::SCWPlatform::DSA absoulate path C:/PXL/devWorks/devWorks2/GPIOSOC/Vitis/GPIOSOC/hw/GPIOSOC.xsa
TRACE::2025-02-17.10:48:20::SCWPlatform::DSA directory C:/PXL/devWorks/devWorks2/GPIOSOC/Vitis/GPIOSOC/hw
TRACE::2025-02-17.10:48:20::SCWPlatform:: Platform Path C:/PXL/devWorks/devWorks2/GPIOSOC/Vitis/GPIOSOC/hw/GPIOSOC.xsa
TRACE::2025-02-17.10:48:20::SCWPlatform:: Unique name xilinx:pynq-z2::0.0
TRACE::2025-02-17.10:48:20::SCWPlatform::Trying to set the existing hwdb with name design_1_wrapper_0
TRACE::2025-02-17.10:48:20::SCWPlatform::Opened existing hwdb design_1_wrapper_0
TRACE::2025-02-17.10:48:20::SCWPlatform::Found the Hw Db part of the input DSA
TRACE::2025-02-17.10:48:20::SCWMssOS::Checking the sw design at  C:/PXL/devWorks/devWorks2/GPIOSOC/Vitis/GPIOSOC/ps7_cortexa9_0/standalone_ps7_cortexa9_0/bsp/system.mss
TRACE::2025-02-17.10:48:20::SCWMssOS::DEBUG:  swdes dump  C:/PXL/devWorks/devWorks2/GPIOSOC/Vitis/GPIOSOC/ps7_cortexa9_0/standalone_ps7_cortexa9_0/bsp/system.mss|system_0||
C:/PXL/devWorks/devWorks2/GPIOSOC/Vitis/GPIOSOC/zynq_fsbl/zynq_fsbl_bsp/system.mss|system||

TRACE::2025-02-17.10:48:20::SCWMssOS::Sw design exists and opened at  C:/PXL/devWorks/devWorks2/GPIOSOC/Vitis/GPIOSOC/ps7_cortexa9_0/standalone_ps7_cortexa9_0/bsp/system.mss
TRACE::2025-02-17.10:48:42::SCWPlatform::Clearing the existing platform
TRACE::2025-02-17.10:48:42::SCWSystem::Clearing the existing sysconfig
TRACE::2025-02-17.10:48:42::SCWBDomain::clearing the fsbl build
TRACE::2025-02-17.10:48:42::SCWMssOS::Removing the swdes entry for  C:/PXL/devWorks/devWorks2/GPIOSOC/Vitis/GPIOSOC/zynq_fsbl/zynq_fsbl_bsp/system.mss
TRACE::2025-02-17.10:48:42::SCWMssOS::Removing the swdes entry for  C:/PXL/devWorks/devWorks2/GPIOSOC/Vitis/GPIOSOC/ps7_cortexa9_0/standalone_ps7_cortexa9_0/bsp/system.mss
TRACE::2025-02-17.10:48:42::SCWSystem::Clearing the domains completed.
TRACE::2025-02-17.10:48:42::SCWPlatform::Clearing the opened hw db.
TRACE::2025-02-17.10:48:42::SCWPlatform::DSA given C:/PXL/devWorks/devWorks2/GPIOSOC/Vitis/GPIOSOC/hw/GPIOSOC.xsa
TRACE::2025-02-17.10:48:42::SCWPlatform::DSA absoulate path C:/PXL/devWorks/devWorks2/GPIOSOC/Vitis/GPIOSOC/hw/GPIOSOC.xsa
TRACE::2025-02-17.10:48:42::SCWPlatform:: Platform location is C:/PXL/devWorks/devWorks2/GPIOSOC/Vitis/GPIOSOC/hw
TRACE::2025-02-17.10:48:42::SCWPlatform:: Platform Path C:/PXL/devWorks/devWorks2/GPIOSOC/Vitis/GPIOSOC/hw/GPIOSOC.xsa
TRACE::2025-02-17.10:48:42::SCWPlatform:: Unique name xilinx:pynq-z2::0.0
TRACE::2025-02-17.10:48:42::SCWPlatform::Removing the HwDB with name C:/PXL/devWorks/devWorks2/GPIOSOC/Vitis/GPIOSOC/hw/GPIOSOC.xsa
TRACE::2025-02-17.10:48:42::SCWPlatform::Trying to open the hw design at C:/PXL/devWorks/devWorks2/GPIOSOC/Vitis/GPIOSOC/hw/GPIOSOC.xsa
TRACE::2025-02-17.10:48:42::SCWPlatform::DSA given C:/PXL/devWorks/devWorks2/GPIOSOC/Vitis/GPIOSOC/hw/GPIOSOC.xsa
TRACE::2025-02-17.10:48:42::SCWPlatform::DSA absoulate path C:/PXL/devWorks/devWorks2/GPIOSOC/Vitis/GPIOSOC/hw/GPIOSOC.xsa
TRACE::2025-02-17.10:48:42::SCWPlatform::DSA directory C:/PXL/devWorks/devWorks2/GPIOSOC/Vitis/GPIOSOC/hw
TRACE::2025-02-17.10:48:42::SCWPlatform:: Platform Path C:/PXL/devWorks/devWorks2/GPIOSOC/Vitis/GPIOSOC/hw/GPIOSOC.xsa
TRACE::2025-02-17.10:48:42::SCWPlatform:: Unique name xilinx:pynq-z2::0.0
TRACE::2025-02-17.10:48:42::SCWPlatform::Do not have an existing db opened. 
TRACE::2025-02-17.10:48:45::SCWPlatform::Opened new HwDB with name design_1_wrapper_2
TRACE::2025-02-17.10:48:45::SCWReader::Active system found as  GPIOSOC
TRACE::2025-02-17.10:48:45::SCWReader::Handling sysconfig GPIOSOC
TRACE::2025-02-17.10:48:45::SCWDomain::checking for install qemu data   : 
TRACE::2025-02-17.10:48:45::SCWDomain:: Using the QEMU Data from install at  : C:/Xilinx/Vitis/2024.1/data/emulation/platforms/zynq/sw/a9_standalone/qemu/
TRACE::2025-02-17.10:48:45::SCWDomain:: Using the QEMU args  from install at  : C:/Xilinx/Vitis/2024.1/data/emulation/platforms/zynq/sw/a9_standalone/qemu/qemu_args.txt
TRACE::2025-02-17.10:48:45::SCWPlatform::Trying to open the hw design at C:/PXL/devWorks/devWorks2/GPIOSOC/Vitis/GPIOSOC/hw/GPIOSOC.xsa
TRACE::2025-02-17.10:48:45::SCWPlatform::DSA given C:/PXL/devWorks/devWorks2/GPIOSOC/Vitis/GPIOSOC/hw/GPIOSOC.xsa
TRACE::2025-02-17.10:48:45::SCWPlatform::DSA absoulate path C:/PXL/devWorks/devWorks2/GPIOSOC/Vitis/GPIOSOC/hw/GPIOSOC.xsa
TRACE::2025-02-17.10:48:45::SCWPlatform::DSA directory C:/PXL/devWorks/devWorks2/GPIOSOC/Vitis/GPIOSOC/hw
TRACE::2025-02-17.10:48:45::SCWPlatform:: Platform Path C:/PXL/devWorks/devWorks2/GPIOSOC/Vitis/GPIOSOC/hw/GPIOSOC.xsa
TRACE::2025-02-17.10:48:45::SCWPlatform:: Unique name xilinx:pynq-z2::0.0
TRACE::2025-02-17.10:48:45::SCWPlatform::Trying to set the existing hwdb with name design_1_wrapper_2
TRACE::2025-02-17.10:48:45::SCWPlatform::Opened existing hwdb design_1_wrapper_2
TRACE::2025-02-17.10:48:45::SCWPlatform::Found the Hw Db part of the input DSA
TRACE::2025-02-17.10:48:45::SCWPlatform::Trying to open the hw design at C:/PXL/devWorks/devWorks2/GPIOSOC/Vitis/GPIOSOC/hw/GPIOSOC.xsa
TRACE::2025-02-17.10:48:45::SCWPlatform::DSA given C:/PXL/devWorks/devWorks2/GPIOSOC/Vitis/GPIOSOC/hw/GPIOSOC.xsa
TRACE::2025-02-17.10:48:45::SCWPlatform::DSA absoulate path C:/PXL/devWorks/devWorks2/GPIOSOC/Vitis/GPIOSOC/hw/GPIOSOC.xsa
TRACE::2025-02-17.10:48:45::SCWPlatform::DSA directory C:/PXL/devWorks/devWorks2/GPIOSOC/Vitis/GPIOSOC/hw
TRACE::2025-02-17.10:48:45::SCWPlatform:: Platform Path C:/PXL/devWorks/devWorks2/GPIOSOC/Vitis/GPIOSOC/hw/GPIOSOC.xsa
TRACE::2025-02-17.10:48:45::SCWPlatform:: Unique name xilinx:pynq-z2::0.0
TRACE::2025-02-17.10:48:45::SCWPlatform::Trying to set the existing hwdb with name design_1_wrapper_2
TRACE::2025-02-17.10:48:45::SCWPlatform::Opened existing hwdb design_1_wrapper_2
TRACE::2025-02-17.10:48:45::SCWPlatform::Found the Hw Db part of the input DSA
TRACE::2025-02-17.10:48:45::SCWPlatform::Trying to open the hw design at C:/PXL/devWorks/devWorks2/GPIOSOC/Vitis/GPIOSOC/hw/GPIOSOC.xsa
TRACE::2025-02-17.10:48:45::SCWPlatform::DSA given C:/PXL/devWorks/devWorks2/GPIOSOC/Vitis/GPIOSOC/hw/GPIOSOC.xsa
TRACE::2025-02-17.10:48:45::SCWPlatform::DSA absoulate path C:/PXL/devWorks/devWorks2/GPIOSOC/Vitis/GPIOSOC/hw/GPIOSOC.xsa
TRACE::2025-02-17.10:48:45::SCWPlatform::DSA directory C:/PXL/devWorks/devWorks2/GPIOSOC/Vitis/GPIOSOC/hw
TRACE::2025-02-17.10:48:45::SCWPlatform:: Platform Path C:/PXL/devWorks/devWorks2/GPIOSOC/Vitis/GPIOSOC/hw/GPIOSOC.xsa
TRACE::2025-02-17.10:48:45::SCWPlatform:: Unique name xilinx:pynq-z2::0.0
TRACE::2025-02-17.10:48:45::SCWPlatform::Trying to set the existing hwdb with name design_1_wrapper_2
TRACE::2025-02-17.10:48:45::SCWPlatform::Opened existing hwdb design_1_wrapper_2
TRACE::2025-02-17.10:48:45::SCWPlatform::Found the Hw Db part of the input DSA
TRACE::2025-02-17.10:48:45::SCWReader::Boot application domain added for zynq_fsbl
TRACE::2025-02-17.10:48:45::SCWPlatform::Trying to open the hw design at C:/PXL/devWorks/devWorks2/GPIOSOC/Vitis/GPIOSOC/hw/GPIOSOC.xsa
TRACE::2025-02-17.10:48:45::SCWPlatform::DSA given C:/PXL/devWorks/devWorks2/GPIOSOC/Vitis/GPIOSOC/hw/GPIOSOC.xsa
TRACE::2025-02-17.10:48:45::SCWPlatform::DSA absoulate path C:/PXL/devWorks/devWorks2/GPIOSOC/Vitis/GPIOSOC/hw/GPIOSOC.xsa
TRACE::2025-02-17.10:48:45::SCWPlatform::DSA directory C:/PXL/devWorks/devWorks2/GPIOSOC/Vitis/GPIOSOC/hw
TRACE::2025-02-17.10:48:45::SCWPlatform:: Platform Path C:/PXL/devWorks/devWorks2/GPIOSOC/Vitis/GPIOSOC/hw/GPIOSOC.xsa
TRACE::2025-02-17.10:48:45::SCWPlatform:: Unique name xilinx:pynq-z2::0.0
TRACE::2025-02-17.10:48:45::SCWPlatform::Trying to set the existing hwdb with name design_1_wrapper_2
TRACE::2025-02-17.10:48:45::SCWPlatform::Opened existing hwdb design_1_wrapper_2
TRACE::2025-02-17.10:48:45::SCWPlatform::Found the Hw Db part of the input DSA
TRACE::2025-02-17.10:48:45::SCWMssOS::Checking the sw design at  C:/PXL/devWorks/devWorks2/GPIOSOC/Vitis/GPIOSOC/zynq_fsbl/zynq_fsbl_bsp/system.mss
TRACE::2025-02-17.10:48:45::SCWMssOS::DEBUG:  swdes dump  
TRACE::2025-02-17.10:48:45::SCWMssOS::No sw design opened at  C:/PXL/devWorks/devWorks2/GPIOSOC/Vitis/GPIOSOC/zynq_fsbl/zynq_fsbl_bsp/system.mss
TRACE::2025-02-17.10:48:45::SCWMssOS::mss exists loading the mss file  C:/PXL/devWorks/devWorks2/GPIOSOC/Vitis/GPIOSOC/zynq_fsbl/zynq_fsbl_bsp/system.mss
TRACE::2025-02-17.10:48:45::SCWMssOS::Opened the sw design from mss  C:/PXL/devWorks/devWorks2/GPIOSOC/Vitis/GPIOSOC/zynq_fsbl/zynq_fsbl_bsp/system.mss
TRACE::2025-02-17.10:48:45::SCWMssOS::Adding the swdes entry C:/PXL/devWorks/devWorks2/GPIOSOC/Vitis/GPIOSOC/zynq_fsbl/zynq_fsbl_bsp/system.mss with des name system
TRACE::2025-02-17.10:48:45::SCWMssOS::updating the scw layer about changes
TRACE::2025-02-17.10:48:45::SCWMssOS::Opened the sw design.  C:/PXL/devWorks/devWorks2/GPIOSOC/Vitis/GPIOSOC/zynq_fsbl/zynq_fsbl_bsp/system.mss
TRACE::2025-02-17.10:48:45::SCWPlatform::Trying to open the hw design at C:/PXL/devWorks/devWorks2/GPIOSOC/Vitis/GPIOSOC/hw/GPIOSOC.xsa
TRACE::2025-02-17.10:48:45::SCWPlatform::DSA given C:/PXL/devWorks/devWorks2/GPIOSOC/Vitis/GPIOSOC/hw/GPIOSOC.xsa
TRACE::2025-02-17.10:48:45::SCWPlatform::DSA absoulate path C:/PXL/devWorks/devWorks2/GPIOSOC/Vitis/GPIOSOC/hw/GPIOSOC.xsa
TRACE::2025-02-17.10:48:45::SCWPlatform::DSA directory C:/PXL/devWorks/devWorks2/GPIOSOC/Vitis/GPIOSOC/hw
TRACE::2025-02-17.10:48:45::SCWPlatform:: Platform Path C:/PXL/devWorks/devWorks2/GPIOSOC/Vitis/GPIOSOC/hw/GPIOSOC.xsa
TRACE::2025-02-17.10:48:45::SCWPlatform:: Unique name xilinx:pynq-z2::0.0
TRACE::2025-02-17.10:48:45::SCWPlatform::Trying to set the existing hwdb with name design_1_wrapper_2
TRACE::2025-02-17.10:48:45::SCWPlatform::Opened existing hwdb design_1_wrapper_2
TRACE::2025-02-17.10:48:45::SCWPlatform::Found the Hw Db part of the input DSA
TRACE::2025-02-17.10:48:45::SCWMssOS::Checking the sw design at  C:/PXL/devWorks/devWorks2/GPIOSOC/Vitis/GPIOSOC/zynq_fsbl/zynq_fsbl_bsp/system.mss
TRACE::2025-02-17.10:48:45::SCWMssOS::DEBUG:  swdes dump  C:/PXL/devWorks/devWorks2/GPIOSOC/Vitis/GPIOSOC/zynq_fsbl/zynq_fsbl_bsp/system.mss|system||

TRACE::2025-02-17.10:48:45::SCWMssOS::Sw design exists and opened at  C:/PXL/devWorks/devWorks2/GPIOSOC/Vitis/GPIOSOC/zynq_fsbl/zynq_fsbl_bsp/system.mss
TRACE::2025-02-17.10:48:45::SCWMssOS:: library already available in sw design:  xilffs:5.2
TRACE::2025-02-17.10:48:45::SCWPlatform::Trying to open the hw design at C:/PXL/devWorks/devWorks2/GPIOSOC/Vitis/GPIOSOC/hw/GPIOSOC.xsa
TRACE::2025-02-17.10:48:45::SCWPlatform::DSA given C:/PXL/devWorks/devWorks2/GPIOSOC/Vitis/GPIOSOC/hw/GPIOSOC.xsa
TRACE::2025-02-17.10:48:45::SCWPlatform::DSA absoulate path C:/PXL/devWorks/devWorks2/GPIOSOC/Vitis/GPIOSOC/hw/GPIOSOC.xsa
TRACE::2025-02-17.10:48:45::SCWPlatform::DSA directory C:/PXL/devWorks/devWorks2/GPIOSOC/Vitis/GPIOSOC/hw
TRACE::2025-02-17.10:48:45::SCWPlatform:: Platform Path C:/PXL/devWorks/devWorks2/GPIOSOC/Vitis/GPIOSOC/hw/GPIOSOC.xsa
TRACE::2025-02-17.10:48:45::SCWPlatform:: Unique name xilinx:pynq-z2::0.0
TRACE::2025-02-17.10:48:45::SCWPlatform::Trying to set the existing hwdb with name design_1_wrapper_2
TRACE::2025-02-17.10:48:45::SCWPlatform::Opened existing hwdb design_1_wrapper_2
TRACE::2025-02-17.10:48:45::SCWPlatform::Found the Hw Db part of the input DSA
TRACE::2025-02-17.10:48:45::SCWMssOS::Checking the sw design at  C:/PXL/devWorks/devWorks2/GPIOSOC/Vitis/GPIOSOC/zynq_fsbl/zynq_fsbl_bsp/system.mss
TRACE::2025-02-17.10:48:45::SCWMssOS::DEBUG:  swdes dump  C:/PXL/devWorks/devWorks2/GPIOSOC/Vitis/GPIOSOC/zynq_fsbl/zynq_fsbl_bsp/system.mss|system||

TRACE::2025-02-17.10:48:45::SCWMssOS::Sw design exists and opened at  C:/PXL/devWorks/devWorks2/GPIOSOC/Vitis/GPIOSOC/zynq_fsbl/zynq_fsbl_bsp/system.mss
TRACE::2025-02-17.10:48:45::SCWMssOS:: library already available in sw design:  xilrsa:1.8
TRACE::2025-02-17.10:48:45::SCWMssOS::Saving the mss changes C:/PXL/devWorks/devWorks2/GPIOSOC/Vitis/GPIOSOC/zynq_fsbl/zynq_fsbl_bsp/system.mss
TRACE::2025-02-17.10:48:45::SCWMssOS::Found a swdesign opened with the mssfile.
TRACE::2025-02-17.10:48:45::SCWMssOS::Completed writemss as part of save.
TRACE::2025-02-17.10:48:45::SCWMssOS::Commit changes completed.
TRACE::2025-02-17.10:48:45::SCWReader::Adding prebuilt librarypaths as   
TRACE::2025-02-17.10:48:45::SCWReader::Adding prebuilt incpaths  as   
TRACE::2025-02-17.10:48:45::SCWPlatform::Trying to open the hw design at C:/PXL/devWorks/devWorks2/GPIOSOC/Vitis/GPIOSOC/hw/GPIOSOC.xsa
TRACE::2025-02-17.10:48:45::SCWPlatform::DSA given C:/PXL/devWorks/devWorks2/GPIOSOC/Vitis/GPIOSOC/hw/GPIOSOC.xsa
TRACE::2025-02-17.10:48:45::SCWPlatform::DSA absoulate path C:/PXL/devWorks/devWorks2/GPIOSOC/Vitis/GPIOSOC/hw/GPIOSOC.xsa
TRACE::2025-02-17.10:48:45::SCWPlatform::DSA directory C:/PXL/devWorks/devWorks2/GPIOSOC/Vitis/GPIOSOC/hw
TRACE::2025-02-17.10:48:45::SCWPlatform:: Platform Path C:/PXL/devWorks/devWorks2/GPIOSOC/Vitis/GPIOSOC/hw/GPIOSOC.xsa
TRACE::2025-02-17.10:48:45::SCWPlatform:: Unique name xilinx:pynq-z2::0.0
TRACE::2025-02-17.10:48:45::SCWPlatform::Trying to set the existing hwdb with name design_1_wrapper_2
TRACE::2025-02-17.10:48:45::SCWPlatform::Opened existing hwdb design_1_wrapper_2
TRACE::2025-02-17.10:48:45::SCWPlatform::Found the Hw Db part of the input DSA
TRACE::2025-02-17.10:48:45::SCWMssOS::Checking the sw design at  C:/PXL/devWorks/devWorks2/GPIOSOC/Vitis/GPIOSOC/zynq_fsbl/zynq_fsbl_bsp/system.mss
TRACE::2025-02-17.10:48:45::SCWMssOS::DEBUG:  swdes dump  C:/PXL/devWorks/devWorks2/GPIOSOC/Vitis/GPIOSOC/zynq_fsbl/zynq_fsbl_bsp/system.mss|system||

TRACE::2025-02-17.10:48:45::SCWMssOS::Sw design exists and opened at  C:/PXL/devWorks/devWorks2/GPIOSOC/Vitis/GPIOSOC/zynq_fsbl/zynq_fsbl_bsp/system.mss
TRACE::2025-02-17.10:48:45::SCWReader::No isolation master present  
TRACE::2025-02-17.10:48:45::SCWDomain::checking for install qemu data   : 
TRACE::2025-02-17.10:48:45::SCWDomain:: Using the QEMU Data from install at  : C:/Xilinx/Vitis/2024.1/data/emulation/platforms/zynq/sw/a9_standalone/qemu/
TRACE::2025-02-17.10:48:45::SCWDomain:: Using the QEMU args  from install at  : C:/Xilinx/Vitis/2024.1/data/emulation/platforms/zynq/sw/a9_standalone/qemu/qemu_args.txt
TRACE::2025-02-17.10:48:45::SCWPlatform::Trying to open the hw design at C:/PXL/devWorks/devWorks2/GPIOSOC/Vitis/GPIOSOC/hw/GPIOSOC.xsa
TRACE::2025-02-17.10:48:45::SCWPlatform::DSA given C:/PXL/devWorks/devWorks2/GPIOSOC/Vitis/GPIOSOC/hw/GPIOSOC.xsa
TRACE::2025-02-17.10:48:45::SCWPlatform::DSA absoulate path C:/PXL/devWorks/devWorks2/GPIOSOC/Vitis/GPIOSOC/hw/GPIOSOC.xsa
TRACE::2025-02-17.10:48:45::SCWPlatform::DSA directory C:/PXL/devWorks/devWorks2/GPIOSOC/Vitis/GPIOSOC/hw
TRACE::2025-02-17.10:48:45::SCWPlatform:: Platform Path C:/PXL/devWorks/devWorks2/GPIOSOC/Vitis/GPIOSOC/hw/GPIOSOC.xsa
TRACE::2025-02-17.10:48:45::SCWPlatform:: Unique name xilinx:pynq-z2::0.0
TRACE::2025-02-17.10:48:45::SCWPlatform::Trying to set the existing hwdb with name design_1_wrapper_2
TRACE::2025-02-17.10:48:45::SCWPlatform::Opened existing hwdb design_1_wrapper_2
TRACE::2025-02-17.10:48:45::SCWPlatform::Found the Hw Db part of the input DSA
TRACE::2025-02-17.10:48:45::SCWPlatform::Trying to open the hw design at C:/PXL/devWorks/devWorks2/GPIOSOC/Vitis/GPIOSOC/hw/GPIOSOC.xsa
TRACE::2025-02-17.10:48:45::SCWPlatform::DSA given C:/PXL/devWorks/devWorks2/GPIOSOC/Vitis/GPIOSOC/hw/GPIOSOC.xsa
TRACE::2025-02-17.10:48:45::SCWPlatform::DSA absoulate path C:/PXL/devWorks/devWorks2/GPIOSOC/Vitis/GPIOSOC/hw/GPIOSOC.xsa
TRACE::2025-02-17.10:48:45::SCWPlatform::DSA directory C:/PXL/devWorks/devWorks2/GPIOSOC/Vitis/GPIOSOC/hw
TRACE::2025-02-17.10:48:45::SCWPlatform:: Platform Path C:/PXL/devWorks/devWorks2/GPIOSOC/Vitis/GPIOSOC/hw/GPIOSOC.xsa
TRACE::2025-02-17.10:48:45::SCWPlatform:: Unique name xilinx:pynq-z2::0.0
TRACE::2025-02-17.10:48:45::SCWPlatform::Trying to set the existing hwdb with name design_1_wrapper_2
TRACE::2025-02-17.10:48:45::SCWPlatform::Opened existing hwdb design_1_wrapper_2
TRACE::2025-02-17.10:48:45::SCWPlatform::Found the Hw Db part of the input DSA
TRACE::2025-02-17.10:48:45::SCWPlatform::Trying to open the hw design at C:/PXL/devWorks/devWorks2/GPIOSOC/Vitis/GPIOSOC/hw/GPIOSOC.xsa
TRACE::2025-02-17.10:48:45::SCWPlatform::DSA given C:/PXL/devWorks/devWorks2/GPIOSOC/Vitis/GPIOSOC/hw/GPIOSOC.xsa
TRACE::2025-02-17.10:48:45::SCWPlatform::DSA absoulate path C:/PXL/devWorks/devWorks2/GPIOSOC/Vitis/GPIOSOC/hw/GPIOSOC.xsa
TRACE::2025-02-17.10:48:45::SCWPlatform::DSA directory C:/PXL/devWorks/devWorks2/GPIOSOC/Vitis/GPIOSOC/hw
TRACE::2025-02-17.10:48:45::SCWPlatform:: Platform Path C:/PXL/devWorks/devWorks2/GPIOSOC/Vitis/GPIOSOC/hw/GPIOSOC.xsa
TRACE::2025-02-17.10:48:45::SCWPlatform:: Unique name xilinx:pynq-z2::0.0
TRACE::2025-02-17.10:48:45::SCWPlatform::Trying to set the existing hwdb with name design_1_wrapper_2
TRACE::2025-02-17.10:48:45::SCWPlatform::Opened existing hwdb design_1_wrapper_2
TRACE::2025-02-17.10:48:45::SCWPlatform::Found the Hw Db part of the input DSA
TRACE::2025-02-17.10:48:45::SCWMssOS::Checking the sw design at  C:/PXL/devWorks/devWorks2/GPIOSOC/Vitis/GPIOSOC/ps7_cortexa9_0/standalone_ps7_cortexa9_0/bsp/system.mss
TRACE::2025-02-17.10:48:45::SCWMssOS::DEBUG:  swdes dump  C:/PXL/devWorks/devWorks2/GPIOSOC/Vitis/GPIOSOC/zynq_fsbl/zynq_fsbl_bsp/system.mss|system||

TRACE::2025-02-17.10:48:45::SCWMssOS::No sw design opened at  C:/PXL/devWorks/devWorks2/GPIOSOC/Vitis/GPIOSOC/ps7_cortexa9_0/standalone_ps7_cortexa9_0/bsp/system.mss
TRACE::2025-02-17.10:48:45::SCWMssOS::mss exists loading the mss file  C:/PXL/devWorks/devWorks2/GPIOSOC/Vitis/GPIOSOC/ps7_cortexa9_0/standalone_ps7_cortexa9_0/bsp/system.mss
TRACE::2025-02-17.10:48:45::SCWMssOS::Opened the sw design from mss  C:/PXL/devWorks/devWorks2/GPIOSOC/Vitis/GPIOSOC/ps7_cortexa9_0/standalone_ps7_cortexa9_0/bsp/system.mss
TRACE::2025-02-17.10:48:45::SCWMssOS::Adding the swdes entry C:/PXL/devWorks/devWorks2/GPIOSOC/Vitis/GPIOSOC/ps7_cortexa9_0/standalone_ps7_cortexa9_0/bsp/system.mss with des name system_0
TRACE::2025-02-17.10:48:45::SCWMssOS::updating the scw layer about changes
TRACE::2025-02-17.10:48:45::SCWMssOS::Opened the sw design.  C:/PXL/devWorks/devWorks2/GPIOSOC/Vitis/GPIOSOC/ps7_cortexa9_0/standalone_ps7_cortexa9_0/bsp/system.mss
TRACE::2025-02-17.10:48:45::SCWMssOS::Saving the mss changes C:/PXL/devWorks/devWorks2/GPIOSOC/Vitis/GPIOSOC/ps7_cortexa9_0/standalone_ps7_cortexa9_0/bsp/system.mss
TRACE::2025-02-17.10:48:45::SCWMssOS::Found a swdesign opened with the mssfile.
TRACE::2025-02-17.10:48:45::SCWMssOS::Completed writemss as part of save.
TRACE::2025-02-17.10:48:45::SCWMssOS::Commit changes completed.
TRACE::2025-02-17.10:48:45::SCWReader::Adding prebuilt librarypaths as   
TRACE::2025-02-17.10:48:45::SCWReader::Adding prebuilt incpaths  as   
TRACE::2025-02-17.10:48:45::SCWPlatform::Trying to open the hw design at C:/PXL/devWorks/devWorks2/GPIOSOC/Vitis/GPIOSOC/hw/GPIOSOC.xsa
TRACE::2025-02-17.10:48:45::SCWPlatform::DSA given C:/PXL/devWorks/devWorks2/GPIOSOC/Vitis/GPIOSOC/hw/GPIOSOC.xsa
TRACE::2025-02-17.10:48:45::SCWPlatform::DSA absoulate path C:/PXL/devWorks/devWorks2/GPIOSOC/Vitis/GPIOSOC/hw/GPIOSOC.xsa
TRACE::2025-02-17.10:48:45::SCWPlatform::DSA directory C:/PXL/devWorks/devWorks2/GPIOSOC/Vitis/GPIOSOC/hw
TRACE::2025-02-17.10:48:45::SCWPlatform:: Platform Path C:/PXL/devWorks/devWorks2/GPIOSOC/Vitis/GPIOSOC/hw/GPIOSOC.xsa
TRACE::2025-02-17.10:48:45::SCWPlatform:: Unique name xilinx:pynq-z2::0.0
TRACE::2025-02-17.10:48:45::SCWPlatform::Trying to set the existing hwdb with name design_1_wrapper_2
TRACE::2025-02-17.10:48:45::SCWPlatform::Opened existing hwdb design_1_wrapper_2
TRACE::2025-02-17.10:48:45::SCWPlatform::Found the Hw Db part of the input DSA
TRACE::2025-02-17.10:48:45::SCWMssOS::Checking the sw design at  C:/PXL/devWorks/devWorks2/GPIOSOC/Vitis/GPIOSOC/ps7_cortexa9_0/standalone_ps7_cortexa9_0/bsp/system.mss
TRACE::2025-02-17.10:48:45::SCWMssOS::DEBUG:  swdes dump  C:/PXL/devWorks/devWorks2/GPIOSOC/Vitis/GPIOSOC/ps7_cortexa9_0/standalone_ps7_cortexa9_0/bsp/system.mss|system_0||
C:/PXL/devWorks/devWorks2/GPIOSOC/Vitis/GPIOSOC/zynq_fsbl/zynq_fsbl_bsp/system.mss|system||

TRACE::2025-02-17.10:48:45::SCWMssOS::Sw design exists and opened at  C:/PXL/devWorks/devWorks2/GPIOSOC/Vitis/GPIOSOC/ps7_cortexa9_0/standalone_ps7_cortexa9_0/bsp/system.mss
TRACE::2025-02-17.10:48:45::SCWReader::No isolation master present  
TRACE::2025-02-17.10:48:47::SCWPlatform::Trying to open the hw design at C:/PXL/devWorks/devWorks2/GPIOSOC/Vitis/GPIOSOC/hw/GPIOSOC.xsa
TRACE::2025-02-17.10:48:47::SCWPlatform::DSA given C:/PXL/devWorks/devWorks2/GPIOSOC/Vitis/GPIOSOC/hw/GPIOSOC.xsa
TRACE::2025-02-17.10:48:47::SCWPlatform::DSA absoulate path C:/PXL/devWorks/devWorks2/GPIOSOC/Vitis/GPIOSOC/hw/GPIOSOC.xsa
TRACE::2025-02-17.10:48:47::SCWPlatform::DSA directory C:/PXL/devWorks/devWorks2/GPIOSOC/Vitis/GPIOSOC/hw
TRACE::2025-02-17.10:48:47::SCWPlatform:: Platform Path C:/PXL/devWorks/devWorks2/GPIOSOC/Vitis/GPIOSOC/hw/GPIOSOC.xsa
TRACE::2025-02-17.10:48:47::SCWPlatform:: Unique name xilinx:pynq-z2::0.0
TRACE::2025-02-17.10:48:47::SCWPlatform::Trying to set the existing hwdb with name design_1_wrapper_2
TRACE::2025-02-17.10:48:47::SCWPlatform::Opened existing hwdb design_1_wrapper_2
TRACE::2025-02-17.10:48:47::SCWPlatform::Found the Hw Db part of the input DSA
TRACE::2025-02-17.10:48:47::SCWMssOS::Checking the sw design at  C:/PXL/devWorks/devWorks2/GPIOSOC/Vitis/GPIOSOC/ps7_cortexa9_0/standalone_ps7_cortexa9_0/bsp/system.mss
TRACE::2025-02-17.10:48:47::SCWMssOS::DEBUG:  swdes dump  C:/PXL/devWorks/devWorks2/GPIOSOC/Vitis/GPIOSOC/ps7_cortexa9_0/standalone_ps7_cortexa9_0/bsp/system.mss|system_0||
C:/PXL/devWorks/devWorks2/GPIOSOC/Vitis/GPIOSOC/zynq_fsbl/zynq_fsbl_bsp/system.mss|system||

TRACE::2025-02-17.10:48:47::SCWMssOS::Sw design exists and opened at  C:/PXL/devWorks/devWorks2/GPIOSOC/Vitis/GPIOSOC/ps7_cortexa9_0/standalone_ps7_cortexa9_0/bsp/system.mss
TRACE::2025-02-17.10:48:47::SCWMssOS::In reload Mss file.
TRACE::2025-02-17.10:48:47::SCWPlatform::Trying to open the hw design at C:/PXL/devWorks/devWorks2/GPIOSOC/Vitis/GPIOSOC/hw/GPIOSOC.xsa
TRACE::2025-02-17.10:48:47::SCWPlatform::DSA given C:/PXL/devWorks/devWorks2/GPIOSOC/Vitis/GPIOSOC/hw/GPIOSOC.xsa
TRACE::2025-02-17.10:48:47::SCWPlatform::DSA absoulate path C:/PXL/devWorks/devWorks2/GPIOSOC/Vitis/GPIOSOC/hw/GPIOSOC.xsa
TRACE::2025-02-17.10:48:47::SCWPlatform::DSA directory C:/PXL/devWorks/devWorks2/GPIOSOC/Vitis/GPIOSOC/hw
TRACE::2025-02-17.10:48:47::SCWPlatform:: Platform Path C:/PXL/devWorks/devWorks2/GPIOSOC/Vitis/GPIOSOC/hw/GPIOSOC.xsa
TRACE::2025-02-17.10:48:47::SCWPlatform:: Unique name xilinx:pynq-z2::0.0
TRACE::2025-02-17.10:48:47::SCWPlatform::Trying to set the existing hwdb with name design_1_wrapper_2
TRACE::2025-02-17.10:48:47::SCWPlatform::Opened existing hwdb design_1_wrapper_2
TRACE::2025-02-17.10:48:47::SCWPlatform::Found the Hw Db part of the input DSA
TRACE::2025-02-17.10:48:47::SCWMssOS::Checking the sw design at  C:/PXL/devWorks/devWorks2/GPIOSOC/Vitis/GPIOSOC/ps7_cortexa9_0/standalone_ps7_cortexa9_0/bsp/system.mss
TRACE::2025-02-17.10:48:47::SCWMssOS::DEBUG:  swdes dump  C:/PXL/devWorks/devWorks2/GPIOSOC/Vitis/GPIOSOC/zynq_fsbl/zynq_fsbl_bsp/system.mss|system||

TRACE::2025-02-17.10:48:47::SCWMssOS::No sw design opened at  C:/PXL/devWorks/devWorks2/GPIOSOC/Vitis/GPIOSOC/ps7_cortexa9_0/standalone_ps7_cortexa9_0/bsp/system.mss
TRACE::2025-02-17.10:48:47::SCWMssOS::mss exists loading the mss file  C:/PXL/devWorks/devWorks2/GPIOSOC/Vitis/GPIOSOC/ps7_cortexa9_0/standalone_ps7_cortexa9_0/bsp/system.mss
TRACE::2025-02-17.10:48:47::SCWMssOS::Opened the sw design from mss  C:/PXL/devWorks/devWorks2/GPIOSOC/Vitis/GPIOSOC/ps7_cortexa9_0/standalone_ps7_cortexa9_0/bsp/system.mss
TRACE::2025-02-17.10:48:47::SCWMssOS::Adding the swdes entry C:/PXL/devWorks/devWorks2/GPIOSOC/Vitis/GPIOSOC/ps7_cortexa9_0/standalone_ps7_cortexa9_0/bsp/system.mss with des name system_0
TRACE::2025-02-17.10:48:47::SCWMssOS::updating the scw layer about changes
TRACE::2025-02-17.10:48:47::SCWMssOS::Opened the sw design.  C:/PXL/devWorks/devWorks2/GPIOSOC/Vitis/GPIOSOC/ps7_cortexa9_0/standalone_ps7_cortexa9_0/bsp/system.mss
TRACE::2025-02-17.10:48:47::SCWMssOS::Saving the mss changes C:/PXL/devWorks/devWorks2/GPIOSOC/Vitis/GPIOSOC/ps7_cortexa9_0/standalone_ps7_cortexa9_0/bsp/system.mss
TRACE::2025-02-17.10:48:47::SCWMssOS::Found a swdesign opened with the mssfile.
TRACE::2025-02-17.10:48:47::SCWMssOS::Completed writemss as part of save.
TRACE::2025-02-17.10:48:47::SCWMssOS::Commit changes completed.
TRACE::2025-02-17.10:48:47::SCWPlatform::Trying to open the hw design at C:/PXL/devWorks/devWorks2/GPIOSOC/Vitis/GPIOSOC/hw/GPIOSOC.xsa
TRACE::2025-02-17.10:48:47::SCWPlatform::DSA given C:/PXL/devWorks/devWorks2/GPIOSOC/Vitis/GPIOSOC/hw/GPIOSOC.xsa
TRACE::2025-02-17.10:48:47::SCWPlatform::DSA absoulate path C:/PXL/devWorks/devWorks2/GPIOSOC/Vitis/GPIOSOC/hw/GPIOSOC.xsa
TRACE::2025-02-17.10:48:47::SCWPlatform::DSA directory C:/PXL/devWorks/devWorks2/GPIOSOC/Vitis/GPIOSOC/hw
TRACE::2025-02-17.10:48:47::SCWPlatform:: Platform Path C:/PXL/devWorks/devWorks2/GPIOSOC/Vitis/GPIOSOC/hw/GPIOSOC.xsa
TRACE::2025-02-17.10:48:47::SCWPlatform:: Unique name xilinx:pynq-z2::0.0
TRACE::2025-02-17.10:48:47::SCWPlatform::Trying to set the existing hwdb with name design_1_wrapper_2
TRACE::2025-02-17.10:48:47::SCWPlatform::Opened existing hwdb design_1_wrapper_2
TRACE::2025-02-17.10:48:47::SCWPlatform::Found the Hw Db part of the input DSA
TRACE::2025-02-17.10:48:47::SCWMssOS::Checking the sw design at  C:/PXL/devWorks/devWorks2/GPIOSOC/Vitis/GPIOSOC/ps7_cortexa9_0/standalone_ps7_cortexa9_0/bsp/system.mss
TRACE::2025-02-17.10:48:47::SCWMssOS::DEBUG:  swdes dump  C:/PXL/devWorks/devWorks2/GPIOSOC/Vitis/GPIOSOC/ps7_cortexa9_0/standalone_ps7_cortexa9_0/bsp/system.mss|system_0||
C:/PXL/devWorks/devWorks2/GPIOSOC/Vitis/GPIOSOC/zynq_fsbl/zynq_fsbl_bsp/system.mss|system||

TRACE::2025-02-17.10:48:47::SCWMssOS::Sw design exists and opened at  C:/PXL/devWorks/devWorks2/GPIOSOC/Vitis/GPIOSOC/ps7_cortexa9_0/standalone_ps7_cortexa9_0/bsp/system.mss
TRACE::2025-02-17.10:48:47::SCWMssOS::Removing the swdes entry for  C:/PXL/devWorks/devWorks2/GPIOSOC/Vitis/GPIOSOC/ps7_cortexa9_0/standalone_ps7_cortexa9_0/bsp/system.mss
LOG::2025-02-17.10:51:23::SCWPlatform::Started generating the artifacts platform GPIOSOC
TRACE::2025-02-17.10:51:23::SCWPlatform::Sanity checking of platform is completed
LOG::2025-02-17.10:51:23::SCWPlatform::Started generating the artifacts for system configuration GPIOSOC
LOG::2025-02-17.10:51:23::SCWSystem::Checking the domain zynq_fsbl
LOG::2025-02-17.10:51:23::SCWSystem::Doing application build for :  zynq_fsbl
TRACE::2025-02-17.10:51:23::SCWBDomain::Not a forced makefile updation, No changes are present. 
TRACE::2025-02-17.10:51:23::SCWDomain::Skipping the build for domain :  zynq_fsbl
LOG::2025-02-17.10:51:23::SCWSystem::Checking the domain standalone_ps7_cortexa9_0
LOG::2025-02-17.10:51:23::SCWSystem::Not a boot domain 
LOG::2025-02-17.10:51:23::SCWSystem::Started Processing the domain standalone_ps7_cortexa9_0
TRACE::2025-02-17.10:51:23::SCWDomain::Generating domain artifcats
TRACE::2025-02-17.10:51:23::SCWMssOS::Generating standalone artifcats
TRACE::2025-02-17.10:51:23::SCWMssOS::Copying the qemu file from  C:/PXL/devWorks/devWorks2/GPIOSOC/Vitis/GPIOSOC/resources/GPIOSOC/standalone_ps7_cortexa9_0/qemu_args.txt To C:/PXL/devWorks/devWorks2/GPIOSOC/Vitis/GPIOSOC/export/GPIOSOC/sw/GPIOSOC/qemu/
TRACE::2025-02-17.10:51:23::SCWMssOS::Copying the qemu file from  C:/PXL/devWorks/devWorks2/GPIOSOC/Vitis/GPIOSOC/resources/GPIOSOC/standalone_ps7_cortexa9_0/qemu_args.txt To C:/PXL/devWorks/devWorks2/GPIOSOC/Vitis/GPIOSOC/export/GPIOSOC/sw/GPIOSOC/standalone_ps7_cortexa9_0/qemu/
TRACE::2025-02-17.10:51:23::SCWMssOS:: Copying the user libraries. 
TRACE::2025-02-17.10:51:23::SCWPlatform::Trying to open the hw design at C:/PXL/devWorks/devWorks2/GPIOSOC/Vitis/GPIOSOC/hw/GPIOSOC.xsa
TRACE::2025-02-17.10:51:23::SCWPlatform::DSA given C:/PXL/devWorks/devWorks2/GPIOSOC/Vitis/GPIOSOC/hw/GPIOSOC.xsa
TRACE::2025-02-17.10:51:23::SCWPlatform::DSA absoulate path C:/PXL/devWorks/devWorks2/GPIOSOC/Vitis/GPIOSOC/hw/GPIOSOC.xsa
TRACE::2025-02-17.10:51:23::SCWPlatform::DSA directory C:/PXL/devWorks/devWorks2/GPIOSOC/Vitis/GPIOSOC/hw
TRACE::2025-02-17.10:51:23::SCWPlatform:: Platform Path C:/PXL/devWorks/devWorks2/GPIOSOC/Vitis/GPIOSOC/hw/GPIOSOC.xsa
TRACE::2025-02-17.10:51:23::SCWPlatform:: Unique name xilinx:pynq-z2::0.0
TRACE::2025-02-17.10:51:23::SCWPlatform::Trying to set the existing hwdb with name design_1_wrapper_2
TRACE::2025-02-17.10:51:23::SCWPlatform::Opened existing hwdb design_1_wrapper_2
TRACE::2025-02-17.10:51:23::SCWPlatform::Found the Hw Db part of the input DSA
TRACE::2025-02-17.10:51:23::SCWMssOS::Checking the sw design at  C:/PXL/devWorks/devWorks2/GPIOSOC/Vitis/GPIOSOC/ps7_cortexa9_0/standalone_ps7_cortexa9_0/bsp/system.mss
TRACE::2025-02-17.10:51:23::SCWMssOS::DEBUG:  swdes dump  C:/PXL/devWorks/devWorks2/GPIOSOC/Vitis/GPIOSOC/zynq_fsbl/zynq_fsbl_bsp/system.mss|system||

TRACE::2025-02-17.10:51:23::SCWMssOS::No sw design opened at  C:/PXL/devWorks/devWorks2/GPIOSOC/Vitis/GPIOSOC/ps7_cortexa9_0/standalone_ps7_cortexa9_0/bsp/system.mss
TRACE::2025-02-17.10:51:23::SCWMssOS::mss exists loading the mss file  C:/PXL/devWorks/devWorks2/GPIOSOC/Vitis/GPIOSOC/ps7_cortexa9_0/standalone_ps7_cortexa9_0/bsp/system.mss
TRACE::2025-02-17.10:51:23::SCWMssOS::Opened the sw design from mss  C:/PXL/devWorks/devWorks2/GPIOSOC/Vitis/GPIOSOC/ps7_cortexa9_0/standalone_ps7_cortexa9_0/bsp/system.mss
TRACE::2025-02-17.10:51:23::SCWMssOS::Adding the swdes entry C:/PXL/devWorks/devWorks2/GPIOSOC/Vitis/GPIOSOC/ps7_cortexa9_0/standalone_ps7_cortexa9_0/bsp/system.mss with des name system_0
TRACE::2025-02-17.10:51:23::SCWMssOS::updating the scw layer about changes
TRACE::2025-02-17.10:51:23::SCWMssOS::Opened the sw design.  C:/PXL/devWorks/devWorks2/GPIOSOC/Vitis/GPIOSOC/ps7_cortexa9_0/standalone_ps7_cortexa9_0/bsp/system.mss
TRACE::2025-02-17.10:51:23::SCWMssOS::Completed writing the mss file at C:/PXL/devWorks/devWorks2/GPIOSOC/Vitis/GPIOSOC/ps7_cortexa9_0/standalone_ps7_cortexa9_0/bsp
TRACE::2025-02-17.10:51:23::SCWMssOS::Mss edits present, copying mssfile into export location C:/PXL/devWorks/devWorks2/GPIOSOC/Vitis/GPIOSOC/ps7_cortexa9_0/standalone_ps7_cortexa9_0/bsp/system.mss
TRACE::2025-02-17.10:51:23::SCWMssOS::bsp generated is upto date with the mss file. Skipping bsp generation.
TRACE::2025-02-17.10:51:23::SCWMssOS::BSP is already built. skipping the bsp build ... 
TRACE::2025-02-17.10:51:23::SCWDomain::Skipping the build for domain :  standalone_ps7_cortexa9_0
TRACE::2025-02-17.10:51:23::SCWMssOS::skipping the bsp build ... 
TRACE::2025-02-17.10:51:23::SCWMssOS::Copying to export directory.
TRACE::2025-02-17.10:51:23::SCWMssOS:: Checking if to create the Supporting Applications
TRACE::2025-02-17.10:51:23::SCWMssOS:: No Linux domain exists, trying to generate FSBL 
LOG::2025-02-17.10:51:23::SCWSystem::Completed Processing the domain standalone_ps7_cortexa9_0
LOG::2025-02-17.10:51:23::SCWSystem::Completed Processing the sysconfig GPIOSOC
LOG::2025-02-17.10:51:23::SCWPlatform::Completed generating the artifacts for system configuration GPIOSOC
TRACE::2025-02-17.10:51:23::SCWPlatform::Started preparing the platform 
TRACE::2025-02-17.10:51:23::SCWSystem::Writing the bif file for system config GPIOSOC
TRACE::2025-02-17.10:51:23::SCWSystem::dir created 
TRACE::2025-02-17.10:51:23::SCWSystem::Writing the bif 
TRACE::2025-02-17.10:51:23::SCWPlatform::Started writing the spfm file 
TRACE::2025-02-17.10:51:23::SCWPlatform::Started writing the xpfm file 
TRACE::2025-02-17.10:51:23::SCWPlatform::Completed generating the platform
TRACE::2025-02-17.10:51:23::SCWMssOS::Saving the mss changes C:/PXL/devWorks/devWorks2/GPIOSOC/Vitis/GPIOSOC/zynq_fsbl/zynq_fsbl_bsp/system.mss
TRACE::2025-02-17.10:51:23::SCWMssOS::Found a swdesign opened with the mssfile.
TRACE::2025-02-17.10:51:23::SCWMssOS::Completed writemss as part of save.
TRACE::2025-02-17.10:51:23::SCWMssOS::Commit changes completed.
TRACE::2025-02-17.10:51:23::SCWMssOS::Saving the mss changes C:/PXL/devWorks/devWorks2/GPIOSOC/Vitis/GPIOSOC/ps7_cortexa9_0/standalone_ps7_cortexa9_0/bsp/system.mss
TRACE::2025-02-17.10:51:23::SCWMssOS::Found a swdesign opened with the mssfile.
TRACE::2025-02-17.10:51:23::SCWMssOS::Completed writemss as part of save.
TRACE::2025-02-17.10:51:23::SCWMssOS::Commit changes completed.
TRACE::2025-02-17.10:51:23::SCWPlatform::Trying to open the hw design at C:/PXL/devWorks/devWorks2/GPIOSOC/Vitis/GPIOSOC/hw/GPIOSOC.xsa
TRACE::2025-02-17.10:51:23::SCWPlatform::DSA given C:/PXL/devWorks/devWorks2/GPIOSOC/Vitis/GPIOSOC/hw/GPIOSOC.xsa
TRACE::2025-02-17.10:51:23::SCWPlatform::DSA absoulate path C:/PXL/devWorks/devWorks2/GPIOSOC/Vitis/GPIOSOC/hw/GPIOSOC.xsa
TRACE::2025-02-17.10:51:23::SCWPlatform::DSA directory C:/PXL/devWorks/devWorks2/GPIOSOC/Vitis/GPIOSOC/hw
TRACE::2025-02-17.10:51:23::SCWPlatform:: Platform Path C:/PXL/devWorks/devWorks2/GPIOSOC/Vitis/GPIOSOC/hw/GPIOSOC.xsa
TRACE::2025-02-17.10:51:23::SCWPlatform:: Unique name xilinx:pynq-z2::0.0
TRACE::2025-02-17.10:51:23::SCWPlatform::Trying to set the existing hwdb with name design_1_wrapper_2
TRACE::2025-02-17.10:51:23::SCWPlatform::Opened existing hwdb design_1_wrapper_2
TRACE::2025-02-17.10:51:23::SCWPlatform::Found the Hw Db part of the input DSA
TRACE::2025-02-17.10:51:23::SCWMssOS::Checking the sw design at  C:/PXL/devWorks/devWorks2/GPIOSOC/Vitis/GPIOSOC/zynq_fsbl/zynq_fsbl_bsp/system.mss
TRACE::2025-02-17.10:51:23::SCWMssOS::DEBUG:  swdes dump  C:/PXL/devWorks/devWorks2/GPIOSOC/Vitis/GPIOSOC/ps7_cortexa9_0/standalone_ps7_cortexa9_0/bsp/system.mss|system_0||
C:/PXL/devWorks/devWorks2/GPIOSOC/Vitis/GPIOSOC/zynq_fsbl/zynq_fsbl_bsp/system.mss|system||

TRACE::2025-02-17.10:51:23::SCWMssOS::Sw design exists and opened at  C:/PXL/devWorks/devWorks2/GPIOSOC/Vitis/GPIOSOC/zynq_fsbl/zynq_fsbl_bsp/system.mss
TRACE::2025-02-17.10:51:23::SCWPlatform::Trying to open the hw design at C:/PXL/devWorks/devWorks2/GPIOSOC/Vitis/GPIOSOC/hw/GPIOSOC.xsa
TRACE::2025-02-17.10:51:23::SCWPlatform::DSA given C:/PXL/devWorks/devWorks2/GPIOSOC/Vitis/GPIOSOC/hw/GPIOSOC.xsa
TRACE::2025-02-17.10:51:23::SCWPlatform::DSA absoulate path C:/PXL/devWorks/devWorks2/GPIOSOC/Vitis/GPIOSOC/hw/GPIOSOC.xsa
TRACE::2025-02-17.10:51:23::SCWPlatform::DSA directory C:/PXL/devWorks/devWorks2/GPIOSOC/Vitis/GPIOSOC/hw
TRACE::2025-02-17.10:51:23::SCWPlatform:: Platform Path C:/PXL/devWorks/devWorks2/GPIOSOC/Vitis/GPIOSOC/hw/GPIOSOC.xsa
TRACE::2025-02-17.10:51:23::SCWPlatform:: Unique name xilinx:pynq-z2::0.0
TRACE::2025-02-17.10:51:23::SCWPlatform::Trying to set the existing hwdb with name design_1_wrapper_2
TRACE::2025-02-17.10:51:23::SCWPlatform::Opened existing hwdb design_1_wrapper_2
TRACE::2025-02-17.10:51:23::SCWPlatform::Found the Hw Db part of the input DSA
TRACE::2025-02-17.10:51:23::SCWMssOS::Checking the sw design at  C:/PXL/devWorks/devWorks2/GPIOSOC/Vitis/GPIOSOC/ps7_cortexa9_0/standalone_ps7_cortexa9_0/bsp/system.mss
TRACE::2025-02-17.10:51:23::SCWMssOS::DEBUG:  swdes dump  C:/PXL/devWorks/devWorks2/GPIOSOC/Vitis/GPIOSOC/ps7_cortexa9_0/standalone_ps7_cortexa9_0/bsp/system.mss|system_0||
C:/PXL/devWorks/devWorks2/GPIOSOC/Vitis/GPIOSOC/zynq_fsbl/zynq_fsbl_bsp/system.mss|system||

TRACE::2025-02-17.10:51:23::SCWMssOS::Sw design exists and opened at  C:/PXL/devWorks/devWorks2/GPIOSOC/Vitis/GPIOSOC/ps7_cortexa9_0/standalone_ps7_cortexa9_0/bsp/system.mss
TRACE::2025-02-17.10:51:23::SCWWriter::formatted JSON is {
	"platformName":	"GPIOSOC",
	"sprVersion":	"2.0",
	"mode":	"gui",
	"dsaType":	"Fixed",
	"platformDesc":	"GPIOSOC",
	"platHandOff":	"C:/PXL/devWorks/devWorks2/GPIOSOC/GPIOSOC.xsa",
	"platIntHandOff":	"<platformDir>/hw/GPIOSOC.xsa",
	"deviceType":	"zynq",
	"platIsPrebuiltAutogen":	"false",
	"platIsNoBootBsp":	"false",
	"hasFsblMakeHasChanges":	"false",
	"hasPmufwMakeHasChanges":	"false",
	"fsblExtraCompilerFlags":	"-MMD -MP       -mcpu=cortex-a9 -mfpu=vfpv3 -mfloat-abi=hard ",
	"platPreBuiltFlag":	false,
	"platformSamplesDir":	"",
	"platActiveSys":	"GPIOSOC",
	"systems":	[{
			"systemName":	"GPIOSOC",
			"systemDesc":	"GPIOSOC",
			"sysIsBootAutoGen":	"true",
			"systemDispName":	"GPIOSOC",
			"sysActiveDom":	"standalone_ps7_cortexa9_0",
			"sysDefaultDom":	"standalone_ps7_cortexa9_0",
			"domains":	[{
					"domainName":	"zynq_fsbl",
					"domainDispName":	"zynq_fsbl",
					"domainDesc":	"FSBL Application BSP - Auto Generated.",
					"processors":	"ps7_cortexa9_0",
					"os":	"standalone",
					"sdxOs":	"standalone",
					"debugEnable":	"",
					"domRuntimes":	["cpp"],
					"swRepo":	"",
					"mssOsVer":	"9.1",
					"mssFile":	"",
					"md5Digest":	"38ba93e41c0d74ae18df48b1f9514907",
					"compatibleApp":	"zynq_fsbl",
					"domType":	"bootDomain",
					"arch":	"32-bit",
					"appSettings":	{
						"appCompilerFlags":	"",
						"appLinkerFlags":	""
					},
					"addedLibs":	["xilffs:5.2", "xilrsa:1.8"],
					"libOptions":	{
						"libsContainingOptions":	[]
					},
					"prebuiltLibs":	{
						"prebuiltIncPath":	[],
						"prebuiltLibPath":	[]
					},
					"isolation":	{
					}
				}, {
					"domainName":	"standalone_ps7_cortexa9_0",
					"domainDispName":	"standalone_ps7_cortexa9_0",
					"domainDesc":	"standalone_ps7_cortexa9_0",
					"processors":	"ps7_cortexa9_0",
					"os":	"standalone",
					"sdxOs":	"standalone",
					"qemuArgs":	"<platformDir>/resources/GPIOSOC/standalone_ps7_cortexa9_0/qemu_args.txt",
					"qemuData":	"<platformDir>/resources/GPIOSOC/standalone_ps7_cortexa9_0/qemu",
					"debugEnable":	"False",
					"domRuntimes":	["cpp"],
					"swRepo":	"",
					"mssOsVer":	"9.1",
					"mssFile":	"",
					"md5Digest":	"6a262be947555ba770b2f1965ebd288c",
					"compatibleApp":	"",
					"domType":	"mssDomain",
					"arch":	"32-bit",
					"appSettings":	{
						"appCompilerFlags":	"",
						"appLinkerFlags":	""
					},
					"addedLibs":	[],
					"libOptions":	{
						"libsContainingOptions":	[]
					},
					"prebuiltLibs":	{
						"prebuiltIncPath":	[],
						"prebuiltLibPath":	[]
					},
					"isolation":	{
					}
				}]
		}]
}
KEYINFO::2025-02-17.10:51:23::SCWPlatform::updated the xpfm file.
TRACE::2025-02-17.10:51:23::SCWPlatform::Trying to open the hw design at C:/PXL/devWorks/devWorks2/GPIOSOC/Vitis/GPIOSOC/hw/GPIOSOC.xsa
TRACE::2025-02-17.10:51:23::SCWPlatform::DSA given C:/PXL/devWorks/devWorks2/GPIOSOC/Vitis/GPIOSOC/hw/GPIOSOC.xsa
TRACE::2025-02-17.10:51:23::SCWPlatform::DSA absoulate path C:/PXL/devWorks/devWorks2/GPIOSOC/Vitis/GPIOSOC/hw/GPIOSOC.xsa
TRACE::2025-02-17.10:51:23::SCWPlatform::DSA directory C:/PXL/devWorks/devWorks2/GPIOSOC/Vitis/GPIOSOC/hw
TRACE::2025-02-17.10:51:23::SCWPlatform:: Platform Path C:/PXL/devWorks/devWorks2/GPIOSOC/Vitis/GPIOSOC/hw/GPIOSOC.xsa
TRACE::2025-02-17.10:51:23::SCWPlatform:: Unique name xilinx:pynq-z2::0.0
TRACE::2025-02-17.10:51:23::SCWPlatform::Trying to set the existing hwdb with name design_1_wrapper_2
TRACE::2025-02-17.10:51:23::SCWPlatform::Opened existing hwdb design_1_wrapper_2
TRACE::2025-02-17.10:51:23::SCWPlatform::Found the Hw Db part of the input DSA
TRACE::2025-02-17.10:51:23::SCWMssOS::Checking the sw design at  C:/PXL/devWorks/devWorks2/GPIOSOC/Vitis/GPIOSOC/ps7_cortexa9_0/standalone_ps7_cortexa9_0/bsp/system.mss
TRACE::2025-02-17.10:51:23::SCWMssOS::DEBUG:  swdes dump  C:/PXL/devWorks/devWorks2/GPIOSOC/Vitis/GPIOSOC/ps7_cortexa9_0/standalone_ps7_cortexa9_0/bsp/system.mss|system_0||
C:/PXL/devWorks/devWorks2/GPIOSOC/Vitis/GPIOSOC/zynq_fsbl/zynq_fsbl_bsp/system.mss|system||

TRACE::2025-02-17.10:51:23::SCWMssOS::Sw design exists and opened at  C:/PXL/devWorks/devWorks2/GPIOSOC/Vitis/GPIOSOC/ps7_cortexa9_0/standalone_ps7_cortexa9_0/bsp/system.mss
