TRACE::2025-03-24.09:13:11::SCWPlatform::Trying to open the hw design at C:/PXL/devWorks/devWorks2/AXI_IP_SOC/Vitis/AXI_IP/hw/AXI_IP.xsa
TRACE::2025-03-24.09:13:11::SCWPlatform::DSA given C:/PXL/devWorks/devWorks2/AXI_IP_SOC/Vitis/AXI_IP/hw/AXI_IP.xsa
TRACE::2025-03-24.09:13:11::SCWPlatform::DSA absoulate path C:/PXL/devWorks/devWorks2/AXI_IP_SOC/Vitis/AXI_IP/hw/AXI_IP.xsa
TRACE::2025-03-24.09:13:11::SCWPlatform::DSA directory C:/PXL/devWorks/devWorks2/AXI_IP_SOC/Vitis/AXI_IP/hw
TRACE::2025-03-24.09:13:11::SCWPlatform:: Platform Path C:/PXL/devWorks/devWorks2/AXI_IP_SOC/Vitis/AXI_IP/hw/AXI_IP.xsa
TRACE::2025-03-24.09:13:11::SCWPlatform:: Unique name xilinx:pynq-z2::0.0
TRACE::2025-03-24.09:13:11::SCWPlatform::Do not have an existing db opened. 
TRACE::2025-03-24.09:13:14::SCWPlatform::Opened new HwDB with name design_1_wrapper_0
TRACE::2025-03-24.09:13:14::SCWWriter::formatted JSON is {
	"platformName":	"AXI_IP",
	"sprVersion":	"2.0",
	"mode":	"gui",
	"dsaType":	"Fixed",
	"platformDesc":	"AXI_IP",
	"platHandOff":	"C:/PXL/devWorks/devWorks2/AXI_IP_SOC/AXI_IP.xsa",
	"platIntHandOff":	"<platformDir>/hw/AXI_IP.xsa",
	"deviceType":	"zynq",
	"platIsPrebuiltAutogen":	"false",
	"platIsNoBootBsp":	"false",
	"hasFsblMakeHasChanges":	"false",
	"hasPmufwMakeHasChanges":	"false",
	"platPreBuiltFlag":	false,
	"platformSamplesDir":	""
}
TRACE::2025-03-24.09:13:14::SCWWriter::formatted JSON is {
	"platformName":	"AXI_IP",
	"sprVersion":	"2.0",
	"mode":	"gui",
	"dsaType":	"Fixed",
	"platformDesc":	"AXI_IP",
	"platHandOff":	"C:/PXL/devWorks/devWorks2/AXI_IP_SOC/AXI_IP.xsa",
	"platIntHandOff":	"<platformDir>/hw/AXI_IP.xsa",
	"deviceType":	"zynq",
	"platIsPrebuiltAutogen":	"false",
	"platIsNoBootBsp":	"false",
	"hasFsblMakeHasChanges":	"false",
	"hasPmufwMakeHasChanges":	"false",
	"platPreBuiltFlag":	false,
	"platformSamplesDir":	"",
	"platActiveSys":	"AXI_IP",
	"systems":	[{
			"systemName":	"AXI_IP",
			"systemDesc":	"AXI_IP",
			"sysIsBootAutoGen":	"true",
			"systemDispName":	"AXI_IP"
		}]
}
TRACE::2025-03-24.09:13:14::SCWPlatform::Boot application domains not present, creating them
TRACE::2025-03-24.09:13:14::SCWDomain::checking for install qemu data   : 
TRACE::2025-03-24.09:13:14::SCWDomain:: Using the QEMU Data from install at  : C:/Xilinx/Vitis/2024.1/data/emulation/platforms/zynq/sw/a9_standalone/qemu/
TRACE::2025-03-24.09:13:14::SCWDomain:: Using the QEMU args  from install at  : C:/Xilinx/Vitis/2024.1/data/emulation/platforms/zynq/sw/a9_standalone/qemu/qemu_args.txt
TRACE::2025-03-24.09:13:14::SCWPlatform::Trying to open the hw design at C:/PXL/devWorks/devWorks2/AXI_IP_SOC/Vitis/AXI_IP/hw/AXI_IP.xsa
TRACE::2025-03-24.09:13:14::SCWPlatform::DSA given C:/PXL/devWorks/devWorks2/AXI_IP_SOC/Vitis/AXI_IP/hw/AXI_IP.xsa
TRACE::2025-03-24.09:13:14::SCWPlatform::DSA absoulate path C:/PXL/devWorks/devWorks2/AXI_IP_SOC/Vitis/AXI_IP/hw/AXI_IP.xsa
TRACE::2025-03-24.09:13:14::SCWPlatform::DSA directory C:/PXL/devWorks/devWorks2/AXI_IP_SOC/Vitis/AXI_IP/hw
TRACE::2025-03-24.09:13:14::SCWPlatform:: Platform Path C:/PXL/devWorks/devWorks2/AXI_IP_SOC/Vitis/AXI_IP/hw/AXI_IP.xsa
TRACE::2025-03-24.09:13:14::SCWPlatform:: Unique name xilinx:pynq-z2::0.0
TRACE::2025-03-24.09:13:14::SCWPlatform::Trying to set the existing hwdb with name design_1_wrapper_0
TRACE::2025-03-24.09:13:14::SCWPlatform::Opened existing hwdb design_1_wrapper_0
TRACE::2025-03-24.09:13:14::SCWPlatform::Found the Hw Db part of the input DSA
TRACE::2025-03-24.09:13:14::SCWPlatform::Trying to open the hw design at C:/PXL/devWorks/devWorks2/AXI_IP_SOC/Vitis/AXI_IP/hw/AXI_IP.xsa
TRACE::2025-03-24.09:13:14::SCWPlatform::DSA given C:/PXL/devWorks/devWorks2/AXI_IP_SOC/Vitis/AXI_IP/hw/AXI_IP.xsa
TRACE::2025-03-24.09:13:14::SCWPlatform::DSA absoulate path C:/PXL/devWorks/devWorks2/AXI_IP_SOC/Vitis/AXI_IP/hw/AXI_IP.xsa
TRACE::2025-03-24.09:13:14::SCWPlatform::DSA directory C:/PXL/devWorks/devWorks2/AXI_IP_SOC/Vitis/AXI_IP/hw
TRACE::2025-03-24.09:13:14::SCWPlatform:: Platform Path C:/PXL/devWorks/devWorks2/AXI_IP_SOC/Vitis/AXI_IP/hw/AXI_IP.xsa
TRACE::2025-03-24.09:13:14::SCWPlatform:: Unique name xilinx:pynq-z2::0.0
TRACE::2025-03-24.09:13:14::SCWPlatform::Trying to set the existing hwdb with name design_1_wrapper_0
TRACE::2025-03-24.09:13:14::SCWPlatform::Opened existing hwdb design_1_wrapper_0
TRACE::2025-03-24.09:13:14::SCWPlatform::Found the Hw Db part of the input DSA
TRACE::2025-03-24.09:13:14::SCWPlatform::Trying to open the hw design at C:/PXL/devWorks/devWorks2/AXI_IP_SOC/Vitis/AXI_IP/hw/AXI_IP.xsa
TRACE::2025-03-24.09:13:14::SCWPlatform::DSA given C:/PXL/devWorks/devWorks2/AXI_IP_SOC/Vitis/AXI_IP/hw/AXI_IP.xsa
TRACE::2025-03-24.09:13:14::SCWPlatform::DSA absoulate path C:/PXL/devWorks/devWorks2/AXI_IP_SOC/Vitis/AXI_IP/hw/AXI_IP.xsa
TRACE::2025-03-24.09:13:14::SCWPlatform::DSA directory C:/PXL/devWorks/devWorks2/AXI_IP_SOC/Vitis/AXI_IP/hw
TRACE::2025-03-24.09:13:14::SCWPlatform:: Platform Path C:/PXL/devWorks/devWorks2/AXI_IP_SOC/Vitis/AXI_IP/hw/AXI_IP.xsa
TRACE::2025-03-24.09:13:14::SCWPlatform:: Unique name xilinx:pynq-z2::0.0
TRACE::2025-03-24.09:13:14::SCWPlatform::Trying to set the existing hwdb with name design_1_wrapper_0
TRACE::2025-03-24.09:13:14::SCWPlatform::Opened existing hwdb design_1_wrapper_0
TRACE::2025-03-24.09:13:14::SCWPlatform::Found the Hw Db part of the input DSA
TRACE::2025-03-24.09:13:14::SCWPlatform::Boot application domain added for zynq_fsbl
TRACE::2025-03-24.09:13:14::SCWPlatform::Generating the sources  .
TRACE::2025-03-24.09:13:14::SCWBDomain::Generating boot domain sources.
TRACE::2025-03-24.09:13:14::SCWBDomain:: Generating the zynq_fsbl Application.
TRACE::2025-03-24.09:13:14::SCWPlatform::Trying to open the hw design at C:/PXL/devWorks/devWorks2/AXI_IP_SOC/Vitis/AXI_IP/hw/AXI_IP.xsa
TRACE::2025-03-24.09:13:14::SCWPlatform::DSA given C:/PXL/devWorks/devWorks2/AXI_IP_SOC/Vitis/AXI_IP/hw/AXI_IP.xsa
TRACE::2025-03-24.09:13:14::SCWPlatform::DSA absoulate path C:/PXL/devWorks/devWorks2/AXI_IP_SOC/Vitis/AXI_IP/hw/AXI_IP.xsa
TRACE::2025-03-24.09:13:14::SCWPlatform::DSA directory C:/PXL/devWorks/devWorks2/AXI_IP_SOC/Vitis/AXI_IP/hw
TRACE::2025-03-24.09:13:14::SCWPlatform:: Platform Path C:/PXL/devWorks/devWorks2/AXI_IP_SOC/Vitis/AXI_IP/hw/AXI_IP.xsa
TRACE::2025-03-24.09:13:14::SCWPlatform:: Unique name xilinx:pynq-z2::0.0
TRACE::2025-03-24.09:13:14::SCWPlatform::Trying to set the existing hwdb with name design_1_wrapper_0
TRACE::2025-03-24.09:13:14::SCWPlatform::Opened existing hwdb design_1_wrapper_0
TRACE::2025-03-24.09:13:14::SCWPlatform::Found the Hw Db part of the input DSA
TRACE::2025-03-24.09:13:14::SCWMssOS::Checking the sw design at  C:/PXL/devWorks/devWorks2/AXI_IP_SOC/Vitis/AXI_IP/zynq_fsbl/zynq_fsbl_bsp/system.mss
TRACE::2025-03-24.09:13:14::SCWMssOS::DEBUG:  swdes dump  
TRACE::2025-03-24.09:13:14::SCWMssOS::No sw design opened at  C:/PXL/devWorks/devWorks2/AXI_IP_SOC/Vitis/AXI_IP/zynq_fsbl/zynq_fsbl_bsp/system.mss
TRACE::2025-03-24.09:13:14::SCWMssOS::mss does not exists at C:/PXL/devWorks/devWorks2/AXI_IP_SOC/Vitis/AXI_IP/zynq_fsbl/zynq_fsbl_bsp/system.mss
TRACE::2025-03-24.09:13:14::SCWMssOS::Creating sw design at  C:/PXL/devWorks/devWorks2/AXI_IP_SOC/Vitis/AXI_IP/zynq_fsbl/zynq_fsbl_bsp/system.mss
TRACE::2025-03-24.09:13:14::SCWMssOS::Adding the swdes entry, created swdb C:/PXL/devWorks/devWorks2/AXI_IP_SOC/Vitis/AXI_IP/zynq_fsbl/zynq_fsbl_bsp/system.mss with des name C:/PXL/devWorks/devWorks2/AXI_IP_SOC/Vitis/AXI_IP/zynq_fsbl/zynq_fsbl_bsp/system.mss
TRACE::2025-03-24.09:13:14::SCWMssOS::updating the scw layer changes to swdes at   C:/PXL/devWorks/devWorks2/AXI_IP_SOC/Vitis/AXI_IP/zynq_fsbl/zynq_fsbl_bsp/system.mss
TRACE::2025-03-24.09:13:14::SCWMssOS::Writing mss at C:/PXL/devWorks/devWorks2/AXI_IP_SOC/Vitis/AXI_IP/zynq_fsbl/zynq_fsbl_bsp/system.mss
TRACE::2025-03-24.09:13:14::SCWMssOS::Completed writing the mss file at C:/PXL/devWorks/devWorks2/AXI_IP_SOC/Vitis/AXI_IP/zynq_fsbl/zynq_fsbl_bsp
TRACE::2025-03-24.09:13:14::SCWMssOS::Picking up changes from newly written mss file into SCW Layer. 
TRACE::2025-03-24.09:13:14::SCWMssOS::Updated the changes from newly written mss file into SCW Layer. 
TRACE::2025-03-24.09:13:14::SCWBDomain::Completed writing the mss file at C:/PXL/devWorks/devWorks2/AXI_IP_SOC/Vitis/AXI_IP/zynq_fsbl/zynq_fsbl_bsp
TRACE::2025-03-24.09:13:21::SCWPlatform::Generating sources Done.
TRACE::2025-03-24.09:13:21::SCWPlatform::Trying to open the hw design at C:/PXL/devWorks/devWorks2/AXI_IP_SOC/Vitis/AXI_IP/hw/AXI_IP.xsa
TRACE::2025-03-24.09:13:21::SCWPlatform::DSA given C:/PXL/devWorks/devWorks2/AXI_IP_SOC/Vitis/AXI_IP/hw/AXI_IP.xsa
TRACE::2025-03-24.09:13:21::SCWPlatform::DSA absoulate path C:/PXL/devWorks/devWorks2/AXI_IP_SOC/Vitis/AXI_IP/hw/AXI_IP.xsa
TRACE::2025-03-24.09:13:21::SCWPlatform::DSA directory C:/PXL/devWorks/devWorks2/AXI_IP_SOC/Vitis/AXI_IP/hw
TRACE::2025-03-24.09:13:21::SCWPlatform:: Platform Path C:/PXL/devWorks/devWorks2/AXI_IP_SOC/Vitis/AXI_IP/hw/AXI_IP.xsa
TRACE::2025-03-24.09:13:21::SCWPlatform:: Unique name xilinx:pynq-z2::0.0
TRACE::2025-03-24.09:13:21::SCWPlatform::Trying to set the existing hwdb with name design_1_wrapper_0
TRACE::2025-03-24.09:13:21::SCWPlatform::Opened existing hwdb design_1_wrapper_0
TRACE::2025-03-24.09:13:21::SCWPlatform::Found the Hw Db part of the input DSA
TRACE::2025-03-24.09:13:21::SCWMssOS::Checking the sw design at  C:/PXL/devWorks/devWorks2/AXI_IP_SOC/Vitis/AXI_IP/zynq_fsbl/zynq_fsbl_bsp/system.mss
TRACE::2025-03-24.09:13:21::SCWMssOS::DEBUG:  swdes dump  
TRACE::2025-03-24.09:13:21::SCWMssOS::No sw design opened at  C:/PXL/devWorks/devWorks2/AXI_IP_SOC/Vitis/AXI_IP/zynq_fsbl/zynq_fsbl_bsp/system.mss
TRACE::2025-03-24.09:13:21::SCWMssOS::mss exists loading the mss file  C:/PXL/devWorks/devWorks2/AXI_IP_SOC/Vitis/AXI_IP/zynq_fsbl/zynq_fsbl_bsp/system.mss
TRACE::2025-03-24.09:13:21::SCWMssOS::Opened the sw design from mss  C:/PXL/devWorks/devWorks2/AXI_IP_SOC/Vitis/AXI_IP/zynq_fsbl/zynq_fsbl_bsp/system.mss
TRACE::2025-03-24.09:13:21::SCWMssOS::Adding the swdes entry C:/PXL/devWorks/devWorks2/AXI_IP_SOC/Vitis/AXI_IP/zynq_fsbl/zynq_fsbl_bsp/system.mss with des name system
TRACE::2025-03-24.09:13:21::SCWMssOS::updating the scw layer about changes
TRACE::2025-03-24.09:13:21::SCWMssOS::Opened the sw design.  C:/PXL/devWorks/devWorks2/AXI_IP_SOC/Vitis/AXI_IP/zynq_fsbl/zynq_fsbl_bsp/system.mss
TRACE::2025-03-24.09:13:21::SCWMssOS::Saving the mss changes C:/PXL/devWorks/devWorks2/AXI_IP_SOC/Vitis/AXI_IP/zynq_fsbl/zynq_fsbl_bsp/system.mss
TRACE::2025-03-24.09:13:21::SCWMssOS::Found a swdesign opened with the mssfile.
TRACE::2025-03-24.09:13:21::SCWMssOS::Completed writemss as part of save.
TRACE::2025-03-24.09:13:21::SCWMssOS::Commit changes completed.
TRACE::2025-03-24.09:13:21::SCWPlatform::Trying to open the hw design at C:/PXL/devWorks/devWorks2/AXI_IP_SOC/Vitis/AXI_IP/hw/AXI_IP.xsa
TRACE::2025-03-24.09:13:21::SCWPlatform::DSA given C:/PXL/devWorks/devWorks2/AXI_IP_SOC/Vitis/AXI_IP/hw/AXI_IP.xsa
TRACE::2025-03-24.09:13:21::SCWPlatform::DSA absoulate path C:/PXL/devWorks/devWorks2/AXI_IP_SOC/Vitis/AXI_IP/hw/AXI_IP.xsa
TRACE::2025-03-24.09:13:21::SCWPlatform::DSA directory C:/PXL/devWorks/devWorks2/AXI_IP_SOC/Vitis/AXI_IP/hw
TRACE::2025-03-24.09:13:21::SCWPlatform:: Platform Path C:/PXL/devWorks/devWorks2/AXI_IP_SOC/Vitis/AXI_IP/hw/AXI_IP.xsa
TRACE::2025-03-24.09:13:21::SCWPlatform:: Unique name xilinx:pynq-z2::0.0
TRACE::2025-03-24.09:13:21::SCWPlatform::Trying to set the existing hwdb with name design_1_wrapper_0
TRACE::2025-03-24.09:13:21::SCWPlatform::Opened existing hwdb design_1_wrapper_0
TRACE::2025-03-24.09:13:21::SCWPlatform::Found the Hw Db part of the input DSA
TRACE::2025-03-24.09:13:21::SCWMssOS::Checking the sw design at  C:/PXL/devWorks/devWorks2/AXI_IP_SOC/Vitis/AXI_IP/zynq_fsbl/zynq_fsbl_bsp/system.mss
TRACE::2025-03-24.09:13:21::SCWMssOS::DEBUG:  swdes dump  C:/PXL/devWorks/devWorks2/AXI_IP_SOC/Vitis/AXI_IP/zynq_fsbl/zynq_fsbl_bsp/system.mss|system||

TRACE::2025-03-24.09:13:21::SCWMssOS::Sw design exists and opened at  C:/PXL/devWorks/devWorks2/AXI_IP_SOC/Vitis/AXI_IP/zynq_fsbl/zynq_fsbl_bsp/system.mss
TRACE::2025-03-24.09:13:21::SCWPlatform::Trying to open the hw design at C:/PXL/devWorks/devWorks2/AXI_IP_SOC/Vitis/AXI_IP/hw/AXI_IP.xsa
TRACE::2025-03-24.09:13:21::SCWPlatform::DSA given C:/PXL/devWorks/devWorks2/AXI_IP_SOC/Vitis/AXI_IP/hw/AXI_IP.xsa
TRACE::2025-03-24.09:13:21::SCWPlatform::DSA absoulate path C:/PXL/devWorks/devWorks2/AXI_IP_SOC/Vitis/AXI_IP/hw/AXI_IP.xsa
TRACE::2025-03-24.09:13:21::SCWPlatform::DSA directory C:/PXL/devWorks/devWorks2/AXI_IP_SOC/Vitis/AXI_IP/hw
TRACE::2025-03-24.09:13:21::SCWPlatform:: Platform Path C:/PXL/devWorks/devWorks2/AXI_IP_SOC/Vitis/AXI_IP/hw/AXI_IP.xsa
TRACE::2025-03-24.09:13:21::SCWPlatform:: Unique name xilinx:pynq-z2::0.0
TRACE::2025-03-24.09:13:21::SCWPlatform::Trying to set the existing hwdb with name design_1_wrapper_0
TRACE::2025-03-24.09:13:21::SCWPlatform::Opened existing hwdb design_1_wrapper_0
TRACE::2025-03-24.09:13:21::SCWPlatform::Found the Hw Db part of the input DSA
TRACE::2025-03-24.09:13:21::SCWMssOS::Checking the sw design at  C:/PXL/devWorks/devWorks2/AXI_IP_SOC/Vitis/AXI_IP/zynq_fsbl/zynq_fsbl_bsp/system.mss
TRACE::2025-03-24.09:13:21::SCWMssOS::DEBUG:  swdes dump  C:/PXL/devWorks/devWorks2/AXI_IP_SOC/Vitis/AXI_IP/zynq_fsbl/zynq_fsbl_bsp/system.mss|system||

TRACE::2025-03-24.09:13:21::SCWMssOS::Sw design exists and opened at  C:/PXL/devWorks/devWorks2/AXI_IP_SOC/Vitis/AXI_IP/zynq_fsbl/zynq_fsbl_bsp/system.mss
TRACE::2025-03-24.09:13:21::SCWPlatform::Trying to open the hw design at C:/PXL/devWorks/devWorks2/AXI_IP_SOC/Vitis/AXI_IP/hw/AXI_IP.xsa
TRACE::2025-03-24.09:13:21::SCWPlatform::DSA given C:/PXL/devWorks/devWorks2/AXI_IP_SOC/Vitis/AXI_IP/hw/AXI_IP.xsa
TRACE::2025-03-24.09:13:21::SCWPlatform::DSA absoulate path C:/PXL/devWorks/devWorks2/AXI_IP_SOC/Vitis/AXI_IP/hw/AXI_IP.xsa
TRACE::2025-03-24.09:13:21::SCWPlatform::DSA directory C:/PXL/devWorks/devWorks2/AXI_IP_SOC/Vitis/AXI_IP/hw
TRACE::2025-03-24.09:13:21::SCWPlatform:: Platform Path C:/PXL/devWorks/devWorks2/AXI_IP_SOC/Vitis/AXI_IP/hw/AXI_IP.xsa
TRACE::2025-03-24.09:13:21::SCWPlatform:: Unique name xilinx:pynq-z2::0.0
TRACE::2025-03-24.09:13:21::SCWPlatform::Trying to set the existing hwdb with name design_1_wrapper_0
TRACE::2025-03-24.09:13:21::SCWPlatform::Opened existing hwdb design_1_wrapper_0
TRACE::2025-03-24.09:13:21::SCWPlatform::Found the Hw Db part of the input DSA
TRACE::2025-03-24.09:13:21::SCWMssOS::Checking the sw design at  C:/PXL/devWorks/devWorks2/AXI_IP_SOC/Vitis/AXI_IP/zynq_fsbl/zynq_fsbl_bsp/system.mss
TRACE::2025-03-24.09:13:21::SCWMssOS::DEBUG:  swdes dump  C:/PXL/devWorks/devWorks2/AXI_IP_SOC/Vitis/AXI_IP/zynq_fsbl/zynq_fsbl_bsp/system.mss|system||

TRACE::2025-03-24.09:13:21::SCWMssOS::Sw design exists and opened at  C:/PXL/devWorks/devWorks2/AXI_IP_SOC/Vitis/AXI_IP/zynq_fsbl/zynq_fsbl_bsp/system.mss
TRACE::2025-03-24.09:13:21::SCWWriter::formatted JSON is {
	"platformName":	"AXI_IP",
	"sprVersion":	"2.0",
	"mode":	"gui",
	"dsaType":	"Fixed",
	"platformDesc":	"AXI_IP",
	"platHandOff":	"C:/PXL/devWorks/devWorks2/AXI_IP_SOC/AXI_IP.xsa",
	"platIntHandOff":	"<platformDir>/hw/AXI_IP.xsa",
	"deviceType":	"zynq",
	"platIsPrebuiltAutogen":	"false",
	"platIsNoBootBsp":	"false",
	"platFsblTarget":	"ps7_cortexa9_0",
	"hasFsblMakeHasChanges":	"false",
	"hasPmufwMakeHasChanges":	"false",
	"fsblExtraCompilerFlags":	"-MMD -MP       -mcpu=cortex-a9 -mfpu=vfpv3 -mfloat-abi=hard ",
	"platPreBuiltFlag":	false,
	"platformSamplesDir":	"",
	"platActiveSys":	"AXI_IP",
	"systems":	[{
			"systemName":	"AXI_IP",
			"systemDesc":	"AXI_IP",
			"sysIsBootAutoGen":	"true",
			"systemDispName":	"AXI_IP",
			"sysActiveDom":	"zynq_fsbl",
			"sysDefaultDom":	"",
			"domains":	[{
					"domainName":	"zynq_fsbl",
					"domainDispName":	"zynq_fsbl",
					"domainDesc":	"FSBL Application BSP - Auto Generated.",
					"processors":	"ps7_cortexa9_0",
					"os":	"standalone",
					"sdxOs":	"standalone",
					"debugEnable":	"",
					"domRuntimes":	["cpp"],
					"swRepo":	"",
					"mssOsVer":	"9.1",
					"mssFile":	"",
					"md5Digest":	"01c9595fdf86507722cb120fa9e46f62",
					"compatibleApp":	"zynq_fsbl",
					"domType":	"bootDomain",
					"arch":	"32-bit",
					"appSettings":	{
						"appCompilerFlags":	"",
						"appLinkerFlags":	""
					},
					"addedLibs":	["xilffs:5.2", "xilrsa:1.8"],
					"libOptions":	{
						"libsContainingOptions":	[]
					},
					"prebuiltLibs":	{
						"prebuiltIncPath":	[],
						"prebuiltLibPath":	[]
					},
					"isolation":	{
					}
				}]
		}]
}
TRACE::2025-03-24.09:13:21::SCWMssOS::Saving the mss changes C:/PXL/devWorks/devWorks2/AXI_IP_SOC/Vitis/AXI_IP/zynq_fsbl/zynq_fsbl_bsp/system.mss
TRACE::2025-03-24.09:13:21::SCWMssOS::Found a swdesign opened with the mssfile.
TRACE::2025-03-24.09:13:21::SCWMssOS::Completed writemss as part of save.
TRACE::2025-03-24.09:13:21::SCWMssOS::Commit changes completed.
TRACE::2025-03-24.09:13:21::SCWPlatform::Trying to open the hw design at C:/PXL/devWorks/devWorks2/AXI_IP_SOC/Vitis/AXI_IP/hw/AXI_IP.xsa
TRACE::2025-03-24.09:13:21::SCWPlatform::DSA given C:/PXL/devWorks/devWorks2/AXI_IP_SOC/Vitis/AXI_IP/hw/AXI_IP.xsa
TRACE::2025-03-24.09:13:21::SCWPlatform::DSA absoulate path C:/PXL/devWorks/devWorks2/AXI_IP_SOC/Vitis/AXI_IP/hw/AXI_IP.xsa
TRACE::2025-03-24.09:13:21::SCWPlatform::DSA directory C:/PXL/devWorks/devWorks2/AXI_IP_SOC/Vitis/AXI_IP/hw
TRACE::2025-03-24.09:13:21::SCWPlatform:: Platform Path C:/PXL/devWorks/devWorks2/AXI_IP_SOC/Vitis/AXI_IP/hw/AXI_IP.xsa
TRACE::2025-03-24.09:13:21::SCWPlatform:: Unique name xilinx:pynq-z2::0.0
TRACE::2025-03-24.09:13:21::SCWPlatform::Trying to set the existing hwdb with name design_1_wrapper_0
TRACE::2025-03-24.09:13:21::SCWPlatform::Opened existing hwdb design_1_wrapper_0
TRACE::2025-03-24.09:13:21::SCWPlatform::Found the Hw Db part of the input DSA
TRACE::2025-03-24.09:13:21::SCWMssOS::Checking the sw design at  C:/PXL/devWorks/devWorks2/AXI_IP_SOC/Vitis/AXI_IP/zynq_fsbl/zynq_fsbl_bsp/system.mss
TRACE::2025-03-24.09:13:21::SCWMssOS::DEBUG:  swdes dump  C:/PXL/devWorks/devWorks2/AXI_IP_SOC/Vitis/AXI_IP/zynq_fsbl/zynq_fsbl_bsp/system.mss|system||

TRACE::2025-03-24.09:13:21::SCWMssOS::Sw design exists and opened at  C:/PXL/devWorks/devWorks2/AXI_IP_SOC/Vitis/AXI_IP/zynq_fsbl/zynq_fsbl_bsp/system.mss
TRACE::2025-03-24.09:13:21::SCWPlatform::Trying to open the hw design at C:/PXL/devWorks/devWorks2/AXI_IP_SOC/Vitis/AXI_IP/hw/AXI_IP.xsa
TRACE::2025-03-24.09:13:21::SCWPlatform::DSA given C:/PXL/devWorks/devWorks2/AXI_IP_SOC/Vitis/AXI_IP/hw/AXI_IP.xsa
TRACE::2025-03-24.09:13:21::SCWPlatform::DSA absoulate path C:/PXL/devWorks/devWorks2/AXI_IP_SOC/Vitis/AXI_IP/hw/AXI_IP.xsa
TRACE::2025-03-24.09:13:21::SCWPlatform::DSA directory C:/PXL/devWorks/devWorks2/AXI_IP_SOC/Vitis/AXI_IP/hw
TRACE::2025-03-24.09:13:21::SCWPlatform:: Platform Path C:/PXL/devWorks/devWorks2/AXI_IP_SOC/Vitis/AXI_IP/hw/AXI_IP.xsa
TRACE::2025-03-24.09:13:21::SCWPlatform:: Unique name xilinx:pynq-z2::0.0
TRACE::2025-03-24.09:13:21::SCWPlatform::Trying to set the existing hwdb with name design_1_wrapper_0
TRACE::2025-03-24.09:13:21::SCWPlatform::Opened existing hwdb design_1_wrapper_0
TRACE::2025-03-24.09:13:21::SCWPlatform::Found the Hw Db part of the input DSA
TRACE::2025-03-24.09:13:21::SCWMssOS::Checking the sw design at  C:/PXL/devWorks/devWorks2/AXI_IP_SOC/Vitis/AXI_IP/zynq_fsbl/zynq_fsbl_bsp/system.mss
TRACE::2025-03-24.09:13:21::SCWMssOS::DEBUG:  swdes dump  C:/PXL/devWorks/devWorks2/AXI_IP_SOC/Vitis/AXI_IP/zynq_fsbl/zynq_fsbl_bsp/system.mss|system||

TRACE::2025-03-24.09:13:21::SCWMssOS::Sw design exists and opened at  C:/PXL/devWorks/devWorks2/AXI_IP_SOC/Vitis/AXI_IP/zynq_fsbl/zynq_fsbl_bsp/system.mss
TRACE::2025-03-24.09:13:21::SCWPlatform::Trying to open the hw design at C:/PXL/devWorks/devWorks2/AXI_IP_SOC/Vitis/AXI_IP/hw/AXI_IP.xsa
TRACE::2025-03-24.09:13:21::SCWPlatform::DSA given C:/PXL/devWorks/devWorks2/AXI_IP_SOC/Vitis/AXI_IP/hw/AXI_IP.xsa
TRACE::2025-03-24.09:13:21::SCWPlatform::DSA absoulate path C:/PXL/devWorks/devWorks2/AXI_IP_SOC/Vitis/AXI_IP/hw/AXI_IP.xsa
TRACE::2025-03-24.09:13:21::SCWPlatform::DSA directory C:/PXL/devWorks/devWorks2/AXI_IP_SOC/Vitis/AXI_IP/hw
TRACE::2025-03-24.09:13:21::SCWPlatform:: Platform Path C:/PXL/devWorks/devWorks2/AXI_IP_SOC/Vitis/AXI_IP/hw/AXI_IP.xsa
TRACE::2025-03-24.09:13:21::SCWPlatform:: Unique name xilinx:pynq-z2::0.0
TRACE::2025-03-24.09:13:21::SCWPlatform::Trying to set the existing hwdb with name design_1_wrapper_0
TRACE::2025-03-24.09:13:21::SCWPlatform::Opened existing hwdb design_1_wrapper_0
TRACE::2025-03-24.09:13:21::SCWPlatform::Found the Hw Db part of the input DSA
TRACE::2025-03-24.09:13:21::SCWMssOS::Checking the sw design at  C:/PXL/devWorks/devWorks2/AXI_IP_SOC/Vitis/AXI_IP/zynq_fsbl/zynq_fsbl_bsp/system.mss
TRACE::2025-03-24.09:13:21::SCWMssOS::DEBUG:  swdes dump  C:/PXL/devWorks/devWorks2/AXI_IP_SOC/Vitis/AXI_IP/zynq_fsbl/zynq_fsbl_bsp/system.mss|system||

TRACE::2025-03-24.09:13:21::SCWMssOS::Sw design exists and opened at  C:/PXL/devWorks/devWorks2/AXI_IP_SOC/Vitis/AXI_IP/zynq_fsbl/zynq_fsbl_bsp/system.mss
TRACE::2025-03-24.09:13:21::SCWWriter::formatted JSON is {
	"platformName":	"AXI_IP",
	"sprVersion":	"2.0",
	"mode":	"gui",
	"dsaType":	"Fixed",
	"platformDesc":	"AXI_IP",
	"platHandOff":	"C:/PXL/devWorks/devWorks2/AXI_IP_SOC/AXI_IP.xsa",
	"platIntHandOff":	"<platformDir>/hw/AXI_IP.xsa",
	"deviceType":	"zynq",
	"platIsPrebuiltAutogen":	"false",
	"platIsNoBootBsp":	"false",
	"platFsblTarget":	"ps7_cortexa9_0",
	"hasFsblMakeHasChanges":	"false",
	"hasPmufwMakeHasChanges":	"false",
	"fsblExtraCompilerFlags":	"-MMD -MP       -mcpu=cortex-a9 -mfpu=vfpv3 -mfloat-abi=hard ",
	"platPreBuiltFlag":	false,
	"platformSamplesDir":	"",
	"platActiveSys":	"AXI_IP",
	"systems":	[{
			"systemName":	"AXI_IP",
			"systemDesc":	"AXI_IP",
			"sysIsBootAutoGen":	"true",
			"systemDispName":	"AXI_IP",
			"sysActiveDom":	"zynq_fsbl",
			"sysDefaultDom":	"",
			"domains":	[{
					"domainName":	"zynq_fsbl",
					"domainDispName":	"zynq_fsbl",
					"domainDesc":	"FSBL Application BSP - Auto Generated.",
					"processors":	"ps7_cortexa9_0",
					"os":	"standalone",
					"sdxOs":	"standalone",
					"debugEnable":	"",
					"domRuntimes":	["cpp"],
					"swRepo":	"",
					"mssOsVer":	"9.1",
					"mssFile":	"",
					"md5Digest":	"01c9595fdf86507722cb120fa9e46f62",
					"compatibleApp":	"zynq_fsbl",
					"domType":	"bootDomain",
					"arch":	"32-bit",
					"appSettings":	{
						"appCompilerFlags":	"",
						"appLinkerFlags":	""
					},
					"addedLibs":	["xilffs:5.2", "xilrsa:1.8"],
					"libOptions":	{
						"libsContainingOptions":	[]
					},
					"prebuiltLibs":	{
						"prebuiltIncPath":	[],
						"prebuiltLibPath":	[]
					},
					"isolation":	{
					}
				}]
		}]
}
TRACE::2025-03-24.09:13:21::SCWPlatform::Trying to open the hw design at C:/PXL/devWorks/devWorks2/AXI_IP_SOC/Vitis/AXI_IP/hw/AXI_IP.xsa
TRACE::2025-03-24.09:13:21::SCWPlatform::DSA given C:/PXL/devWorks/devWorks2/AXI_IP_SOC/Vitis/AXI_IP/hw/AXI_IP.xsa
TRACE::2025-03-24.09:13:21::SCWPlatform::DSA absoulate path C:/PXL/devWorks/devWorks2/AXI_IP_SOC/Vitis/AXI_IP/hw/AXI_IP.xsa
TRACE::2025-03-24.09:13:21::SCWPlatform::DSA directory C:/PXL/devWorks/devWorks2/AXI_IP_SOC/Vitis/AXI_IP/hw
TRACE::2025-03-24.09:13:21::SCWPlatform:: Platform Path C:/PXL/devWorks/devWorks2/AXI_IP_SOC/Vitis/AXI_IP/hw/AXI_IP.xsa
TRACE::2025-03-24.09:13:21::SCWPlatform:: Unique name xilinx:pynq-z2::0.0
TRACE::2025-03-24.09:13:21::SCWPlatform::Trying to set the existing hwdb with name design_1_wrapper_0
TRACE::2025-03-24.09:13:21::SCWPlatform::Opened existing hwdb design_1_wrapper_0
TRACE::2025-03-24.09:13:21::SCWPlatform::Found the Hw Db part of the input DSA
TRACE::2025-03-24.09:13:21::SCWDomain::checking for install qemu data   : 
TRACE::2025-03-24.09:13:21::SCWDomain:: Using the QEMU Data from install at  : C:/Xilinx/Vitis/2024.1/data/emulation/platforms/zynq/sw/a9_standalone/qemu/
TRACE::2025-03-24.09:13:21::SCWDomain:: Using the QEMU args  from install at  : C:/Xilinx/Vitis/2024.1/data/emulation/platforms/zynq/sw/a9_standalone/qemu/qemu_args.txt
TRACE::2025-03-24.09:13:21::SCWPlatform::Trying to open the hw design at C:/PXL/devWorks/devWorks2/AXI_IP_SOC/Vitis/AXI_IP/hw/AXI_IP.xsa
TRACE::2025-03-24.09:13:21::SCWPlatform::DSA given C:/PXL/devWorks/devWorks2/AXI_IP_SOC/Vitis/AXI_IP/hw/AXI_IP.xsa
TRACE::2025-03-24.09:13:21::SCWPlatform::DSA absoulate path C:/PXL/devWorks/devWorks2/AXI_IP_SOC/Vitis/AXI_IP/hw/AXI_IP.xsa
TRACE::2025-03-24.09:13:21::SCWPlatform::DSA directory C:/PXL/devWorks/devWorks2/AXI_IP_SOC/Vitis/AXI_IP/hw
TRACE::2025-03-24.09:13:21::SCWPlatform:: Platform Path C:/PXL/devWorks/devWorks2/AXI_IP_SOC/Vitis/AXI_IP/hw/AXI_IP.xsa
TRACE::2025-03-24.09:13:21::SCWPlatform:: Unique name xilinx:pynq-z2::0.0
TRACE::2025-03-24.09:13:21::SCWPlatform::Trying to set the existing hwdb with name design_1_wrapper_0
TRACE::2025-03-24.09:13:21::SCWPlatform::Opened existing hwdb design_1_wrapper_0
TRACE::2025-03-24.09:13:21::SCWPlatform::Found the Hw Db part of the input DSA
TRACE::2025-03-24.09:13:21::SCWPlatform::Trying to open the hw design at C:/PXL/devWorks/devWorks2/AXI_IP_SOC/Vitis/AXI_IP/hw/AXI_IP.xsa
TRACE::2025-03-24.09:13:21::SCWPlatform::DSA given C:/PXL/devWorks/devWorks2/AXI_IP_SOC/Vitis/AXI_IP/hw/AXI_IP.xsa
TRACE::2025-03-24.09:13:21::SCWPlatform::DSA absoulate path C:/PXL/devWorks/devWorks2/AXI_IP_SOC/Vitis/AXI_IP/hw/AXI_IP.xsa
TRACE::2025-03-24.09:13:21::SCWPlatform::DSA directory C:/PXL/devWorks/devWorks2/AXI_IP_SOC/Vitis/AXI_IP/hw
TRACE::2025-03-24.09:13:21::SCWPlatform:: Platform Path C:/PXL/devWorks/devWorks2/AXI_IP_SOC/Vitis/AXI_IP/hw/AXI_IP.xsa
TRACE::2025-03-24.09:13:21::SCWPlatform:: Unique name xilinx:pynq-z2::0.0
TRACE::2025-03-24.09:13:21::SCWPlatform::Trying to set the existing hwdb with name design_1_wrapper_0
TRACE::2025-03-24.09:13:21::SCWPlatform::Opened existing hwdb design_1_wrapper_0
TRACE::2025-03-24.09:13:21::SCWPlatform::Found the Hw Db part of the input DSA
TRACE::2025-03-24.09:13:21::SCWDomain::Qemu Directory name is changed from "" to "qemu"
TRACE::2025-03-24.09:13:21::SCWPlatform::Trying to open the hw design at C:/PXL/devWorks/devWorks2/AXI_IP_SOC/Vitis/AXI_IP/hw/AXI_IP.xsa
TRACE::2025-03-24.09:13:21::SCWPlatform::DSA given C:/PXL/devWorks/devWorks2/AXI_IP_SOC/Vitis/AXI_IP/hw/AXI_IP.xsa
TRACE::2025-03-24.09:13:21::SCWPlatform::DSA absoulate path C:/PXL/devWorks/devWorks2/AXI_IP_SOC/Vitis/AXI_IP/hw/AXI_IP.xsa
TRACE::2025-03-24.09:13:21::SCWPlatform::DSA directory C:/PXL/devWorks/devWorks2/AXI_IP_SOC/Vitis/AXI_IP/hw
TRACE::2025-03-24.09:13:21::SCWPlatform:: Platform Path C:/PXL/devWorks/devWorks2/AXI_IP_SOC/Vitis/AXI_IP/hw/AXI_IP.xsa
TRACE::2025-03-24.09:13:21::SCWPlatform:: Unique name xilinx:pynq-z2::0.0
TRACE::2025-03-24.09:13:21::SCWPlatform::Trying to set the existing hwdb with name design_1_wrapper_0
TRACE::2025-03-24.09:13:21::SCWPlatform::Opened existing hwdb design_1_wrapper_0
TRACE::2025-03-24.09:13:21::SCWPlatform::Found the Hw Db part of the input DSA
TRACE::2025-03-24.09:13:21::SCWMssOS::Checking the sw design at  C:/PXL/devWorks/devWorks2/AXI_IP_SOC/Vitis/AXI_IP/ps7_cortexa9_0/standalone_ps7_cortexa9_0/bsp/system.mss
TRACE::2025-03-24.09:13:21::SCWMssOS::DEBUG:  swdes dump  C:/PXL/devWorks/devWorks2/AXI_IP_SOC/Vitis/AXI_IP/zynq_fsbl/zynq_fsbl_bsp/system.mss|system||

TRACE::2025-03-24.09:13:21::SCWMssOS::No sw design opened at  C:/PXL/devWorks/devWorks2/AXI_IP_SOC/Vitis/AXI_IP/ps7_cortexa9_0/standalone_ps7_cortexa9_0/bsp/system.mss
TRACE::2025-03-24.09:13:21::SCWMssOS::mss does not exists at C:/PXL/devWorks/devWorks2/AXI_IP_SOC/Vitis/AXI_IP/ps7_cortexa9_0/standalone_ps7_cortexa9_0/bsp/system.mss
TRACE::2025-03-24.09:13:21::SCWMssOS::Creating sw design at  C:/PXL/devWorks/devWorks2/AXI_IP_SOC/Vitis/AXI_IP/ps7_cortexa9_0/standalone_ps7_cortexa9_0/bsp/system.mss
TRACE::2025-03-24.09:13:21::SCWMssOS::Adding the swdes entry, created swdb C:/PXL/devWorks/devWorks2/AXI_IP_SOC/Vitis/AXI_IP/ps7_cortexa9_0/standalone_ps7_cortexa9_0/bsp/system.mss with des name C:/PXL/devWorks/devWorks2/AXI_IP_SOC/Vitis/AXI_IP/ps7_cortexa9_0/standalone_ps7_cortexa9_0/bsp/system.mss
TRACE::2025-03-24.09:13:21::SCWMssOS::updating the scw layer changes to swdes at   C:/PXL/devWorks/devWorks2/AXI_IP_SOC/Vitis/AXI_IP/ps7_cortexa9_0/standalone_ps7_cortexa9_0/bsp/system.mss
TRACE::2025-03-24.09:13:21::SCWMssOS::Writing mss at C:/PXL/devWorks/devWorks2/AXI_IP_SOC/Vitis/AXI_IP/ps7_cortexa9_0/standalone_ps7_cortexa9_0/bsp/system.mss
TRACE::2025-03-24.09:13:21::SCWMssOS::Completed writing the mss file at C:/PXL/devWorks/devWorks2/AXI_IP_SOC/Vitis/AXI_IP/ps7_cortexa9_0/standalone_ps7_cortexa9_0/bsp
TRACE::2025-03-24.09:13:21::SCWMssOS::Picking up changes from newly written mss file into SCW Layer. 
TRACE::2025-03-24.09:13:21::SCWMssOS::Updated the changes from newly written mss file into SCW Layer. 
TRACE::2025-03-24.09:13:21::SCWMssOS::Completed writing the mss file at C:/PXL/devWorks/devWorks2/AXI_IP_SOC/Vitis/AXI_IP/ps7_cortexa9_0/standalone_ps7_cortexa9_0/bsp
TRACE::2025-03-24.09:13:21::SCWMssOS::Forcing BSP Sources regeneration.
TRACE::2025-03-24.09:13:22::SCWMssOS::Saving the mss changes C:/PXL/devWorks/devWorks2/AXI_IP_SOC/Vitis/AXI_IP/zynq_fsbl/zynq_fsbl_bsp/system.mss
TRACE::2025-03-24.09:13:22::SCWMssOS::Found a swdesign opened with the mssfile.
TRACE::2025-03-24.09:13:22::SCWMssOS::Completed writemss as part of save.
TRACE::2025-03-24.09:13:22::SCWMssOS::Commit changes completed.
TRACE::2025-03-24.09:13:22::SCWMssOS::Saving the mss changes C:/PXL/devWorks/devWorks2/AXI_IP_SOC/Vitis/AXI_IP/ps7_cortexa9_0/standalone_ps7_cortexa9_0/bsp/system.mss
TRACE::2025-03-24.09:13:22::SCWMssOS::Adding the swdes entry, mss present, able to open swdb C:/PXL/devWorks/devWorks2/AXI_IP_SOC/Vitis/AXI_IP/ps7_cortexa9_0/standalone_ps7_cortexa9_0/bsp/system.mss with des name system_0
TRACE::2025-03-24.09:13:22::SCWMssOS::Writing the mss file completed C:/PXL/devWorks/devWorks2/AXI_IP_SOC/Vitis/AXI_IP/ps7_cortexa9_0/standalone_ps7_cortexa9_0/bsp/system.mss
TRACE::2025-03-24.09:13:22::SCWMssOS::Commit changes completed.
TRACE::2025-03-24.09:13:22::SCWPlatform::Trying to open the hw design at C:/PXL/devWorks/devWorks2/AXI_IP_SOC/Vitis/AXI_IP/hw/AXI_IP.xsa
TRACE::2025-03-24.09:13:22::SCWPlatform::DSA given C:/PXL/devWorks/devWorks2/AXI_IP_SOC/Vitis/AXI_IP/hw/AXI_IP.xsa
TRACE::2025-03-24.09:13:22::SCWPlatform::DSA absoulate path C:/PXL/devWorks/devWorks2/AXI_IP_SOC/Vitis/AXI_IP/hw/AXI_IP.xsa
TRACE::2025-03-24.09:13:22::SCWPlatform::DSA directory C:/PXL/devWorks/devWorks2/AXI_IP_SOC/Vitis/AXI_IP/hw
TRACE::2025-03-24.09:13:22::SCWPlatform:: Platform Path C:/PXL/devWorks/devWorks2/AXI_IP_SOC/Vitis/AXI_IP/hw/AXI_IP.xsa
TRACE::2025-03-24.09:13:22::SCWPlatform:: Unique name xilinx:pynq-z2::0.0
TRACE::2025-03-24.09:13:22::SCWPlatform::Trying to set the existing hwdb with name design_1_wrapper_0
TRACE::2025-03-24.09:13:22::SCWPlatform::Opened existing hwdb design_1_wrapper_0
TRACE::2025-03-24.09:13:22::SCWPlatform::Found the Hw Db part of the input DSA
TRACE::2025-03-24.09:13:22::SCWMssOS::Checking the sw design at  C:/PXL/devWorks/devWorks2/AXI_IP_SOC/Vitis/AXI_IP/zynq_fsbl/zynq_fsbl_bsp/system.mss
TRACE::2025-03-24.09:13:22::SCWMssOS::DEBUG:  swdes dump  C:/PXL/devWorks/devWorks2/AXI_IP_SOC/Vitis/AXI_IP/ps7_cortexa9_0/standalone_ps7_cortexa9_0/bsp/system.mss|system_0||
C:/PXL/devWorks/devWorks2/AXI_IP_SOC/Vitis/AXI_IP/zynq_fsbl/zynq_fsbl_bsp/system.mss|system||

TRACE::2025-03-24.09:13:22::SCWMssOS::Sw design exists and opened at  C:/PXL/devWorks/devWorks2/AXI_IP_SOC/Vitis/AXI_IP/zynq_fsbl/zynq_fsbl_bsp/system.mss
TRACE::2025-03-24.09:13:22::SCWPlatform::Trying to open the hw design at C:/PXL/devWorks/devWorks2/AXI_IP_SOC/Vitis/AXI_IP/hw/AXI_IP.xsa
TRACE::2025-03-24.09:13:22::SCWPlatform::DSA given C:/PXL/devWorks/devWorks2/AXI_IP_SOC/Vitis/AXI_IP/hw/AXI_IP.xsa
TRACE::2025-03-24.09:13:22::SCWPlatform::DSA absoulate path C:/PXL/devWorks/devWorks2/AXI_IP_SOC/Vitis/AXI_IP/hw/AXI_IP.xsa
TRACE::2025-03-24.09:13:22::SCWPlatform::DSA directory C:/PXL/devWorks/devWorks2/AXI_IP_SOC/Vitis/AXI_IP/hw
TRACE::2025-03-24.09:13:22::SCWPlatform:: Platform Path C:/PXL/devWorks/devWorks2/AXI_IP_SOC/Vitis/AXI_IP/hw/AXI_IP.xsa
TRACE::2025-03-24.09:13:22::SCWPlatform:: Unique name xilinx:pynq-z2::0.0
TRACE::2025-03-24.09:13:22::SCWPlatform::Trying to set the existing hwdb with name design_1_wrapper_0
TRACE::2025-03-24.09:13:22::SCWPlatform::Opened existing hwdb design_1_wrapper_0
TRACE::2025-03-24.09:13:22::SCWPlatform::Found the Hw Db part of the input DSA
TRACE::2025-03-24.09:13:22::SCWMssOS::Checking the sw design at  C:/PXL/devWorks/devWorks2/AXI_IP_SOC/Vitis/AXI_IP/zynq_fsbl/zynq_fsbl_bsp/system.mss
TRACE::2025-03-24.09:13:22::SCWMssOS::DEBUG:  swdes dump  C:/PXL/devWorks/devWorks2/AXI_IP_SOC/Vitis/AXI_IP/ps7_cortexa9_0/standalone_ps7_cortexa9_0/bsp/system.mss|system_0||
C:/PXL/devWorks/devWorks2/AXI_IP_SOC/Vitis/AXI_IP/zynq_fsbl/zynq_fsbl_bsp/system.mss|system||

TRACE::2025-03-24.09:13:22::SCWMssOS::Sw design exists and opened at  C:/PXL/devWorks/devWorks2/AXI_IP_SOC/Vitis/AXI_IP/zynq_fsbl/zynq_fsbl_bsp/system.mss
TRACE::2025-03-24.09:13:22::SCWPlatform::Trying to open the hw design at C:/PXL/devWorks/devWorks2/AXI_IP_SOC/Vitis/AXI_IP/hw/AXI_IP.xsa
TRACE::2025-03-24.09:13:22::SCWPlatform::DSA given C:/PXL/devWorks/devWorks2/AXI_IP_SOC/Vitis/AXI_IP/hw/AXI_IP.xsa
TRACE::2025-03-24.09:13:22::SCWPlatform::DSA absoulate path C:/PXL/devWorks/devWorks2/AXI_IP_SOC/Vitis/AXI_IP/hw/AXI_IP.xsa
TRACE::2025-03-24.09:13:22::SCWPlatform::DSA directory C:/PXL/devWorks/devWorks2/AXI_IP_SOC/Vitis/AXI_IP/hw
TRACE::2025-03-24.09:13:22::SCWPlatform:: Platform Path C:/PXL/devWorks/devWorks2/AXI_IP_SOC/Vitis/AXI_IP/hw/AXI_IP.xsa
TRACE::2025-03-24.09:13:22::SCWPlatform:: Unique name xilinx:pynq-z2::0.0
TRACE::2025-03-24.09:13:22::SCWPlatform::Trying to set the existing hwdb with name design_1_wrapper_0
TRACE::2025-03-24.09:13:22::SCWPlatform::Opened existing hwdb design_1_wrapper_0
TRACE::2025-03-24.09:13:22::SCWPlatform::Found the Hw Db part of the input DSA
TRACE::2025-03-24.09:13:22::SCWMssOS::Checking the sw design at  C:/PXL/devWorks/devWorks2/AXI_IP_SOC/Vitis/AXI_IP/zynq_fsbl/zynq_fsbl_bsp/system.mss
TRACE::2025-03-24.09:13:22::SCWMssOS::DEBUG:  swdes dump  C:/PXL/devWorks/devWorks2/AXI_IP_SOC/Vitis/AXI_IP/ps7_cortexa9_0/standalone_ps7_cortexa9_0/bsp/system.mss|system_0||
C:/PXL/devWorks/devWorks2/AXI_IP_SOC/Vitis/AXI_IP/zynq_fsbl/zynq_fsbl_bsp/system.mss|system||

TRACE::2025-03-24.09:13:22::SCWMssOS::Sw design exists and opened at  C:/PXL/devWorks/devWorks2/AXI_IP_SOC/Vitis/AXI_IP/zynq_fsbl/zynq_fsbl_bsp/system.mss
TRACE::2025-03-24.09:13:22::SCWPlatform::Trying to open the hw design at C:/PXL/devWorks/devWorks2/AXI_IP_SOC/Vitis/AXI_IP/hw/AXI_IP.xsa
TRACE::2025-03-24.09:13:22::SCWPlatform::DSA given C:/PXL/devWorks/devWorks2/AXI_IP_SOC/Vitis/AXI_IP/hw/AXI_IP.xsa
TRACE::2025-03-24.09:13:22::SCWPlatform::DSA absoulate path C:/PXL/devWorks/devWorks2/AXI_IP_SOC/Vitis/AXI_IP/hw/AXI_IP.xsa
TRACE::2025-03-24.09:13:22::SCWPlatform::DSA directory C:/PXL/devWorks/devWorks2/AXI_IP_SOC/Vitis/AXI_IP/hw
TRACE::2025-03-24.09:13:22::SCWPlatform:: Platform Path C:/PXL/devWorks/devWorks2/AXI_IP_SOC/Vitis/AXI_IP/hw/AXI_IP.xsa
TRACE::2025-03-24.09:13:22::SCWPlatform:: Unique name xilinx:pynq-z2::0.0
TRACE::2025-03-24.09:13:22::SCWPlatform::Trying to set the existing hwdb with name design_1_wrapper_0
TRACE::2025-03-24.09:13:22::SCWPlatform::Opened existing hwdb design_1_wrapper_0
TRACE::2025-03-24.09:13:22::SCWPlatform::Found the Hw Db part of the input DSA
TRACE::2025-03-24.09:13:22::SCWMssOS::Checking the sw design at  C:/PXL/devWorks/devWorks2/AXI_IP_SOC/Vitis/AXI_IP/ps7_cortexa9_0/standalone_ps7_cortexa9_0/bsp/system.mss
TRACE::2025-03-24.09:13:22::SCWMssOS::DEBUG:  swdes dump  C:/PXL/devWorks/devWorks2/AXI_IP_SOC/Vitis/AXI_IP/ps7_cortexa9_0/standalone_ps7_cortexa9_0/bsp/system.mss|system_0||
C:/PXL/devWorks/devWorks2/AXI_IP_SOC/Vitis/AXI_IP/zynq_fsbl/zynq_fsbl_bsp/system.mss|system||

TRACE::2025-03-24.09:13:22::SCWMssOS::Sw design exists and opened at  C:/PXL/devWorks/devWorks2/AXI_IP_SOC/Vitis/AXI_IP/ps7_cortexa9_0/standalone_ps7_cortexa9_0/bsp/system.mss
TRACE::2025-03-24.09:13:22::SCWPlatform::Trying to open the hw design at C:/PXL/devWorks/devWorks2/AXI_IP_SOC/Vitis/AXI_IP/hw/AXI_IP.xsa
TRACE::2025-03-24.09:13:22::SCWPlatform::DSA given C:/PXL/devWorks/devWorks2/AXI_IP_SOC/Vitis/AXI_IP/hw/AXI_IP.xsa
TRACE::2025-03-24.09:13:22::SCWPlatform::DSA absoulate path C:/PXL/devWorks/devWorks2/AXI_IP_SOC/Vitis/AXI_IP/hw/AXI_IP.xsa
TRACE::2025-03-24.09:13:22::SCWPlatform::DSA directory C:/PXL/devWorks/devWorks2/AXI_IP_SOC/Vitis/AXI_IP/hw
TRACE::2025-03-24.09:13:22::SCWPlatform:: Platform Path C:/PXL/devWorks/devWorks2/AXI_IP_SOC/Vitis/AXI_IP/hw/AXI_IP.xsa
TRACE::2025-03-24.09:13:22::SCWPlatform:: Unique name xilinx:pynq-z2::0.0
TRACE::2025-03-24.09:13:22::SCWPlatform::Trying to set the existing hwdb with name design_1_wrapper_0
TRACE::2025-03-24.09:13:22::SCWPlatform::Opened existing hwdb design_1_wrapper_0
TRACE::2025-03-24.09:13:22::SCWPlatform::Found the Hw Db part of the input DSA
TRACE::2025-03-24.09:13:22::SCWMssOS::Checking the sw design at  C:/PXL/devWorks/devWorks2/AXI_IP_SOC/Vitis/AXI_IP/ps7_cortexa9_0/standalone_ps7_cortexa9_0/bsp/system.mss
TRACE::2025-03-24.09:13:22::SCWMssOS::DEBUG:  swdes dump  C:/PXL/devWorks/devWorks2/AXI_IP_SOC/Vitis/AXI_IP/ps7_cortexa9_0/standalone_ps7_cortexa9_0/bsp/system.mss|system_0||
C:/PXL/devWorks/devWorks2/AXI_IP_SOC/Vitis/AXI_IP/zynq_fsbl/zynq_fsbl_bsp/system.mss|system||

TRACE::2025-03-24.09:13:22::SCWMssOS::Sw design exists and opened at  C:/PXL/devWorks/devWorks2/AXI_IP_SOC/Vitis/AXI_IP/ps7_cortexa9_0/standalone_ps7_cortexa9_0/bsp/system.mss
TRACE::2025-03-24.09:13:22::SCWPlatform::Trying to open the hw design at C:/PXL/devWorks/devWorks2/AXI_IP_SOC/Vitis/AXI_IP/hw/AXI_IP.xsa
TRACE::2025-03-24.09:13:22::SCWPlatform::DSA given C:/PXL/devWorks/devWorks2/AXI_IP_SOC/Vitis/AXI_IP/hw/AXI_IP.xsa
TRACE::2025-03-24.09:13:22::SCWPlatform::DSA absoulate path C:/PXL/devWorks/devWorks2/AXI_IP_SOC/Vitis/AXI_IP/hw/AXI_IP.xsa
TRACE::2025-03-24.09:13:22::SCWPlatform::DSA directory C:/PXL/devWorks/devWorks2/AXI_IP_SOC/Vitis/AXI_IP/hw
TRACE::2025-03-24.09:13:22::SCWPlatform:: Platform Path C:/PXL/devWorks/devWorks2/AXI_IP_SOC/Vitis/AXI_IP/hw/AXI_IP.xsa
TRACE::2025-03-24.09:13:22::SCWPlatform:: Unique name xilinx:pynq-z2::0.0
TRACE::2025-03-24.09:13:22::SCWPlatform::Trying to set the existing hwdb with name design_1_wrapper_0
TRACE::2025-03-24.09:13:22::SCWPlatform::Opened existing hwdb design_1_wrapper_0
TRACE::2025-03-24.09:13:22::SCWPlatform::Found the Hw Db part of the input DSA
TRACE::2025-03-24.09:13:22::SCWMssOS::Checking the sw design at  C:/PXL/devWorks/devWorks2/AXI_IP_SOC/Vitis/AXI_IP/ps7_cortexa9_0/standalone_ps7_cortexa9_0/bsp/system.mss
TRACE::2025-03-24.09:13:22::SCWMssOS::DEBUG:  swdes dump  C:/PXL/devWorks/devWorks2/AXI_IP_SOC/Vitis/AXI_IP/ps7_cortexa9_0/standalone_ps7_cortexa9_0/bsp/system.mss|system_0||
C:/PXL/devWorks/devWorks2/AXI_IP_SOC/Vitis/AXI_IP/zynq_fsbl/zynq_fsbl_bsp/system.mss|system||

TRACE::2025-03-24.09:13:22::SCWMssOS::Sw design exists and opened at  C:/PXL/devWorks/devWorks2/AXI_IP_SOC/Vitis/AXI_IP/ps7_cortexa9_0/standalone_ps7_cortexa9_0/bsp/system.mss
TRACE::2025-03-24.09:13:22::SCWWriter::formatted JSON is {
	"platformName":	"AXI_IP",
	"sprVersion":	"2.0",
	"mode":	"gui",
	"dsaType":	"Fixed",
	"platformDesc":	"AXI_IP",
	"platHandOff":	"C:/PXL/devWorks/devWorks2/AXI_IP_SOC/AXI_IP.xsa",
	"platIntHandOff":	"<platformDir>/hw/AXI_IP.xsa",
	"deviceType":	"zynq",
	"platIsPrebuiltAutogen":	"false",
	"platIsNoBootBsp":	"false",
	"platFsblTarget":	"ps7_cortexa9_0",
	"hasFsblMakeHasChanges":	"false",
	"hasPmufwMakeHasChanges":	"false",
	"fsblExtraCompilerFlags":	"-MMD -MP       -mcpu=cortex-a9 -mfpu=vfpv3 -mfloat-abi=hard ",
	"platPreBuiltFlag":	false,
	"platformSamplesDir":	"",
	"platActiveSys":	"AXI_IP",
	"systems":	[{
			"systemName":	"AXI_IP",
			"systemDesc":	"AXI_IP",
			"sysIsBootAutoGen":	"true",
			"systemDispName":	"AXI_IP",
			"sysActiveDom":	"standalone_ps7_cortexa9_0",
			"sysDefaultDom":	"standalone_ps7_cortexa9_0",
			"domains":	[{
					"domainName":	"zynq_fsbl",
					"domainDispName":	"zynq_fsbl",
					"domainDesc":	"FSBL Application BSP - Auto Generated.",
					"processors":	"ps7_cortexa9_0",
					"os":	"standalone",
					"sdxOs":	"standalone",
					"debugEnable":	"",
					"domRuntimes":	["cpp"],
					"swRepo":	"",
					"mssOsVer":	"9.1",
					"mssFile":	"",
					"md5Digest":	"01c9595fdf86507722cb120fa9e46f62",
					"compatibleApp":	"zynq_fsbl",
					"domType":	"bootDomain",
					"arch":	"32-bit",
					"appSettings":	{
						"appCompilerFlags":	"",
						"appLinkerFlags":	""
					},
					"addedLibs":	["xilffs:5.2", "xilrsa:1.8"],
					"libOptions":	{
						"libsContainingOptions":	[]
					},
					"prebuiltLibs":	{
						"prebuiltIncPath":	[],
						"prebuiltLibPath":	[]
					},
					"isolation":	{
					}
				}, {
					"domainName":	"standalone_ps7_cortexa9_0",
					"domainDispName":	"standalone_ps7_cortexa9_0",
					"domainDesc":	"standalone_ps7_cortexa9_0",
					"processors":	"ps7_cortexa9_0",
					"os":	"standalone",
					"sdxOs":	"standalone",
					"qemuArgs":	"<platformDir>/resources/AXI_IP/standalone_ps7_cortexa9_0/qemu_args.txt",
					"qemuData":	"<platformDir>/resources/AXI_IP/standalone_ps7_cortexa9_0/qemu",
					"debugEnable":	"False",
					"domRuntimes":	["cpp"],
					"swRepo":	"",
					"mssOsVer":	"9.1",
					"mssFile":	"",
					"md5Digest":	"af5aec5b2d363b8a95dbabe39b9abb7c",
					"compatibleApp":	"hello_world",
					"domType":	"mssDomain",
					"arch":	"32-bit",
					"appSettings":	{
						"appCompilerFlags":	"",
						"appLinkerFlags":	""
					},
					"addedLibs":	[],
					"libOptions":	{
						"libsContainingOptions":	[]
					},
					"prebuiltLibs":	{
						"prebuiltIncPath":	[],
						"prebuiltLibPath":	[]
					},
					"isolation":	{
					}
				}]
		}]
}
LOG::2025-03-24.09:13:22::SCWPlatform::Started generating the artifacts platform AXI_IP
TRACE::2025-03-24.09:13:22::SCWPlatform::Sanity checking of platform is completed
LOG::2025-03-24.09:13:22::SCWPlatform::Started generating the artifacts for system configuration AXI_IP
LOG::2025-03-24.09:13:22::SCWSystem::Checking the domain zynq_fsbl
LOG::2025-03-24.09:13:22::SCWSystem::Doing application build for :  zynq_fsbl
TRACE::2025-03-24.09:13:22::SCWBDomain::Not a forced makefile updation, No changes are present. 
TRACE::2025-03-24.09:13:22::SCWDomain::Skipping the build for domain :  zynq_fsbl
LOG::2025-03-24.09:13:22::SCWSystem::Checking the domain standalone_ps7_cortexa9_0
LOG::2025-03-24.09:13:22::SCWSystem::Not a boot domain 
LOG::2025-03-24.09:13:22::SCWSystem::Started Processing the domain standalone_ps7_cortexa9_0
TRACE::2025-03-24.09:13:22::SCWDomain::Generating domain artifcats
TRACE::2025-03-24.09:13:22::SCWMssOS::Generating standalone artifcats
TRACE::2025-03-24.09:13:22::SCWMssOS::Copying the qemu file from  C:/PXL/devWorks/devWorks2/AXI_IP_SOC/Vitis/AXI_IP/resources/AXI_IP/standalone_ps7_cortexa9_0/qemu_args.txt To C:/PXL/devWorks/devWorks2/AXI_IP_SOC/Vitis/AXI_IP/export/AXI_IP/sw/AXI_IP/qemu/
TRACE::2025-03-24.09:13:22::SCWMssOS::Copying the qemu file from  C:/PXL/devWorks/devWorks2/AXI_IP_SOC/Vitis/AXI_IP/resources/AXI_IP/standalone_ps7_cortexa9_0/qemu_args.txt To C:/PXL/devWorks/devWorks2/AXI_IP_SOC/Vitis/AXI_IP/export/AXI_IP/sw/AXI_IP/standalone_ps7_cortexa9_0/qemu/
TRACE::2025-03-24.09:13:22::SCWMssOS:: Copying the user libraries. 
TRACE::2025-03-24.09:13:22::SCWPlatform::Trying to open the hw design at C:/PXL/devWorks/devWorks2/AXI_IP_SOC/Vitis/AXI_IP/hw/AXI_IP.xsa
TRACE::2025-03-24.09:13:22::SCWPlatform::DSA given C:/PXL/devWorks/devWorks2/AXI_IP_SOC/Vitis/AXI_IP/hw/AXI_IP.xsa
TRACE::2025-03-24.09:13:22::SCWPlatform::DSA absoulate path C:/PXL/devWorks/devWorks2/AXI_IP_SOC/Vitis/AXI_IP/hw/AXI_IP.xsa
TRACE::2025-03-24.09:13:22::SCWPlatform::DSA directory C:/PXL/devWorks/devWorks2/AXI_IP_SOC/Vitis/AXI_IP/hw
TRACE::2025-03-24.09:13:22::SCWPlatform:: Platform Path C:/PXL/devWorks/devWorks2/AXI_IP_SOC/Vitis/AXI_IP/hw/AXI_IP.xsa
TRACE::2025-03-24.09:13:22::SCWPlatform:: Unique name xilinx:pynq-z2::0.0
TRACE::2025-03-24.09:13:22::SCWPlatform::Trying to set the existing hwdb with name design_1_wrapper_0
TRACE::2025-03-24.09:13:22::SCWPlatform::Opened existing hwdb design_1_wrapper_0
TRACE::2025-03-24.09:13:22::SCWPlatform::Found the Hw Db part of the input DSA
TRACE::2025-03-24.09:13:22::SCWMssOS::Checking the sw design at  C:/PXL/devWorks/devWorks2/AXI_IP_SOC/Vitis/AXI_IP/ps7_cortexa9_0/standalone_ps7_cortexa9_0/bsp/system.mss
TRACE::2025-03-24.09:13:22::SCWMssOS::DEBUG:  swdes dump  C:/PXL/devWorks/devWorks2/AXI_IP_SOC/Vitis/AXI_IP/ps7_cortexa9_0/standalone_ps7_cortexa9_0/bsp/system.mss|system_0||
C:/PXL/devWorks/devWorks2/AXI_IP_SOC/Vitis/AXI_IP/zynq_fsbl/zynq_fsbl_bsp/system.mss|system||

TRACE::2025-03-24.09:13:22::SCWMssOS::Sw design exists and opened at  C:/PXL/devWorks/devWorks2/AXI_IP_SOC/Vitis/AXI_IP/ps7_cortexa9_0/standalone_ps7_cortexa9_0/bsp/system.mss
TRACE::2025-03-24.09:13:22::SCWMssOS::Completed writing the mss file at C:/PXL/devWorks/devWorks2/AXI_IP_SOC/Vitis/AXI_IP/ps7_cortexa9_0/standalone_ps7_cortexa9_0/bsp
TRACE::2025-03-24.09:13:22::SCWMssOS::Mss edits present, copying mssfile into export location C:/PXL/devWorks/devWorks2/AXI_IP_SOC/Vitis/AXI_IP/ps7_cortexa9_0/standalone_ps7_cortexa9_0/bsp/system.mss
TRACE::2025-03-24.09:13:22::SCWMssOS::bsp generated is upto date with the mss file. Skipping bsp generation.
TRACE::2025-03-24.09:13:22::SCWMssOS::BSP is already built. skipping the bsp build ... 
TRACE::2025-03-24.09:13:22::SCWDomain::Skipping the build for domain :  standalone_ps7_cortexa9_0
TRACE::2025-03-24.09:13:22::SCWMssOS::skipping the bsp build ... 
TRACE::2025-03-24.09:13:22::SCWMssOS::Copying to export directory.
TRACE::2025-03-24.09:13:22::SCWMssOS:: Checking if to create the Supporting Applications
TRACE::2025-03-24.09:13:22::SCWMssOS:: No Linux domain exists, trying to generate FSBL 
TRACE::2025-03-24.09:13:22::SCWMssOS:: Completed Standalone Artifacts creation 
LOG::2025-03-24.09:13:22::SCWSystem::Completed Processing the domain standalone_ps7_cortexa9_0
LOG::2025-03-24.09:13:22::SCWSystem::Completed Processing the sysconfig AXI_IP
LOG::2025-03-24.09:13:22::SCWPlatform::Completed generating the artifacts for system configuration AXI_IP
TRACE::2025-03-24.09:13:22::SCWPlatform::Started preparing the platform 
TRACE::2025-03-24.09:13:22::SCWSystem::Writing the bif file for system config AXI_IP
TRACE::2025-03-24.09:13:22::SCWSystem::dir created 
TRACE::2025-03-24.09:13:22::SCWSystem::Writing the bif 
TRACE::2025-03-24.09:13:22::SCWPlatform::Started writing the spfm file 
TRACE::2025-03-24.09:13:22::SCWPlatform::Started writing the xpfm file 
TRACE::2025-03-24.09:13:22::SCWPlatform::Completed generating the platform
TRACE::2025-03-24.09:13:22::SCWMssOS::Saving the mss changes C:/PXL/devWorks/devWorks2/AXI_IP_SOC/Vitis/AXI_IP/zynq_fsbl/zynq_fsbl_bsp/system.mss
TRACE::2025-03-24.09:13:22::SCWMssOS::Found a swdesign opened with the mssfile.
TRACE::2025-03-24.09:13:22::SCWMssOS::Completed writemss as part of save.
TRACE::2025-03-24.09:13:22::SCWMssOS::Commit changes completed.
TRACE::2025-03-24.09:13:22::SCWMssOS::Saving the mss changes C:/PXL/devWorks/devWorks2/AXI_IP_SOC/Vitis/AXI_IP/ps7_cortexa9_0/standalone_ps7_cortexa9_0/bsp/system.mss
TRACE::2025-03-24.09:13:22::SCWMssOS::Found a swdesign opened with the mssfile.
TRACE::2025-03-24.09:13:22::SCWMssOS::Completed writemss as part of save.
TRACE::2025-03-24.09:13:22::SCWMssOS::Commit changes completed.
TRACE::2025-03-24.09:13:22::SCWPlatform::Trying to open the hw design at C:/PXL/devWorks/devWorks2/AXI_IP_SOC/Vitis/AXI_IP/hw/AXI_IP.xsa
TRACE::2025-03-24.09:13:22::SCWPlatform::DSA given C:/PXL/devWorks/devWorks2/AXI_IP_SOC/Vitis/AXI_IP/hw/AXI_IP.xsa
TRACE::2025-03-24.09:13:22::SCWPlatform::DSA absoulate path C:/PXL/devWorks/devWorks2/AXI_IP_SOC/Vitis/AXI_IP/hw/AXI_IP.xsa
TRACE::2025-03-24.09:13:22::SCWPlatform::DSA directory C:/PXL/devWorks/devWorks2/AXI_IP_SOC/Vitis/AXI_IP/hw
TRACE::2025-03-24.09:13:22::SCWPlatform:: Platform Path C:/PXL/devWorks/devWorks2/AXI_IP_SOC/Vitis/AXI_IP/hw/AXI_IP.xsa
TRACE::2025-03-24.09:13:22::SCWPlatform:: Unique name xilinx:pynq-z2::0.0
TRACE::2025-03-24.09:13:22::SCWPlatform::Trying to set the existing hwdb with name design_1_wrapper_0
TRACE::2025-03-24.09:13:22::SCWPlatform::Opened existing hwdb design_1_wrapper_0
TRACE::2025-03-24.09:13:22::SCWPlatform::Found the Hw Db part of the input DSA
TRACE::2025-03-24.09:13:22::SCWMssOS::Checking the sw design at  C:/PXL/devWorks/devWorks2/AXI_IP_SOC/Vitis/AXI_IP/zynq_fsbl/zynq_fsbl_bsp/system.mss
TRACE::2025-03-24.09:13:22::SCWMssOS::DEBUG:  swdes dump  C:/PXL/devWorks/devWorks2/AXI_IP_SOC/Vitis/AXI_IP/ps7_cortexa9_0/standalone_ps7_cortexa9_0/bsp/system.mss|system_0||
C:/PXL/devWorks/devWorks2/AXI_IP_SOC/Vitis/AXI_IP/zynq_fsbl/zynq_fsbl_bsp/system.mss|system||

TRACE::2025-03-24.09:13:22::SCWMssOS::Sw design exists and opened at  C:/PXL/devWorks/devWorks2/AXI_IP_SOC/Vitis/AXI_IP/zynq_fsbl/zynq_fsbl_bsp/system.mss
TRACE::2025-03-24.09:13:22::SCWPlatform::Trying to open the hw design at C:/PXL/devWorks/devWorks2/AXI_IP_SOC/Vitis/AXI_IP/hw/AXI_IP.xsa
TRACE::2025-03-24.09:13:22::SCWPlatform::DSA given C:/PXL/devWorks/devWorks2/AXI_IP_SOC/Vitis/AXI_IP/hw/AXI_IP.xsa
TRACE::2025-03-24.09:13:22::SCWPlatform::DSA absoulate path C:/PXL/devWorks/devWorks2/AXI_IP_SOC/Vitis/AXI_IP/hw/AXI_IP.xsa
TRACE::2025-03-24.09:13:22::SCWPlatform::DSA directory C:/PXL/devWorks/devWorks2/AXI_IP_SOC/Vitis/AXI_IP/hw
TRACE::2025-03-24.09:13:22::SCWPlatform:: Platform Path C:/PXL/devWorks/devWorks2/AXI_IP_SOC/Vitis/AXI_IP/hw/AXI_IP.xsa
TRACE::2025-03-24.09:13:22::SCWPlatform:: Unique name xilinx:pynq-z2::0.0
TRACE::2025-03-24.09:13:22::SCWPlatform::Trying to set the existing hwdb with name design_1_wrapper_0
TRACE::2025-03-24.09:13:22::SCWPlatform::Opened existing hwdb design_1_wrapper_0
TRACE::2025-03-24.09:13:22::SCWPlatform::Found the Hw Db part of the input DSA
TRACE::2025-03-24.09:13:22::SCWMssOS::Checking the sw design at  C:/PXL/devWorks/devWorks2/AXI_IP_SOC/Vitis/AXI_IP/zynq_fsbl/zynq_fsbl_bsp/system.mss
TRACE::2025-03-24.09:13:22::SCWMssOS::DEBUG:  swdes dump  C:/PXL/devWorks/devWorks2/AXI_IP_SOC/Vitis/AXI_IP/ps7_cortexa9_0/standalone_ps7_cortexa9_0/bsp/system.mss|system_0||
C:/PXL/devWorks/devWorks2/AXI_IP_SOC/Vitis/AXI_IP/zynq_fsbl/zynq_fsbl_bsp/system.mss|system||

TRACE::2025-03-24.09:13:22::SCWMssOS::Sw design exists and opened at  C:/PXL/devWorks/devWorks2/AXI_IP_SOC/Vitis/AXI_IP/zynq_fsbl/zynq_fsbl_bsp/system.mss
TRACE::2025-03-24.09:13:22::SCWPlatform::Trying to open the hw design at C:/PXL/devWorks/devWorks2/AXI_IP_SOC/Vitis/AXI_IP/hw/AXI_IP.xsa
TRACE::2025-03-24.09:13:22::SCWPlatform::DSA given C:/PXL/devWorks/devWorks2/AXI_IP_SOC/Vitis/AXI_IP/hw/AXI_IP.xsa
TRACE::2025-03-24.09:13:22::SCWPlatform::DSA absoulate path C:/PXL/devWorks/devWorks2/AXI_IP_SOC/Vitis/AXI_IP/hw/AXI_IP.xsa
TRACE::2025-03-24.09:13:22::SCWPlatform::DSA directory C:/PXL/devWorks/devWorks2/AXI_IP_SOC/Vitis/AXI_IP/hw
TRACE::2025-03-24.09:13:22::SCWPlatform:: Platform Path C:/PXL/devWorks/devWorks2/AXI_IP_SOC/Vitis/AXI_IP/hw/AXI_IP.xsa
TRACE::2025-03-24.09:13:22::SCWPlatform:: Unique name xilinx:pynq-z2::0.0
TRACE::2025-03-24.09:13:22::SCWPlatform::Trying to set the existing hwdb with name design_1_wrapper_0
TRACE::2025-03-24.09:13:22::SCWPlatform::Opened existing hwdb design_1_wrapper_0
TRACE::2025-03-24.09:13:22::SCWPlatform::Found the Hw Db part of the input DSA
TRACE::2025-03-24.09:13:22::SCWMssOS::Checking the sw design at  C:/PXL/devWorks/devWorks2/AXI_IP_SOC/Vitis/AXI_IP/zynq_fsbl/zynq_fsbl_bsp/system.mss
TRACE::2025-03-24.09:13:22::SCWMssOS::DEBUG:  swdes dump  C:/PXL/devWorks/devWorks2/AXI_IP_SOC/Vitis/AXI_IP/ps7_cortexa9_0/standalone_ps7_cortexa9_0/bsp/system.mss|system_0||
C:/PXL/devWorks/devWorks2/AXI_IP_SOC/Vitis/AXI_IP/zynq_fsbl/zynq_fsbl_bsp/system.mss|system||

TRACE::2025-03-24.09:13:22::SCWMssOS::Sw design exists and opened at  C:/PXL/devWorks/devWorks2/AXI_IP_SOC/Vitis/AXI_IP/zynq_fsbl/zynq_fsbl_bsp/system.mss
TRACE::2025-03-24.09:13:22::SCWPlatform::Trying to open the hw design at C:/PXL/devWorks/devWorks2/AXI_IP_SOC/Vitis/AXI_IP/hw/AXI_IP.xsa
TRACE::2025-03-24.09:13:22::SCWPlatform::DSA given C:/PXL/devWorks/devWorks2/AXI_IP_SOC/Vitis/AXI_IP/hw/AXI_IP.xsa
TRACE::2025-03-24.09:13:22::SCWPlatform::DSA absoulate path C:/PXL/devWorks/devWorks2/AXI_IP_SOC/Vitis/AXI_IP/hw/AXI_IP.xsa
TRACE::2025-03-24.09:13:22::SCWPlatform::DSA directory C:/PXL/devWorks/devWorks2/AXI_IP_SOC/Vitis/AXI_IP/hw
TRACE::2025-03-24.09:13:22::SCWPlatform:: Platform Path C:/PXL/devWorks/devWorks2/AXI_IP_SOC/Vitis/AXI_IP/hw/AXI_IP.xsa
TRACE::2025-03-24.09:13:22::SCWPlatform:: Unique name xilinx:pynq-z2::0.0
TRACE::2025-03-24.09:13:22::SCWPlatform::Trying to set the existing hwdb with name design_1_wrapper_0
TRACE::2025-03-24.09:13:22::SCWPlatform::Opened existing hwdb design_1_wrapper_0
TRACE::2025-03-24.09:13:22::SCWPlatform::Found the Hw Db part of the input DSA
TRACE::2025-03-24.09:13:22::SCWMssOS::Checking the sw design at  C:/PXL/devWorks/devWorks2/AXI_IP_SOC/Vitis/AXI_IP/ps7_cortexa9_0/standalone_ps7_cortexa9_0/bsp/system.mss
TRACE::2025-03-24.09:13:22::SCWMssOS::DEBUG:  swdes dump  C:/PXL/devWorks/devWorks2/AXI_IP_SOC/Vitis/AXI_IP/ps7_cortexa9_0/standalone_ps7_cortexa9_0/bsp/system.mss|system_0||
C:/PXL/devWorks/devWorks2/AXI_IP_SOC/Vitis/AXI_IP/zynq_fsbl/zynq_fsbl_bsp/system.mss|system||

TRACE::2025-03-24.09:13:22::SCWMssOS::Sw design exists and opened at  C:/PXL/devWorks/devWorks2/AXI_IP_SOC/Vitis/AXI_IP/ps7_cortexa9_0/standalone_ps7_cortexa9_0/bsp/system.mss
TRACE::2025-03-24.09:13:22::SCWPlatform::Trying to open the hw design at C:/PXL/devWorks/devWorks2/AXI_IP_SOC/Vitis/AXI_IP/hw/AXI_IP.xsa
TRACE::2025-03-24.09:13:22::SCWPlatform::DSA given C:/PXL/devWorks/devWorks2/AXI_IP_SOC/Vitis/AXI_IP/hw/AXI_IP.xsa
TRACE::2025-03-24.09:13:22::SCWPlatform::DSA absoulate path C:/PXL/devWorks/devWorks2/AXI_IP_SOC/Vitis/AXI_IP/hw/AXI_IP.xsa
TRACE::2025-03-24.09:13:22::SCWPlatform::DSA directory C:/PXL/devWorks/devWorks2/AXI_IP_SOC/Vitis/AXI_IP/hw
TRACE::2025-03-24.09:13:23::SCWPlatform:: Platform Path C:/PXL/devWorks/devWorks2/AXI_IP_SOC/Vitis/AXI_IP/hw/AXI_IP.xsa
TRACE::2025-03-24.09:13:23::SCWPlatform:: Unique name xilinx:pynq-z2::0.0
TRACE::2025-03-24.09:13:23::SCWPlatform::Trying to set the existing hwdb with name design_1_wrapper_0
TRACE::2025-03-24.09:13:23::SCWPlatform::Opened existing hwdb design_1_wrapper_0
TRACE::2025-03-24.09:13:23::SCWPlatform::Found the Hw Db part of the input DSA
TRACE::2025-03-24.09:13:23::SCWMssOS::Checking the sw design at  C:/PXL/devWorks/devWorks2/AXI_IP_SOC/Vitis/AXI_IP/ps7_cortexa9_0/standalone_ps7_cortexa9_0/bsp/system.mss
TRACE::2025-03-24.09:13:23::SCWMssOS::DEBUG:  swdes dump  C:/PXL/devWorks/devWorks2/AXI_IP_SOC/Vitis/AXI_IP/ps7_cortexa9_0/standalone_ps7_cortexa9_0/bsp/system.mss|system_0||
C:/PXL/devWorks/devWorks2/AXI_IP_SOC/Vitis/AXI_IP/zynq_fsbl/zynq_fsbl_bsp/system.mss|system||

TRACE::2025-03-24.09:13:23::SCWMssOS::Sw design exists and opened at  C:/PXL/devWorks/devWorks2/AXI_IP_SOC/Vitis/AXI_IP/ps7_cortexa9_0/standalone_ps7_cortexa9_0/bsp/system.mss
TRACE::2025-03-24.09:13:23::SCWPlatform::Trying to open the hw design at C:/PXL/devWorks/devWorks2/AXI_IP_SOC/Vitis/AXI_IP/hw/AXI_IP.xsa
TRACE::2025-03-24.09:13:23::SCWPlatform::DSA given C:/PXL/devWorks/devWorks2/AXI_IP_SOC/Vitis/AXI_IP/hw/AXI_IP.xsa
TRACE::2025-03-24.09:13:23::SCWPlatform::DSA absoulate path C:/PXL/devWorks/devWorks2/AXI_IP_SOC/Vitis/AXI_IP/hw/AXI_IP.xsa
TRACE::2025-03-24.09:13:23::SCWPlatform::DSA directory C:/PXL/devWorks/devWorks2/AXI_IP_SOC/Vitis/AXI_IP/hw
TRACE::2025-03-24.09:13:23::SCWPlatform:: Platform Path C:/PXL/devWorks/devWorks2/AXI_IP_SOC/Vitis/AXI_IP/hw/AXI_IP.xsa
TRACE::2025-03-24.09:13:23::SCWPlatform:: Unique name xilinx:pynq-z2::0.0
TRACE::2025-03-24.09:13:23::SCWPlatform::Trying to set the existing hwdb with name design_1_wrapper_0
TRACE::2025-03-24.09:13:23::SCWPlatform::Opened existing hwdb design_1_wrapper_0
TRACE::2025-03-24.09:13:23::SCWPlatform::Found the Hw Db part of the input DSA
TRACE::2025-03-24.09:13:23::SCWMssOS::Checking the sw design at  C:/PXL/devWorks/devWorks2/AXI_IP_SOC/Vitis/AXI_IP/ps7_cortexa9_0/standalone_ps7_cortexa9_0/bsp/system.mss
TRACE::2025-03-24.09:13:23::SCWMssOS::DEBUG:  swdes dump  C:/PXL/devWorks/devWorks2/AXI_IP_SOC/Vitis/AXI_IP/ps7_cortexa9_0/standalone_ps7_cortexa9_0/bsp/system.mss|system_0||
C:/PXL/devWorks/devWorks2/AXI_IP_SOC/Vitis/AXI_IP/zynq_fsbl/zynq_fsbl_bsp/system.mss|system||

TRACE::2025-03-24.09:13:23::SCWMssOS::Sw design exists and opened at  C:/PXL/devWorks/devWorks2/AXI_IP_SOC/Vitis/AXI_IP/ps7_cortexa9_0/standalone_ps7_cortexa9_0/bsp/system.mss
TRACE::2025-03-24.09:13:23::SCWWriter::formatted JSON is {
	"platformName":	"AXI_IP",
	"sprVersion":	"2.0",
	"mode":	"gui",
	"dsaType":	"Fixed",
	"platformDesc":	"AXI_IP",
	"platHandOff":	"C:/PXL/devWorks/devWorks2/AXI_IP_SOC/AXI_IP.xsa",
	"platIntHandOff":	"<platformDir>/hw/AXI_IP.xsa",
	"deviceType":	"zynq",
	"platIsPrebuiltAutogen":	"false",
	"platIsNoBootBsp":	"false",
	"platFsblTarget":	"ps7_cortexa9_0",
	"hasFsblMakeHasChanges":	"false",
	"hasPmufwMakeHasChanges":	"false",
	"fsblExtraCompilerFlags":	"-MMD -MP       -mcpu=cortex-a9 -mfpu=vfpv3 -mfloat-abi=hard ",
	"platPreBuiltFlag":	false,
	"platformSamplesDir":	"",
	"platActiveSys":	"AXI_IP",
	"systems":	[{
			"systemName":	"AXI_IP",
			"systemDesc":	"AXI_IP",
			"sysIsBootAutoGen":	"true",
			"systemDispName":	"AXI_IP",
			"sysActiveDom":	"standalone_ps7_cortexa9_0",
			"sysDefaultDom":	"standalone_ps7_cortexa9_0",
			"domains":	[{
					"domainName":	"zynq_fsbl",
					"domainDispName":	"zynq_fsbl",
					"domainDesc":	"FSBL Application BSP - Auto Generated.",
					"processors":	"ps7_cortexa9_0",
					"os":	"standalone",
					"sdxOs":	"standalone",
					"debugEnable":	"",
					"domRuntimes":	["cpp"],
					"swRepo":	"",
					"mssOsVer":	"9.1",
					"mssFile":	"",
					"md5Digest":	"01c9595fdf86507722cb120fa9e46f62",
					"compatibleApp":	"zynq_fsbl",
					"domType":	"bootDomain",
					"arch":	"32-bit",
					"appSettings":	{
						"appCompilerFlags":	"",
						"appLinkerFlags":	""
					},
					"addedLibs":	["xilffs:5.2", "xilrsa:1.8"],
					"libOptions":	{
						"libsContainingOptions":	[]
					},
					"prebuiltLibs":	{
						"prebuiltIncPath":	[],
						"prebuiltLibPath":	[]
					},
					"isolation":	{
					}
				}, {
					"domainName":	"standalone_ps7_cortexa9_0",
					"domainDispName":	"standalone_ps7_cortexa9_0",
					"domainDesc":	"standalone_ps7_cortexa9_0",
					"processors":	"ps7_cortexa9_0",
					"os":	"standalone",
					"sdxOs":	"standalone",
					"qemuArgs":	"<platformDir>/resources/AXI_IP/standalone_ps7_cortexa9_0/qemu_args.txt",
					"qemuData":	"<platformDir>/resources/AXI_IP/standalone_ps7_cortexa9_0/qemu",
					"debugEnable":	"False",
					"domRuntimes":	["cpp"],
					"swRepo":	"",
					"mssOsVer":	"9.1",
					"mssFile":	"",
					"md5Digest":	"af5aec5b2d363b8a95dbabe39b9abb7c",
					"compatibleApp":	"hello_world",
					"domType":	"mssDomain",
					"arch":	"32-bit",
					"appSettings":	{
						"appCompilerFlags":	"",
						"appLinkerFlags":	""
					},
					"addedLibs":	[],
					"libOptions":	{
						"libsContainingOptions":	[]
					},
					"prebuiltLibs":	{
						"prebuiltIncPath":	[],
						"prebuiltLibPath":	[]
					},
					"isolation":	{
					}
				}]
		}]
}
KEYINFO::2025-03-24.09:13:23::SCWPlatform::updated the xpfm file.
TRACE::2025-03-24.09:13:23::SCWPlatform::Trying to open the hw design at C:/PXL/devWorks/devWorks2/AXI_IP_SOC/Vitis/AXI_IP/hw/AXI_IP.xsa
TRACE::2025-03-24.09:13:23::SCWPlatform::DSA given C:/PXL/devWorks/devWorks2/AXI_IP_SOC/Vitis/AXI_IP/hw/AXI_IP.xsa
TRACE::2025-03-24.09:13:23::SCWPlatform::DSA absoulate path C:/PXL/devWorks/devWorks2/AXI_IP_SOC/Vitis/AXI_IP/hw/AXI_IP.xsa
TRACE::2025-03-24.09:13:23::SCWPlatform::DSA directory C:/PXL/devWorks/devWorks2/AXI_IP_SOC/Vitis/AXI_IP/hw
TRACE::2025-03-24.09:13:23::SCWPlatform:: Platform Path C:/PXL/devWorks/devWorks2/AXI_IP_SOC/Vitis/AXI_IP/hw/AXI_IP.xsa
TRACE::2025-03-24.09:13:23::SCWPlatform:: Unique name xilinx:pynq-z2::0.0
TRACE::2025-03-24.09:13:23::SCWPlatform::Trying to set the existing hwdb with name design_1_wrapper_0
TRACE::2025-03-24.09:13:23::SCWPlatform::Opened existing hwdb design_1_wrapper_0
TRACE::2025-03-24.09:13:23::SCWPlatform::Found the Hw Db part of the input DSA
TRACE::2025-03-24.09:13:23::SCWMssOS::Checking the sw design at  C:/PXL/devWorks/devWorks2/AXI_IP_SOC/Vitis/AXI_IP/ps7_cortexa9_0/standalone_ps7_cortexa9_0/bsp/system.mss
TRACE::2025-03-24.09:13:23::SCWMssOS::DEBUG:  swdes dump  C:/PXL/devWorks/devWorks2/AXI_IP_SOC/Vitis/AXI_IP/ps7_cortexa9_0/standalone_ps7_cortexa9_0/bsp/system.mss|system_0||
C:/PXL/devWorks/devWorks2/AXI_IP_SOC/Vitis/AXI_IP/zynq_fsbl/zynq_fsbl_bsp/system.mss|system||

TRACE::2025-03-24.09:13:23::SCWMssOS::Sw design exists and opened at  C:/PXL/devWorks/devWorks2/AXI_IP_SOC/Vitis/AXI_IP/ps7_cortexa9_0/standalone_ps7_cortexa9_0/bsp/system.mss
TRACE::2025-03-24.09:13:23::SCWMssOS::Saving the mss changes C:/PXL/devWorks/devWorks2/AXI_IP_SOC/Vitis/AXI_IP/zynq_fsbl/zynq_fsbl_bsp/system.mss
TRACE::2025-03-24.09:13:23::SCWMssOS::Found a swdesign opened with the mssfile.
TRACE::2025-03-24.09:13:23::SCWMssOS::Completed writemss as part of save.
TRACE::2025-03-24.09:13:23::SCWMssOS::Commit changes completed.
TRACE::2025-03-24.09:13:23::SCWMssOS::Saving the mss changes C:/PXL/devWorks/devWorks2/AXI_IP_SOC/Vitis/AXI_IP/ps7_cortexa9_0/standalone_ps7_cortexa9_0/bsp/system.mss
TRACE::2025-03-24.09:13:23::SCWMssOS::Found a swdesign opened with the mssfile.
TRACE::2025-03-24.09:13:23::SCWMssOS::Completed writemss as part of save.
TRACE::2025-03-24.09:13:23::SCWMssOS::Commit changes completed.
TRACE::2025-03-24.09:13:23::SCWPlatform::Trying to open the hw design at C:/PXL/devWorks/devWorks2/AXI_IP_SOC/Vitis/AXI_IP/hw/AXI_IP.xsa
TRACE::2025-03-24.09:13:23::SCWPlatform::DSA given C:/PXL/devWorks/devWorks2/AXI_IP_SOC/Vitis/AXI_IP/hw/AXI_IP.xsa
TRACE::2025-03-24.09:13:23::SCWPlatform::DSA absoulate path C:/PXL/devWorks/devWorks2/AXI_IP_SOC/Vitis/AXI_IP/hw/AXI_IP.xsa
TRACE::2025-03-24.09:13:23::SCWPlatform::DSA directory C:/PXL/devWorks/devWorks2/AXI_IP_SOC/Vitis/AXI_IP/hw
TRACE::2025-03-24.09:13:23::SCWPlatform:: Platform Path C:/PXL/devWorks/devWorks2/AXI_IP_SOC/Vitis/AXI_IP/hw/AXI_IP.xsa
TRACE::2025-03-24.09:13:23::SCWPlatform:: Unique name xilinx:pynq-z2::0.0
TRACE::2025-03-24.09:13:23::SCWPlatform::Trying to set the existing hwdb with name design_1_wrapper_0
TRACE::2025-03-24.09:13:23::SCWPlatform::Opened existing hwdb design_1_wrapper_0
TRACE::2025-03-24.09:13:23::SCWPlatform::Found the Hw Db part of the input DSA
TRACE::2025-03-24.09:13:23::SCWMssOS::Checking the sw design at  C:/PXL/devWorks/devWorks2/AXI_IP_SOC/Vitis/AXI_IP/zynq_fsbl/zynq_fsbl_bsp/system.mss
TRACE::2025-03-24.09:13:23::SCWMssOS::DEBUG:  swdes dump  C:/PXL/devWorks/devWorks2/AXI_IP_SOC/Vitis/AXI_IP/ps7_cortexa9_0/standalone_ps7_cortexa9_0/bsp/system.mss|system_0||
C:/PXL/devWorks/devWorks2/AXI_IP_SOC/Vitis/AXI_IP/zynq_fsbl/zynq_fsbl_bsp/system.mss|system||

TRACE::2025-03-24.09:13:23::SCWMssOS::Sw design exists and opened at  C:/PXL/devWorks/devWorks2/AXI_IP_SOC/Vitis/AXI_IP/zynq_fsbl/zynq_fsbl_bsp/system.mss
TRACE::2025-03-24.09:13:23::SCWPlatform::Trying to open the hw design at C:/PXL/devWorks/devWorks2/AXI_IP_SOC/Vitis/AXI_IP/hw/AXI_IP.xsa
TRACE::2025-03-24.09:13:23::SCWPlatform::DSA given C:/PXL/devWorks/devWorks2/AXI_IP_SOC/Vitis/AXI_IP/hw/AXI_IP.xsa
TRACE::2025-03-24.09:13:23::SCWPlatform::DSA absoulate path C:/PXL/devWorks/devWorks2/AXI_IP_SOC/Vitis/AXI_IP/hw/AXI_IP.xsa
TRACE::2025-03-24.09:13:23::SCWPlatform::DSA directory C:/PXL/devWorks/devWorks2/AXI_IP_SOC/Vitis/AXI_IP/hw
TRACE::2025-03-24.09:13:23::SCWPlatform:: Platform Path C:/PXL/devWorks/devWorks2/AXI_IP_SOC/Vitis/AXI_IP/hw/AXI_IP.xsa
TRACE::2025-03-24.09:13:23::SCWPlatform:: Unique name xilinx:pynq-z2::0.0
TRACE::2025-03-24.09:13:23::SCWPlatform::Trying to set the existing hwdb with name design_1_wrapper_0
TRACE::2025-03-24.09:13:23::SCWPlatform::Opened existing hwdb design_1_wrapper_0
TRACE::2025-03-24.09:13:23::SCWPlatform::Found the Hw Db part of the input DSA
TRACE::2025-03-24.09:13:23::SCWMssOS::Checking the sw design at  C:/PXL/devWorks/devWorks2/AXI_IP_SOC/Vitis/AXI_IP/zynq_fsbl/zynq_fsbl_bsp/system.mss
TRACE::2025-03-24.09:13:23::SCWMssOS::DEBUG:  swdes dump  C:/PXL/devWorks/devWorks2/AXI_IP_SOC/Vitis/AXI_IP/ps7_cortexa9_0/standalone_ps7_cortexa9_0/bsp/system.mss|system_0||
C:/PXL/devWorks/devWorks2/AXI_IP_SOC/Vitis/AXI_IP/zynq_fsbl/zynq_fsbl_bsp/system.mss|system||

TRACE::2025-03-24.09:13:23::SCWMssOS::Sw design exists and opened at  C:/PXL/devWorks/devWorks2/AXI_IP_SOC/Vitis/AXI_IP/zynq_fsbl/zynq_fsbl_bsp/system.mss
TRACE::2025-03-24.09:13:23::SCWPlatform::Trying to open the hw design at C:/PXL/devWorks/devWorks2/AXI_IP_SOC/Vitis/AXI_IP/hw/AXI_IP.xsa
TRACE::2025-03-24.09:13:23::SCWPlatform::DSA given C:/PXL/devWorks/devWorks2/AXI_IP_SOC/Vitis/AXI_IP/hw/AXI_IP.xsa
TRACE::2025-03-24.09:13:23::SCWPlatform::DSA absoulate path C:/PXL/devWorks/devWorks2/AXI_IP_SOC/Vitis/AXI_IP/hw/AXI_IP.xsa
TRACE::2025-03-24.09:13:23::SCWPlatform::DSA directory C:/PXL/devWorks/devWorks2/AXI_IP_SOC/Vitis/AXI_IP/hw
TRACE::2025-03-24.09:13:23::SCWPlatform:: Platform Path C:/PXL/devWorks/devWorks2/AXI_IP_SOC/Vitis/AXI_IP/hw/AXI_IP.xsa
TRACE::2025-03-24.09:13:23::SCWPlatform:: Unique name xilinx:pynq-z2::0.0
TRACE::2025-03-24.09:13:23::SCWPlatform::Trying to set the existing hwdb with name design_1_wrapper_0
TRACE::2025-03-24.09:13:23::SCWPlatform::Opened existing hwdb design_1_wrapper_0
TRACE::2025-03-24.09:13:23::SCWPlatform::Found the Hw Db part of the input DSA
TRACE::2025-03-24.09:13:23::SCWMssOS::Checking the sw design at  C:/PXL/devWorks/devWorks2/AXI_IP_SOC/Vitis/AXI_IP/zynq_fsbl/zynq_fsbl_bsp/system.mss
TRACE::2025-03-24.09:13:23::SCWMssOS::DEBUG:  swdes dump  C:/PXL/devWorks/devWorks2/AXI_IP_SOC/Vitis/AXI_IP/ps7_cortexa9_0/standalone_ps7_cortexa9_0/bsp/system.mss|system_0||
C:/PXL/devWorks/devWorks2/AXI_IP_SOC/Vitis/AXI_IP/zynq_fsbl/zynq_fsbl_bsp/system.mss|system||

TRACE::2025-03-24.09:13:23::SCWMssOS::Sw design exists and opened at  C:/PXL/devWorks/devWorks2/AXI_IP_SOC/Vitis/AXI_IP/zynq_fsbl/zynq_fsbl_bsp/system.mss
TRACE::2025-03-24.09:13:23::SCWPlatform::Trying to open the hw design at C:/PXL/devWorks/devWorks2/AXI_IP_SOC/Vitis/AXI_IP/hw/AXI_IP.xsa
TRACE::2025-03-24.09:13:23::SCWPlatform::DSA given C:/PXL/devWorks/devWorks2/AXI_IP_SOC/Vitis/AXI_IP/hw/AXI_IP.xsa
TRACE::2025-03-24.09:13:23::SCWPlatform::DSA absoulate path C:/PXL/devWorks/devWorks2/AXI_IP_SOC/Vitis/AXI_IP/hw/AXI_IP.xsa
TRACE::2025-03-24.09:13:23::SCWPlatform::DSA directory C:/PXL/devWorks/devWorks2/AXI_IP_SOC/Vitis/AXI_IP/hw
TRACE::2025-03-24.09:13:23::SCWPlatform:: Platform Path C:/PXL/devWorks/devWorks2/AXI_IP_SOC/Vitis/AXI_IP/hw/AXI_IP.xsa
TRACE::2025-03-24.09:13:23::SCWPlatform:: Unique name xilinx:pynq-z2::0.0
TRACE::2025-03-24.09:13:23::SCWPlatform::Trying to set the existing hwdb with name design_1_wrapper_0
TRACE::2025-03-24.09:13:23::SCWPlatform::Opened existing hwdb design_1_wrapper_0
TRACE::2025-03-24.09:13:23::SCWPlatform::Found the Hw Db part of the input DSA
TRACE::2025-03-24.09:13:23::SCWMssOS::Checking the sw design at  C:/PXL/devWorks/devWorks2/AXI_IP_SOC/Vitis/AXI_IP/ps7_cortexa9_0/standalone_ps7_cortexa9_0/bsp/system.mss
TRACE::2025-03-24.09:13:23::SCWMssOS::DEBUG:  swdes dump  C:/PXL/devWorks/devWorks2/AXI_IP_SOC/Vitis/AXI_IP/ps7_cortexa9_0/standalone_ps7_cortexa9_0/bsp/system.mss|system_0||
C:/PXL/devWorks/devWorks2/AXI_IP_SOC/Vitis/AXI_IP/zynq_fsbl/zynq_fsbl_bsp/system.mss|system||

TRACE::2025-03-24.09:13:23::SCWMssOS::Sw design exists and opened at  C:/PXL/devWorks/devWorks2/AXI_IP_SOC/Vitis/AXI_IP/ps7_cortexa9_0/standalone_ps7_cortexa9_0/bsp/system.mss
TRACE::2025-03-24.09:13:23::SCWPlatform::Trying to open the hw design at C:/PXL/devWorks/devWorks2/AXI_IP_SOC/Vitis/AXI_IP/hw/AXI_IP.xsa
TRACE::2025-03-24.09:13:23::SCWPlatform::DSA given C:/PXL/devWorks/devWorks2/AXI_IP_SOC/Vitis/AXI_IP/hw/AXI_IP.xsa
TRACE::2025-03-24.09:13:23::SCWPlatform::DSA absoulate path C:/PXL/devWorks/devWorks2/AXI_IP_SOC/Vitis/AXI_IP/hw/AXI_IP.xsa
TRACE::2025-03-24.09:13:23::SCWPlatform::DSA directory C:/PXL/devWorks/devWorks2/AXI_IP_SOC/Vitis/AXI_IP/hw
TRACE::2025-03-24.09:13:23::SCWPlatform:: Platform Path C:/PXL/devWorks/devWorks2/AXI_IP_SOC/Vitis/AXI_IP/hw/AXI_IP.xsa
TRACE::2025-03-24.09:13:23::SCWPlatform:: Unique name xilinx:pynq-z2::0.0
TRACE::2025-03-24.09:13:23::SCWPlatform::Trying to set the existing hwdb with name design_1_wrapper_0
TRACE::2025-03-24.09:13:23::SCWPlatform::Opened existing hwdb design_1_wrapper_0
TRACE::2025-03-24.09:13:23::SCWPlatform::Found the Hw Db part of the input DSA
TRACE::2025-03-24.09:13:23::SCWMssOS::Checking the sw design at  C:/PXL/devWorks/devWorks2/AXI_IP_SOC/Vitis/AXI_IP/ps7_cortexa9_0/standalone_ps7_cortexa9_0/bsp/system.mss
TRACE::2025-03-24.09:13:23::SCWMssOS::DEBUG:  swdes dump  C:/PXL/devWorks/devWorks2/AXI_IP_SOC/Vitis/AXI_IP/ps7_cortexa9_0/standalone_ps7_cortexa9_0/bsp/system.mss|system_0||
C:/PXL/devWorks/devWorks2/AXI_IP_SOC/Vitis/AXI_IP/zynq_fsbl/zynq_fsbl_bsp/system.mss|system||

TRACE::2025-03-24.09:13:23::SCWMssOS::Sw design exists and opened at  C:/PXL/devWorks/devWorks2/AXI_IP_SOC/Vitis/AXI_IP/ps7_cortexa9_0/standalone_ps7_cortexa9_0/bsp/system.mss
TRACE::2025-03-24.09:13:23::SCWPlatform::Trying to open the hw design at C:/PXL/devWorks/devWorks2/AXI_IP_SOC/Vitis/AXI_IP/hw/AXI_IP.xsa
TRACE::2025-03-24.09:13:23::SCWPlatform::DSA given C:/PXL/devWorks/devWorks2/AXI_IP_SOC/Vitis/AXI_IP/hw/AXI_IP.xsa
TRACE::2025-03-24.09:13:23::SCWPlatform::DSA absoulate path C:/PXL/devWorks/devWorks2/AXI_IP_SOC/Vitis/AXI_IP/hw/AXI_IP.xsa
TRACE::2025-03-24.09:13:23::SCWPlatform::DSA directory C:/PXL/devWorks/devWorks2/AXI_IP_SOC/Vitis/AXI_IP/hw
TRACE::2025-03-24.09:13:23::SCWPlatform:: Platform Path C:/PXL/devWorks/devWorks2/AXI_IP_SOC/Vitis/AXI_IP/hw/AXI_IP.xsa
TRACE::2025-03-24.09:13:23::SCWPlatform:: Unique name xilinx:pynq-z2::0.0
TRACE::2025-03-24.09:13:23::SCWPlatform::Trying to set the existing hwdb with name design_1_wrapper_0
TRACE::2025-03-24.09:13:23::SCWPlatform::Opened existing hwdb design_1_wrapper_0
TRACE::2025-03-24.09:13:23::SCWPlatform::Found the Hw Db part of the input DSA
TRACE::2025-03-24.09:13:23::SCWMssOS::Checking the sw design at  C:/PXL/devWorks/devWorks2/AXI_IP_SOC/Vitis/AXI_IP/ps7_cortexa9_0/standalone_ps7_cortexa9_0/bsp/system.mss
TRACE::2025-03-24.09:13:23::SCWMssOS::DEBUG:  swdes dump  C:/PXL/devWorks/devWorks2/AXI_IP_SOC/Vitis/AXI_IP/ps7_cortexa9_0/standalone_ps7_cortexa9_0/bsp/system.mss|system_0||
C:/PXL/devWorks/devWorks2/AXI_IP_SOC/Vitis/AXI_IP/zynq_fsbl/zynq_fsbl_bsp/system.mss|system||

TRACE::2025-03-24.09:13:23::SCWMssOS::Sw design exists and opened at  C:/PXL/devWorks/devWorks2/AXI_IP_SOC/Vitis/AXI_IP/ps7_cortexa9_0/standalone_ps7_cortexa9_0/bsp/system.mss
TRACE::2025-03-24.09:13:23::SCWWriter::formatted JSON is {
	"platformName":	"AXI_IP",
	"sprVersion":	"2.0",
	"mode":	"gui",
	"dsaType":	"Fixed",
	"platformDesc":	"AXI_IP",
	"platHandOff":	"C:/PXL/devWorks/devWorks2/AXI_IP_SOC/AXI_IP.xsa",
	"platIntHandOff":	"<platformDir>/hw/AXI_IP.xsa",
	"deviceType":	"zynq",
	"platIsPrebuiltAutogen":	"false",
	"platIsNoBootBsp":	"false",
	"platFsblTarget":	"ps7_cortexa9_0",
	"hasFsblMakeHasChanges":	"false",
	"hasPmufwMakeHasChanges":	"false",
	"fsblExtraCompilerFlags":	"-MMD -MP       -mcpu=cortex-a9 -mfpu=vfpv3 -mfloat-abi=hard ",
	"platPreBuiltFlag":	false,
	"platformSamplesDir":	"",
	"platActiveSys":	"AXI_IP",
	"systems":	[{
			"systemName":	"AXI_IP",
			"systemDesc":	"AXI_IP",
			"sysIsBootAutoGen":	"true",
			"systemDispName":	"AXI_IP",
			"sysActiveDom":	"standalone_ps7_cortexa9_0",
			"sysDefaultDom":	"standalone_ps7_cortexa9_0",
			"domains":	[{
					"domainName":	"zynq_fsbl",
					"domainDispName":	"zynq_fsbl",
					"domainDesc":	"FSBL Application BSP - Auto Generated.",
					"processors":	"ps7_cortexa9_0",
					"os":	"standalone",
					"sdxOs":	"standalone",
					"debugEnable":	"",
					"domRuntimes":	["cpp"],
					"swRepo":	"",
					"mssOsVer":	"9.1",
					"mssFile":	"",
					"md5Digest":	"01c9595fdf86507722cb120fa9e46f62",
					"compatibleApp":	"zynq_fsbl",
					"domType":	"bootDomain",
					"arch":	"32-bit",
					"appSettings":	{
						"appCompilerFlags":	"",
						"appLinkerFlags":	""
					},
					"addedLibs":	["xilffs:5.2", "xilrsa:1.8"],
					"libOptions":	{
						"libsContainingOptions":	[]
					},
					"prebuiltLibs":	{
						"prebuiltIncPath":	[],
						"prebuiltLibPath":	[]
					},
					"isolation":	{
					}
				}, {
					"domainName":	"standalone_ps7_cortexa9_0",
					"domainDispName":	"standalone_ps7_cortexa9_0",
					"domainDesc":	"standalone_ps7_cortexa9_0",
					"processors":	"ps7_cortexa9_0",
					"os":	"standalone",
					"sdxOs":	"standalone",
					"qemuArgs":	"<platformDir>/resources/AXI_IP/standalone_ps7_cortexa9_0/qemu_args.txt",
					"qemuData":	"<platformDir>/resources/AXI_IP/standalone_ps7_cortexa9_0/qemu",
					"debugEnable":	"False",
					"domRuntimes":	["cpp"],
					"swRepo":	"",
					"mssOsVer":	"9.1",
					"mssFile":	"",
					"md5Digest":	"af5aec5b2d363b8a95dbabe39b9abb7c",
					"compatibleApp":	"hello_world",
					"domType":	"mssDomain",
					"arch":	"32-bit",
					"appSettings":	{
						"appCompilerFlags":	"",
						"appLinkerFlags":	""
					},
					"addedLibs":	[],
					"libOptions":	{
						"libsContainingOptions":	[]
					},
					"prebuiltLibs":	{
						"prebuiltIncPath":	[],
						"prebuiltLibPath":	[]
					},
					"isolation":	{
					}
				}]
		}]
}
TRACE::2025-03-24.09:13:23::SCWPlatform::Trying to open the hw design at C:/PXL/devWorks/devWorks2/AXI_IP_SOC/Vitis/AXI_IP/hw/AXI_IP.xsa
TRACE::2025-03-24.09:13:23::SCWPlatform::DSA given C:/PXL/devWorks/devWorks2/AXI_IP_SOC/Vitis/AXI_IP/hw/AXI_IP.xsa
TRACE::2025-03-24.09:13:23::SCWPlatform::DSA absoulate path C:/PXL/devWorks/devWorks2/AXI_IP_SOC/Vitis/AXI_IP/hw/AXI_IP.xsa
TRACE::2025-03-24.09:13:23::SCWPlatform::DSA directory C:/PXL/devWorks/devWorks2/AXI_IP_SOC/Vitis/AXI_IP/hw
TRACE::2025-03-24.09:13:23::SCWPlatform:: Platform Path C:/PXL/devWorks/devWorks2/AXI_IP_SOC/Vitis/AXI_IP/hw/AXI_IP.xsa
TRACE::2025-03-24.09:13:23::SCWPlatform:: Unique name xilinx:pynq-z2::0.0
TRACE::2025-03-24.09:13:23::SCWPlatform::Trying to set the existing hwdb with name design_1_wrapper_0
TRACE::2025-03-24.09:13:23::SCWPlatform::Opened existing hwdb design_1_wrapper_0
TRACE::2025-03-24.09:13:23::SCWPlatform::Found the Hw Db part of the input DSA
TRACE::2025-03-24.09:13:23::SCWMssOS::Checking the sw design at  C:/PXL/devWorks/devWorks2/AXI_IP_SOC/Vitis/AXI_IP/ps7_cortexa9_0/standalone_ps7_cortexa9_0/bsp/system.mss
TRACE::2025-03-24.09:13:23::SCWMssOS::DEBUG:  swdes dump  C:/PXL/devWorks/devWorks2/AXI_IP_SOC/Vitis/AXI_IP/ps7_cortexa9_0/standalone_ps7_cortexa9_0/bsp/system.mss|system_0||
C:/PXL/devWorks/devWorks2/AXI_IP_SOC/Vitis/AXI_IP/zynq_fsbl/zynq_fsbl_bsp/system.mss|system||

TRACE::2025-03-24.09:13:23::SCWMssOS::Sw design exists and opened at  C:/PXL/devWorks/devWorks2/AXI_IP_SOC/Vitis/AXI_IP/ps7_cortexa9_0/standalone_ps7_cortexa9_0/bsp/system.mss
TRACE::2025-03-24.09:13:23::SCWPlatform::Trying to open the hw design at C:/PXL/devWorks/devWorks2/AXI_IP_SOC/Vitis/AXI_IP/hw/AXI_IP.xsa
TRACE::2025-03-24.09:13:23::SCWPlatform::DSA given C:/PXL/devWorks/devWorks2/AXI_IP_SOC/Vitis/AXI_IP/hw/AXI_IP.xsa
TRACE::2025-03-24.09:13:23::SCWPlatform::DSA absoulate path C:/PXL/devWorks/devWorks2/AXI_IP_SOC/Vitis/AXI_IP/hw/AXI_IP.xsa
TRACE::2025-03-24.09:13:23::SCWPlatform::DSA directory C:/PXL/devWorks/devWorks2/AXI_IP_SOC/Vitis/AXI_IP/hw
TRACE::2025-03-24.09:13:23::SCWPlatform:: Platform Path C:/PXL/devWorks/devWorks2/AXI_IP_SOC/Vitis/AXI_IP/hw/AXI_IP.xsa
TRACE::2025-03-24.09:13:23::SCWPlatform:: Unique name xilinx:pynq-z2::0.0
TRACE::2025-03-24.09:13:23::SCWPlatform::Trying to set the existing hwdb with name design_1_wrapper_0
TRACE::2025-03-24.09:13:23::SCWPlatform::Opened existing hwdb design_1_wrapper_0
TRACE::2025-03-24.09:13:23::SCWPlatform::Found the Hw Db part of the input DSA
TRACE::2025-03-24.09:13:23::SCWMssOS::Checking the sw design at  C:/PXL/devWorks/devWorks2/AXI_IP_SOC/Vitis/AXI_IP/ps7_cortexa9_0/standalone_ps7_cortexa9_0/bsp/system.mss
TRACE::2025-03-24.09:13:23::SCWMssOS::DEBUG:  swdes dump  C:/PXL/devWorks/devWorks2/AXI_IP_SOC/Vitis/AXI_IP/ps7_cortexa9_0/standalone_ps7_cortexa9_0/bsp/system.mss|system_0||
C:/PXL/devWorks/devWorks2/AXI_IP_SOC/Vitis/AXI_IP/zynq_fsbl/zynq_fsbl_bsp/system.mss|system||

TRACE::2025-03-24.09:13:23::SCWMssOS::Sw design exists and opened at  C:/PXL/devWorks/devWorks2/AXI_IP_SOC/Vitis/AXI_IP/ps7_cortexa9_0/standalone_ps7_cortexa9_0/bsp/system.mss
TRACE::2025-03-24.09:13:23::SCWMssOS::Saving the mss changes C:/PXL/devWorks/devWorks2/AXI_IP_SOC/Vitis/AXI_IP/zynq_fsbl/zynq_fsbl_bsp/system.mss
TRACE::2025-03-24.09:13:23::SCWMssOS::Found a swdesign opened with the mssfile.
TRACE::2025-03-24.09:13:23::SCWMssOS::Completed writemss as part of save.
TRACE::2025-03-24.09:13:23::SCWMssOS::Commit changes completed.
TRACE::2025-03-24.09:13:23::SCWMssOS::Saving the mss changes C:/PXL/devWorks/devWorks2/AXI_IP_SOC/Vitis/AXI_IP/ps7_cortexa9_0/standalone_ps7_cortexa9_0/bsp/system.mss
TRACE::2025-03-24.09:13:23::SCWMssOS::Found a swdesign opened with the mssfile.
TRACE::2025-03-24.09:13:23::SCWMssOS::Completed writemss as part of save.
TRACE::2025-03-24.09:13:23::SCWMssOS::Commit changes completed.
TRACE::2025-03-24.09:13:23::SCWPlatform::Trying to open the hw design at C:/PXL/devWorks/devWorks2/AXI_IP_SOC/Vitis/AXI_IP/hw/AXI_IP.xsa
TRACE::2025-03-24.09:13:23::SCWPlatform::DSA given C:/PXL/devWorks/devWorks2/AXI_IP_SOC/Vitis/AXI_IP/hw/AXI_IP.xsa
TRACE::2025-03-24.09:13:23::SCWPlatform::DSA absoulate path C:/PXL/devWorks/devWorks2/AXI_IP_SOC/Vitis/AXI_IP/hw/AXI_IP.xsa
TRACE::2025-03-24.09:13:23::SCWPlatform::DSA directory C:/PXL/devWorks/devWorks2/AXI_IP_SOC/Vitis/AXI_IP/hw
TRACE::2025-03-24.09:13:23::SCWPlatform:: Platform Path C:/PXL/devWorks/devWorks2/AXI_IP_SOC/Vitis/AXI_IP/hw/AXI_IP.xsa
TRACE::2025-03-24.09:13:23::SCWPlatform:: Unique name xilinx:pynq-z2::0.0
TRACE::2025-03-24.09:13:23::SCWPlatform::Trying to set the existing hwdb with name design_1_wrapper_0
TRACE::2025-03-24.09:13:23::SCWPlatform::Opened existing hwdb design_1_wrapper_0
TRACE::2025-03-24.09:13:23::SCWPlatform::Found the Hw Db part of the input DSA
TRACE::2025-03-24.09:13:23::SCWMssOS::Checking the sw design at  C:/PXL/devWorks/devWorks2/AXI_IP_SOC/Vitis/AXI_IP/zynq_fsbl/zynq_fsbl_bsp/system.mss
TRACE::2025-03-24.09:13:23::SCWMssOS::DEBUG:  swdes dump  C:/PXL/devWorks/devWorks2/AXI_IP_SOC/Vitis/AXI_IP/ps7_cortexa9_0/standalone_ps7_cortexa9_0/bsp/system.mss|system_0||
C:/PXL/devWorks/devWorks2/AXI_IP_SOC/Vitis/AXI_IP/zynq_fsbl/zynq_fsbl_bsp/system.mss|system||

TRACE::2025-03-24.09:13:23::SCWMssOS::Sw design exists and opened at  C:/PXL/devWorks/devWorks2/AXI_IP_SOC/Vitis/AXI_IP/zynq_fsbl/zynq_fsbl_bsp/system.mss
TRACE::2025-03-24.09:13:23::SCWPlatform::Trying to open the hw design at C:/PXL/devWorks/devWorks2/AXI_IP_SOC/Vitis/AXI_IP/hw/AXI_IP.xsa
TRACE::2025-03-24.09:13:23::SCWPlatform::DSA given C:/PXL/devWorks/devWorks2/AXI_IP_SOC/Vitis/AXI_IP/hw/AXI_IP.xsa
TRACE::2025-03-24.09:13:23::SCWPlatform::DSA absoulate path C:/PXL/devWorks/devWorks2/AXI_IP_SOC/Vitis/AXI_IP/hw/AXI_IP.xsa
TRACE::2025-03-24.09:13:23::SCWPlatform::DSA directory C:/PXL/devWorks/devWorks2/AXI_IP_SOC/Vitis/AXI_IP/hw
TRACE::2025-03-24.09:13:23::SCWPlatform:: Platform Path C:/PXL/devWorks/devWorks2/AXI_IP_SOC/Vitis/AXI_IP/hw/AXI_IP.xsa
TRACE::2025-03-24.09:13:23::SCWPlatform:: Unique name xilinx:pynq-z2::0.0
TRACE::2025-03-24.09:13:23::SCWPlatform::Trying to set the existing hwdb with name design_1_wrapper_0
TRACE::2025-03-24.09:13:23::SCWPlatform::Opened existing hwdb design_1_wrapper_0
TRACE::2025-03-24.09:13:23::SCWPlatform::Found the Hw Db part of the input DSA
TRACE::2025-03-24.09:13:23::SCWMssOS::Checking the sw design at  C:/PXL/devWorks/devWorks2/AXI_IP_SOC/Vitis/AXI_IP/zynq_fsbl/zynq_fsbl_bsp/system.mss
TRACE::2025-03-24.09:13:23::SCWMssOS::DEBUG:  swdes dump  C:/PXL/devWorks/devWorks2/AXI_IP_SOC/Vitis/AXI_IP/ps7_cortexa9_0/standalone_ps7_cortexa9_0/bsp/system.mss|system_0||
C:/PXL/devWorks/devWorks2/AXI_IP_SOC/Vitis/AXI_IP/zynq_fsbl/zynq_fsbl_bsp/system.mss|system||

TRACE::2025-03-24.09:13:23::SCWMssOS::Sw design exists and opened at  C:/PXL/devWorks/devWorks2/AXI_IP_SOC/Vitis/AXI_IP/zynq_fsbl/zynq_fsbl_bsp/system.mss
TRACE::2025-03-24.09:13:23::SCWPlatform::Trying to open the hw design at C:/PXL/devWorks/devWorks2/AXI_IP_SOC/Vitis/AXI_IP/hw/AXI_IP.xsa
TRACE::2025-03-24.09:13:23::SCWPlatform::DSA given C:/PXL/devWorks/devWorks2/AXI_IP_SOC/Vitis/AXI_IP/hw/AXI_IP.xsa
TRACE::2025-03-24.09:13:23::SCWPlatform::DSA absoulate path C:/PXL/devWorks/devWorks2/AXI_IP_SOC/Vitis/AXI_IP/hw/AXI_IP.xsa
TRACE::2025-03-24.09:13:23::SCWPlatform::DSA directory C:/PXL/devWorks/devWorks2/AXI_IP_SOC/Vitis/AXI_IP/hw
TRACE::2025-03-24.09:13:23::SCWPlatform:: Platform Path C:/PXL/devWorks/devWorks2/AXI_IP_SOC/Vitis/AXI_IP/hw/AXI_IP.xsa
TRACE::2025-03-24.09:13:23::SCWPlatform:: Unique name xilinx:pynq-z2::0.0
TRACE::2025-03-24.09:13:23::SCWPlatform::Trying to set the existing hwdb with name design_1_wrapper_0
TRACE::2025-03-24.09:13:23::SCWPlatform::Opened existing hwdb design_1_wrapper_0
TRACE::2025-03-24.09:13:23::SCWPlatform::Found the Hw Db part of the input DSA
TRACE::2025-03-24.09:13:23::SCWMssOS::Checking the sw design at  C:/PXL/devWorks/devWorks2/AXI_IP_SOC/Vitis/AXI_IP/zynq_fsbl/zynq_fsbl_bsp/system.mss
TRACE::2025-03-24.09:13:23::SCWMssOS::DEBUG:  swdes dump  C:/PXL/devWorks/devWorks2/AXI_IP_SOC/Vitis/AXI_IP/ps7_cortexa9_0/standalone_ps7_cortexa9_0/bsp/system.mss|system_0||
C:/PXL/devWorks/devWorks2/AXI_IP_SOC/Vitis/AXI_IP/zynq_fsbl/zynq_fsbl_bsp/system.mss|system||

TRACE::2025-03-24.09:13:23::SCWMssOS::Sw design exists and opened at  C:/PXL/devWorks/devWorks2/AXI_IP_SOC/Vitis/AXI_IP/zynq_fsbl/zynq_fsbl_bsp/system.mss
TRACE::2025-03-24.09:13:23::SCWPlatform::Trying to open the hw design at C:/PXL/devWorks/devWorks2/AXI_IP_SOC/Vitis/AXI_IP/hw/AXI_IP.xsa
TRACE::2025-03-24.09:13:23::SCWPlatform::DSA given C:/PXL/devWorks/devWorks2/AXI_IP_SOC/Vitis/AXI_IP/hw/AXI_IP.xsa
TRACE::2025-03-24.09:13:23::SCWPlatform::DSA absoulate path C:/PXL/devWorks/devWorks2/AXI_IP_SOC/Vitis/AXI_IP/hw/AXI_IP.xsa
TRACE::2025-03-24.09:13:23::SCWPlatform::DSA directory C:/PXL/devWorks/devWorks2/AXI_IP_SOC/Vitis/AXI_IP/hw
TRACE::2025-03-24.09:13:23::SCWPlatform:: Platform Path C:/PXL/devWorks/devWorks2/AXI_IP_SOC/Vitis/AXI_IP/hw/AXI_IP.xsa
TRACE::2025-03-24.09:13:23::SCWPlatform:: Unique name xilinx:pynq-z2::0.0
TRACE::2025-03-24.09:13:23::SCWPlatform::Trying to set the existing hwdb with name design_1_wrapper_0
TRACE::2025-03-24.09:13:23::SCWPlatform::Opened existing hwdb design_1_wrapper_0
TRACE::2025-03-24.09:13:23::SCWPlatform::Found the Hw Db part of the input DSA
TRACE::2025-03-24.09:13:23::SCWMssOS::Checking the sw design at  C:/PXL/devWorks/devWorks2/AXI_IP_SOC/Vitis/AXI_IP/ps7_cortexa9_0/standalone_ps7_cortexa9_0/bsp/system.mss
TRACE::2025-03-24.09:13:23::SCWMssOS::DEBUG:  swdes dump  C:/PXL/devWorks/devWorks2/AXI_IP_SOC/Vitis/AXI_IP/ps7_cortexa9_0/standalone_ps7_cortexa9_0/bsp/system.mss|system_0||
C:/PXL/devWorks/devWorks2/AXI_IP_SOC/Vitis/AXI_IP/zynq_fsbl/zynq_fsbl_bsp/system.mss|system||

TRACE::2025-03-24.09:13:23::SCWMssOS::Sw design exists and opened at  C:/PXL/devWorks/devWorks2/AXI_IP_SOC/Vitis/AXI_IP/ps7_cortexa9_0/standalone_ps7_cortexa9_0/bsp/system.mss
TRACE::2025-03-24.09:13:23::SCWPlatform::Trying to open the hw design at C:/PXL/devWorks/devWorks2/AXI_IP_SOC/Vitis/AXI_IP/hw/AXI_IP.xsa
TRACE::2025-03-24.09:13:23::SCWPlatform::DSA given C:/PXL/devWorks/devWorks2/AXI_IP_SOC/Vitis/AXI_IP/hw/AXI_IP.xsa
TRACE::2025-03-24.09:13:23::SCWPlatform::DSA absoulate path C:/PXL/devWorks/devWorks2/AXI_IP_SOC/Vitis/AXI_IP/hw/AXI_IP.xsa
TRACE::2025-03-24.09:13:23::SCWPlatform::DSA directory C:/PXL/devWorks/devWorks2/AXI_IP_SOC/Vitis/AXI_IP/hw
TRACE::2025-03-24.09:13:23::SCWPlatform:: Platform Path C:/PXL/devWorks/devWorks2/AXI_IP_SOC/Vitis/AXI_IP/hw/AXI_IP.xsa
TRACE::2025-03-24.09:13:23::SCWPlatform:: Unique name xilinx:pynq-z2::0.0
TRACE::2025-03-24.09:13:23::SCWPlatform::Trying to set the existing hwdb with name design_1_wrapper_0
TRACE::2025-03-24.09:13:23::SCWPlatform::Opened existing hwdb design_1_wrapper_0
TRACE::2025-03-24.09:13:23::SCWPlatform::Found the Hw Db part of the input DSA
TRACE::2025-03-24.09:13:23::SCWMssOS::Checking the sw design at  C:/PXL/devWorks/devWorks2/AXI_IP_SOC/Vitis/AXI_IP/ps7_cortexa9_0/standalone_ps7_cortexa9_0/bsp/system.mss
TRACE::2025-03-24.09:13:23::SCWMssOS::DEBUG:  swdes dump  C:/PXL/devWorks/devWorks2/AXI_IP_SOC/Vitis/AXI_IP/ps7_cortexa9_0/standalone_ps7_cortexa9_0/bsp/system.mss|system_0||
C:/PXL/devWorks/devWorks2/AXI_IP_SOC/Vitis/AXI_IP/zynq_fsbl/zynq_fsbl_bsp/system.mss|system||

TRACE::2025-03-24.09:13:23::SCWMssOS::Sw design exists and opened at  C:/PXL/devWorks/devWorks2/AXI_IP_SOC/Vitis/AXI_IP/ps7_cortexa9_0/standalone_ps7_cortexa9_0/bsp/system.mss
TRACE::2025-03-24.09:13:23::SCWPlatform::Trying to open the hw design at C:/PXL/devWorks/devWorks2/AXI_IP_SOC/Vitis/AXI_IP/hw/AXI_IP.xsa
TRACE::2025-03-24.09:13:23::SCWPlatform::DSA given C:/PXL/devWorks/devWorks2/AXI_IP_SOC/Vitis/AXI_IP/hw/AXI_IP.xsa
TRACE::2025-03-24.09:13:23::SCWPlatform::DSA absoulate path C:/PXL/devWorks/devWorks2/AXI_IP_SOC/Vitis/AXI_IP/hw/AXI_IP.xsa
TRACE::2025-03-24.09:13:23::SCWPlatform::DSA directory C:/PXL/devWorks/devWorks2/AXI_IP_SOC/Vitis/AXI_IP/hw
TRACE::2025-03-24.09:13:23::SCWPlatform:: Platform Path C:/PXL/devWorks/devWorks2/AXI_IP_SOC/Vitis/AXI_IP/hw/AXI_IP.xsa
TRACE::2025-03-24.09:13:23::SCWPlatform:: Unique name xilinx:pynq-z2::0.0
TRACE::2025-03-24.09:13:23::SCWPlatform::Trying to set the existing hwdb with name design_1_wrapper_0
TRACE::2025-03-24.09:13:23::SCWPlatform::Opened existing hwdb design_1_wrapper_0
TRACE::2025-03-24.09:13:23::SCWPlatform::Found the Hw Db part of the input DSA
TRACE::2025-03-24.09:13:23::SCWMssOS::Checking the sw design at  C:/PXL/devWorks/devWorks2/AXI_IP_SOC/Vitis/AXI_IP/ps7_cortexa9_0/standalone_ps7_cortexa9_0/bsp/system.mss
TRACE::2025-03-24.09:13:23::SCWMssOS::DEBUG:  swdes dump  C:/PXL/devWorks/devWorks2/AXI_IP_SOC/Vitis/AXI_IP/ps7_cortexa9_0/standalone_ps7_cortexa9_0/bsp/system.mss|system_0||
C:/PXL/devWorks/devWorks2/AXI_IP_SOC/Vitis/AXI_IP/zynq_fsbl/zynq_fsbl_bsp/system.mss|system||

TRACE::2025-03-24.09:13:23::SCWMssOS::Sw design exists and opened at  C:/PXL/devWorks/devWorks2/AXI_IP_SOC/Vitis/AXI_IP/ps7_cortexa9_0/standalone_ps7_cortexa9_0/bsp/system.mss
TRACE::2025-03-24.09:13:23::SCWWriter::formatted JSON is {
	"platformName":	"AXI_IP",
	"sprVersion":	"2.0",
	"mode":	"gui",
	"dsaType":	"Fixed",
	"platformDesc":	"AXI_IP",
	"platHandOff":	"C:/PXL/devWorks/devWorks2/AXI_IP_SOC/AXI_IP.xsa",
	"platIntHandOff":	"<platformDir>/hw/AXI_IP.xsa",
	"deviceType":	"zynq",
	"platIsPrebuiltAutogen":	"false",
	"platIsNoBootBsp":	"false",
	"platFsblTarget":	"ps7_cortexa9_0",
	"hasFsblMakeHasChanges":	"false",
	"hasPmufwMakeHasChanges":	"false",
	"fsblExtraCompilerFlags":	"-MMD -MP       -mcpu=cortex-a9 -mfpu=vfpv3 -mfloat-abi=hard ",
	"platPreBuiltFlag":	false,
	"platformSamplesDir":	"",
	"platActiveSys":	"AXI_IP",
	"systems":	[{
			"systemName":	"AXI_IP",
			"systemDesc":	"AXI_IP",
			"sysIsBootAutoGen":	"true",
			"systemDispName":	"AXI_IP",
			"sysActiveDom":	"standalone_ps7_cortexa9_0",
			"sysDefaultDom":	"standalone_ps7_cortexa9_0",
			"domains":	[{
					"domainName":	"zynq_fsbl",
					"domainDispName":	"zynq_fsbl",
					"domainDesc":	"FSBL Application BSP - Auto Generated.",
					"processors":	"ps7_cortexa9_0",
					"os":	"standalone",
					"sdxOs":	"standalone",
					"debugEnable":	"",
					"domRuntimes":	["cpp"],
					"swRepo":	"",
					"mssOsVer":	"9.1",
					"mssFile":	"",
					"md5Digest":	"01c9595fdf86507722cb120fa9e46f62",
					"compatibleApp":	"zynq_fsbl",
					"domType":	"bootDomain",
					"arch":	"32-bit",
					"appSettings":	{
						"appCompilerFlags":	"",
						"appLinkerFlags":	""
					},
					"addedLibs":	["xilffs:5.2", "xilrsa:1.8"],
					"libOptions":	{
						"libsContainingOptions":	[]
					},
					"prebuiltLibs":	{
						"prebuiltIncPath":	[],
						"prebuiltLibPath":	[]
					},
					"isolation":	{
					}
				}, {
					"domainName":	"standalone_ps7_cortexa9_0",
					"domainDispName":	"standalone_ps7_cortexa9_0",
					"domainDesc":	"standalone_ps7_cortexa9_0",
					"processors":	"ps7_cortexa9_0",
					"os":	"standalone",
					"sdxOs":	"standalone",
					"qemuArgs":	"<platformDir>/resources/AXI_IP/standalone_ps7_cortexa9_0/qemu_args.txt",
					"qemuData":	"<platformDir>/resources/AXI_IP/standalone_ps7_cortexa9_0/qemu",
					"debugEnable":	"False",
					"domRuntimes":	["cpp"],
					"swRepo":	"",
					"mssOsVer":	"9.1",
					"mssFile":	"",
					"md5Digest":	"af5aec5b2d363b8a95dbabe39b9abb7c",
					"compatibleApp":	"hello_world",
					"domType":	"mssDomain",
					"arch":	"32-bit",
					"appSettings":	{
						"appCompilerFlags":	"",
						"appLinkerFlags":	""
					},
					"addedLibs":	[],
					"libOptions":	{
						"libsContainingOptions":	[]
					},
					"prebuiltLibs":	{
						"prebuiltIncPath":	[],
						"prebuiltLibPath":	[]
					},
					"isolation":	{
					}
				}]
		}]
}
LOG::2025-03-24.09:13:23::SCWPlatform::Started generating the artifacts platform AXI_IP
TRACE::2025-03-24.09:13:23::SCWPlatform::Sanity checking of platform is completed
LOG::2025-03-24.09:13:23::SCWPlatform::Started generating the artifacts for system configuration AXI_IP
LOG::2025-03-24.09:13:23::SCWSystem::Started Processing the domain standalone_ps7_cortexa9_0
TRACE::2025-03-24.09:13:23::SCWDomain::Generating domain artifcats
TRACE::2025-03-24.09:13:23::SCWMssOS::Generating standalone artifcats
TRACE::2025-03-24.09:13:23::SCWMssOS::Copying the qemu file from  C:/PXL/devWorks/devWorks2/AXI_IP_SOC/Vitis/AXI_IP/resources/AXI_IP/standalone_ps7_cortexa9_0/qemu_args.txt To C:/PXL/devWorks/devWorks2/AXI_IP_SOC/Vitis/AXI_IP/export/AXI_IP/sw/AXI_IP/qemu/
TRACE::2025-03-24.09:13:23::SCWMssOS::Copying the qemu file from  C:/PXL/devWorks/devWorks2/AXI_IP_SOC/Vitis/AXI_IP/resources/AXI_IP/standalone_ps7_cortexa9_0/qemu_args.txt To C:/PXL/devWorks/devWorks2/AXI_IP_SOC/Vitis/AXI_IP/export/AXI_IP/sw/AXI_IP/standalone_ps7_cortexa9_0/qemu/
TRACE::2025-03-24.09:13:23::SCWMssOS:: Copying the user libraries. 
TRACE::2025-03-24.09:13:23::SCWPlatform::Trying to open the hw design at C:/PXL/devWorks/devWorks2/AXI_IP_SOC/Vitis/AXI_IP/hw/AXI_IP.xsa
TRACE::2025-03-24.09:13:23::SCWPlatform::DSA given C:/PXL/devWorks/devWorks2/AXI_IP_SOC/Vitis/AXI_IP/hw/AXI_IP.xsa
TRACE::2025-03-24.09:13:23::SCWPlatform::DSA absoulate path C:/PXL/devWorks/devWorks2/AXI_IP_SOC/Vitis/AXI_IP/hw/AXI_IP.xsa
TRACE::2025-03-24.09:13:23::SCWPlatform::DSA directory C:/PXL/devWorks/devWorks2/AXI_IP_SOC/Vitis/AXI_IP/hw
TRACE::2025-03-24.09:13:23::SCWPlatform:: Platform Path C:/PXL/devWorks/devWorks2/AXI_IP_SOC/Vitis/AXI_IP/hw/AXI_IP.xsa
TRACE::2025-03-24.09:13:23::SCWPlatform:: Unique name xilinx:pynq-z2::0.0
TRACE::2025-03-24.09:13:23::SCWPlatform::Trying to set the existing hwdb with name design_1_wrapper_0
TRACE::2025-03-24.09:13:23::SCWPlatform::Opened existing hwdb design_1_wrapper_0
TRACE::2025-03-24.09:13:23::SCWPlatform::Found the Hw Db part of the input DSA
TRACE::2025-03-24.09:13:23::SCWMssOS::Checking the sw design at  C:/PXL/devWorks/devWorks2/AXI_IP_SOC/Vitis/AXI_IP/ps7_cortexa9_0/standalone_ps7_cortexa9_0/bsp/system.mss
TRACE::2025-03-24.09:13:23::SCWMssOS::DEBUG:  swdes dump  C:/PXL/devWorks/devWorks2/AXI_IP_SOC/Vitis/AXI_IP/ps7_cortexa9_0/standalone_ps7_cortexa9_0/bsp/system.mss|system_0||
C:/PXL/devWorks/devWorks2/AXI_IP_SOC/Vitis/AXI_IP/zynq_fsbl/zynq_fsbl_bsp/system.mss|system||

TRACE::2025-03-24.09:13:23::SCWMssOS::Sw design exists and opened at  C:/PXL/devWorks/devWorks2/AXI_IP_SOC/Vitis/AXI_IP/ps7_cortexa9_0/standalone_ps7_cortexa9_0/bsp/system.mss
TRACE::2025-03-24.09:13:23::SCWMssOS::Completed writing the mss file at C:/PXL/devWorks/devWorks2/AXI_IP_SOC/Vitis/AXI_IP/ps7_cortexa9_0/standalone_ps7_cortexa9_0/bsp
TRACE::2025-03-24.09:13:23::SCWMssOS::Mss edits present, copying mssfile into export location C:/PXL/devWorks/devWorks2/AXI_IP_SOC/Vitis/AXI_IP/ps7_cortexa9_0/standalone_ps7_cortexa9_0/bsp/system.mss
TRACE::2025-03-24.09:13:23::SCWMssOS::bsp generated is upto date with the mss file. Skipping bsp generation.
TRACE::2025-03-24.09:13:23::SCWMssOS::BSP is already built. skipping the bsp build ... 
TRACE::2025-03-24.09:13:23::SCWDomain::Building the domain as part of full build :  standalone_ps7_cortexa9_0
TRACE::2025-03-24.09:13:23::SCWMssOS::skipping the bsp build ... 
TRACE::2025-03-24.09:13:23::SCWMssOS::Copying to export directory.
TRACE::2025-03-24.09:13:23::SCWMssOS:: Checking if to create the Supporting Applications
TRACE::2025-03-24.09:13:23::SCWMssOS:: No Linux domain exists, trying to generate FSBL 
TRACE::2025-03-24.09:13:23::SCWMssOS:: Completed Standalone Artifacts creation 
LOG::2025-03-24.09:13:23::SCWSystem::Completed Processing the domain standalone_ps7_cortexa9_0
LOG::2025-03-24.09:13:23::SCWSystem::Completed Processing the sysconfig AXI_IP
LOG::2025-03-24.09:13:23::SCWPlatform::Completed generating the artifacts for system configuration AXI_IP
TRACE::2025-03-24.09:13:23::SCWPlatform::Started preparing the platform 
TRACE::2025-03-24.09:13:23::SCWSystem::Writing the bif file for system config AXI_IP
TRACE::2025-03-24.09:13:23::SCWSystem::dir created 
TRACE::2025-03-24.09:13:23::SCWSystem::Writing the bif 
TRACE::2025-03-24.09:13:23::SCWPlatform::Started writing the spfm file 
TRACE::2025-03-24.09:13:23::SCWPlatform::Started writing the xpfm file 
TRACE::2025-03-24.09:13:23::SCWPlatform::Completed generating the platform
TRACE::2025-03-24.09:13:23::SCWMssOS::Saving the mss changes C:/PXL/devWorks/devWorks2/AXI_IP_SOC/Vitis/AXI_IP/zynq_fsbl/zynq_fsbl_bsp/system.mss
TRACE::2025-03-24.09:13:23::SCWMssOS::Found a swdesign opened with the mssfile.
TRACE::2025-03-24.09:13:23::SCWMssOS::Completed writemss as part of save.
TRACE::2025-03-24.09:13:23::SCWMssOS::Commit changes completed.
TRACE::2025-03-24.09:13:23::SCWMssOS::Saving the mss changes C:/PXL/devWorks/devWorks2/AXI_IP_SOC/Vitis/AXI_IP/ps7_cortexa9_0/standalone_ps7_cortexa9_0/bsp/system.mss
TRACE::2025-03-24.09:13:23::SCWMssOS::Found a swdesign opened with the mssfile.
TRACE::2025-03-24.09:13:23::SCWMssOS::Completed writemss as part of save.
TRACE::2025-03-24.09:13:23::SCWMssOS::Commit changes completed.
TRACE::2025-03-24.09:13:23::SCWPlatform::Trying to open the hw design at C:/PXL/devWorks/devWorks2/AXI_IP_SOC/Vitis/AXI_IP/hw/AXI_IP.xsa
TRACE::2025-03-24.09:13:23::SCWPlatform::DSA given C:/PXL/devWorks/devWorks2/AXI_IP_SOC/Vitis/AXI_IP/hw/AXI_IP.xsa
TRACE::2025-03-24.09:13:23::SCWPlatform::DSA absoulate path C:/PXL/devWorks/devWorks2/AXI_IP_SOC/Vitis/AXI_IP/hw/AXI_IP.xsa
TRACE::2025-03-24.09:13:23::SCWPlatform::DSA directory C:/PXL/devWorks/devWorks2/AXI_IP_SOC/Vitis/AXI_IP/hw
TRACE::2025-03-24.09:13:23::SCWPlatform:: Platform Path C:/PXL/devWorks/devWorks2/AXI_IP_SOC/Vitis/AXI_IP/hw/AXI_IP.xsa
TRACE::2025-03-24.09:13:23::SCWPlatform:: Unique name xilinx:pynq-z2::0.0
TRACE::2025-03-24.09:13:23::SCWPlatform::Trying to set the existing hwdb with name design_1_wrapper_0
TRACE::2025-03-24.09:13:23::SCWPlatform::Opened existing hwdb design_1_wrapper_0
TRACE::2025-03-24.09:13:23::SCWPlatform::Found the Hw Db part of the input DSA
TRACE::2025-03-24.09:13:23::SCWMssOS::Checking the sw design at  C:/PXL/devWorks/devWorks2/AXI_IP_SOC/Vitis/AXI_IP/zynq_fsbl/zynq_fsbl_bsp/system.mss
TRACE::2025-03-24.09:13:23::SCWMssOS::DEBUG:  swdes dump  C:/PXL/devWorks/devWorks2/AXI_IP_SOC/Vitis/AXI_IP/ps7_cortexa9_0/standalone_ps7_cortexa9_0/bsp/system.mss|system_0||
C:/PXL/devWorks/devWorks2/AXI_IP_SOC/Vitis/AXI_IP/zynq_fsbl/zynq_fsbl_bsp/system.mss|system||

TRACE::2025-03-24.09:13:23::SCWMssOS::Sw design exists and opened at  C:/PXL/devWorks/devWorks2/AXI_IP_SOC/Vitis/AXI_IP/zynq_fsbl/zynq_fsbl_bsp/system.mss
TRACE::2025-03-24.09:13:23::SCWPlatform::Trying to open the hw design at C:/PXL/devWorks/devWorks2/AXI_IP_SOC/Vitis/AXI_IP/hw/AXI_IP.xsa
TRACE::2025-03-24.09:13:23::SCWPlatform::DSA given C:/PXL/devWorks/devWorks2/AXI_IP_SOC/Vitis/AXI_IP/hw/AXI_IP.xsa
TRACE::2025-03-24.09:13:23::SCWPlatform::DSA absoulate path C:/PXL/devWorks/devWorks2/AXI_IP_SOC/Vitis/AXI_IP/hw/AXI_IP.xsa
TRACE::2025-03-24.09:13:23::SCWPlatform::DSA directory C:/PXL/devWorks/devWorks2/AXI_IP_SOC/Vitis/AXI_IP/hw
TRACE::2025-03-24.09:13:23::SCWPlatform:: Platform Path C:/PXL/devWorks/devWorks2/AXI_IP_SOC/Vitis/AXI_IP/hw/AXI_IP.xsa
TRACE::2025-03-24.09:13:23::SCWPlatform:: Unique name xilinx:pynq-z2::0.0
TRACE::2025-03-24.09:13:23::SCWPlatform::Trying to set the existing hwdb with name design_1_wrapper_0
TRACE::2025-03-24.09:13:23::SCWPlatform::Opened existing hwdb design_1_wrapper_0
TRACE::2025-03-24.09:13:23::SCWPlatform::Found the Hw Db part of the input DSA
TRACE::2025-03-24.09:13:23::SCWMssOS::Checking the sw design at  C:/PXL/devWorks/devWorks2/AXI_IP_SOC/Vitis/AXI_IP/zynq_fsbl/zynq_fsbl_bsp/system.mss
TRACE::2025-03-24.09:13:23::SCWMssOS::DEBUG:  swdes dump  C:/PXL/devWorks/devWorks2/AXI_IP_SOC/Vitis/AXI_IP/ps7_cortexa9_0/standalone_ps7_cortexa9_0/bsp/system.mss|system_0||
C:/PXL/devWorks/devWorks2/AXI_IP_SOC/Vitis/AXI_IP/zynq_fsbl/zynq_fsbl_bsp/system.mss|system||

TRACE::2025-03-24.09:13:23::SCWMssOS::Sw design exists and opened at  C:/PXL/devWorks/devWorks2/AXI_IP_SOC/Vitis/AXI_IP/zynq_fsbl/zynq_fsbl_bsp/system.mss
TRACE::2025-03-24.09:13:23::SCWPlatform::Trying to open the hw design at C:/PXL/devWorks/devWorks2/AXI_IP_SOC/Vitis/AXI_IP/hw/AXI_IP.xsa
TRACE::2025-03-24.09:13:23::SCWPlatform::DSA given C:/PXL/devWorks/devWorks2/AXI_IP_SOC/Vitis/AXI_IP/hw/AXI_IP.xsa
TRACE::2025-03-24.09:13:23::SCWPlatform::DSA absoulate path C:/PXL/devWorks/devWorks2/AXI_IP_SOC/Vitis/AXI_IP/hw/AXI_IP.xsa
TRACE::2025-03-24.09:13:23::SCWPlatform::DSA directory C:/PXL/devWorks/devWorks2/AXI_IP_SOC/Vitis/AXI_IP/hw
TRACE::2025-03-24.09:13:23::SCWPlatform:: Platform Path C:/PXL/devWorks/devWorks2/AXI_IP_SOC/Vitis/AXI_IP/hw/AXI_IP.xsa
TRACE::2025-03-24.09:13:23::SCWPlatform:: Unique name xilinx:pynq-z2::0.0
TRACE::2025-03-24.09:13:23::SCWPlatform::Trying to set the existing hwdb with name design_1_wrapper_0
TRACE::2025-03-24.09:13:23::SCWPlatform::Opened existing hwdb design_1_wrapper_0
TRACE::2025-03-24.09:13:23::SCWPlatform::Found the Hw Db part of the input DSA
TRACE::2025-03-24.09:13:23::SCWMssOS::Checking the sw design at  C:/PXL/devWorks/devWorks2/AXI_IP_SOC/Vitis/AXI_IP/zynq_fsbl/zynq_fsbl_bsp/system.mss
TRACE::2025-03-24.09:13:23::SCWMssOS::DEBUG:  swdes dump  C:/PXL/devWorks/devWorks2/AXI_IP_SOC/Vitis/AXI_IP/ps7_cortexa9_0/standalone_ps7_cortexa9_0/bsp/system.mss|system_0||
C:/PXL/devWorks/devWorks2/AXI_IP_SOC/Vitis/AXI_IP/zynq_fsbl/zynq_fsbl_bsp/system.mss|system||

TRACE::2025-03-24.09:13:23::SCWMssOS::Sw design exists and opened at  C:/PXL/devWorks/devWorks2/AXI_IP_SOC/Vitis/AXI_IP/zynq_fsbl/zynq_fsbl_bsp/system.mss
TRACE::2025-03-24.09:13:23::SCWPlatform::Trying to open the hw design at C:/PXL/devWorks/devWorks2/AXI_IP_SOC/Vitis/AXI_IP/hw/AXI_IP.xsa
TRACE::2025-03-24.09:13:23::SCWPlatform::DSA given C:/PXL/devWorks/devWorks2/AXI_IP_SOC/Vitis/AXI_IP/hw/AXI_IP.xsa
TRACE::2025-03-24.09:13:23::SCWPlatform::DSA absoulate path C:/PXL/devWorks/devWorks2/AXI_IP_SOC/Vitis/AXI_IP/hw/AXI_IP.xsa
TRACE::2025-03-24.09:13:23::SCWPlatform::DSA directory C:/PXL/devWorks/devWorks2/AXI_IP_SOC/Vitis/AXI_IP/hw
TRACE::2025-03-24.09:13:23::SCWPlatform:: Platform Path C:/PXL/devWorks/devWorks2/AXI_IP_SOC/Vitis/AXI_IP/hw/AXI_IP.xsa
TRACE::2025-03-24.09:13:23::SCWPlatform:: Unique name xilinx:pynq-z2::0.0
TRACE::2025-03-24.09:13:23::SCWPlatform::Trying to set the existing hwdb with name design_1_wrapper_0
TRACE::2025-03-24.09:13:23::SCWPlatform::Opened existing hwdb design_1_wrapper_0
TRACE::2025-03-24.09:13:23::SCWPlatform::Found the Hw Db part of the input DSA
TRACE::2025-03-24.09:13:23::SCWMssOS::Checking the sw design at  C:/PXL/devWorks/devWorks2/AXI_IP_SOC/Vitis/AXI_IP/ps7_cortexa9_0/standalone_ps7_cortexa9_0/bsp/system.mss
TRACE::2025-03-24.09:13:23::SCWMssOS::DEBUG:  swdes dump  C:/PXL/devWorks/devWorks2/AXI_IP_SOC/Vitis/AXI_IP/ps7_cortexa9_0/standalone_ps7_cortexa9_0/bsp/system.mss|system_0||
C:/PXL/devWorks/devWorks2/AXI_IP_SOC/Vitis/AXI_IP/zynq_fsbl/zynq_fsbl_bsp/system.mss|system||

TRACE::2025-03-24.09:13:23::SCWMssOS::Sw design exists and opened at  C:/PXL/devWorks/devWorks2/AXI_IP_SOC/Vitis/AXI_IP/ps7_cortexa9_0/standalone_ps7_cortexa9_0/bsp/system.mss
TRACE::2025-03-24.09:13:23::SCWPlatform::Trying to open the hw design at C:/PXL/devWorks/devWorks2/AXI_IP_SOC/Vitis/AXI_IP/hw/AXI_IP.xsa
TRACE::2025-03-24.09:13:23::SCWPlatform::DSA given C:/PXL/devWorks/devWorks2/AXI_IP_SOC/Vitis/AXI_IP/hw/AXI_IP.xsa
TRACE::2025-03-24.09:13:23::SCWPlatform::DSA absoulate path C:/PXL/devWorks/devWorks2/AXI_IP_SOC/Vitis/AXI_IP/hw/AXI_IP.xsa
TRACE::2025-03-24.09:13:23::SCWPlatform::DSA directory C:/PXL/devWorks/devWorks2/AXI_IP_SOC/Vitis/AXI_IP/hw
TRACE::2025-03-24.09:13:23::SCWPlatform:: Platform Path C:/PXL/devWorks/devWorks2/AXI_IP_SOC/Vitis/AXI_IP/hw/AXI_IP.xsa
TRACE::2025-03-24.09:13:23::SCWPlatform:: Unique name xilinx:pynq-z2::0.0
TRACE::2025-03-24.09:13:23::SCWPlatform::Trying to set the existing hwdb with name design_1_wrapper_0
TRACE::2025-03-24.09:13:23::SCWPlatform::Opened existing hwdb design_1_wrapper_0
TRACE::2025-03-24.09:13:23::SCWPlatform::Found the Hw Db part of the input DSA
TRACE::2025-03-24.09:13:23::SCWMssOS::Checking the sw design at  C:/PXL/devWorks/devWorks2/AXI_IP_SOC/Vitis/AXI_IP/ps7_cortexa9_0/standalone_ps7_cortexa9_0/bsp/system.mss
TRACE::2025-03-24.09:13:23::SCWMssOS::DEBUG:  swdes dump  C:/PXL/devWorks/devWorks2/AXI_IP_SOC/Vitis/AXI_IP/ps7_cortexa9_0/standalone_ps7_cortexa9_0/bsp/system.mss|system_0||
C:/PXL/devWorks/devWorks2/AXI_IP_SOC/Vitis/AXI_IP/zynq_fsbl/zynq_fsbl_bsp/system.mss|system||

TRACE::2025-03-24.09:13:23::SCWMssOS::Sw design exists and opened at  C:/PXL/devWorks/devWorks2/AXI_IP_SOC/Vitis/AXI_IP/ps7_cortexa9_0/standalone_ps7_cortexa9_0/bsp/system.mss
TRACE::2025-03-24.09:13:23::SCWPlatform::Trying to open the hw design at C:/PXL/devWorks/devWorks2/AXI_IP_SOC/Vitis/AXI_IP/hw/AXI_IP.xsa
TRACE::2025-03-24.09:13:23::SCWPlatform::DSA given C:/PXL/devWorks/devWorks2/AXI_IP_SOC/Vitis/AXI_IP/hw/AXI_IP.xsa
TRACE::2025-03-24.09:13:23::SCWPlatform::DSA absoulate path C:/PXL/devWorks/devWorks2/AXI_IP_SOC/Vitis/AXI_IP/hw/AXI_IP.xsa
TRACE::2025-03-24.09:13:23::SCWPlatform::DSA directory C:/PXL/devWorks/devWorks2/AXI_IP_SOC/Vitis/AXI_IP/hw
TRACE::2025-03-24.09:13:23::SCWPlatform:: Platform Path C:/PXL/devWorks/devWorks2/AXI_IP_SOC/Vitis/AXI_IP/hw/AXI_IP.xsa
TRACE::2025-03-24.09:13:23::SCWPlatform:: Unique name xilinx:pynq-z2::0.0
TRACE::2025-03-24.09:13:23::SCWPlatform::Trying to set the existing hwdb with name design_1_wrapper_0
TRACE::2025-03-24.09:13:23::SCWPlatform::Opened existing hwdb design_1_wrapper_0
TRACE::2025-03-24.09:13:23::SCWPlatform::Found the Hw Db part of the input DSA
TRACE::2025-03-24.09:13:23::SCWMssOS::Checking the sw design at  C:/PXL/devWorks/devWorks2/AXI_IP_SOC/Vitis/AXI_IP/ps7_cortexa9_0/standalone_ps7_cortexa9_0/bsp/system.mss
TRACE::2025-03-24.09:13:23::SCWMssOS::DEBUG:  swdes dump  C:/PXL/devWorks/devWorks2/AXI_IP_SOC/Vitis/AXI_IP/ps7_cortexa9_0/standalone_ps7_cortexa9_0/bsp/system.mss|system_0||
C:/PXL/devWorks/devWorks2/AXI_IP_SOC/Vitis/AXI_IP/zynq_fsbl/zynq_fsbl_bsp/system.mss|system||

TRACE::2025-03-24.09:13:23::SCWMssOS::Sw design exists and opened at  C:/PXL/devWorks/devWorks2/AXI_IP_SOC/Vitis/AXI_IP/ps7_cortexa9_0/standalone_ps7_cortexa9_0/bsp/system.mss
TRACE::2025-03-24.09:13:23::SCWWriter::formatted JSON is {
	"platformName":	"AXI_IP",
	"sprVersion":	"2.0",
	"mode":	"gui",
	"dsaType":	"Fixed",
	"platformDesc":	"AXI_IP",
	"platHandOff":	"C:/PXL/devWorks/devWorks2/AXI_IP_SOC/AXI_IP.xsa",
	"platIntHandOff":	"<platformDir>/hw/AXI_IP.xsa",
	"deviceType":	"zynq",
	"platIsPrebuiltAutogen":	"false",
	"platIsNoBootBsp":	"false",
	"platFsblTarget":	"ps7_cortexa9_0",
	"hasFsblMakeHasChanges":	"false",
	"hasPmufwMakeHasChanges":	"false",
	"fsblExtraCompilerFlags":	"-MMD -MP       -mcpu=cortex-a9 -mfpu=vfpv3 -mfloat-abi=hard ",
	"platPreBuiltFlag":	false,
	"platformSamplesDir":	"",
	"platActiveSys":	"AXI_IP",
	"systems":	[{
			"systemName":	"AXI_IP",
			"systemDesc":	"AXI_IP",
			"sysIsBootAutoGen":	"true",
			"systemDispName":	"AXI_IP",
			"sysActiveDom":	"standalone_ps7_cortexa9_0",
			"sysDefaultDom":	"standalone_ps7_cortexa9_0",
			"domains":	[{
					"domainName":	"zynq_fsbl",
					"domainDispName":	"zynq_fsbl",
					"domainDesc":	"FSBL Application BSP - Auto Generated.",
					"processors":	"ps7_cortexa9_0",
					"os":	"standalone",
					"sdxOs":	"standalone",
					"debugEnable":	"",
					"domRuntimes":	["cpp"],
					"swRepo":	"",
					"mssOsVer":	"9.1",
					"mssFile":	"",
					"md5Digest":	"01c9595fdf86507722cb120fa9e46f62",
					"compatibleApp":	"zynq_fsbl",
					"domType":	"bootDomain",
					"arch":	"32-bit",
					"appSettings":	{
						"appCompilerFlags":	"",
						"appLinkerFlags":	""
					},
					"addedLibs":	["xilffs:5.2", "xilrsa:1.8"],
					"libOptions":	{
						"libsContainingOptions":	[]
					},
					"prebuiltLibs":	{
						"prebuiltIncPath":	[],
						"prebuiltLibPath":	[]
					},
					"isolation":	{
					}
				}, {
					"domainName":	"standalone_ps7_cortexa9_0",
					"domainDispName":	"standalone_ps7_cortexa9_0",
					"domainDesc":	"standalone_ps7_cortexa9_0",
					"processors":	"ps7_cortexa9_0",
					"os":	"standalone",
					"sdxOs":	"standalone",
					"qemuArgs":	"<platformDir>/resources/AXI_IP/standalone_ps7_cortexa9_0/qemu_args.txt",
					"qemuData":	"<platformDir>/resources/AXI_IP/standalone_ps7_cortexa9_0/qemu",
					"debugEnable":	"False",
					"domRuntimes":	["cpp"],
					"swRepo":	"",
					"mssOsVer":	"9.1",
					"mssFile":	"",
					"md5Digest":	"af5aec5b2d363b8a95dbabe39b9abb7c",
					"compatibleApp":	"hello_world",
					"domType":	"mssDomain",
					"arch":	"32-bit",
					"appSettings":	{
						"appCompilerFlags":	"",
						"appLinkerFlags":	""
					},
					"addedLibs":	[],
					"libOptions":	{
						"libsContainingOptions":	[]
					},
					"prebuiltLibs":	{
						"prebuiltIncPath":	[],
						"prebuiltLibPath":	[]
					},
					"isolation":	{
					}
				}]
		}]
}
KEYINFO::2025-03-24.09:13:23::SCWPlatform::updated the xpfm file.
LOG::2025-03-24.09:15:41::SCWPlatform::Started generating the artifacts platform AXI_IP
TRACE::2025-03-24.09:15:41::SCWPlatform::Sanity checking of platform is completed
LOG::2025-03-24.09:15:41::SCWPlatform::Started generating the artifacts for system configuration AXI_IP
LOG::2025-03-24.09:15:41::SCWSystem::Checking the domain zynq_fsbl
LOG::2025-03-24.09:15:41::SCWSystem::Doing application build for :  zynq_fsbl
TRACE::2025-03-24.09:15:41::SCWBDomain::Not a forced makefile updation, No changes are present. 
TRACE::2025-03-24.09:15:41::SCWDomain::Building the domain as part of full build :  zynq_fsbl
TRACE::2025-03-24.09:15:41::SCWPlatform::Trying to open the hw design at C:/PXL/devWorks/devWorks2/AXI_IP_SOC/Vitis/AXI_IP/hw/AXI_IP.xsa
TRACE::2025-03-24.09:15:41::SCWPlatform::DSA given C:/PXL/devWorks/devWorks2/AXI_IP_SOC/Vitis/AXI_IP/hw/AXI_IP.xsa
TRACE::2025-03-24.09:15:41::SCWPlatform::DSA absoulate path C:/PXL/devWorks/devWorks2/AXI_IP_SOC/Vitis/AXI_IP/hw/AXI_IP.xsa
TRACE::2025-03-24.09:15:41::SCWPlatform::DSA directory C:/PXL/devWorks/devWorks2/AXI_IP_SOC/Vitis/AXI_IP/hw
TRACE::2025-03-24.09:15:41::SCWPlatform:: Platform Path C:/PXL/devWorks/devWorks2/AXI_IP_SOC/Vitis/AXI_IP/hw/AXI_IP.xsa
TRACE::2025-03-24.09:15:41::SCWPlatform:: Unique name xilinx:pynq-z2::0.0
TRACE::2025-03-24.09:15:41::SCWPlatform::Trying to set the existing hwdb with name design_1_wrapper_0
TRACE::2025-03-24.09:15:41::SCWPlatform::Opened existing hwdb design_1_wrapper_0
TRACE::2025-03-24.09:15:41::SCWPlatform::Found the Hw Db part of the input DSA
TRACE::2025-03-24.09:15:41::SCWMssOS::Checking the sw design at  C:/PXL/devWorks/devWorks2/AXI_IP_SOC/Vitis/AXI_IP/zynq_fsbl/zynq_fsbl_bsp/system.mss
TRACE::2025-03-24.09:15:41::SCWMssOS::DEBUG:  swdes dump  C:/PXL/devWorks/devWorks2/AXI_IP_SOC/Vitis/AXI_IP/ps7_cortexa9_0/standalone_ps7_cortexa9_0/bsp/system.mss|system_0||
C:/PXL/devWorks/devWorks2/AXI_IP_SOC/Vitis/AXI_IP/zynq_fsbl/zynq_fsbl_bsp/system.mss|system||

TRACE::2025-03-24.09:15:41::SCWMssOS::Sw design exists and opened at  C:/PXL/devWorks/devWorks2/AXI_IP_SOC/Vitis/AXI_IP/zynq_fsbl/zynq_fsbl_bsp/system.mss
TRACE::2025-03-24.09:15:41::SCWBDomain::Completed writing the mss file at C:/PXL/devWorks/devWorks2/AXI_IP_SOC/Vitis/AXI_IP/zynq_fsbl/zynq_fsbl_bsp
TRACE::2025-03-24.09:15:41::SCWBDomain::bsp generated is upto date with the mss file. Skipping bsp generation.
TRACE::2025-03-24.09:15:41::SCWBDomain::Not a forced makefile updation, No changes are present. 
TRACE::2025-03-24.09:15:41::SCWBDomain::System Command Ran  C:&  cd  C:/PXL/devWorks/devWorks2/AXI_IP_SOC/Vitis/AXI_IP/zynq_fsbl& make -C  zynq_fsbl_bsp & make 
TRACE::2025-03-24.09:15:42::SCWBDomain::make: Entering directory 'C:/PXL/devWorks/devWorks2/AXI_IP_SOC/Vitis/AXI_IP/zynq_fsbl/zynq_fsbl_bsp'

TRACE::2025-03-24.09:15:42::SCWBDomain::make --no-print-directory seq_libs

TRACE::2025-03-24.09:15:42::SCWBDomain::"Running Make include in ps7_cortexa9_0/libsrc/coresightps_dcc_v1_10/src"

TRACE::2025-03-24.09:15:42::SCWBDomain::make -C ps7_cortexa9_0/libsrc/coresightps_dcc_v1_10/src -s include  "SHELL=CMD" "COMPILER=arm-none-eabi-gcc" "ASSEMBLER=arm-non
TRACE::2025-03-24.09:15:42::SCWBDomain::e-eabi-as" "ARCHIVER=arm-none-eabi-ar" "COMPILER_FLAGS=  -O2 -c" "EXTRA_COMPILER_FLAGS=-mcpu=cortex-a9 -mfpu=vfpv3 -mfloat-abi=
TRACE::2025-03-24.09:15:42::SCWBDomain::hard -nostartfiles -g -Wall -Wextra -fno-tree-loop-distribute-patterns"

TRACE::2025-03-24.09:15:42::SCWBDomain::"Running Make include in ps7_cortexa9_0/libsrc/cpu_cortexa9_v2_12/src"

TRACE::2025-03-24.09:15:42::SCWBDomain::make -C ps7_cortexa9_0/libsrc/cpu_cortexa9_v2_12/src -s include  "SHELL=CMD" "COMPILER=arm-none-eabi-gcc" "ASSEMBLER=arm-none-e
TRACE::2025-03-24.09:15:42::SCWBDomain::abi-as" "ARCHIVER=arm-none-eabi-ar" "COMPILER_FLAGS=  -O2 -c" "EXTRA_COMPILER_FLAGS=-mcpu=cortex-a9 -mfpu=vfpv3 -mfloat-abi=har
TRACE::2025-03-24.09:15:42::SCWBDomain::d -nostartfiles -g -Wall -Wextra -fno-tree-loop-distribute-patterns"

TRACE::2025-03-24.09:15:42::SCWBDomain::"Running Make include in ps7_cortexa9_0/libsrc/ddrps_v1_2/src"

TRACE::2025-03-24.09:15:42::SCWBDomain::make -C ps7_cortexa9_0/libsrc/ddrps_v1_2/src -s include  "SHELL=CMD" "COMPILER=arm-none-eabi-gcc" "ASSEMBLER=arm-none-eabi-as" 
TRACE::2025-03-24.09:15:42::SCWBDomain::"ARCHIVER=arm-none-eabi-ar" "COMPILER_FLAGS=  -O2 -c" "EXTRA_COMPILER_FLAGS=-mcpu=cortex-a9 -mfpu=vfpv3 -mfloat-abi=hard -nosta
TRACE::2025-03-24.09:15:42::SCWBDomain::rtfiles -g -Wall -Wextra -fno-tree-loop-distribute-patterns"

TRACE::2025-03-24.09:15:42::SCWBDomain::"Running Make include in ps7_cortexa9_0/libsrc/devcfg_v3_8/src"

TRACE::2025-03-24.09:15:42::SCWBDomain::make -C ps7_cortexa9_0/libsrc/devcfg_v3_8/src -s include  "SHELL=CMD" "COMPILER=arm-none-eabi-gcc" "ASSEMBLER=arm-none-eabi-as"
TRACE::2025-03-24.09:15:42::SCWBDomain:: "ARCHIVER=arm-none-eabi-ar" "COMPILER_FLAGS=  -O2 -c" "EXTRA_COMPILER_FLAGS=-mcpu=cortex-a9 -mfpu=vfpv3 -mfloat-abi=hard -nost
TRACE::2025-03-24.09:15:42::SCWBDomain::artfiles -g -Wall -Wextra -fno-tree-loop-distribute-patterns"

TRACE::2025-03-24.09:15:42::SCWBDomain::"Running Make include in ps7_cortexa9_0/libsrc/dmaps_v2_10/src"

TRACE::2025-03-24.09:15:42::SCWBDomain::make -C ps7_cortexa9_0/libsrc/dmaps_v2_10/src -s include  "SHELL=CMD" "COMPILER=arm-none-eabi-gcc" "ASSEMBLER=arm-none-eabi-as"
TRACE::2025-03-24.09:15:42::SCWBDomain:: "ARCHIVER=arm-none-eabi-ar" "COMPILER_FLAGS=  -O2 -c" "EXTRA_COMPILER_FLAGS=-mcpu=cortex-a9 -mfpu=vfpv3 -mfloat-abi=hard -nost
TRACE::2025-03-24.09:15:42::SCWBDomain::artfiles -g -Wall -Wextra -fno-tree-loop-distribute-patterns"

TRACE::2025-03-24.09:15:42::SCWBDomain::"Running Make include in ps7_cortexa9_0/libsrc/eFPGA_AXI_Core1_v1_0/src"

TRACE::2025-03-24.09:15:42::SCWBDomain::make -C ps7_cortexa9_0/libsrc/eFPGA_AXI_Core1_v1_0/src -s include  "SHELL=CMD" "COMPILER=arm-none-eabi-gcc" "ASSEMBLER=arm-none
TRACE::2025-03-24.09:15:42::SCWBDomain::-eabi-as" "ARCHIVER=arm-none-eabi-ar" "COMPILER_FLAGS=  -O2 -c" "EXTRA_COMPILER_FLAGS=-mcpu=cortex-a9 -mfpu=vfpv3 -mfloat-abi=h
TRACE::2025-03-24.09:15:42::SCWBDomain::ard -nostartfiles -g -Wall -Wextra -fno-tree-loop-distribute-patterns"

TRACE::2025-03-24.09:15:42::SCWBDomain::"Running Make include in ps7_cortexa9_0/libsrc/emacps_v3_20/src"

TRACE::2025-03-24.09:15:42::SCWBDomain::make -C ps7_cortexa9_0/libsrc/emacps_v3_20/src -s include  "SHELL=CMD" "COMPILER=arm-none-eabi-gcc" "ASSEMBLER=arm-none-eabi-as
TRACE::2025-03-24.09:15:42::SCWBDomain::" "ARCHIVER=arm-none-eabi-ar" "COMPILER_FLAGS=  -O2 -c" "EXTRA_COMPILER_FLAGS=-mcpu=cortex-a9 -mfpu=vfpv3 -mfloat-abi=hard -nos
TRACE::2025-03-24.09:15:42::SCWBDomain::tartfiles -g -Wall -Wextra -fno-tree-loop-distribute-patterns"

TRACE::2025-03-24.09:15:43::SCWBDomain::"Running Make include in ps7_cortexa9_0/libsrc/gpiops_v3_13/src"

TRACE::2025-03-24.09:15:43::SCWBDomain::make -C ps7_cortexa9_0/libsrc/gpiops_v3_13/src -s include  "SHELL=CMD" "COMPILER=arm-none-eabi-gcc" "ASSEMBLER=arm-none-eabi-as
TRACE::2025-03-24.09:15:43::SCWBDomain::" "ARCHIVER=arm-none-eabi-ar" "COMPILER_FLAGS=  -O2 -c" "EXTRA_COMPILER_FLAGS=-mcpu=cortex-a9 -mfpu=vfpv3 -mfloat-abi=hard -nos
TRACE::2025-03-24.09:15:43::SCWBDomain::tartfiles -g -Wall -Wextra -fno-tree-loop-distribute-patterns"

TRACE::2025-03-24.09:15:43::SCWBDomain::"Running Make include in ps7_cortexa9_0/libsrc/qspips_v3_12/src"

TRACE::2025-03-24.09:15:43::SCWBDomain::make -C ps7_cortexa9_0/libsrc/qspips_v3_12/src -s include  "SHELL=CMD" "COMPILER=arm-none-eabi-gcc" "ASSEMBLER=arm-none-eabi-as
TRACE::2025-03-24.09:15:43::SCWBDomain::" "ARCHIVER=arm-none-eabi-ar" "COMPILER_FLAGS=  -O2 -c" "EXTRA_COMPILER_FLAGS=-mcpu=cortex-a9 -mfpu=vfpv3 -mfloat-abi=hard -nos
TRACE::2025-03-24.09:15:43::SCWBDomain::tartfiles -g -Wall -Wextra -fno-tree-loop-distribute-patterns"

TRACE::2025-03-24.09:15:43::SCWBDomain::"Running Make include in ps7_cortexa9_0/libsrc/scugic_v5_3/src"

TRACE::2025-03-24.09:15:43::SCWBDomain::make -C ps7_cortexa9_0/libsrc/scugic_v5_3/src -s include  "SHELL=CMD" "COMPILER=arm-none-eabi-gcc" "ASSEMBLER=arm-none-eabi-as"
TRACE::2025-03-24.09:15:43::SCWBDomain:: "ARCHIVER=arm-none-eabi-ar" "COMPILER_FLAGS=  -O2 -c" "EXTRA_COMPILER_FLAGS=-mcpu=cortex-a9 -mfpu=vfpv3 -mfloat-abi=hard -nost
TRACE::2025-03-24.09:15:43::SCWBDomain::artfiles -g -Wall -Wextra -fno-tree-loop-distribute-patterns"

TRACE::2025-03-24.09:15:43::SCWBDomain::"Running Make include in ps7_cortexa9_0/libsrc/scutimer_v2_6/src"

TRACE::2025-03-24.09:15:43::SCWBDomain::make -C ps7_cortexa9_0/libsrc/scutimer_v2_6/src -s include  "SHELL=CMD" "COMPILER=arm-none-eabi-gcc" "ASSEMBLER=arm-none-eabi-a
TRACE::2025-03-24.09:15:43::SCWBDomain::s" "ARCHIVER=arm-none-eabi-ar" "COMPILER_FLAGS=  -O2 -c" "EXTRA_COMPILER_FLAGS=-mcpu=cortex-a9 -mfpu=vfpv3 -mfloat-abi=hard -no
TRACE::2025-03-24.09:15:43::SCWBDomain::startfiles -g -Wall -Wextra -fno-tree-loop-distribute-patterns"

TRACE::2025-03-24.09:15:43::SCWBDomain::"Running Make include in ps7_cortexa9_0/libsrc/scuwdt_v2_5/src"

TRACE::2025-03-24.09:15:43::SCWBDomain::make -C ps7_cortexa9_0/libsrc/scuwdt_v2_5/src -s include  "SHELL=CMD" "COMPILER=arm-none-eabi-gcc" "ASSEMBLER=arm-none-eabi-as"
TRACE::2025-03-24.09:15:43::SCWBDomain:: "ARCHIVER=arm-none-eabi-ar" "COMPILER_FLAGS=  -O2 -c" "EXTRA_COMPILER_FLAGS=-mcpu=cortex-a9 -mfpu=vfpv3 -mfloat-abi=hard -nost
TRACE::2025-03-24.09:15:43::SCWBDomain::artfiles -g -Wall -Wextra -fno-tree-loop-distribute-patterns"

TRACE::2025-03-24.09:15:43::SCWBDomain::"Running Make include in ps7_cortexa9_0/libsrc/sdps_v4_3/src"

TRACE::2025-03-24.09:15:43::SCWBDomain::make -C ps7_cortexa9_0/libsrc/sdps_v4_3/src -s include  "SHELL=CMD" "COMPILER=arm-none-eabi-gcc" "ASSEMBLER=arm-none-eabi-as" "
TRACE::2025-03-24.09:15:43::SCWBDomain::ARCHIVER=arm-none-eabi-ar" "COMPILER_FLAGS=  -O2 -c" "EXTRA_COMPILER_FLAGS=-mcpu=cortex-a9 -mfpu=vfpv3 -mfloat-abi=hard -nostar
TRACE::2025-03-24.09:15:43::SCWBDomain::tfiles -g -Wall -Wextra -fno-tree-loop-distribute-patterns"

TRACE::2025-03-24.09:15:43::SCWBDomain::"Running Make include in ps7_cortexa9_0/libsrc/standalone_v9_1/src"

TRACE::2025-03-24.09:15:43::SCWBDomain::make -C ps7_cortexa9_0/libsrc/standalone_v9_1/src -s include  "SHELL=CMD" "COMPILER=arm-none-eabi-gcc" "ASSEMBLER=arm-none-eabi
TRACE::2025-03-24.09:15:43::SCWBDomain::-as" "ARCHIVER=arm-none-eabi-ar" "COMPILER_FLAGS=  -O2 -c" "EXTRA_COMPILER_FLAGS=-mcpu=cortex-a9 -mfpu=vfpv3 -mfloat-abi=hard -
TRACE::2025-03-24.09:15:43::SCWBDomain::nostartfiles -g -Wall -Wextra -fno-tree-loop-distribute-patterns"

TRACE::2025-03-24.09:15:44::SCWBDomain::"Running Make include in ps7_cortexa9_0/libsrc/uartps_v3_14/src"

TRACE::2025-03-24.09:15:44::SCWBDomain::make -C ps7_cortexa9_0/libsrc/uartps_v3_14/src -s include  "SHELL=CMD" "COMPILER=arm-none-eabi-gcc" "ASSEMBLER=arm-none-eabi-as
TRACE::2025-03-24.09:15:44::SCWBDomain::" "ARCHIVER=arm-none-eabi-ar" "COMPILER_FLAGS=  -O2 -c" "EXTRA_COMPILER_FLAGS=-mcpu=cortex-a9 -mfpu=vfpv3 -mfloat-abi=hard -nos
TRACE::2025-03-24.09:15:44::SCWBDomain::tartfiles -g -Wall -Wextra -fno-tree-loop-distribute-patterns"

TRACE::2025-03-24.09:15:44::SCWBDomain::"Running Make include in ps7_cortexa9_0/libsrc/usbps_v2_9/src"

TRACE::2025-03-24.09:15:44::SCWBDomain::make -C ps7_cortexa9_0/libsrc/usbps_v2_9/src -s include  "SHELL=CMD" "COMPILER=arm-none-eabi-gcc" "ASSEMBLER=arm-none-eabi-as" 
TRACE::2025-03-24.09:15:44::SCWBDomain::"ARCHIVER=arm-none-eabi-ar" "COMPILER_FLAGS=  -O2 -c" "EXTRA_COMPILER_FLAGS=-mcpu=cortex-a9 -mfpu=vfpv3 -mfloat-abi=hard -nosta
TRACE::2025-03-24.09:15:44::SCWBDomain::rtfiles -g -Wall -Wextra -fno-tree-loop-distribute-patterns"

TRACE::2025-03-24.09:15:44::SCWBDomain::"Running Make include in ps7_cortexa9_0/libsrc/xadcps_v2_7/src"

TRACE::2025-03-24.09:15:44::SCWBDomain::make -C ps7_cortexa9_0/libsrc/xadcps_v2_7/src -s include  "SHELL=CMD" "COMPILER=arm-none-eabi-gcc" "ASSEMBLER=arm-none-eabi-as"
TRACE::2025-03-24.09:15:44::SCWBDomain:: "ARCHIVER=arm-none-eabi-ar" "COMPILER_FLAGS=  -O2 -c" "EXTRA_COMPILER_FLAGS=-mcpu=cortex-a9 -mfpu=vfpv3 -mfloat-abi=hard -nost
TRACE::2025-03-24.09:15:44::SCWBDomain::artfiles -g -Wall -Wextra -fno-tree-loop-distribute-patterns"

TRACE::2025-03-24.09:15:45::SCWBDomain::"Running Make include in ps7_cortexa9_0/libsrc/xilffs_v5_2/src"

TRACE::2025-03-24.09:15:45::SCWBDomain::make -C ps7_cortexa9_0/libsrc/xilffs_v5_2/src -s include  "SHELL=CMD" "COMPILER=arm-none-eabi-gcc" "ASSEMBLER=arm-none-eabi-as"
TRACE::2025-03-24.09:15:45::SCWBDomain:: "ARCHIVER=arm-none-eabi-ar" "COMPILER_FLAGS=  -O2 -c" "EXTRA_COMPILER_FLAGS=-mcpu=cortex-a9 -mfpu=vfpv3 -mfloat-abi=hard -nost
TRACE::2025-03-24.09:15:45::SCWBDomain::artfiles -g -Wall -Wextra -fno-tree-loop-distribute-patterns"

TRACE::2025-03-24.09:15:45::SCWBDomain::"Running Make include in ps7_cortexa9_0/libsrc/xilrsa_v1_8/src"

TRACE::2025-03-24.09:15:45::SCWBDomain::make -C ps7_cortexa9_0/libsrc/xilrsa_v1_8/src -s include  "SHELL=CMD" "COMPILER=arm-none-eabi-gcc" "ASSEMBLER=arm-none-eabi-as"
TRACE::2025-03-24.09:15:45::SCWBDomain:: "ARCHIVER=arm-none-eabi-ar" "COMPILER_FLAGS=  -O2 -c" "EXTRA_COMPILER_FLAGS=-mcpu=cortex-a9 -mfpu=vfpv3 -mfloat-abi=hard -nost
TRACE::2025-03-24.09:15:45::SCWBDomain::artfiles -g -Wall -Wextra -fno-tree-loop-distribute-patterns"

TRACE::2025-03-24.09:15:45::SCWBDomain::"Running Make libs in ps7_cortexa9_0/libsrc/eFPGA_AXI_Core1_v1_0/src"

TRACE::2025-03-24.09:15:45::SCWBDomain::make -C ps7_cortexa9_0/libsrc/eFPGA_AXI_Core1_v1_0/src -s libs  "SHELL=CMD" "COMPILER=arm-none-eabi-gcc" "ASSEMBLER=arm-none-ea
TRACE::2025-03-24.09:15:45::SCWBDomain::bi-as" "ARCHIVER=arm-none-eabi-ar" "COMPILER_FLAGS=  -O2 -c" "EXTRA_COMPILER_FLAGS=-mcpu=cortex-a9 -mfpu=vfpv3 -mfloat-abi=hard
TRACE::2025-03-24.09:15:45::SCWBDomain:: -nostartfiles -g -Wall -Wextra -fno-tree-loop-distribute-patterns"

TRACE::2025-03-24.09:15:45::SCWBDomain::"Running Make libs in ps7_cortexa9_0/libsrc/xilrsa_v1_8/src"

TRACE::2025-03-24.09:15:46::SCWBDomain::make -C ps7_cortexa9_0/libsrc/xilrsa_v1_8/src -s libs  "SHELL=CMD" "COMPILER=arm-none-eabi-gcc" "ASSEMBLER=arm-none-eabi-as" "A
TRACE::2025-03-24.09:15:46::SCWBDomain::RCHIVER=arm-none-eabi-ar" "COMPILER_FLAGS=  -O2 -c" "EXTRA_COMPILER_FLAGS=-mcpu=cortex-a9 -mfpu=vfpv3 -mfloat-abi=hard -nostart
TRACE::2025-03-24.09:15:46::SCWBDomain::files -g -Wall -Wextra -fno-tree-loop-distribute-patterns"

TRACE::2025-03-24.09:15:46::SCWBDomain::'Finished building libraries sequentially.'

TRACE::2025-03-24.09:15:46::SCWBDomain::make -j 6 --no-print-directory par_libs

TRACE::2025-03-24.09:15:46::SCWBDomain::"Running Make include in ps7_cortexa9_0/libsrc/coresightps_dcc_v1_10/src"

TRACE::2025-03-24.09:15:46::SCWBDomain::make -C ps7_cortexa9_0/libsrc/coresightps_dcc_v1_10/src -s include  "SHELL=CMD" "COMPILER=arm-none-eabi-gcc" "ASSEMBLER=arm-non
TRACE::2025-03-24.09:15:46::SCWBDomain::e-eabi-as" "ARCHIVER=arm-none-eabi-ar" "COMPILER_FLAGS=  -O2 -c" "EXTRA_COMPILER_FLAGS=-mcpu=cortex-a9 -mfpu=vfpv3 -mfloat-abi=
TRACE::2025-03-24.09:15:46::SCWBDomain::hard -nostartfiles -g -Wall -Wextra -fno-tree-loop-distribute-patterns"

TRACE::2025-03-24.09:15:46::SCWBDomain::"Running Make include in ps7_cortexa9_0/libsrc/cpu_cortexa9_v2_12/src"

TRACE::2025-03-24.09:15:46::SCWBDomain::make -C ps7_cortexa9_0/libsrc/cpu_cortexa9_v2_12/src -s include  "SHELL=CMD" "COMPILER=arm-none-eabi-gcc" "ASSEMBLER=arm-none-e
TRACE::2025-03-24.09:15:46::SCWBDomain::abi-as" "ARCHIVER=arm-none-eabi-ar" "COMPILER_FLAGS=  -O2 -c" "EXTRA_COMPILER_FLAGS=-mcpu=cortex-a9 -mfpu=vfpv3 -mfloat-abi=har
TRACE::2025-03-24.09:15:46::SCWBDomain::d -nostartfiles -g -Wall -Wextra -fno-tree-loop-distribute-patterns"

TRACE::2025-03-24.09:15:46::SCWBDomain::"Running Make include in ps7_cortexa9_0/libsrc/ddrps_v1_2/src"

TRACE::2025-03-24.09:15:46::SCWBDomain::make -C ps7_cortexa9_0/libsrc/ddrps_v1_2/src -s include  "SHELL=CMD" "COMPILER=arm-none-eabi-gcc" "ASSEMBLER=arm-none-eabi-as" 
TRACE::2025-03-24.09:15:46::SCWBDomain::"ARCHIVER=arm-none-eabi-ar" "COMPILER_FLAGS=  -O2 -c" "EXTRA_COMPILER_FLAGS=-mcpu=cortex-a9 -mfpu=vfpv3 -mfloat-abi=hard -nosta
TRACE::2025-03-24.09:15:46::SCWBDomain::rtfiles -g -Wall -Wextra -fno-tree-loop-distribute-patterns"

TRACE::2025-03-24.09:15:46::SCWBDomain::"Running Make include in ps7_cortexa9_0/libsrc/devcfg_v3_8/src"

TRACE::2025-03-24.09:15:46::SCWBDomain::make -C ps7_cortexa9_0/libsrc/devcfg_v3_8/src -s include  "SHELL=CMD" "COMPILER=arm-none-eabi-gcc" "ASSEMBLER=arm-none-eabi-as"
TRACE::2025-03-24.09:15:46::SCWBDomain:: "ARCHIVER=arm-none-eabi-ar" "COMPILER_FLAGS=  -O2 -c" "EXTRA_COMPILER_FLAGS=-mcpu=cortex-a9 -mfpu=vfpv3 -mfloat-abi=hard -nost
TRACE::2025-03-24.09:15:46::SCWBDomain::artfiles -g -Wall -Wextra -fno-tree-loop-distribute-patterns"

TRACE::2025-03-24.09:15:46::SCWBDomain::"Running Make include in ps7_cortexa9_0/libsrc/dmaps_v2_10/src"

TRACE::2025-03-24.09:15:46::SCWBDomain::make -C ps7_cortexa9_0/libsrc/dmaps_v2_10/src -s include  "SHELL=CMD" "COMPILER=arm-none-eabi-gcc" "ASSEMBLER=arm-none-eabi-as"
TRACE::2025-03-24.09:15:46::SCWBDomain:: "ARCHIVER=arm-none-eabi-ar" "COMPILER_FLAGS=  -O2 -c" "EXTRA_COMPILER_FLAGS=-mcpu=cortex-a9 -mfpu=vfpv3 -mfloat-abi=hard -nost
TRACE::2025-03-24.09:15:46::SCWBDomain::artfiles -g -Wall -Wextra -fno-tree-loop-distribute-patterns"

TRACE::2025-03-24.09:15:46::SCWBDomain::"Running Make include in ps7_cortexa9_0/libsrc/eFPGA_AXI_Core1_v1_0/src"

TRACE::2025-03-24.09:15:46::SCWBDomain::make -C ps7_cortexa9_0/libsrc/eFPGA_AXI_Core1_v1_0/src -s include  "SHELL=CMD" "COMPILER=arm-none-eabi-gcc" "ASSEMBLER=arm-none
TRACE::2025-03-24.09:15:46::SCWBDomain::-eabi-as" "ARCHIVER=arm-none-eabi-ar" "COMPILER_FLAGS=  -O2 -c" "EXTRA_COMPILER_FLAGS=-mcpu=cortex-a9 -mfpu=vfpv3 -mfloat-abi=h
TRACE::2025-03-24.09:15:46::SCWBDomain::ard -nostartfiles -g -Wall -Wextra -fno-tree-loop-distribute-patterns"

TRACE::2025-03-24.09:15:46::SCWBDomain::"Running Make include in ps7_cortexa9_0/libsrc/emacps_v3_20/src"

TRACE::2025-03-24.09:15:46::SCWBDomain::make -C ps7_cortexa9_0/libsrc/emacps_v3_20/src -s include  "SHELL=CMD" "COMPILER=arm-none-eabi-gcc" "ASSEMBLER=arm-none-eabi-as
TRACE::2025-03-24.09:15:46::SCWBDomain::" "ARCHIVER=arm-none-eabi-ar" "COMPILER_FLAGS=  -O2 -c" "EXTRA_COMPILER_FLAGS=-mcpu=cortex-a9 -mfpu=vfpv3 -mfloat-abi=hard -nos
TRACE::2025-03-24.09:15:46::SCWBDomain::tartfiles -g -Wall -Wextra -fno-tree-loop-distribute-patterns"

TRACE::2025-03-24.09:15:46::SCWBDomain::"Running Make include in ps7_cortexa9_0/libsrc/gpiops_v3_13/src"

TRACE::2025-03-24.09:15:46::SCWBDomain::make -C ps7_cortexa9_0/libsrc/gpiops_v3_13/src -s include  "SHELL=CMD" "COMPILER=arm-none-eabi-gcc" "ASSEMBLER=arm-none-eabi-as
TRACE::2025-03-24.09:15:46::SCWBDomain::" "ARCHIVER=arm-none-eabi-ar" "COMPILER_FLAGS=  -O2 -c" "EXTRA_COMPILER_FLAGS=-mcpu=cortex-a9 -mfpu=vfpv3 -mfloat-abi=hard -nos
TRACE::2025-03-24.09:15:46::SCWBDomain::tartfiles -g -Wall -Wextra -fno-tree-loop-distribute-patterns"

TRACE::2025-03-24.09:15:46::SCWBDomain::"Running Make include in ps7_cortexa9_0/libsrc/qspips_v3_12/src"

TRACE::2025-03-24.09:15:46::SCWBDomain::make -C ps7_cortexa9_0/libsrc/qspips_v3_12/src -s include  "SHELL=CMD" "COMPILER=arm-none-eabi-gcc" "ASSEMBLER=arm-none-eabi-as
TRACE::2025-03-24.09:15:46::SCWBDomain::" "ARCHIVER=arm-none-eabi-ar" "COMPILER_FLAGS=  -O2 -c" "EXTRA_COMPILER_FLAGS=-mcpu=cortex-a9 -mfpu=vfpv3 -mfloat-abi=hard -nos
TRACE::2025-03-24.09:15:46::SCWBDomain::tartfiles -g -Wall -Wextra -fno-tree-loop-distribute-patterns"

TRACE::2025-03-24.09:15:46::SCWBDomain::"Running Make include in ps7_cortexa9_0/libsrc/scugic_v5_3/src"

TRACE::2025-03-24.09:15:46::SCWBDomain::make -C ps7_cortexa9_0/libsrc/scugic_v5_3/src -s include  "SHELL=CMD" "COMPILER=arm-none-eabi-gcc" "ASSEMBLER=arm-none-eabi-as"
TRACE::2025-03-24.09:15:46::SCWBDomain:: "ARCHIVER=arm-none-eabi-ar" "COMPILER_FLAGS=  -O2 -c" "EXTRA_COMPILER_FLAGS=-mcpu=cortex-a9 -mfpu=vfpv3 -mfloat-abi=hard -nost
TRACE::2025-03-24.09:15:46::SCWBDomain::artfiles -g -Wall -Wextra -fno-tree-loop-distribute-patterns"

TRACE::2025-03-24.09:15:46::SCWBDomain::"Running Make include in ps7_cortexa9_0/libsrc/scutimer_v2_6/src"

TRACE::2025-03-24.09:15:46::SCWBDomain::make -C ps7_cortexa9_0/libsrc/scutimer_v2_6/src -s include  "SHELL=CMD" "COMPILER=arm-none-eabi-gcc" "ASSEMBLER=arm-none-eabi-a
TRACE::2025-03-24.09:15:46::SCWBDomain::s" "ARCHIVER=arm-none-eabi-ar" "COMPILER_FLAGS=  -O2 -c" "EXTRA_COMPILER_FLAGS=-mcpu=cortex-a9 -mfpu=vfpv3 -mfloat-abi=hard -no
TRACE::2025-03-24.09:15:46::SCWBDomain::startfiles -g -Wall -Wextra -fno-tree-loop-distribute-patterns"

TRACE::2025-03-24.09:15:46::SCWBDomain::"Running Make include in ps7_cortexa9_0/libsrc/scuwdt_v2_5/src"

TRACE::2025-03-24.09:15:46::SCWBDomain::make -C ps7_cortexa9_0/libsrc/scuwdt_v2_5/src -s include  "SHELL=CMD" "COMPILER=arm-none-eabi-gcc" "ASSEMBLER=arm-none-eabi-as"
TRACE::2025-03-24.09:15:46::SCWBDomain:: "ARCHIVER=arm-none-eabi-ar" "COMPILER_FLAGS=  -O2 -c" "EXTRA_COMPILER_FLAGS=-mcpu=cortex-a9 -mfpu=vfpv3 -mfloat-abi=hard -nost
TRACE::2025-03-24.09:15:46::SCWBDomain::artfiles -g -Wall -Wextra -fno-tree-loop-distribute-patterns"

TRACE::2025-03-24.09:15:46::SCWBDomain::"Running Make include in ps7_cortexa9_0/libsrc/sdps_v4_3/src"

TRACE::2025-03-24.09:15:46::SCWBDomain::make -C ps7_cortexa9_0/libsrc/sdps_v4_3/src -s include  "SHELL=CMD" "COMPILER=arm-none-eabi-gcc" "ASSEMBLER=arm-none-eabi-as" "
TRACE::2025-03-24.09:15:46::SCWBDomain::ARCHIVER=arm-none-eabi-ar" "COMPILER_FLAGS=  -O2 -c" "EXTRA_COMPILER_FLAGS=-mcpu=cortex-a9 -mfpu=vfpv3 -mfloat-abi=hard -nostar
TRACE::2025-03-24.09:15:46::SCWBDomain::tfiles -g -Wall -Wextra -fno-tree-loop-distribute-patterns"

TRACE::2025-03-24.09:15:46::SCWBDomain::"Running Make include in ps7_cortexa9_0/libsrc/standalone_v9_1/src"

TRACE::2025-03-24.09:15:46::SCWBDomain::make -C ps7_cortexa9_0/libsrc/standalone_v9_1/src -s include  "SHELL=CMD" "COMPILER=arm-none-eabi-gcc" "ASSEMBLER=arm-none-eabi
TRACE::2025-03-24.09:15:46::SCWBDomain::-as" "ARCHIVER=arm-none-eabi-ar" "COMPILER_FLAGS=  -O2 -c" "EXTRA_COMPILER_FLAGS=-mcpu=cortex-a9 -mfpu=vfpv3 -mfloat-abi=hard -
TRACE::2025-03-24.09:15:46::SCWBDomain::nostartfiles -g -Wall -Wextra -fno-tree-loop-distribute-patterns"

TRACE::2025-03-24.09:15:46::SCWBDomain::"Running Make include in ps7_cortexa9_0/libsrc/uartps_v3_14/src"

TRACE::2025-03-24.09:15:46::SCWBDomain::make -C ps7_cortexa9_0/libsrc/uartps_v3_14/src -s include  "SHELL=CMD" "COMPILER=arm-none-eabi-gcc" "ASSEMBLER=arm-none-eabi-as
TRACE::2025-03-24.09:15:46::SCWBDomain::" "ARCHIVER=arm-none-eabi-ar" "COMPILER_FLAGS=  -O2 -c" "EXTRA_COMPILER_FLAGS=-mcpu=cortex-a9 -mfpu=vfpv3 -mfloat-abi=hard -nos
TRACE::2025-03-24.09:15:46::SCWBDomain::tartfiles -g -Wall -Wextra -fno-tree-loop-distribute-patterns"

TRACE::2025-03-24.09:15:46::SCWBDomain::"Running Make include in ps7_cortexa9_0/libsrc/usbps_v2_9/src"

TRACE::2025-03-24.09:15:46::SCWBDomain::make -C ps7_cortexa9_0/libsrc/usbps_v2_9/src -s include  "SHELL=CMD" "COMPILER=arm-none-eabi-gcc" "ASSEMBLER=arm-none-eabi-as" 
TRACE::2025-03-24.09:15:46::SCWBDomain::"ARCHIVER=arm-none-eabi-ar" "COMPILER_FLAGS=  -O2 -c" "EXTRA_COMPILER_FLAGS=-mcpu=cortex-a9 -mfpu=vfpv3 -mfloat-abi=hard -nosta
TRACE::2025-03-24.09:15:46::SCWBDomain::rtfiles -g -Wall -Wextra -fno-tree-loop-distribute-patterns"

TRACE::2025-03-24.09:15:46::SCWBDomain::"Running Make include in ps7_cortexa9_0/libsrc/xadcps_v2_7/src"

TRACE::2025-03-24.09:15:46::SCWBDomain::make -C ps7_cortexa9_0/libsrc/xadcps_v2_7/src -s include  "SHELL=CMD" "COMPILER=arm-none-eabi-gcc" "ASSEMBLER=arm-none-eabi-as"
TRACE::2025-03-24.09:15:46::SCWBDomain:: "ARCHIVER=arm-none-eabi-ar" "COMPILER_FLAGS=  -O2 -c" "EXTRA_COMPILER_FLAGS=-mcpu=cortex-a9 -mfpu=vfpv3 -mfloat-abi=hard -nost
TRACE::2025-03-24.09:15:46::SCWBDomain::artfiles -g -Wall -Wextra -fno-tree-loop-distribute-patterns"

TRACE::2025-03-24.09:15:46::SCWBDomain::"Running Make include in ps7_cortexa9_0/libsrc/xilffs_v5_2/src"

TRACE::2025-03-24.09:15:46::SCWBDomain::make -C ps7_cortexa9_0/libsrc/xilffs_v5_2/src -s include  "SHELL=CMD" "COMPILER=arm-none-eabi-gcc" "ASSEMBLER=arm-none-eabi-as"
TRACE::2025-03-24.09:15:46::SCWBDomain:: "ARCHIVER=arm-none-eabi-ar" "COMPILER_FLAGS=  -O2 -c" "EXTRA_COMPILER_FLAGS=-mcpu=cortex-a9 -mfpu=vfpv3 -mfloat-abi=hard -nost
TRACE::2025-03-24.09:15:46::SCWBDomain::artfiles -g -Wall -Wextra -fno-tree-loop-distribute-patterns"

TRACE::2025-03-24.09:15:46::SCWBDomain::"Running Make include in ps7_cortexa9_0/libsrc/xilrsa_v1_8/src"

TRACE::2025-03-24.09:15:46::SCWBDomain::make -C ps7_cortexa9_0/libsrc/xilrsa_v1_8/src -s include  "SHELL=CMD" "COMPILER=arm-none-eabi-gcc" "ASSEMBLER=arm-none-eabi-as"
TRACE::2025-03-24.09:15:46::SCWBDomain:: "ARCHIVER=arm-none-eabi-ar" "COMPILER_FLAGS=  -O2 -c" "EXTRA_COMPILER_FLAGS=-mcpu=cortex-a9 -mfpu=vfpv3 -mfloat-abi=hard -nost
TRACE::2025-03-24.09:15:46::SCWBDomain::artfiles -g -Wall -Wextra -fno-tree-loop-distribute-patterns"

TRACE::2025-03-24.09:15:46::SCWBDomain::"Running Make libs in ps7_cortexa9_0/libsrc/coresightps_dcc_v1_10/src"

TRACE::2025-03-24.09:15:46::SCWBDomain::make -C ps7_cortexa9_0/libsrc/coresightps_dcc_v1_10/src -s libs  "SHELL=CMD" "COMPILER=arm-none-eabi-gcc" "ASSEMBLER=arm-none-e
TRACE::2025-03-24.09:15:46::SCWBDomain::abi-as" "ARCHIVER=arm-none-eabi-ar" "COMPILER_FLAGS=  -O2 -c" "EXTRA_COMPILER_FLAGS=-mcpu=cortex-a9 -mfpu=vfpv3 -mfloat-abi=har
TRACE::2025-03-24.09:15:46::SCWBDomain::d -nostartfiles -g -Wall -Wextra -fno-tree-loop-distribute-patterns"

TRACE::2025-03-24.09:15:46::SCWBDomain::"Running Make libs in ps7_cortexa9_0/libsrc/cpu_cortexa9_v2_12/src"

TRACE::2025-03-24.09:15:46::SCWBDomain::make -C ps7_cortexa9_0/libsrc/cpu_cortexa9_v2_12/src -s libs  "SHELL=CMD" "COMPILER=arm-none-eabi-gcc" "ASSEMBLER=arm-none-eabi
TRACE::2025-03-24.09:15:46::SCWBDomain::-as" "ARCHIVER=arm-none-eabi-ar" "COMPILER_FLAGS=  -O2 -c" "EXTRA_COMPILER_FLAGS=-mcpu=cortex-a9 -mfpu=vfpv3 -mfloat-abi=hard -
TRACE::2025-03-24.09:15:46::SCWBDomain::nostartfiles -g -Wall -Wextra -fno-tree-loop-distribute-patterns"

TRACE::2025-03-24.09:15:46::SCWBDomain::"Running Make libs in ps7_cortexa9_0/libsrc/ddrps_v1_2/src"

TRACE::2025-03-24.09:15:46::SCWBDomain::make -C ps7_cortexa9_0/libsrc/ddrps_v1_2/src -s libs  "SHELL=CMD" "COMPILER=arm-none-eabi-gcc" "ASSEMBLER=arm-none-eabi-as" "AR
TRACE::2025-03-24.09:15:46::SCWBDomain::CHIVER=arm-none-eabi-ar" "COMPILER_FLAGS=  -O2 -c" "EXTRA_COMPILER_FLAGS=-mcpu=cortex-a9 -mfpu=vfpv3 -mfloat-abi=hard -nostartf
TRACE::2025-03-24.09:15:46::SCWBDomain::iles -g -Wall -Wextra -fno-tree-loop-distribute-patterns"

TRACE::2025-03-24.09:15:46::SCWBDomain::"Running Make libs in ps7_cortexa9_0/libsrc/devcfg_v3_8/src"

TRACE::2025-03-24.09:15:46::SCWBDomain::make -C ps7_cortexa9_0/libsrc/devcfg_v3_8/src -s libs  "SHELL=CMD" "COMPILER=arm-none-eabi-gcc" "ASSEMBLER=arm-none-eabi-as" "A
TRACE::2025-03-24.09:15:46::SCWBDomain::RCHIVER=arm-none-eabi-ar" "COMPILER_FLAGS=  -O2 -c" "EXTRA_COMPILER_FLAGS=-mcpu=cortex-a9 -mfpu=vfpv3 -mfloat-abi=hard -nostart
TRACE::2025-03-24.09:15:46::SCWBDomain::files -g -Wall -Wextra -fno-tree-loop-distribute-patterns"

TRACE::2025-03-24.09:15:46::SCWBDomain::"Running Make libs in ps7_cortexa9_0/libsrc/dmaps_v2_10/src"

TRACE::2025-03-24.09:15:46::SCWBDomain::make -C ps7_cortexa9_0/libsrc/dmaps_v2_10/src -s libs  "SHELL=CMD" "COMPILER=arm-none-eabi-gcc" "ASSEMBLER=arm-none-eabi-as" "A
TRACE::2025-03-24.09:15:46::SCWBDomain::RCHIVER=arm-none-eabi-ar" "COMPILER_FLAGS=  -O2 -c" "EXTRA_COMPILER_FLAGS=-mcpu=cortex-a9 -mfpu=vfpv3 -mfloat-abi=hard -nostart
TRACE::2025-03-24.09:15:46::SCWBDomain::files -g -Wall -Wextra -fno-tree-loop-distribute-patterns"

TRACE::2025-03-24.09:15:46::SCWBDomain::"Running Make libs in ps7_cortexa9_0/libsrc/emacps_v3_20/src"

TRACE::2025-03-24.09:15:46::SCWBDomain::make -C ps7_cortexa9_0/libsrc/emacps_v3_20/src -s libs  "SHELL=CMD" "COMPILER=arm-none-eabi-gcc" "ASSEMBLER=arm-none-eabi-as" "
TRACE::2025-03-24.09:15:46::SCWBDomain::ARCHIVER=arm-none-eabi-ar" "COMPILER_FLAGS=  -O2 -c" "EXTRA_COMPILER_FLAGS=-mcpu=cortex-a9 -mfpu=vfpv3 -mfloat-abi=hard -nostar
TRACE::2025-03-24.09:15:46::SCWBDomain::tfiles -g -Wall -Wextra -fno-tree-loop-distribute-patterns"

TRACE::2025-03-24.09:15:46::SCWBDomain::"Running Make libs in ps7_cortexa9_0/libsrc/gpiops_v3_13/src"

TRACE::2025-03-24.09:15:46::SCWBDomain::make -C ps7_cortexa9_0/libsrc/gpiops_v3_13/src -s libs  "SHELL=CMD" "COMPILER=arm-none-eabi-gcc" "ASSEMBLER=arm-none-eabi-as" "
TRACE::2025-03-24.09:15:46::SCWBDomain::ARCHIVER=arm-none-eabi-ar" "COMPILER_FLAGS=  -O2 -c" "EXTRA_COMPILER_FLAGS=-mcpu=cortex-a9 -mfpu=vfpv3 -mfloat-abi=hard -nostar
TRACE::2025-03-24.09:15:46::SCWBDomain::tfiles -g -Wall -Wextra -fno-tree-loop-distribute-patterns"

TRACE::2025-03-24.09:15:47::SCWBDomain::"Running Make libs in ps7_cortexa9_0/libsrc/qspips_v3_12/src"

TRACE::2025-03-24.09:15:47::SCWBDomain::make -C ps7_cortexa9_0/libsrc/qspips_v3_12/src -s libs  "SHELL=CMD" "COMPILER=arm-none-eabi-gcc" "ASSEMBLER=arm-none-eabi-as" "
TRACE::2025-03-24.09:15:47::SCWBDomain::ARCHIVER=arm-none-eabi-ar" "COMPILER_FLAGS=  -O2 -c" "EXTRA_COMPILER_FLAGS=-mcpu=cortex-a9 -mfpu=vfpv3 -mfloat-abi=hard -nostar
TRACE::2025-03-24.09:15:47::SCWBDomain::tfiles -g -Wall -Wextra -fno-tree-loop-distribute-patterns"

TRACE::2025-03-24.09:15:47::SCWBDomain::"Running Make libs in ps7_cortexa9_0/libsrc/scugic_v5_3/src"

TRACE::2025-03-24.09:15:47::SCWBDomain::make -C ps7_cortexa9_0/libsrc/scugic_v5_3/src -s libs  "SHELL=CMD" "COMPILER=arm-none-eabi-gcc" "ASSEMBLER=arm-none-eabi-as" "A
TRACE::2025-03-24.09:15:47::SCWBDomain::RCHIVER=arm-none-eabi-ar" "COMPILER_FLAGS=  -O2 -c" "EXTRA_COMPILER_FLAGS=-mcpu=cortex-a9 -mfpu=vfpv3 -mfloat-abi=hard -nostart
TRACE::2025-03-24.09:15:47::SCWBDomain::files -g -Wall -Wextra -fno-tree-loop-distribute-patterns"

TRACE::2025-03-24.09:15:48::SCWBDomain::"Running Make libs in ps7_cortexa9_0/libsrc/scutimer_v2_6/src"

TRACE::2025-03-24.09:15:48::SCWBDomain::"Running Make libs in ps7_cortexa9_0/libsrc/scuwdt_v2_5/src"

TRACE::2025-03-24.09:15:48::SCWBDomain::make -C ps7_cortexa9_0/libsrc/scutimer_v2_6/src -s libs  "SHELL=CMD" "COMPILER=arm-none-eabi-gcc" "ASSEMBLER=arm-none-eabi-as" 
TRACE::2025-03-24.09:15:48::SCWBDomain::"ARCHIVER=arm-none-eabi-ar" "COMPILER_FLAGS=  -O2 -c" "EXTRA_COMPILER_FLAGS=-mcpu=cortex-a9 -mfpu=vfpv3 -mfloat-abi=hard -nosta
TRACE::2025-03-24.09:15:48::SCWBDomain::rtfiles -g -Wall -Wextra -fno-tree-loop-distribute-patterns"

TRACE::2025-03-24.09:15:49::SCWBDomain::make -C ps7_cortexa9_0/libsrc/scuwdt_v2_5/src -s libs  "SHELL=CMD" "COMPILER=arm-none-eabi-gcc" "ASSEMBLER=arm-none-eabi-as" "A
TRACE::2025-03-24.09:15:49::SCWBDomain::RCHIVER=arm-none-eabi-ar" "COMPILER_FLAGS=  -O2 -c" "EXTRA_COMPILER_FLAGS=-mcpu=cortex-a9 -mfpu=vfpv3 -mfloat-abi=hard -nostart
TRACE::2025-03-24.09:15:49::SCWBDomain::files -g -Wall -Wextra -fno-tree-loop-distribute-patterns"

TRACE::2025-03-24.09:15:49::SCWBDomain::"Running Make libs in ps7_cortexa9_0/libsrc/sdps_v4_3/src"

TRACE::2025-03-24.09:15:49::SCWBDomain::make -C ps7_cortexa9_0/libsrc/sdps_v4_3/src -s libs  "SHELL=CMD" "COMPILER=arm-none-eabi-gcc" "ASSEMBLER=arm-none-eabi-as" "ARC
TRACE::2025-03-24.09:15:49::SCWBDomain::HIVER=arm-none-eabi-ar" "COMPILER_FLAGS=  -O2 -c" "EXTRA_COMPILER_FLAGS=-mcpu=cortex-a9 -mfpu=vfpv3 -mfloat-abi=hard -nostartfi
TRACE::2025-03-24.09:15:49::SCWBDomain::les -g -Wall -Wextra -fno-tree-loop-distribute-patterns"

TRACE::2025-03-24.09:15:49::SCWBDomain::"Running Make libs in ps7_cortexa9_0/libsrc/standalone_v9_1/src"

TRACE::2025-03-24.09:15:49::SCWBDomain::make -C ps7_cortexa9_0/libsrc/standalone_v9_1/src -s libs  "SHELL=CMD" "COMPILER=arm-none-eabi-gcc" "ASSEMBLER=arm-none-eabi-as
TRACE::2025-03-24.09:15:49::SCWBDomain::" "ARCHIVER=arm-none-eabi-ar" "COMPILER_FLAGS=  -O2 -c" "EXTRA_COMPILER_FLAGS=-mcpu=cortex-a9 -mfpu=vfpv3 -mfloat-abi=hard -nos
TRACE::2025-03-24.09:15:49::SCWBDomain::tartfiles -g -Wall -Wextra -fno-tree-loop-distribute-patterns"

TRACE::2025-03-24.09:15:49::SCWBDomain::"Running Make libs in ps7_cortexa9_0/libsrc/uartps_v3_14/src"

TRACE::2025-03-24.09:15:49::SCWBDomain::make -C ps7_cortexa9_0/libsrc/uartps_v3_14/src -s libs  "SHELL=CMD" "COMPILER=arm-none-eabi-gcc" "ASSEMBLER=arm-none-eabi-as" "
TRACE::2025-03-24.09:15:49::SCWBDomain::ARCHIVER=arm-none-eabi-ar" "COMPILER_FLAGS=  -O2 -c" "EXTRA_COMPILER_FLAGS=-mcpu=cortex-a9 -mfpu=vfpv3 -mfloat-abi=hard -nostar
TRACE::2025-03-24.09:15:49::SCWBDomain::tfiles -g -Wall -Wextra -fno-tree-loop-distribute-patterns"

TRACE::2025-03-24.09:15:49::SCWBDomain::"Running Make libs in ps7_cortexa9_0/libsrc/usbps_v2_9/src"

TRACE::2025-03-24.09:15:49::SCWBDomain::make -C ps7_cortexa9_0/libsrc/usbps_v2_9/src -s libs  "SHELL=CMD" "COMPILER=arm-none-eabi-gcc" "ASSEMBLER=arm-none-eabi-as" "AR
TRACE::2025-03-24.09:15:49::SCWBDomain::CHIVER=arm-none-eabi-ar" "COMPILER_FLAGS=  -O2 -c" "EXTRA_COMPILER_FLAGS=-mcpu=cortex-a9 -mfpu=vfpv3 -mfloat-abi=hard -nostartf
TRACE::2025-03-24.09:15:49::SCWBDomain::iles -g -Wall -Wextra -fno-tree-loop-distribute-patterns"

TRACE::2025-03-24.09:15:49::SCWBDomain::"Running Make libs in ps7_cortexa9_0/libsrc/xadcps_v2_7/src"

TRACE::2025-03-24.09:15:49::SCWBDomain::make -C ps7_cortexa9_0/libsrc/xadcps_v2_7/src -s libs  "SHELL=CMD" "COMPILER=arm-none-eabi-gcc" "ASSEMBLER=arm-none-eabi-as" "A
TRACE::2025-03-24.09:15:49::SCWBDomain::RCHIVER=arm-none-eabi-ar" "COMPILER_FLAGS=  -O2 -c" "EXTRA_COMPILER_FLAGS=-mcpu=cortex-a9 -mfpu=vfpv3 -mfloat-abi=hard -nostart
TRACE::2025-03-24.09:15:49::SCWBDomain::files -g -Wall -Wextra -fno-tree-loop-distribute-patterns"

TRACE::2025-03-24.09:15:50::SCWBDomain::"Running Make libs in ps7_cortexa9_0/libsrc/xilffs_v5_2/src"

TRACE::2025-03-24.09:15:50::SCWBDomain::make -C ps7_cortexa9_0/libsrc/xilffs_v5_2/src -s libs  "SHELL=CMD" "COMPILER=arm-none-eabi-gcc" "ASSEMBLER=arm-none-eabi-as" "A
TRACE::2025-03-24.09:15:50::SCWBDomain::RCHIVER=arm-none-eabi-ar" "COMPILER_FLAGS=  -O2 -c" "EXTRA_COMPILER_FLAGS=-mcpu=cortex-a9 -mfpu=vfpv3 -mfloat-abi=hard -nostart
TRACE::2025-03-24.09:15:50::SCWBDomain::files -g -Wall -Wextra -fno-tree-loop-distribute-patterns"

TRACE::2025-03-24.09:15:52::SCWBDomain::'Finished building libraries parallelly.'

TRACE::2025-03-24.09:15:52::SCWBDomain::make --no-print-directory archive

TRACE::2025-03-24.09:15:53::SCWBDomain::arm-none-eabi-ar -r  ps7_cortexa9_0/lib/libxil.a ps7_cortexa9_0/lib/_exit.o ps7_cortexa9_0/lib/_open.o ps7_cortexa9_0/lib/_sbrk
TRACE::2025-03-24.09:15:53::SCWBDomain::.o ps7_cortexa9_0/lib/abort.o ps7_cortexa9_0/lib/asm_vectors.o ps7_cortexa9_0/lib/boot.o ps7_cortexa9_0/lib/close.o ps7_cortexa
TRACE::2025-03-24.09:15:53::SCWBDomain::9_0/lib/cpputest_time.o ps7_cortexa9_0/lib/cpu_init.o ps7_cortexa9_0/lib/eFPGA_AXI_Core1.o ps7_cortexa9_0/lib/eFPGA_AXI_Core1_s
TRACE::2025-03-24.09:15:53::SCWBDomain::elftest.o ps7_cortexa9_0/lib/errno.o ps7_cortexa9_0/lib/fcntl.o ps7_cortexa9_0/lib/fstat.o ps7_cortexa9_0/lib/getentropy.o ps7_
TRACE::2025-03-24.09:15:53::SCWBDomain::cortexa9_0/lib/getpid.o ps7_cortexa9_0/lib/inbyte.o ps7_cortexa9_0/lib/isatty.o ps7_cortexa9_0/lib/kill.o ps7_cortexa9_0/lib/ls
TRACE::2025-03-24.09:15:53::SCWBDomain::eek.o ps7_cortexa9_0/lib/open.o ps7_cortexa9_0/lib/outbyte.o ps7_cortexa9_0/lib/print.o ps7_cortexa9_0/lib/putnum.o ps7_cortexa
TRACE::2025-03-24.09:15:53::SCWBDomain::9_0/lib/read.o ps7_cortexa9_0/lib/sbrk.o ps7_cortexa9_0/lib/sleep.o ps7_cortexa9_0/lib/time.o ps7_cortexa9_0/lib/translation_ta
TRACE::2025-03-24.09:15:53::SCWBDomain::ble.o ps7_cortexa9_0/lib/unlink.o ps7_cortexa9_0/lib/usleep.o ps7_cortexa9_0/lib/vectors.o ps7_cortexa9_0/lib/write.o ps7_corte
TRACE::2025-03-24.09:15:53::SCWBDomain::xa9_0/lib/xadcps.o ps7_cortexa9_0/lib/xadcps_g.o ps7_cortexa9_0/lib/xadcps_intr.o ps7_cortexa9_0/lib/xadcps_selftest.o ps7_cort
TRACE::2025-03-24.09:15:53::SCWBDomain::exa9_0/lib/xadcps_sinit.o ps7_cortexa9_0/lib/xcoresightpsdcc.o ps7_cortexa9_0/lib/xdevcfg.o ps7_cortexa9_0/lib/xdevcfg_g.o ps7_
TRACE::2025-03-24.09:15:53::SCWBDomain::cortexa9_0/lib/xdevcfg_hw.o ps7_cortexa9_0/lib/xdevcfg_intr.o ps7_cortexa9_0/lib/xdevcfg_selftest.o ps7_cortexa9_0/lib/xdevcfg_
TRACE::2025-03-24.09:15:53::SCWBDomain::sinit.o ps7_cortexa9_0/lib/xdmaps.o ps7_cortexa9_0/lib/xdmaps_g.o ps7_cortexa9_0/lib/xdmaps_hw.o ps7_cortexa9_0/lib/xdmaps_self
TRACE::2025-03-24.09:15:53::SCWBDomain::test.o ps7_cortexa9_0/lib/xdmaps_sinit.o ps7_cortexa9_0/lib/xemacps.o ps7_cortexa9_0/lib/xemacps_bdring.o ps7_cortexa9_0/lib/xe
TRACE::2025-03-24.09:15:53::SCWBDomain::macps_control.o ps7_cortexa9_0/lib/xemacps_g.o ps7_cortexa9_0/lib/xemacps_hw.o ps7_cortexa9_0/lib/xemacps_intr.o ps7_cortexa9_0
TRACE::2025-03-24.09:15:53::SCWBDomain::/lib/xemacps_sinit.o ps7_cortexa9_0/lib/xgpiops.o ps7_cortexa9_0/lib/xgpiops_g.o ps7_cortexa9_0/lib/xgpiops_hw.o ps7_cortexa9_0
TRACE::2025-03-24.09:15:53::SCWBDomain::/lib/xgpiops_intr.o ps7_cortexa9_0/lib/xgpiops_selftest.o ps7_cortexa9_0/lib/xgpiops_sinit.o ps7_cortexa9_0/lib/xil-crt0.o ps7_
TRACE::2025-03-24.09:15:53::SCWBDomain::cortexa9_0/lib/xil_assert.o ps7_cortexa9_0/lib/xil_cache.o ps7_cortexa9_0/lib/xil_clocking.o ps7_cortexa9_0/lib/xil_exception.o
TRACE::2025-03-24.09:15:53::SCWBDomain:: ps7_cortexa9_0/lib/xil_mem.o ps7_cortexa9_0/lib/xil_misc_psreset_api.o ps7_cortexa9_0/lib/xil_mmu.o ps7_cortexa9_0/lib/xil_pri
TRACE::2025-03-24.09:15:53::SCWBDomain::ntf.o ps7_cortexa9_0/lib/xil_sleepcommon.o ps7_cortexa9_0/lib/xil_sleeptimer.o ps7_cortexa9_0/lib/xil_spinlock.o ps7_cortexa9_0
TRACE::2025-03-24.09:15:53::SCWBDomain::/lib/xil_testcache.o ps7_cortexa9_0/lib/xil_testio.o ps7_cortexa9_0/lib/xil_testmem.o ps7_cortexa9_0/lib/xil_util.o ps7_cortexa
TRACE::2025-03-24.09:15:53::SCWBDomain::9_0/lib/xinterrupt_wrap.o ps7_cortexa9_0/lib/xl2cc_counter.o ps7_cortexa9_0/lib/xplatform_info.o ps7_cortexa9_0/lib/xpm_counter
TRACE::2025-03-24.09:15:53::SCWBDomain::.o ps7_cortexa9_0/lib/xpm_init.o ps7_cortexa9_0/lib/xqspips.o ps7_cortexa9_0/lib/xqspips_g.o ps7_cortexa9_0/lib/xqspips_hw.o ps
TRACE::2025-03-24.09:15:53::SCWBDomain::7_cortexa9_0/lib/xqspips_options.o ps7_cortexa9_0/lib/xqspips_selftest.o ps7_cortexa9_0/lib/xqspips_sinit.o ps7_cortexa9_0/lib/
TRACE::2025-03-24.09:15:53::SCWBDomain::xscugic.o ps7_cortexa9_0/lib/xscugic_g.o ps7_cortexa9_0/lib/xscugic_hw.o ps7_cortexa9_0/lib/xscugic_intr.o ps7_cortexa9_0/lib/x
TRACE::2025-03-24.09:15:53::SCWBDomain::scugic_selftest.o ps7_cortexa9_0/lib/xscugic_sinit.o ps7_cortexa9_0/lib/xscutimer.o ps7_cortexa9_0/lib/xscutimer_g.o ps7_cortex
TRACE::2025-03-24.09:15:53::SCWBDomain::a9_0/lib/xscutimer_selftest.o ps7_cortexa9_0/lib/xscutimer_sinit.o ps7_cortexa9_0/lib/xscuwdt.o ps7_cortexa9_0/lib/xscuwdt_g.o 
TRACE::2025-03-24.09:15:53::SCWBDomain::ps7_cortexa9_0/lib/xscuwdt_selftest.o ps7_cortexa9_0/lib/xscuwdt_sinit.o ps7_cortexa9_0/lib/xsdps.o ps7_cortexa9_0/lib/xsdps_ca
TRACE::2025-03-24.09:15:53::SCWBDomain::rd.o ps7_cortexa9_0/lib/xsdps_g.o ps7_cortexa9_0/lib/xsdps_host.o ps7_cortexa9_0/lib/xsdps_options.o ps7_cortexa9_0/lib/xsdps_s
TRACE::2025-03-24.09:15:53::SCWBDomain::init.o ps7_cortexa9_0/lib/xtime_l.o ps7_cortexa9_0/lib/xuartps.o ps7_cortexa9_0/lib/xuartps_g.o ps7_cortexa9_0/lib/xuartps_hw.o
TRACE::2025-03-24.09:15:53::SCWBDomain:: ps7_cortexa9_0/lib/xuartps_intr.o ps7_cortexa9_0/lib/xuartps_options.o ps7_cortexa9_0/lib/xuartps_selftest.o ps7_cortexa9_0/li
TRACE::2025-03-24.09:15:53::SCWBDomain::b/xuartps_sinit.o ps7_cortexa9_0/lib/xusbps.o ps7_cortexa9_0/lib/xusbps_endpoint.o ps7_cortexa9_0/lib/xusbps_g.o ps7_cortexa9_0
TRACE::2025-03-24.09:15:53::SCWBDomain::/lib/xusbps_hw.o ps7_cortexa9_0/lib/xusbps_intr.o ps7_cortexa9_0/lib/xusbps_sinit.o

TRACE::2025-03-24.09:15:53::SCWBDomain::'Finished building libraries'

TRACE::2025-03-24.09:15:53::SCWBDomain::make: Leaving directory 'C:/PXL/devWorks/devWorks2/AXI_IP_SOC/Vitis/AXI_IP/zynq_fsbl/zynq_fsbl_bsp'

TRACE::2025-03-24.09:15:53::SCWBDomain::arm-none-eabi-gcc  -O2 -c -MMD -MP       -mcpu=cortex-a9 -mfpu=vfpv3 -mfloat-abi=hard  -c sd.c -o sd.o -Izynq_fsbl_bsp/ps7_cort
TRACE::2025-03-24.09:15:53::SCWBDomain::exa9_0/include -I.

TRACE::2025-03-24.09:15:53::SCWBDomain::arm-none-eabi-gcc  -O2 -c -MMD -MP       -mcpu=cortex-a9 -mfpu=vfpv3 -mfloat-abi=hard  -c nand.c -o nand.o -Izynq_fsbl_bsp/ps7_
TRACE::2025-03-24.09:15:53::SCWBDomain::cortexa9_0/include -I.

TRACE::2025-03-24.09:15:53::SCWBDomain::arm-none-eabi-gcc  -O2 -c -MMD -MP       -mcpu=cortex-a9 -mfpu=vfpv3 -mfloat-abi=hard  -c nor.c -o nor.o -Izynq_fsbl_bsp/ps7_co
TRACE::2025-03-24.09:15:53::SCWBDomain::rtexa9_0/include -I.

TRACE::2025-03-24.09:15:53::SCWBDomain::arm-none-eabi-gcc  -O2 -c -MMD -MP       -mcpu=cortex-a9 -mfpu=vfpv3 -mfloat-abi=hard  -c image_mover.c -o image_mover.o -Izynq
TRACE::2025-03-24.09:15:53::SCWBDomain::_fsbl_bsp/ps7_cortexa9_0/include -I.

TRACE::2025-03-24.09:15:53::SCWBDomain::arm-none-eabi-gcc  -O2 -c -MMD -MP       -mcpu=cortex-a9 -mfpu=vfpv3 -mfloat-abi=hard  -c md5.c -o md5.o -Izynq_fsbl_bsp/ps7_co
TRACE::2025-03-24.09:15:53::SCWBDomain::rtexa9_0/include -I.

TRACE::2025-03-24.09:15:54::SCWBDomain::arm-none-eabi-gcc  -O2 -c -MMD -MP       -mcpu=cortex-a9 -mfpu=vfpv3 -mfloat-abi=hard  -c fsbl_hooks.c -o fsbl_hooks.o -Izynq_f
TRACE::2025-03-24.09:15:54::SCWBDomain::sbl_bsp/ps7_cortexa9_0/include -I.

TRACE::2025-03-24.09:15:54::SCWBDomain::arm-none-eabi-gcc  -O2 -c -MMD -MP       -mcpu=cortex-a9 -mfpu=vfpv3 -mfloat-abi=hard  -c main.c -o main.o -Izynq_fsbl_bsp/ps7_
TRACE::2025-03-24.09:15:54::SCWBDomain::cortexa9_0/include -I.

TRACE::2025-03-24.09:15:54::SCWBDomain::arm-none-eabi-gcc  -O2 -c -MMD -MP       -mcpu=cortex-a9 -mfpu=vfpv3 -mfloat-abi=hard  -c rsa.c -o rsa.o -Izynq_fsbl_bsp/ps7_co
TRACE::2025-03-24.09:15:54::SCWBDomain::rtexa9_0/include -I.

TRACE::2025-03-24.09:15:54::SCWBDomain::arm-none-eabi-gcc  -O2 -c -MMD -MP       -mcpu=cortex-a9 -mfpu=vfpv3 -mfloat-abi=hard  -c qspi.c -o qspi.o -Izynq_fsbl_bsp/ps7_
TRACE::2025-03-24.09:15:54::SCWBDomain::cortexa9_0/include -I.

TRACE::2025-03-24.09:15:54::SCWBDomain::arm-none-eabi-gcc  -O2 -c -MMD -MP       -mcpu=cortex-a9 -mfpu=vfpv3 -mfloat-abi=hard  -c ps7_init.c -o ps7_init.o -Izynq_fsbl_
TRACE::2025-03-24.09:15:54::SCWBDomain::bsp/ps7_cortexa9_0/include -I.

TRACE::2025-03-24.09:15:54::SCWBDomain::arm-none-eabi-gcc  -O2 -c -MMD -MP       -mcpu=cortex-a9 -mfpu=vfpv3 -mfloat-abi=hard  -c pcap.c -o pcap.o -Izynq_fsbl_bsp/ps7_
TRACE::2025-03-24.09:15:54::SCWBDomain::cortexa9_0/include -I.

TRACE::2025-03-24.09:15:55::SCWBDomain::arm-none-eabi-gcc  -O2 -c -MMD -MP       -mcpu=cortex-a9 -mfpu=vfpv3 -mfloat-abi=hard  -c fsbl_handoff.S -o fsbl_handoff.o -Izy
TRACE::2025-03-24.09:15:55::SCWBDomain::nq_fsbl_bsp/ps7_cortexa9_0/include -I.

TRACE::2025-03-24.09:15:55::SCWBDomain::arm-none-eabi-gcc -o fsbl.elf fsbl_handoff.o fsbl_hooks.o image_mover.o main.o md5.o nand.o nor.o pcap.o ps7_init.o qspi.o rsa.
TRACE::2025-03-24.09:15:55::SCWBDomain::o sd.o -MMD -MP       -mcpu=cortex-a9 -mfpu=vfpv3 -mfloat-abi=hard   -mcpu=cortex-a9 -mfpu=vfpv3 -mfloat-abi=hard -Wl,-build-id
TRACE::2025-03-24.09:15:55::SCWBDomain::=none -specs=Xilinx.spec  -lrsa -Wl,--start-group,-lxil,-lgcc,-lc,--end-group -Wl,--start-group,-lxilffs,-lxil,-lgcc,-lc,--end-
TRACE::2025-03-24.09:15:55::SCWBDomain::group -Wl,--start-group,-lrsa,-lxil,-lgcc,-lc,--end-group                                    -Wl,--gc-sections -Lzynq_fsbl_bsp/
TRACE::2025-03-24.09:15:55::SCWBDomain::ps7_cortexa9_0/lib -L./ -Tlscript.ld

LOG::2025-03-24.09:15:55::SCWSystem::Checking the domain standalone_ps7_cortexa9_0
LOG::2025-03-24.09:15:55::SCWSystem::Not a boot domain 
LOG::2025-03-24.09:15:55::SCWSystem::Started Processing the domain standalone_ps7_cortexa9_0
TRACE::2025-03-24.09:15:55::SCWDomain::Generating domain artifcats
TRACE::2025-03-24.09:15:55::SCWMssOS::Generating standalone artifcats
TRACE::2025-03-24.09:15:55::SCWMssOS::Copying the qemu file from  C:/PXL/devWorks/devWorks2/AXI_IP_SOC/Vitis/AXI_IP/resources/AXI_IP/standalone_ps7_cortexa9_0/qemu_args.txt To C:/PXL/devWorks/devWorks2/AXI_IP_SOC/Vitis/AXI_IP/export/AXI_IP/sw/AXI_IP/qemu/
TRACE::2025-03-24.09:15:55::SCWMssOS::Copying the qemu file from  C:/PXL/devWorks/devWorks2/AXI_IP_SOC/Vitis/AXI_IP/resources/AXI_IP/standalone_ps7_cortexa9_0/qemu_args.txt To C:/PXL/devWorks/devWorks2/AXI_IP_SOC/Vitis/AXI_IP/export/AXI_IP/sw/AXI_IP/standalone_ps7_cortexa9_0/qemu/
TRACE::2025-03-24.09:15:55::SCWMssOS:: Copying the user libraries. 
TRACE::2025-03-24.09:15:55::SCWPlatform::Trying to open the hw design at C:/PXL/devWorks/devWorks2/AXI_IP_SOC/Vitis/AXI_IP/hw/AXI_IP.xsa
TRACE::2025-03-24.09:15:55::SCWPlatform::DSA given C:/PXL/devWorks/devWorks2/AXI_IP_SOC/Vitis/AXI_IP/hw/AXI_IP.xsa
TRACE::2025-03-24.09:15:55::SCWPlatform::DSA absoulate path C:/PXL/devWorks/devWorks2/AXI_IP_SOC/Vitis/AXI_IP/hw/AXI_IP.xsa
TRACE::2025-03-24.09:15:55::SCWPlatform::DSA directory C:/PXL/devWorks/devWorks2/AXI_IP_SOC/Vitis/AXI_IP/hw
TRACE::2025-03-24.09:15:55::SCWPlatform:: Platform Path C:/PXL/devWorks/devWorks2/AXI_IP_SOC/Vitis/AXI_IP/hw/AXI_IP.xsa
TRACE::2025-03-24.09:15:55::SCWPlatform:: Unique name xilinx:pynq-z2::0.0
TRACE::2025-03-24.09:15:55::SCWPlatform::Trying to set the existing hwdb with name design_1_wrapper_0
TRACE::2025-03-24.09:15:55::SCWPlatform::Opened existing hwdb design_1_wrapper_0
TRACE::2025-03-24.09:15:55::SCWPlatform::Found the Hw Db part of the input DSA
TRACE::2025-03-24.09:15:55::SCWMssOS::Checking the sw design at  C:/PXL/devWorks/devWorks2/AXI_IP_SOC/Vitis/AXI_IP/ps7_cortexa9_0/standalone_ps7_cortexa9_0/bsp/system.mss
TRACE::2025-03-24.09:15:55::SCWMssOS::DEBUG:  swdes dump  C:/PXL/devWorks/devWorks2/AXI_IP_SOC/Vitis/AXI_IP/ps7_cortexa9_0/standalone_ps7_cortexa9_0/bsp/system.mss|system_0||
C:/PXL/devWorks/devWorks2/AXI_IP_SOC/Vitis/AXI_IP/zynq_fsbl/zynq_fsbl_bsp/system.mss|system||

TRACE::2025-03-24.09:15:55::SCWMssOS::Sw design exists and opened at  C:/PXL/devWorks/devWorks2/AXI_IP_SOC/Vitis/AXI_IP/ps7_cortexa9_0/standalone_ps7_cortexa9_0/bsp/system.mss
TRACE::2025-03-24.09:15:55::SCWMssOS::Completed writing the mss file at C:/PXL/devWorks/devWorks2/AXI_IP_SOC/Vitis/AXI_IP/ps7_cortexa9_0/standalone_ps7_cortexa9_0/bsp
TRACE::2025-03-24.09:15:55::SCWMssOS::Mss edits present, copying mssfile into export location C:/PXL/devWorks/devWorks2/AXI_IP_SOC/Vitis/AXI_IP/ps7_cortexa9_0/standalone_ps7_cortexa9_0/bsp/system.mss
TRACE::2025-03-24.09:15:55::SCWMssOS::bsp generated is upto date with the mss file. Skipping bsp generation.
TRACE::2025-03-24.09:15:55::SCWMssOS::BSP is already built. skipping the bsp build ... 
TRACE::2025-03-24.09:15:55::SCWDomain::Building the domain as part of full build :  standalone_ps7_cortexa9_0
TRACE::2025-03-24.09:15:55::SCWMssOS::doing bsp build ... 
TRACE::2025-03-24.09:15:55::SCWMssOS::System Command Ran  C: & cd  C:/PXL/devWorks/devWorks2/AXI_IP_SOC/Vitis/AXI_IP/ps7_cortexa9_0/standalone_ps7_cortexa9_0/bsp & make 
TRACE::2025-03-24.09:15:55::SCWMssOS::make --no-print-directory seq_libs

TRACE::2025-03-24.09:15:55::SCWMssOS::"Running Make include in ps7_cortexa9_0/libsrc/coresightps_dcc_v1_10/src"

TRACE::2025-03-24.09:15:55::SCWMssOS::make -C ps7_cortexa9_0/libsrc/coresightps_dcc_v1_10/src -s include  "SHELL=CMD" "COMPILER=arm-none-eabi-gcc" "ASSEMBLER=arm-non
TRACE::2025-03-24.09:15:55::SCWMssOS::e-eabi-as" "ARCHIVER=arm-none-eabi-ar" "COMPILER_FLAGS=  -O2 -c" "EXTRA_COMPILER_FLAGS=-mcpu=cortex-a9 -mfpu=vfpv3 -mfloat-abi=
TRACE::2025-03-24.09:15:55::SCWMssOS::hard -nostartfiles -g -Wall -Wextra -fno-tree-loop-distribute-patterns"

TRACE::2025-03-24.09:15:55::SCWMssOS::"Running Make include in ps7_cortexa9_0/libsrc/cpu_cortexa9_v2_12/src"

TRACE::2025-03-24.09:15:55::SCWMssOS::make -C ps7_cortexa9_0/libsrc/cpu_cortexa9_v2_12/src -s include  "SHELL=CMD" "COMPILER=arm-none-eabi-gcc" "ASSEMBLER=arm-none-e
TRACE::2025-03-24.09:15:55::SCWMssOS::abi-as" "ARCHIVER=arm-none-eabi-ar" "COMPILER_FLAGS=  -O2 -c" "EXTRA_COMPILER_FLAGS=-mcpu=cortex-a9 -mfpu=vfpv3 -mfloat-abi=har
TRACE::2025-03-24.09:15:55::SCWMssOS::d -nostartfiles -g -Wall -Wextra -fno-tree-loop-distribute-patterns"

TRACE::2025-03-24.09:15:55::SCWMssOS::"Running Make include in ps7_cortexa9_0/libsrc/ddrps_v1_2/src"

TRACE::2025-03-24.09:15:55::SCWMssOS::make -C ps7_cortexa9_0/libsrc/ddrps_v1_2/src -s include  "SHELL=CMD" "COMPILER=arm-none-eabi-gcc" "ASSEMBLER=arm-none-eabi-as" 
TRACE::2025-03-24.09:15:55::SCWMssOS::"ARCHIVER=arm-none-eabi-ar" "COMPILER_FLAGS=  -O2 -c" "EXTRA_COMPILER_FLAGS=-mcpu=cortex-a9 -mfpu=vfpv3 -mfloat-abi=hard -nosta
TRACE::2025-03-24.09:15:55::SCWMssOS::rtfiles -g -Wall -Wextra -fno-tree-loop-distribute-patterns"

TRACE::2025-03-24.09:15:55::SCWMssOS::"Running Make include in ps7_cortexa9_0/libsrc/devcfg_v3_8/src"

TRACE::2025-03-24.09:15:55::SCWMssOS::make -C ps7_cortexa9_0/libsrc/devcfg_v3_8/src -s include  "SHELL=CMD" "COMPILER=arm-none-eabi-gcc" "ASSEMBLER=arm-none-eabi-as"
TRACE::2025-03-24.09:15:55::SCWMssOS:: "ARCHIVER=arm-none-eabi-ar" "COMPILER_FLAGS=  -O2 -c" "EXTRA_COMPILER_FLAGS=-mcpu=cortex-a9 -mfpu=vfpv3 -mfloat-abi=hard -nost
TRACE::2025-03-24.09:15:55::SCWMssOS::artfiles -g -Wall -Wextra -fno-tree-loop-distribute-patterns"

TRACE::2025-03-24.09:15:55::SCWMssOS::"Running Make include in ps7_cortexa9_0/libsrc/dmaps_v2_10/src"

TRACE::2025-03-24.09:15:55::SCWMssOS::make -C ps7_cortexa9_0/libsrc/dmaps_v2_10/src -s include  "SHELL=CMD" "COMPILER=arm-none-eabi-gcc" "ASSEMBLER=arm-none-eabi-as"
TRACE::2025-03-24.09:15:55::SCWMssOS:: "ARCHIVER=arm-none-eabi-ar" "COMPILER_FLAGS=  -O2 -c" "EXTRA_COMPILER_FLAGS=-mcpu=cortex-a9 -mfpu=vfpv3 -mfloat-abi=hard -nost
TRACE::2025-03-24.09:15:55::SCWMssOS::artfiles -g -Wall -Wextra -fno-tree-loop-distribute-patterns"

TRACE::2025-03-24.09:15:56::SCWMssOS::"Running Make include in ps7_cortexa9_0/libsrc/eFPGA_AXI_Core1_v1_0/src"

TRACE::2025-03-24.09:15:56::SCWMssOS::make -C ps7_cortexa9_0/libsrc/eFPGA_AXI_Core1_v1_0/src -s include  "SHELL=CMD" "COMPILER=arm-none-eabi-gcc" "ASSEMBLER=arm-none
TRACE::2025-03-24.09:15:56::SCWMssOS::-eabi-as" "ARCHIVER=arm-none-eabi-ar" "COMPILER_FLAGS=  -O2 -c" "EXTRA_COMPILER_FLAGS=-mcpu=cortex-a9 -mfpu=vfpv3 -mfloat-abi=h
TRACE::2025-03-24.09:15:56::SCWMssOS::ard -nostartfiles -g -Wall -Wextra -fno-tree-loop-distribute-patterns"

TRACE::2025-03-24.09:15:56::SCWMssOS::"Running Make include in ps7_cortexa9_0/libsrc/emacps_v3_20/src"

TRACE::2025-03-24.09:15:56::SCWMssOS::make -C ps7_cortexa9_0/libsrc/emacps_v3_20/src -s include  "SHELL=CMD" "COMPILER=arm-none-eabi-gcc" "ASSEMBLER=arm-none-eabi-as
TRACE::2025-03-24.09:15:56::SCWMssOS::" "ARCHIVER=arm-none-eabi-ar" "COMPILER_FLAGS=  -O2 -c" "EXTRA_COMPILER_FLAGS=-mcpu=cortex-a9 -mfpu=vfpv3 -mfloat-abi=hard -nos
TRACE::2025-03-24.09:15:56::SCWMssOS::tartfiles -g -Wall -Wextra -fno-tree-loop-distribute-patterns"

TRACE::2025-03-24.09:15:56::SCWMssOS::"Running Make include in ps7_cortexa9_0/libsrc/gpiops_v3_13/src"

TRACE::2025-03-24.09:15:56::SCWMssOS::make -C ps7_cortexa9_0/libsrc/gpiops_v3_13/src -s include  "SHELL=CMD" "COMPILER=arm-none-eabi-gcc" "ASSEMBLER=arm-none-eabi-as
TRACE::2025-03-24.09:15:56::SCWMssOS::" "ARCHIVER=arm-none-eabi-ar" "COMPILER_FLAGS=  -O2 -c" "EXTRA_COMPILER_FLAGS=-mcpu=cortex-a9 -mfpu=vfpv3 -mfloat-abi=hard -nos
TRACE::2025-03-24.09:15:56::SCWMssOS::tartfiles -g -Wall -Wextra -fno-tree-loop-distribute-patterns"

TRACE::2025-03-24.09:15:56::SCWMssOS::"Running Make include in ps7_cortexa9_0/libsrc/qspips_v3_12/src"

TRACE::2025-03-24.09:15:56::SCWMssOS::make -C ps7_cortexa9_0/libsrc/qspips_v3_12/src -s include  "SHELL=CMD" "COMPILER=arm-none-eabi-gcc" "ASSEMBLER=arm-none-eabi-as
TRACE::2025-03-24.09:15:56::SCWMssOS::" "ARCHIVER=arm-none-eabi-ar" "COMPILER_FLAGS=  -O2 -c" "EXTRA_COMPILER_FLAGS=-mcpu=cortex-a9 -mfpu=vfpv3 -mfloat-abi=hard -nos
TRACE::2025-03-24.09:15:56::SCWMssOS::tartfiles -g -Wall -Wextra -fno-tree-loop-distribute-patterns"

TRACE::2025-03-24.09:15:56::SCWMssOS::"Running Make include in ps7_cortexa9_0/libsrc/scugic_v5_3/src"

TRACE::2025-03-24.09:15:56::SCWMssOS::make -C ps7_cortexa9_0/libsrc/scugic_v5_3/src -s include  "SHELL=CMD" "COMPILER=arm-none-eabi-gcc" "ASSEMBLER=arm-none-eabi-as"
TRACE::2025-03-24.09:15:56::SCWMssOS:: "ARCHIVER=arm-none-eabi-ar" "COMPILER_FLAGS=  -O2 -c" "EXTRA_COMPILER_FLAGS=-mcpu=cortex-a9 -mfpu=vfpv3 -mfloat-abi=hard -nost
TRACE::2025-03-24.09:15:56::SCWMssOS::artfiles -g -Wall -Wextra -fno-tree-loop-distribute-patterns"

TRACE::2025-03-24.09:15:56::SCWMssOS::"Running Make include in ps7_cortexa9_0/libsrc/scutimer_v2_6/src"

TRACE::2025-03-24.09:15:56::SCWMssOS::make -C ps7_cortexa9_0/libsrc/scutimer_v2_6/src -s include  "SHELL=CMD" "COMPILER=arm-none-eabi-gcc" "ASSEMBLER=arm-none-eabi-a
TRACE::2025-03-24.09:15:56::SCWMssOS::s" "ARCHIVER=arm-none-eabi-ar" "COMPILER_FLAGS=  -O2 -c" "EXTRA_COMPILER_FLAGS=-mcpu=cortex-a9 -mfpu=vfpv3 -mfloat-abi=hard -no
TRACE::2025-03-24.09:15:56::SCWMssOS::startfiles -g -Wall -Wextra -fno-tree-loop-distribute-patterns"

TRACE::2025-03-24.09:15:56::SCWMssOS::"Running Make include in ps7_cortexa9_0/libsrc/scuwdt_v2_5/src"

TRACE::2025-03-24.09:15:56::SCWMssOS::make -C ps7_cortexa9_0/libsrc/scuwdt_v2_5/src -s include  "SHELL=CMD" "COMPILER=arm-none-eabi-gcc" "ASSEMBLER=arm-none-eabi-as"
TRACE::2025-03-24.09:15:56::SCWMssOS:: "ARCHIVER=arm-none-eabi-ar" "COMPILER_FLAGS=  -O2 -c" "EXTRA_COMPILER_FLAGS=-mcpu=cortex-a9 -mfpu=vfpv3 -mfloat-abi=hard -nost
TRACE::2025-03-24.09:15:56::SCWMssOS::artfiles -g -Wall -Wextra -fno-tree-loop-distribute-patterns"

TRACE::2025-03-24.09:15:56::SCWMssOS::"Running Make include in ps7_cortexa9_0/libsrc/sdps_v4_3/src"

TRACE::2025-03-24.09:15:56::SCWMssOS::make -C ps7_cortexa9_0/libsrc/sdps_v4_3/src -s include  "SHELL=CMD" "COMPILER=arm-none-eabi-gcc" "ASSEMBLER=arm-none-eabi-as" "
TRACE::2025-03-24.09:15:56::SCWMssOS::ARCHIVER=arm-none-eabi-ar" "COMPILER_FLAGS=  -O2 -c" "EXTRA_COMPILER_FLAGS=-mcpu=cortex-a9 -mfpu=vfpv3 -mfloat-abi=hard -nostar
TRACE::2025-03-24.09:15:56::SCWMssOS::tfiles -g -Wall -Wextra -fno-tree-loop-distribute-patterns"

TRACE::2025-03-24.09:15:56::SCWMssOS::"Running Make include in ps7_cortexa9_0/libsrc/standalone_v9_1/src"

TRACE::2025-03-24.09:15:56::SCWMssOS::make -C ps7_cortexa9_0/libsrc/standalone_v9_1/src -s include  "SHELL=CMD" "COMPILER=arm-none-eabi-gcc" "ASSEMBLER=arm-none-eabi
TRACE::2025-03-24.09:15:56::SCWMssOS::-as" "ARCHIVER=arm-none-eabi-ar" "COMPILER_FLAGS=  -O2 -c" "EXTRA_COMPILER_FLAGS=-mcpu=cortex-a9 -mfpu=vfpv3 -mfloat-abi=hard -
TRACE::2025-03-24.09:15:56::SCWMssOS::nostartfiles -g -Wall -Wextra -fno-tree-loop-distribute-patterns"

TRACE::2025-03-24.09:15:57::SCWMssOS::"Running Make include in ps7_cortexa9_0/libsrc/uartps_v3_14/src"

TRACE::2025-03-24.09:15:57::SCWMssOS::make -C ps7_cortexa9_0/libsrc/uartps_v3_14/src -s include  "SHELL=CMD" "COMPILER=arm-none-eabi-gcc" "ASSEMBLER=arm-none-eabi-as
TRACE::2025-03-24.09:15:57::SCWMssOS::" "ARCHIVER=arm-none-eabi-ar" "COMPILER_FLAGS=  -O2 -c" "EXTRA_COMPILER_FLAGS=-mcpu=cortex-a9 -mfpu=vfpv3 -mfloat-abi=hard -nos
TRACE::2025-03-24.09:15:57::SCWMssOS::tartfiles -g -Wall -Wextra -fno-tree-loop-distribute-patterns"

TRACE::2025-03-24.09:15:57::SCWMssOS::"Running Make include in ps7_cortexa9_0/libsrc/usbps_v2_9/src"

TRACE::2025-03-24.09:15:57::SCWMssOS::make -C ps7_cortexa9_0/libsrc/usbps_v2_9/src -s include  "SHELL=CMD" "COMPILER=arm-none-eabi-gcc" "ASSEMBLER=arm-none-eabi-as" 
TRACE::2025-03-24.09:15:57::SCWMssOS::"ARCHIVER=arm-none-eabi-ar" "COMPILER_FLAGS=  -O2 -c" "EXTRA_COMPILER_FLAGS=-mcpu=cortex-a9 -mfpu=vfpv3 -mfloat-abi=hard -nosta
TRACE::2025-03-24.09:15:57::SCWMssOS::rtfiles -g -Wall -Wextra -fno-tree-loop-distribute-patterns"

TRACE::2025-03-24.09:15:57::SCWMssOS::"Running Make include in ps7_cortexa9_0/libsrc/xadcps_v2_7/src"

TRACE::2025-03-24.09:15:57::SCWMssOS::make -C ps7_cortexa9_0/libsrc/xadcps_v2_7/src -s include  "SHELL=CMD" "COMPILER=arm-none-eabi-gcc" "ASSEMBLER=arm-none-eabi-as"
TRACE::2025-03-24.09:15:57::SCWMssOS:: "ARCHIVER=arm-none-eabi-ar" "COMPILER_FLAGS=  -O2 -c" "EXTRA_COMPILER_FLAGS=-mcpu=cortex-a9 -mfpu=vfpv3 -mfloat-abi=hard -nost
TRACE::2025-03-24.09:15:57::SCWMssOS::artfiles -g -Wall -Wextra -fno-tree-loop-distribute-patterns"

TRACE::2025-03-24.09:15:58::SCWMssOS::"Running Make libs in ps7_cortexa9_0/libsrc/eFPGA_AXI_Core1_v1_0/src"

TRACE::2025-03-24.09:15:58::SCWMssOS::make -C ps7_cortexa9_0/libsrc/eFPGA_AXI_Core1_v1_0/src -s libs  "SHELL=CMD" "COMPILER=arm-none-eabi-gcc" "ASSEMBLER=arm-none-ea
TRACE::2025-03-24.09:15:58::SCWMssOS::bi-as" "ARCHIVER=arm-none-eabi-ar" "COMPILER_FLAGS=  -O2 -c" "EXTRA_COMPILER_FLAGS=-mcpu=cortex-a9 -mfpu=vfpv3 -mfloat-abi=hard
TRACE::2025-03-24.09:15:58::SCWMssOS:: -nostartfiles -g -Wall -Wextra -fno-tree-loop-distribute-patterns"

TRACE::2025-03-24.09:15:58::SCWMssOS::'Finished building libraries sequentially.'

TRACE::2025-03-24.09:15:58::SCWMssOS::make -j 6 --no-print-directory par_libs

TRACE::2025-03-24.09:15:58::SCWMssOS::"Running Make include in ps7_cortexa9_0/libsrc/coresightps_dcc_v1_10/src"

TRACE::2025-03-24.09:15:58::SCWMssOS::make -C ps7_cortexa9_0/libsrc/coresightps_dcc_v1_10/src -s include  "SHELL=CMD" "COMPILER=arm-none-eabi-gcc" "ASSEMBLER=arm-non
TRACE::2025-03-24.09:15:58::SCWMssOS::e-eabi-as" "ARCHIVER=arm-none-eabi-ar" "COMPILER_FLAGS=  -O2 -c" "EXTRA_COMPILER_FLAGS=-mcpu=cortex-a9 -mfpu=vfpv3 -mfloat-abi=
TRACE::2025-03-24.09:15:58::SCWMssOS::hard -nostartfiles -g -Wall -Wextra -fno-tree-loop-distribute-patterns"

TRACE::2025-03-24.09:15:58::SCWMssOS::"Running Make include in ps7_cortexa9_0/libsrc/cpu_cortexa9_v2_12/src"

TRACE::2025-03-24.09:15:58::SCWMssOS::make -C ps7_cortexa9_0/libsrc/cpu_cortexa9_v2_12/src -s include  "SHELL=CMD" "COMPILER=arm-none-eabi-gcc" "ASSEMBLER=arm-none-e
TRACE::2025-03-24.09:15:58::SCWMssOS::abi-as" "ARCHIVER=arm-none-eabi-ar" "COMPILER_FLAGS=  -O2 -c" "EXTRA_COMPILER_FLAGS=-mcpu=cortex-a9 -mfpu=vfpv3 -mfloat-abi=har
TRACE::2025-03-24.09:15:58::SCWMssOS::d -nostartfiles -g -Wall -Wextra -fno-tree-loop-distribute-patterns"

TRACE::2025-03-24.09:15:58::SCWMssOS::"Running Make include in ps7_cortexa9_0/libsrc/ddrps_v1_2/src"

TRACE::2025-03-24.09:15:58::SCWMssOS::make -C ps7_cortexa9_0/libsrc/ddrps_v1_2/src -s include  "SHELL=CMD" "COMPILER=arm-none-eabi-gcc" "ASSEMBLER=arm-none-eabi-as" 
TRACE::2025-03-24.09:15:58::SCWMssOS::"ARCHIVER=arm-none-eabi-ar" "COMPILER_FLAGS=  -O2 -c" "EXTRA_COMPILER_FLAGS=-mcpu=cortex-a9 -mfpu=vfpv3 -mfloat-abi=hard -nosta
TRACE::2025-03-24.09:15:58::SCWMssOS::rtfiles -g -Wall -Wextra -fno-tree-loop-distribute-patterns"

TRACE::2025-03-24.09:15:58::SCWMssOS::"Running Make include in ps7_cortexa9_0/libsrc/devcfg_v3_8/src"

TRACE::2025-03-24.09:15:58::SCWMssOS::make -C ps7_cortexa9_0/libsrc/devcfg_v3_8/src -s include  "SHELL=CMD" "COMPILER=arm-none-eabi-gcc" "ASSEMBLER=arm-none-eabi-as"
TRACE::2025-03-24.09:15:58::SCWMssOS:: "ARCHIVER=arm-none-eabi-ar" "COMPILER_FLAGS=  -O2 -c" "EXTRA_COMPILER_FLAGS=-mcpu=cortex-a9 -mfpu=vfpv3 -mfloat-abi=hard -nost
TRACE::2025-03-24.09:15:58::SCWMssOS::artfiles -g -Wall -Wextra -fno-tree-loop-distribute-patterns"

TRACE::2025-03-24.09:15:58::SCWMssOS::"Running Make include in ps7_cortexa9_0/libsrc/dmaps_v2_10/src"

TRACE::2025-03-24.09:15:58::SCWMssOS::make -C ps7_cortexa9_0/libsrc/dmaps_v2_10/src -s include  "SHELL=CMD" "COMPILER=arm-none-eabi-gcc" "ASSEMBLER=arm-none-eabi-as"
TRACE::2025-03-24.09:15:58::SCWMssOS:: "ARCHIVER=arm-none-eabi-ar" "COMPILER_FLAGS=  -O2 -c" "EXTRA_COMPILER_FLAGS=-mcpu=cortex-a9 -mfpu=vfpv3 -mfloat-abi=hard -nost
TRACE::2025-03-24.09:15:58::SCWMssOS::artfiles -g -Wall -Wextra -fno-tree-loop-distribute-patterns"

TRACE::2025-03-24.09:15:58::SCWMssOS::"Running Make include in ps7_cortexa9_0/libsrc/eFPGA_AXI_Core1_v1_0/src"

TRACE::2025-03-24.09:15:58::SCWMssOS::make -C ps7_cortexa9_0/libsrc/eFPGA_AXI_Core1_v1_0/src -s include  "SHELL=CMD" "COMPILER=arm-none-eabi-gcc" "ASSEMBLER=arm-none
TRACE::2025-03-24.09:15:58::SCWMssOS::-eabi-as" "ARCHIVER=arm-none-eabi-ar" "COMPILER_FLAGS=  -O2 -c" "EXTRA_COMPILER_FLAGS=-mcpu=cortex-a9 -mfpu=vfpv3 -mfloat-abi=h
TRACE::2025-03-24.09:15:58::SCWMssOS::ard -nostartfiles -g -Wall -Wextra -fno-tree-loop-distribute-patterns"

TRACE::2025-03-24.09:15:58::SCWMssOS::"Running Make include in ps7_cortexa9_0/libsrc/emacps_v3_20/src"

TRACE::2025-03-24.09:15:58::SCWMssOS::make -C ps7_cortexa9_0/libsrc/emacps_v3_20/src -s include  "SHELL=CMD" "COMPILER=arm-none-eabi-gcc" "ASSEMBLER=arm-none-eabi-as
TRACE::2025-03-24.09:15:58::SCWMssOS::" "ARCHIVER=arm-none-eabi-ar" "COMPILER_FLAGS=  -O2 -c" "EXTRA_COMPILER_FLAGS=-mcpu=cortex-a9 -mfpu=vfpv3 -mfloat-abi=hard -nos
TRACE::2025-03-24.09:15:58::SCWMssOS::tartfiles -g -Wall -Wextra -fno-tree-loop-distribute-patterns"

TRACE::2025-03-24.09:15:58::SCWMssOS::"Running Make include in ps7_cortexa9_0/libsrc/gpiops_v3_13/src"

TRACE::2025-03-24.09:15:58::SCWMssOS::make -C ps7_cortexa9_0/libsrc/gpiops_v3_13/src -s include  "SHELL=CMD" "COMPILER=arm-none-eabi-gcc" "ASSEMBLER=arm-none-eabi-as
TRACE::2025-03-24.09:15:58::SCWMssOS::" "ARCHIVER=arm-none-eabi-ar" "COMPILER_FLAGS=  -O2 -c" "EXTRA_COMPILER_FLAGS=-mcpu=cortex-a9 -mfpu=vfpv3 -mfloat-abi=hard -nos
TRACE::2025-03-24.09:15:58::SCWMssOS::tartfiles -g -Wall -Wextra -fno-tree-loop-distribute-patterns"

TRACE::2025-03-24.09:15:58::SCWMssOS::"Running Make include in ps7_cortexa9_0/libsrc/qspips_v3_12/src"

TRACE::2025-03-24.09:15:58::SCWMssOS::make -C ps7_cortexa9_0/libsrc/qspips_v3_12/src -s include  "SHELL=CMD" "COMPILER=arm-none-eabi-gcc" "ASSEMBLER=arm-none-eabi-as
TRACE::2025-03-24.09:15:58::SCWMssOS::" "ARCHIVER=arm-none-eabi-ar" "COMPILER_FLAGS=  -O2 -c" "EXTRA_COMPILER_FLAGS=-mcpu=cortex-a9 -mfpu=vfpv3 -mfloat-abi=hard -nos
TRACE::2025-03-24.09:15:58::SCWMssOS::tartfiles -g -Wall -Wextra -fno-tree-loop-distribute-patterns"

TRACE::2025-03-24.09:15:58::SCWMssOS::"Running Make include in ps7_cortexa9_0/libsrc/scugic_v5_3/src"

TRACE::2025-03-24.09:15:58::SCWMssOS::make -C ps7_cortexa9_0/libsrc/scugic_v5_3/src -s include  "SHELL=CMD" "COMPILER=arm-none-eabi-gcc" "ASSEMBLER=arm-none-eabi-as"
TRACE::2025-03-24.09:15:58::SCWMssOS:: "ARCHIVER=arm-none-eabi-ar" "COMPILER_FLAGS=  -O2 -c" "EXTRA_COMPILER_FLAGS=-mcpu=cortex-a9 -mfpu=vfpv3 -mfloat-abi=hard -nost
TRACE::2025-03-24.09:15:58::SCWMssOS::artfiles -g -Wall -Wextra -fno-tree-loop-distribute-patterns"

TRACE::2025-03-24.09:15:58::SCWMssOS::"Running Make include in ps7_cortexa9_0/libsrc/scutimer_v2_6/src"

TRACE::2025-03-24.09:15:58::SCWMssOS::make -C ps7_cortexa9_0/libsrc/scutimer_v2_6/src -s include  "SHELL=CMD" "COMPILER=arm-none-eabi-gcc" "ASSEMBLER=arm-none-eabi-a
TRACE::2025-03-24.09:15:58::SCWMssOS::s" "ARCHIVER=arm-none-eabi-ar" "COMPILER_FLAGS=  -O2 -c" "EXTRA_COMPILER_FLAGS=-mcpu=cortex-a9 -mfpu=vfpv3 -mfloat-abi=hard -no
TRACE::2025-03-24.09:15:58::SCWMssOS::startfiles -g -Wall -Wextra -fno-tree-loop-distribute-patterns"

TRACE::2025-03-24.09:15:58::SCWMssOS::"Running Make include in ps7_cortexa9_0/libsrc/scuwdt_v2_5/src"

TRACE::2025-03-24.09:15:58::SCWMssOS::make -C ps7_cortexa9_0/libsrc/scuwdt_v2_5/src -s include  "SHELL=CMD" "COMPILER=arm-none-eabi-gcc" "ASSEMBLER=arm-none-eabi-as"
TRACE::2025-03-24.09:15:58::SCWMssOS:: "ARCHIVER=arm-none-eabi-ar" "COMPILER_FLAGS=  -O2 -c" "EXTRA_COMPILER_FLAGS=-mcpu=cortex-a9 -mfpu=vfpv3 -mfloat-abi=hard -nost
TRACE::2025-03-24.09:15:58::SCWMssOS::artfiles -g -Wall -Wextra -fno-tree-loop-distribute-patterns"

TRACE::2025-03-24.09:15:58::SCWMssOS::"Running Make include in ps7_cortexa9_0/libsrc/sdps_v4_3/src"

TRACE::2025-03-24.09:15:58::SCWMssOS::make -C ps7_cortexa9_0/libsrc/sdps_v4_3/src -s include  "SHELL=CMD" "COMPILER=arm-none-eabi-gcc" "ASSEMBLER=arm-none-eabi-as" "
TRACE::2025-03-24.09:15:58::SCWMssOS::ARCHIVER=arm-none-eabi-ar" "COMPILER_FLAGS=  -O2 -c" "EXTRA_COMPILER_FLAGS=-mcpu=cortex-a9 -mfpu=vfpv3 -mfloat-abi=hard -nostar
TRACE::2025-03-24.09:15:58::SCWMssOS::tfiles -g -Wall -Wextra -fno-tree-loop-distribute-patterns"

TRACE::2025-03-24.09:15:58::SCWMssOS::"Running Make include in ps7_cortexa9_0/libsrc/standalone_v9_1/src"

TRACE::2025-03-24.09:15:58::SCWMssOS::make -C ps7_cortexa9_0/libsrc/standalone_v9_1/src -s include  "SHELL=CMD" "COMPILER=arm-none-eabi-gcc" "ASSEMBLER=arm-none-eabi
TRACE::2025-03-24.09:15:58::SCWMssOS::-as" "ARCHIVER=arm-none-eabi-ar" "COMPILER_FLAGS=  -O2 -c" "EXTRA_COMPILER_FLAGS=-mcpu=cortex-a9 -mfpu=vfpv3 -mfloat-abi=hard -
TRACE::2025-03-24.09:15:58::SCWMssOS::nostartfiles -g -Wall -Wextra -fno-tree-loop-distribute-patterns"

TRACE::2025-03-24.09:15:58::SCWMssOS::"Running Make include in ps7_cortexa9_0/libsrc/uartps_v3_14/src"

TRACE::2025-03-24.09:15:58::SCWMssOS::make -C ps7_cortexa9_0/libsrc/uartps_v3_14/src -s include  "SHELL=CMD" "COMPILER=arm-none-eabi-gcc" "ASSEMBLER=arm-none-eabi-as
TRACE::2025-03-24.09:15:58::SCWMssOS::" "ARCHIVER=arm-none-eabi-ar" "COMPILER_FLAGS=  -O2 -c" "EXTRA_COMPILER_FLAGS=-mcpu=cortex-a9 -mfpu=vfpv3 -mfloat-abi=hard -nos
TRACE::2025-03-24.09:15:58::SCWMssOS::tartfiles -g -Wall -Wextra -fno-tree-loop-distribute-patterns"

TRACE::2025-03-24.09:15:58::SCWMssOS::"Running Make include in ps7_cortexa9_0/libsrc/usbps_v2_9/src"

TRACE::2025-03-24.09:15:58::SCWMssOS::make -C ps7_cortexa9_0/libsrc/usbps_v2_9/src -s include  "SHELL=CMD" "COMPILER=arm-none-eabi-gcc" "ASSEMBLER=arm-none-eabi-as" 
TRACE::2025-03-24.09:15:58::SCWMssOS::"ARCHIVER=arm-none-eabi-ar" "COMPILER_FLAGS=  -O2 -c" "EXTRA_COMPILER_FLAGS=-mcpu=cortex-a9 -mfpu=vfpv3 -mfloat-abi=hard -nosta
TRACE::2025-03-24.09:15:58::SCWMssOS::rtfiles -g -Wall -Wextra -fno-tree-loop-distribute-patterns"

TRACE::2025-03-24.09:15:58::SCWMssOS::"Running Make include in ps7_cortexa9_0/libsrc/xadcps_v2_7/src"

TRACE::2025-03-24.09:15:58::SCWMssOS::make -C ps7_cortexa9_0/libsrc/xadcps_v2_7/src -s include  "SHELL=CMD" "COMPILER=arm-none-eabi-gcc" "ASSEMBLER=arm-none-eabi-as"
TRACE::2025-03-24.09:15:58::SCWMssOS:: "ARCHIVER=arm-none-eabi-ar" "COMPILER_FLAGS=  -O2 -c" "EXTRA_COMPILER_FLAGS=-mcpu=cortex-a9 -mfpu=vfpv3 -mfloat-abi=hard -nost
TRACE::2025-03-24.09:15:58::SCWMssOS::artfiles -g -Wall -Wextra -fno-tree-loop-distribute-patterns"

TRACE::2025-03-24.09:15:58::SCWMssOS::"Running Make libs in ps7_cortexa9_0/libsrc/coresightps_dcc_v1_10/src"

TRACE::2025-03-24.09:15:58::SCWMssOS::make -C ps7_cortexa9_0/libsrc/coresightps_dcc_v1_10/src -s libs  "SHELL=CMD" "COMPILER=arm-none-eabi-gcc" "ASSEMBLER=arm-none-e
TRACE::2025-03-24.09:15:58::SCWMssOS::abi-as" "ARCHIVER=arm-none-eabi-ar" "COMPILER_FLAGS=  -O2 -c" "EXTRA_COMPILER_FLAGS=-mcpu=cortex-a9 -mfpu=vfpv3 -mfloat-abi=har
TRACE::2025-03-24.09:15:58::SCWMssOS::d -nostartfiles -g -Wall -Wextra -fno-tree-loop-distribute-patterns"

TRACE::2025-03-24.09:15:58::SCWMssOS::"Running Make libs in ps7_cortexa9_0/libsrc/cpu_cortexa9_v2_12/src"

TRACE::2025-03-24.09:15:58::SCWMssOS::make -C ps7_cortexa9_0/libsrc/cpu_cortexa9_v2_12/src -s libs  "SHELL=CMD" "COMPILER=arm-none-eabi-gcc" "ASSEMBLER=arm-none-eabi
TRACE::2025-03-24.09:15:58::SCWMssOS::-as" "ARCHIVER=arm-none-eabi-ar" "COMPILER_FLAGS=  -O2 -c" "EXTRA_COMPILER_FLAGS=-mcpu=cortex-a9 -mfpu=vfpv3 -mfloat-abi=hard -
TRACE::2025-03-24.09:15:58::SCWMssOS::nostartfiles -g -Wall -Wextra -fno-tree-loop-distribute-patterns"

TRACE::2025-03-24.09:15:58::SCWMssOS::"Running Make libs in ps7_cortexa9_0/libsrc/ddrps_v1_2/src"

TRACE::2025-03-24.09:15:58::SCWMssOS::make -C ps7_cortexa9_0/libsrc/ddrps_v1_2/src -s libs  "SHELL=CMD" "COMPILER=arm-none-eabi-gcc" "ASSEMBLER=arm-none-eabi-as" "AR
TRACE::2025-03-24.09:15:58::SCWMssOS::CHIVER=arm-none-eabi-ar" "COMPILER_FLAGS=  -O2 -c" "EXTRA_COMPILER_FLAGS=-mcpu=cortex-a9 -mfpu=vfpv3 -mfloat-abi=hard -nostartf
TRACE::2025-03-24.09:15:58::SCWMssOS::iles -g -Wall -Wextra -fno-tree-loop-distribute-patterns"

TRACE::2025-03-24.09:15:58::SCWMssOS::"Running Make libs in ps7_cortexa9_0/libsrc/devcfg_v3_8/src"

TRACE::2025-03-24.09:15:58::SCWMssOS::make -C ps7_cortexa9_0/libsrc/devcfg_v3_8/src -s libs  "SHELL=CMD" "COMPILER=arm-none-eabi-gcc" "ASSEMBLER=arm-none-eabi-as" "A
TRACE::2025-03-24.09:15:58::SCWMssOS::RCHIVER=arm-none-eabi-ar" "COMPILER_FLAGS=  -O2 -c" "EXTRA_COMPILER_FLAGS=-mcpu=cortex-a9 -mfpu=vfpv3 -mfloat-abi=hard -nostart
TRACE::2025-03-24.09:15:58::SCWMssOS::files -g -Wall -Wextra -fno-tree-loop-distribute-patterns"

TRACE::2025-03-24.09:15:58::SCWMssOS::"Running Make libs in ps7_cortexa9_0/libsrc/dmaps_v2_10/src"

TRACE::2025-03-24.09:15:58::SCWMssOS::make -C ps7_cortexa9_0/libsrc/dmaps_v2_10/src -s libs  "SHELL=CMD" "COMPILER=arm-none-eabi-gcc" "ASSEMBLER=arm-none-eabi-as" "A
TRACE::2025-03-24.09:15:58::SCWMssOS::RCHIVER=arm-none-eabi-ar" "COMPILER_FLAGS=  -O2 -c" "EXTRA_COMPILER_FLAGS=-mcpu=cortex-a9 -mfpu=vfpv3 -mfloat-abi=hard -nostart
TRACE::2025-03-24.09:15:58::SCWMssOS::files -g -Wall -Wextra -fno-tree-loop-distribute-patterns"

TRACE::2025-03-24.09:15:58::SCWMssOS::"Running Make libs in ps7_cortexa9_0/libsrc/emacps_v3_20/src"

TRACE::2025-03-24.09:15:58::SCWMssOS::make -C ps7_cortexa9_0/libsrc/emacps_v3_20/src -s libs  "SHELL=CMD" "COMPILER=arm-none-eabi-gcc" "ASSEMBLER=arm-none-eabi-as" "
TRACE::2025-03-24.09:15:58::SCWMssOS::ARCHIVER=arm-none-eabi-ar" "COMPILER_FLAGS=  -O2 -c" "EXTRA_COMPILER_FLAGS=-mcpu=cortex-a9 -mfpu=vfpv3 -mfloat-abi=hard -nostar
TRACE::2025-03-24.09:15:58::SCWMssOS::tfiles -g -Wall -Wextra -fno-tree-loop-distribute-patterns"

TRACE::2025-03-24.09:15:58::SCWMssOS::"Running Make libs in ps7_cortexa9_0/libsrc/gpiops_v3_13/src"

TRACE::2025-03-24.09:15:58::SCWMssOS::make -C ps7_cortexa9_0/libsrc/gpiops_v3_13/src -s libs  "SHELL=CMD" "COMPILER=arm-none-eabi-gcc" "ASSEMBLER=arm-none-eabi-as" "
TRACE::2025-03-24.09:15:58::SCWMssOS::ARCHIVER=arm-none-eabi-ar" "COMPILER_FLAGS=  -O2 -c" "EXTRA_COMPILER_FLAGS=-mcpu=cortex-a9 -mfpu=vfpv3 -mfloat-abi=hard -nostar
TRACE::2025-03-24.09:15:58::SCWMssOS::tfiles -g -Wall -Wextra -fno-tree-loop-distribute-patterns"

TRACE::2025-03-24.09:15:59::SCWMssOS::"Running Make libs in ps7_cortexa9_0/libsrc/qspips_v3_12/src"

TRACE::2025-03-24.09:15:59::SCWMssOS::make -C ps7_cortexa9_0/libsrc/qspips_v3_12/src -s libs  "SHELL=CMD" "COMPILER=arm-none-eabi-gcc" "ASSEMBLER=arm-none-eabi-as" "
TRACE::2025-03-24.09:15:59::SCWMssOS::ARCHIVER=arm-none-eabi-ar" "COMPILER_FLAGS=  -O2 -c" "EXTRA_COMPILER_FLAGS=-mcpu=cortex-a9 -mfpu=vfpv3 -mfloat-abi=hard -nostar
TRACE::2025-03-24.09:15:59::SCWMssOS::tfiles -g -Wall -Wextra -fno-tree-loop-distribute-patterns"

TRACE::2025-03-24.09:15:59::SCWMssOS::"Running Make libs in ps7_cortexa9_0/libsrc/scugic_v5_3/src"

TRACE::2025-03-24.09:15:59::SCWMssOS::make -C ps7_cortexa9_0/libsrc/scugic_v5_3/src -s libs  "SHELL=CMD" "COMPILER=arm-none-eabi-gcc" "ASSEMBLER=arm-none-eabi-as" "A
TRACE::2025-03-24.09:15:59::SCWMssOS::RCHIVER=arm-none-eabi-ar" "COMPILER_FLAGS=  -O2 -c" "EXTRA_COMPILER_FLAGS=-mcpu=cortex-a9 -mfpu=vfpv3 -mfloat-abi=hard -nostart
TRACE::2025-03-24.09:15:59::SCWMssOS::files -g -Wall -Wextra -fno-tree-loop-distribute-patterns"

TRACE::2025-03-24.09:16:00::SCWMssOS::"Running Make libs in ps7_cortexa9_0/libsrc/scutimer_v2_6/src"

TRACE::2025-03-24.09:16:00::SCWMssOS::make -C ps7_cortexa9_0/libsrc/scutimer_v2_6/src -s libs  "SHELL=CMD" "COMPILER=arm-none-eabi-gcc" "ASSEMBLER=arm-none-eabi-as" 
TRACE::2025-03-24.09:16:00::SCWMssOS::"ARCHIVER=arm-none-eabi-ar" "COMPILER_FLAGS=  -O2 -c" "EXTRA_COMPILER_FLAGS=-mcpu=cortex-a9 -mfpu=vfpv3 -mfloat-abi=hard -nosta
TRACE::2025-03-24.09:16:00::SCWMssOS::rtfiles -g -Wall -Wextra -fno-tree-loop-distribute-patterns"

TRACE::2025-03-24.09:16:00::SCWMssOS::"Running Make libs in ps7_cortexa9_0/libsrc/scuwdt_v2_5/src"

TRACE::2025-03-24.09:16:00::SCWMssOS::make -C ps7_cortexa9_0/libsrc/scuwdt_v2_5/src -s libs  "SHELL=CMD" "COMPILER=arm-none-eabi-gcc" "ASSEMBLER=arm-none-eabi-as" "A
TRACE::2025-03-24.09:16:00::SCWMssOS::RCHIVER=arm-none-eabi-ar" "COMPILER_FLAGS=  -O2 -c" "EXTRA_COMPILER_FLAGS=-mcpu=cortex-a9 -mfpu=vfpv3 -mfloat-abi=hard -nostart
TRACE::2025-03-24.09:16:00::SCWMssOS::files -g -Wall -Wextra -fno-tree-loop-distribute-patterns"

TRACE::2025-03-24.09:16:00::SCWMssOS::"Running Make libs in ps7_cortexa9_0/libsrc/sdps_v4_3/src"

TRACE::2025-03-24.09:16:00::SCWMssOS::make -C ps7_cortexa9_0/libsrc/sdps_v4_3/src -s libs  "SHELL=CMD" "COMPILER=arm-none-eabi-gcc" "ASSEMBLER=arm-none-eabi-as" "ARC
TRACE::2025-03-24.09:16:00::SCWMssOS::HIVER=arm-none-eabi-ar" "COMPILER_FLAGS=  -O2 -c" "EXTRA_COMPILER_FLAGS=-mcpu=cortex-a9 -mfpu=vfpv3 -mfloat-abi=hard -nostartfi
TRACE::2025-03-24.09:16:00::SCWMssOS::les -g -Wall -Wextra -fno-tree-loop-distribute-patterns"

TRACE::2025-03-24.09:16:00::SCWMssOS::"Running Make libs in ps7_cortexa9_0/libsrc/standalone_v9_1/src"

TRACE::2025-03-24.09:16:00::SCWMssOS::make -C ps7_cortexa9_0/libsrc/standalone_v9_1/src -s libs  "SHELL=CMD" "COMPILER=arm-none-eabi-gcc" "ASSEMBLER=arm-none-eabi-as
TRACE::2025-03-24.09:16:00::SCWMssOS::" "ARCHIVER=arm-none-eabi-ar" "COMPILER_FLAGS=  -O2 -c" "EXTRA_COMPILER_FLAGS=-mcpu=cortex-a9 -mfpu=vfpv3 -mfloat-abi=hard -nos
TRACE::2025-03-24.09:16:00::SCWMssOS::tartfiles -g -Wall -Wextra -fno-tree-loop-distribute-patterns"

TRACE::2025-03-24.09:16:00::SCWMssOS::"Running Make libs in ps7_cortexa9_0/libsrc/uartps_v3_14/src"

TRACE::2025-03-24.09:16:00::SCWMssOS::make -C ps7_cortexa9_0/libsrc/uartps_v3_14/src -s libs  "SHELL=CMD" "COMPILER=arm-none-eabi-gcc" "ASSEMBLER=arm-none-eabi-as" "
TRACE::2025-03-24.09:16:00::SCWMssOS::ARCHIVER=arm-none-eabi-ar" "COMPILER_FLAGS=  -O2 -c" "EXTRA_COMPILER_FLAGS=-mcpu=cortex-a9 -mfpu=vfpv3 -mfloat-abi=hard -nostar
TRACE::2025-03-24.09:16:00::SCWMssOS::tfiles -g -Wall -Wextra -fno-tree-loop-distribute-patterns"

TRACE::2025-03-24.09:16:00::SCWMssOS::"Running Make libs in ps7_cortexa9_0/libsrc/usbps_v2_9/src"

TRACE::2025-03-24.09:16:00::SCWMssOS::make -C ps7_cortexa9_0/libsrc/usbps_v2_9/src -s libs  "SHELL=CMD" "COMPILER=arm-none-eabi-gcc" "ASSEMBLER=arm-none-eabi-as" "AR
TRACE::2025-03-24.09:16:00::SCWMssOS::CHIVER=arm-none-eabi-ar" "COMPILER_FLAGS=  -O2 -c" "EXTRA_COMPILER_FLAGS=-mcpu=cortex-a9 -mfpu=vfpv3 -mfloat-abi=hard -nostartf
TRACE::2025-03-24.09:16:00::SCWMssOS::iles -g -Wall -Wextra -fno-tree-loop-distribute-patterns"

TRACE::2025-03-24.09:16:00::SCWMssOS::"Running Make libs in ps7_cortexa9_0/libsrc/xadcps_v2_7/src"

TRACE::2025-03-24.09:16:00::SCWMssOS::make -C ps7_cortexa9_0/libsrc/xadcps_v2_7/src -s libs  "SHELL=CMD" "COMPILER=arm-none-eabi-gcc" "ASSEMBLER=arm-none-eabi-as" "A
TRACE::2025-03-24.09:16:00::SCWMssOS::RCHIVER=arm-none-eabi-ar" "COMPILER_FLAGS=  -O2 -c" "EXTRA_COMPILER_FLAGS=-mcpu=cortex-a9 -mfpu=vfpv3 -mfloat-abi=hard -nostart
TRACE::2025-03-24.09:16:00::SCWMssOS::files -g -Wall -Wextra -fno-tree-loop-distribute-patterns"

TRACE::2025-03-24.09:16:02::SCWMssOS::'Finished building libraries parallelly.'

TRACE::2025-03-24.09:16:02::SCWMssOS::make --no-print-directory archive

TRACE::2025-03-24.09:16:02::SCWMssOS::arm-none-eabi-ar -r  ps7_cortexa9_0/lib/libxil.a ps7_cortexa9_0/lib/_exit.o ps7_cortexa9_0/lib/_open.o ps7_cortexa9_0/lib/_sbrk
TRACE::2025-03-24.09:16:02::SCWMssOS::.o ps7_cortexa9_0/lib/abort.o ps7_cortexa9_0/lib/asm_vectors.o ps7_cortexa9_0/lib/boot.o ps7_cortexa9_0/lib/close.o ps7_cortexa
TRACE::2025-03-24.09:16:02::SCWMssOS::9_0/lib/cpputest_time.o ps7_cortexa9_0/lib/cpu_init.o ps7_cortexa9_0/lib/eFPGA_AXI_Core1.o ps7_cortexa9_0/lib/eFPGA_AXI_Core1_s
TRACE::2025-03-24.09:16:02::SCWMssOS::elftest.o ps7_cortexa9_0/lib/errno.o ps7_cortexa9_0/lib/fcntl.o ps7_cortexa9_0/lib/fstat.o ps7_cortexa9_0/lib/getentropy.o ps7_
TRACE::2025-03-24.09:16:02::SCWMssOS::cortexa9_0/lib/getpid.o ps7_cortexa9_0/lib/inbyte.o ps7_cortexa9_0/lib/isatty.o ps7_cortexa9_0/lib/kill.o ps7_cortexa9_0/lib/ls
TRACE::2025-03-24.09:16:02::SCWMssOS::eek.o ps7_cortexa9_0/lib/open.o ps7_cortexa9_0/lib/outbyte.o ps7_cortexa9_0/lib/print.o ps7_cortexa9_0/lib/putnum.o ps7_cortexa
TRACE::2025-03-24.09:16:02::SCWMssOS::9_0/lib/read.o ps7_cortexa9_0/lib/sbrk.o ps7_cortexa9_0/lib/sleep.o ps7_cortexa9_0/lib/time.o ps7_cortexa9_0/lib/translation_ta
TRACE::2025-03-24.09:16:02::SCWMssOS::ble.o ps7_cortexa9_0/lib/unlink.o ps7_cortexa9_0/lib/usleep.o ps7_cortexa9_0/lib/vectors.o ps7_cortexa9_0/lib/write.o ps7_corte
TRACE::2025-03-24.09:16:02::SCWMssOS::xa9_0/lib/xadcps.o ps7_cortexa9_0/lib/xadcps_g.o ps7_cortexa9_0/lib/xadcps_intr.o ps7_cortexa9_0/lib/xadcps_selftest.o ps7_cort
TRACE::2025-03-24.09:16:02::SCWMssOS::exa9_0/lib/xadcps_sinit.o ps7_cortexa9_0/lib/xcoresightpsdcc.o ps7_cortexa9_0/lib/xdevcfg.o ps7_cortexa9_0/lib/xdevcfg_g.o ps7_
TRACE::2025-03-24.09:16:02::SCWMssOS::cortexa9_0/lib/xdevcfg_hw.o ps7_cortexa9_0/lib/xdevcfg_intr.o ps7_cortexa9_0/lib/xdevcfg_selftest.o ps7_cortexa9_0/lib/xdevcfg_
TRACE::2025-03-24.09:16:02::SCWMssOS::sinit.o ps7_cortexa9_0/lib/xdmaps.o ps7_cortexa9_0/lib/xdmaps_g.o ps7_cortexa9_0/lib/xdmaps_hw.o ps7_cortexa9_0/lib/xdmaps_self
TRACE::2025-03-24.09:16:02::SCWMssOS::test.o ps7_cortexa9_0/lib/xdmaps_sinit.o ps7_cortexa9_0/lib/xemacps.o ps7_cortexa9_0/lib/xemacps_bdring.o ps7_cortexa9_0/lib/xe
TRACE::2025-03-24.09:16:02::SCWMssOS::macps_control.o ps7_cortexa9_0/lib/xemacps_g.o ps7_cortexa9_0/lib/xemacps_hw.o ps7_cortexa9_0/lib/xemacps_intr.o ps7_cortexa9_0
TRACE::2025-03-24.09:16:02::SCWMssOS::/lib/xemacps_sinit.o ps7_cortexa9_0/lib/xgpiops.o ps7_cortexa9_0/lib/xgpiops_g.o ps7_cortexa9_0/lib/xgpiops_hw.o ps7_cortexa9_0
TRACE::2025-03-24.09:16:02::SCWMssOS::/lib/xgpiops_intr.o ps7_cortexa9_0/lib/xgpiops_selftest.o ps7_cortexa9_0/lib/xgpiops_sinit.o ps7_cortexa9_0/lib/xil-crt0.o ps7_
TRACE::2025-03-24.09:16:02::SCWMssOS::cortexa9_0/lib/xil_assert.o ps7_cortexa9_0/lib/xil_cache.o ps7_cortexa9_0/lib/xil_clocking.o ps7_cortexa9_0/lib/xil_exception.o
TRACE::2025-03-24.09:16:02::SCWMssOS:: ps7_cortexa9_0/lib/xil_mem.o ps7_cortexa9_0/lib/xil_misc_psreset_api.o ps7_cortexa9_0/lib/xil_mmu.o ps7_cortexa9_0/lib/xil_pri
TRACE::2025-03-24.09:16:02::SCWMssOS::ntf.o ps7_cortexa9_0/lib/xil_sleepcommon.o ps7_cortexa9_0/lib/xil_sleeptimer.o ps7_cortexa9_0/lib/xil_spinlock.o ps7_cortexa9_0
TRACE::2025-03-24.09:16:02::SCWMssOS::/lib/xil_testcache.o ps7_cortexa9_0/lib/xil_testio.o ps7_cortexa9_0/lib/xil_testmem.o ps7_cortexa9_0/lib/xil_util.o ps7_cortexa
TRACE::2025-03-24.09:16:02::SCWMssOS::9_0/lib/xinterrupt_wrap.o ps7_cortexa9_0/lib/xl2cc_counter.o ps7_cortexa9_0/lib/xplatform_info.o ps7_cortexa9_0/lib/xpm_counter
TRACE::2025-03-24.09:16:02::SCWMssOS::.o ps7_cortexa9_0/lib/xpm_init.o ps7_cortexa9_0/lib/xqspips.o ps7_cortexa9_0/lib/xqspips_g.o ps7_cortexa9_0/lib/xqspips_hw.o ps
TRACE::2025-03-24.09:16:02::SCWMssOS::7_cortexa9_0/lib/xqspips_options.o ps7_cortexa9_0/lib/xqspips_selftest.o ps7_cortexa9_0/lib/xqspips_sinit.o ps7_cortexa9_0/lib/
TRACE::2025-03-24.09:16:02::SCWMssOS::xscugic.o ps7_cortexa9_0/lib/xscugic_g.o ps7_cortexa9_0/lib/xscugic_hw.o ps7_cortexa9_0/lib/xscugic_intr.o ps7_cortexa9_0/lib/x
TRACE::2025-03-24.09:16:02::SCWMssOS::scugic_selftest.o ps7_cortexa9_0/lib/xscugic_sinit.o ps7_cortexa9_0/lib/xscutimer.o ps7_cortexa9_0/lib/xscutimer_g.o ps7_cortex
TRACE::2025-03-24.09:16:02::SCWMssOS::a9_0/lib/xscutimer_selftest.o ps7_cortexa9_0/lib/xscutimer_sinit.o ps7_cortexa9_0/lib/xscuwdt.o ps7_cortexa9_0/lib/xscuwdt_g.o 
TRACE::2025-03-24.09:16:02::SCWMssOS::ps7_cortexa9_0/lib/xscuwdt_selftest.o ps7_cortexa9_0/lib/xscuwdt_sinit.o ps7_cortexa9_0/lib/xsdps.o ps7_cortexa9_0/lib/xsdps_ca
TRACE::2025-03-24.09:16:02::SCWMssOS::rd.o ps7_cortexa9_0/lib/xsdps_g.o ps7_cortexa9_0/lib/xsdps_host.o ps7_cortexa9_0/lib/xsdps_options.o ps7_cortexa9_0/lib/xsdps_s
TRACE::2025-03-24.09:16:02::SCWMssOS::init.o ps7_cortexa9_0/lib/xtime_l.o ps7_cortexa9_0/lib/xuartps.o ps7_cortexa9_0/lib/xuartps_g.o ps7_cortexa9_0/lib/xuartps_hw.o
TRACE::2025-03-24.09:16:02::SCWMssOS:: ps7_cortexa9_0/lib/xuartps_intr.o ps7_cortexa9_0/lib/xuartps_options.o ps7_cortexa9_0/lib/xuartps_selftest.o ps7_cortexa9_0/li
TRACE::2025-03-24.09:16:02::SCWMssOS::b/xuartps_sinit.o ps7_cortexa9_0/lib/xusbps.o ps7_cortexa9_0/lib/xusbps_endpoint.o ps7_cortexa9_0/lib/xusbps_g.o ps7_cortexa9_0
TRACE::2025-03-24.09:16:02::SCWMssOS::/lib/xusbps_hw.o ps7_cortexa9_0/lib/xusbps_intr.o ps7_cortexa9_0/lib/xusbps_sinit.o

TRACE::2025-03-24.09:16:02::SCWMssOS::'Finished building libraries'

TRACE::2025-03-24.09:16:03::SCWMssOS::Copying to export directory.
TRACE::2025-03-24.09:16:03::SCWMssOS:: Checking if to create the Supporting Applications
TRACE::2025-03-24.09:16:03::SCWMssOS:: No Linux domain exists, trying to generate FSBL 
LOG::2025-03-24.09:16:03::SCWSystem::Completed Processing the domain standalone_ps7_cortexa9_0
LOG::2025-03-24.09:16:03::SCWSystem::Completed Processing the sysconfig AXI_IP
LOG::2025-03-24.09:16:03::SCWPlatform::Completed generating the artifacts for system configuration AXI_IP
TRACE::2025-03-24.09:16:03::SCWPlatform::Started preparing the platform 
TRACE::2025-03-24.09:16:03::SCWSystem::Writing the bif file for system config AXI_IP
TRACE::2025-03-24.09:16:03::SCWSystem::dir created 
TRACE::2025-03-24.09:16:03::SCWSystem::Writing the bif 
TRACE::2025-03-24.09:16:03::SCWPlatform::Started writing the spfm file 
TRACE::2025-03-24.09:16:03::SCWPlatform::Started writing the xpfm file 
TRACE::2025-03-24.09:16:03::SCWPlatform::Completed generating the platform
TRACE::2025-03-24.09:16:03::SCWMssOS::Saving the mss changes C:/PXL/devWorks/devWorks2/AXI_IP_SOC/Vitis/AXI_IP/zynq_fsbl/zynq_fsbl_bsp/system.mss
TRACE::2025-03-24.09:16:03::SCWMssOS::Found a swdesign opened with the mssfile.
TRACE::2025-03-24.09:16:03::SCWMssOS::Completed writemss as part of save.
TRACE::2025-03-24.09:16:03::SCWMssOS::Commit changes completed.
TRACE::2025-03-24.09:16:03::SCWMssOS::Saving the mss changes C:/PXL/devWorks/devWorks2/AXI_IP_SOC/Vitis/AXI_IP/ps7_cortexa9_0/standalone_ps7_cortexa9_0/bsp/system.mss
TRACE::2025-03-24.09:16:03::SCWMssOS::Found a swdesign opened with the mssfile.
TRACE::2025-03-24.09:16:03::SCWMssOS::Completed writemss as part of save.
TRACE::2025-03-24.09:16:03::SCWMssOS::Commit changes completed.
TRACE::2025-03-24.09:16:03::SCWPlatform::Trying to open the hw design at C:/PXL/devWorks/devWorks2/AXI_IP_SOC/Vitis/AXI_IP/hw/AXI_IP.xsa
TRACE::2025-03-24.09:16:03::SCWPlatform::DSA given C:/PXL/devWorks/devWorks2/AXI_IP_SOC/Vitis/AXI_IP/hw/AXI_IP.xsa
TRACE::2025-03-24.09:16:03::SCWPlatform::DSA absoulate path C:/PXL/devWorks/devWorks2/AXI_IP_SOC/Vitis/AXI_IP/hw/AXI_IP.xsa
TRACE::2025-03-24.09:16:03::SCWPlatform::DSA directory C:/PXL/devWorks/devWorks2/AXI_IP_SOC/Vitis/AXI_IP/hw
TRACE::2025-03-24.09:16:03::SCWPlatform:: Platform Path C:/PXL/devWorks/devWorks2/AXI_IP_SOC/Vitis/AXI_IP/hw/AXI_IP.xsa
TRACE::2025-03-24.09:16:03::SCWPlatform:: Unique name xilinx:pynq-z2::0.0
TRACE::2025-03-24.09:16:03::SCWPlatform::Trying to set the existing hwdb with name design_1_wrapper_0
TRACE::2025-03-24.09:16:03::SCWPlatform::Opened existing hwdb design_1_wrapper_0
TRACE::2025-03-24.09:16:03::SCWPlatform::Found the Hw Db part of the input DSA
TRACE::2025-03-24.09:16:03::SCWMssOS::Checking the sw design at  C:/PXL/devWorks/devWorks2/AXI_IP_SOC/Vitis/AXI_IP/zynq_fsbl/zynq_fsbl_bsp/system.mss
TRACE::2025-03-24.09:16:03::SCWMssOS::DEBUG:  swdes dump  C:/PXL/devWorks/devWorks2/AXI_IP_SOC/Vitis/AXI_IP/ps7_cortexa9_0/standalone_ps7_cortexa9_0/bsp/system.mss|system_0||
C:/PXL/devWorks/devWorks2/AXI_IP_SOC/Vitis/AXI_IP/zynq_fsbl/zynq_fsbl_bsp/system.mss|system||

TRACE::2025-03-24.09:16:03::SCWMssOS::Sw design exists and opened at  C:/PXL/devWorks/devWorks2/AXI_IP_SOC/Vitis/AXI_IP/zynq_fsbl/zynq_fsbl_bsp/system.mss
TRACE::2025-03-24.09:16:03::SCWPlatform::Trying to open the hw design at C:/PXL/devWorks/devWorks2/AXI_IP_SOC/Vitis/AXI_IP/hw/AXI_IP.xsa
TRACE::2025-03-24.09:16:03::SCWPlatform::DSA given C:/PXL/devWorks/devWorks2/AXI_IP_SOC/Vitis/AXI_IP/hw/AXI_IP.xsa
TRACE::2025-03-24.09:16:03::SCWPlatform::DSA absoulate path C:/PXL/devWorks/devWorks2/AXI_IP_SOC/Vitis/AXI_IP/hw/AXI_IP.xsa
TRACE::2025-03-24.09:16:03::SCWPlatform::DSA directory C:/PXL/devWorks/devWorks2/AXI_IP_SOC/Vitis/AXI_IP/hw
TRACE::2025-03-24.09:16:03::SCWPlatform:: Platform Path C:/PXL/devWorks/devWorks2/AXI_IP_SOC/Vitis/AXI_IP/hw/AXI_IP.xsa
TRACE::2025-03-24.09:16:03::SCWPlatform:: Unique name xilinx:pynq-z2::0.0
TRACE::2025-03-24.09:16:03::SCWPlatform::Trying to set the existing hwdb with name design_1_wrapper_0
TRACE::2025-03-24.09:16:03::SCWPlatform::Opened existing hwdb design_1_wrapper_0
TRACE::2025-03-24.09:16:03::SCWPlatform::Found the Hw Db part of the input DSA
TRACE::2025-03-24.09:16:03::SCWMssOS::Checking the sw design at  C:/PXL/devWorks/devWorks2/AXI_IP_SOC/Vitis/AXI_IP/zynq_fsbl/zynq_fsbl_bsp/system.mss
TRACE::2025-03-24.09:16:03::SCWMssOS::DEBUG:  swdes dump  C:/PXL/devWorks/devWorks2/AXI_IP_SOC/Vitis/AXI_IP/ps7_cortexa9_0/standalone_ps7_cortexa9_0/bsp/system.mss|system_0||
C:/PXL/devWorks/devWorks2/AXI_IP_SOC/Vitis/AXI_IP/zynq_fsbl/zynq_fsbl_bsp/system.mss|system||

TRACE::2025-03-24.09:16:03::SCWMssOS::Sw design exists and opened at  C:/PXL/devWorks/devWorks2/AXI_IP_SOC/Vitis/AXI_IP/zynq_fsbl/zynq_fsbl_bsp/system.mss
TRACE::2025-03-24.09:16:03::SCWPlatform::Trying to open the hw design at C:/PXL/devWorks/devWorks2/AXI_IP_SOC/Vitis/AXI_IP/hw/AXI_IP.xsa
TRACE::2025-03-24.09:16:03::SCWPlatform::DSA given C:/PXL/devWorks/devWorks2/AXI_IP_SOC/Vitis/AXI_IP/hw/AXI_IP.xsa
TRACE::2025-03-24.09:16:03::SCWPlatform::DSA absoulate path C:/PXL/devWorks/devWorks2/AXI_IP_SOC/Vitis/AXI_IP/hw/AXI_IP.xsa
TRACE::2025-03-24.09:16:03::SCWPlatform::DSA directory C:/PXL/devWorks/devWorks2/AXI_IP_SOC/Vitis/AXI_IP/hw
TRACE::2025-03-24.09:16:03::SCWPlatform:: Platform Path C:/PXL/devWorks/devWorks2/AXI_IP_SOC/Vitis/AXI_IP/hw/AXI_IP.xsa
TRACE::2025-03-24.09:16:03::SCWPlatform:: Unique name xilinx:pynq-z2::0.0
TRACE::2025-03-24.09:16:03::SCWPlatform::Trying to set the existing hwdb with name design_1_wrapper_0
TRACE::2025-03-24.09:16:03::SCWPlatform::Opened existing hwdb design_1_wrapper_0
TRACE::2025-03-24.09:16:03::SCWPlatform::Found the Hw Db part of the input DSA
TRACE::2025-03-24.09:16:03::SCWMssOS::Checking the sw design at  C:/PXL/devWorks/devWorks2/AXI_IP_SOC/Vitis/AXI_IP/zynq_fsbl/zynq_fsbl_bsp/system.mss
TRACE::2025-03-24.09:16:03::SCWMssOS::DEBUG:  swdes dump  C:/PXL/devWorks/devWorks2/AXI_IP_SOC/Vitis/AXI_IP/ps7_cortexa9_0/standalone_ps7_cortexa9_0/bsp/system.mss|system_0||
C:/PXL/devWorks/devWorks2/AXI_IP_SOC/Vitis/AXI_IP/zynq_fsbl/zynq_fsbl_bsp/system.mss|system||

TRACE::2025-03-24.09:16:03::SCWMssOS::Sw design exists and opened at  C:/PXL/devWorks/devWorks2/AXI_IP_SOC/Vitis/AXI_IP/zynq_fsbl/zynq_fsbl_bsp/system.mss
TRACE::2025-03-24.09:16:03::SCWPlatform::Trying to open the hw design at C:/PXL/devWorks/devWorks2/AXI_IP_SOC/Vitis/AXI_IP/hw/AXI_IP.xsa
TRACE::2025-03-24.09:16:03::SCWPlatform::DSA given C:/PXL/devWorks/devWorks2/AXI_IP_SOC/Vitis/AXI_IP/hw/AXI_IP.xsa
TRACE::2025-03-24.09:16:03::SCWPlatform::DSA absoulate path C:/PXL/devWorks/devWorks2/AXI_IP_SOC/Vitis/AXI_IP/hw/AXI_IP.xsa
TRACE::2025-03-24.09:16:03::SCWPlatform::DSA directory C:/PXL/devWorks/devWorks2/AXI_IP_SOC/Vitis/AXI_IP/hw
TRACE::2025-03-24.09:16:03::SCWPlatform:: Platform Path C:/PXL/devWorks/devWorks2/AXI_IP_SOC/Vitis/AXI_IP/hw/AXI_IP.xsa
TRACE::2025-03-24.09:16:03::SCWPlatform:: Unique name xilinx:pynq-z2::0.0
TRACE::2025-03-24.09:16:03::SCWPlatform::Trying to set the existing hwdb with name design_1_wrapper_0
TRACE::2025-03-24.09:16:03::SCWPlatform::Opened existing hwdb design_1_wrapper_0
TRACE::2025-03-24.09:16:03::SCWPlatform::Found the Hw Db part of the input DSA
TRACE::2025-03-24.09:16:03::SCWMssOS::Checking the sw design at  C:/PXL/devWorks/devWorks2/AXI_IP_SOC/Vitis/AXI_IP/ps7_cortexa9_0/standalone_ps7_cortexa9_0/bsp/system.mss
TRACE::2025-03-24.09:16:03::SCWMssOS::DEBUG:  swdes dump  C:/PXL/devWorks/devWorks2/AXI_IP_SOC/Vitis/AXI_IP/ps7_cortexa9_0/standalone_ps7_cortexa9_0/bsp/system.mss|system_0||
C:/PXL/devWorks/devWorks2/AXI_IP_SOC/Vitis/AXI_IP/zynq_fsbl/zynq_fsbl_bsp/system.mss|system||

TRACE::2025-03-24.09:16:03::SCWMssOS::Sw design exists and opened at  C:/PXL/devWorks/devWorks2/AXI_IP_SOC/Vitis/AXI_IP/ps7_cortexa9_0/standalone_ps7_cortexa9_0/bsp/system.mss
TRACE::2025-03-24.09:16:03::SCWPlatform::Trying to open the hw design at C:/PXL/devWorks/devWorks2/AXI_IP_SOC/Vitis/AXI_IP/hw/AXI_IP.xsa
TRACE::2025-03-24.09:16:03::SCWPlatform::DSA given C:/PXL/devWorks/devWorks2/AXI_IP_SOC/Vitis/AXI_IP/hw/AXI_IP.xsa
TRACE::2025-03-24.09:16:03::SCWPlatform::DSA absoulate path C:/PXL/devWorks/devWorks2/AXI_IP_SOC/Vitis/AXI_IP/hw/AXI_IP.xsa
TRACE::2025-03-24.09:16:03::SCWPlatform::DSA directory C:/PXL/devWorks/devWorks2/AXI_IP_SOC/Vitis/AXI_IP/hw
TRACE::2025-03-24.09:16:03::SCWPlatform:: Platform Path C:/PXL/devWorks/devWorks2/AXI_IP_SOC/Vitis/AXI_IP/hw/AXI_IP.xsa
TRACE::2025-03-24.09:16:03::SCWPlatform:: Unique name xilinx:pynq-z2::0.0
TRACE::2025-03-24.09:16:03::SCWPlatform::Trying to set the existing hwdb with name design_1_wrapper_0
TRACE::2025-03-24.09:16:03::SCWPlatform::Opened existing hwdb design_1_wrapper_0
TRACE::2025-03-24.09:16:03::SCWPlatform::Found the Hw Db part of the input DSA
TRACE::2025-03-24.09:16:03::SCWMssOS::Checking the sw design at  C:/PXL/devWorks/devWorks2/AXI_IP_SOC/Vitis/AXI_IP/ps7_cortexa9_0/standalone_ps7_cortexa9_0/bsp/system.mss
TRACE::2025-03-24.09:16:03::SCWMssOS::DEBUG:  swdes dump  C:/PXL/devWorks/devWorks2/AXI_IP_SOC/Vitis/AXI_IP/ps7_cortexa9_0/standalone_ps7_cortexa9_0/bsp/system.mss|system_0||
C:/PXL/devWorks/devWorks2/AXI_IP_SOC/Vitis/AXI_IP/zynq_fsbl/zynq_fsbl_bsp/system.mss|system||

TRACE::2025-03-24.09:16:03::SCWMssOS::Sw design exists and opened at  C:/PXL/devWorks/devWorks2/AXI_IP_SOC/Vitis/AXI_IP/ps7_cortexa9_0/standalone_ps7_cortexa9_0/bsp/system.mss
TRACE::2025-03-24.09:16:03::SCWPlatform::Trying to open the hw design at C:/PXL/devWorks/devWorks2/AXI_IP_SOC/Vitis/AXI_IP/hw/AXI_IP.xsa
TRACE::2025-03-24.09:16:03::SCWPlatform::DSA given C:/PXL/devWorks/devWorks2/AXI_IP_SOC/Vitis/AXI_IP/hw/AXI_IP.xsa
TRACE::2025-03-24.09:16:03::SCWPlatform::DSA absoulate path C:/PXL/devWorks/devWorks2/AXI_IP_SOC/Vitis/AXI_IP/hw/AXI_IP.xsa
TRACE::2025-03-24.09:16:03::SCWPlatform::DSA directory C:/PXL/devWorks/devWorks2/AXI_IP_SOC/Vitis/AXI_IP/hw
TRACE::2025-03-24.09:16:03::SCWPlatform:: Platform Path C:/PXL/devWorks/devWorks2/AXI_IP_SOC/Vitis/AXI_IP/hw/AXI_IP.xsa
TRACE::2025-03-24.09:16:03::SCWPlatform:: Unique name xilinx:pynq-z2::0.0
TRACE::2025-03-24.09:16:03::SCWPlatform::Trying to set the existing hwdb with name design_1_wrapper_0
TRACE::2025-03-24.09:16:03::SCWPlatform::Opened existing hwdb design_1_wrapper_0
TRACE::2025-03-24.09:16:03::SCWPlatform::Found the Hw Db part of the input DSA
TRACE::2025-03-24.09:16:03::SCWMssOS::Checking the sw design at  C:/PXL/devWorks/devWorks2/AXI_IP_SOC/Vitis/AXI_IP/ps7_cortexa9_0/standalone_ps7_cortexa9_0/bsp/system.mss
TRACE::2025-03-24.09:16:03::SCWMssOS::DEBUG:  swdes dump  C:/PXL/devWorks/devWorks2/AXI_IP_SOC/Vitis/AXI_IP/ps7_cortexa9_0/standalone_ps7_cortexa9_0/bsp/system.mss|system_0||
C:/PXL/devWorks/devWorks2/AXI_IP_SOC/Vitis/AXI_IP/zynq_fsbl/zynq_fsbl_bsp/system.mss|system||

TRACE::2025-03-24.09:16:03::SCWMssOS::Sw design exists and opened at  C:/PXL/devWorks/devWorks2/AXI_IP_SOC/Vitis/AXI_IP/ps7_cortexa9_0/standalone_ps7_cortexa9_0/bsp/system.mss
TRACE::2025-03-24.09:16:03::SCWWriter::formatted JSON is {
	"platformName":	"AXI_IP",
	"sprVersion":	"2.0",
	"mode":	"gui",
	"dsaType":	"Fixed",
	"platformDesc":	"AXI_IP",
	"platHandOff":	"C:/PXL/devWorks/devWorks2/AXI_IP_SOC/AXI_IP.xsa",
	"platIntHandOff":	"<platformDir>/hw/AXI_IP.xsa",
	"deviceType":	"zynq",
	"platIsPrebuiltAutogen":	"false",
	"platIsNoBootBsp":	"false",
	"platFsblTarget":	"ps7_cortexa9_0",
	"hasFsblMakeHasChanges":	"false",
	"hasPmufwMakeHasChanges":	"false",
	"fsblExtraCompilerFlags":	"-MMD -MP       -mcpu=cortex-a9 -mfpu=vfpv3 -mfloat-abi=hard ",
	"platPreBuiltFlag":	false,
	"platformSamplesDir":	"",
	"platActiveSys":	"AXI_IP",
	"systems":	[{
			"systemName":	"AXI_IP",
			"systemDesc":	"AXI_IP",
			"sysIsBootAutoGen":	"true",
			"systemDispName":	"AXI_IP",
			"sysActiveDom":	"standalone_ps7_cortexa9_0",
			"sysDefaultDom":	"standalone_ps7_cortexa9_0",
			"domains":	[{
					"domainName":	"zynq_fsbl",
					"domainDispName":	"zynq_fsbl",
					"domainDesc":	"FSBL Application BSP - Auto Generated.",
					"processors":	"ps7_cortexa9_0",
					"os":	"standalone",
					"sdxOs":	"standalone",
					"debugEnable":	"",
					"domRuntimes":	["cpp"],
					"swRepo":	"",
					"mssOsVer":	"9.1",
					"mssFile":	"",
					"md5Digest":	"01c9595fdf86507722cb120fa9e46f62",
					"compatibleApp":	"zynq_fsbl",
					"domType":	"bootDomain",
					"arch":	"32-bit",
					"appSettings":	{
						"appCompilerFlags":	"",
						"appLinkerFlags":	""
					},
					"addedLibs":	["xilffs:5.2", "xilrsa:1.8"],
					"libOptions":	{
						"libsContainingOptions":	[]
					},
					"prebuiltLibs":	{
						"prebuiltIncPath":	[],
						"prebuiltLibPath":	[]
					},
					"isolation":	{
					}
				}, {
					"domainName":	"standalone_ps7_cortexa9_0",
					"domainDispName":	"standalone_ps7_cortexa9_0",
					"domainDesc":	"standalone_ps7_cortexa9_0",
					"processors":	"ps7_cortexa9_0",
					"os":	"standalone",
					"sdxOs":	"standalone",
					"qemuArgs":	"<platformDir>/resources/AXI_IP/standalone_ps7_cortexa9_0/qemu_args.txt",
					"qemuData":	"<platformDir>/resources/AXI_IP/standalone_ps7_cortexa9_0/qemu",
					"debugEnable":	"False",
					"domRuntimes":	["cpp"],
					"swRepo":	"",
					"mssOsVer":	"9.1",
					"mssFile":	"",
					"md5Digest":	"af5aec5b2d363b8a95dbabe39b9abb7c",
					"compatibleApp":	"hello_world",
					"domType":	"mssDomain",
					"arch":	"32-bit",
					"appSettings":	{
						"appCompilerFlags":	"",
						"appLinkerFlags":	""
					},
					"addedLibs":	[],
					"libOptions":	{
						"libsContainingOptions":	[]
					},
					"prebuiltLibs":	{
						"prebuiltIncPath":	[],
						"prebuiltLibPath":	[]
					},
					"isolation":	{
					}
				}]
		}]
}
KEYINFO::2025-03-24.09:16:03::SCWPlatform::updated the xpfm file.
TRACE::2025-03-24.09:16:03::SCWPlatform::Trying to open the hw design at C:/PXL/devWorks/devWorks2/AXI_IP_SOC/Vitis/AXI_IP/hw/AXI_IP.xsa
TRACE::2025-03-24.09:16:03::SCWPlatform::DSA given C:/PXL/devWorks/devWorks2/AXI_IP_SOC/Vitis/AXI_IP/hw/AXI_IP.xsa
TRACE::2025-03-24.09:16:03::SCWPlatform::DSA absoulate path C:/PXL/devWorks/devWorks2/AXI_IP_SOC/Vitis/AXI_IP/hw/AXI_IP.xsa
TRACE::2025-03-24.09:16:03::SCWPlatform::DSA directory C:/PXL/devWorks/devWorks2/AXI_IP_SOC/Vitis/AXI_IP/hw
TRACE::2025-03-24.09:16:03::SCWPlatform:: Platform Path C:/PXL/devWorks/devWorks2/AXI_IP_SOC/Vitis/AXI_IP/hw/AXI_IP.xsa
TRACE::2025-03-24.09:16:03::SCWPlatform:: Unique name xilinx:pynq-z2::0.0
TRACE::2025-03-24.09:16:03::SCWPlatform::Trying to set the existing hwdb with name design_1_wrapper_0
TRACE::2025-03-24.09:16:03::SCWPlatform::Opened existing hwdb design_1_wrapper_0
TRACE::2025-03-24.09:16:03::SCWPlatform::Found the Hw Db part of the input DSA
TRACE::2025-03-24.09:16:03::SCWMssOS::Checking the sw design at  C:/PXL/devWorks/devWorks2/AXI_IP_SOC/Vitis/AXI_IP/ps7_cortexa9_0/standalone_ps7_cortexa9_0/bsp/system.mss
TRACE::2025-03-24.09:16:03::SCWMssOS::DEBUG:  swdes dump  C:/PXL/devWorks/devWorks2/AXI_IP_SOC/Vitis/AXI_IP/ps7_cortexa9_0/standalone_ps7_cortexa9_0/bsp/system.mss|system_0||
C:/PXL/devWorks/devWorks2/AXI_IP_SOC/Vitis/AXI_IP/zynq_fsbl/zynq_fsbl_bsp/system.mss|system||

TRACE::2025-03-24.09:16:03::SCWMssOS::Sw design exists and opened at  C:/PXL/devWorks/devWorks2/AXI_IP_SOC/Vitis/AXI_IP/ps7_cortexa9_0/standalone_ps7_cortexa9_0/bsp/system.mss
