TRACE::2025-03-03.10:53:54::SCWPlatform::Trying to open the hw design at C:/PXL/devWorks/devWorks2/Custom_AXI_IP_7Segment/vitis/7Segment_display/hw/7Segment_display.xsa
TRACE::2025-03-03.10:53:54::SCWPlatform::DSA given C:/PXL/devWorks/devWorks2/Custom_AXI_IP_7Segment/vitis/7Segment_display/hw/7Segment_display.xsa
TRACE::2025-03-03.10:53:54::SCWPlatform::DSA absoulate path C:/PXL/devWorks/devWorks2/Custom_AXI_IP_7Segment/vitis/7Segment_display/hw/7Segment_display.xsa
TRACE::2025-03-03.10:53:54::SCWPlatform::DSA directory C:/PXL/devWorks/devWorks2/Custom_AXI_IP_7Segment/vitis/7Segment_display/hw
TRACE::2025-03-03.10:53:54::SCWPlatform:: Platform Path C:/PXL/devWorks/devWorks2/Custom_AXI_IP_7Segment/vitis/7Segment_display/hw/7Segment_display.xsa
TRACE::2025-03-03.10:53:54::SCWPlatform:: Unique name xilinx:pynq-z2::0.0
TRACE::2025-03-03.10:53:54::SCWPlatform::Do not have an existing db opened. 
TRACE::2025-03-03.10:53:56::SCWPlatform::Opened new HwDB with name design_1_wrapper_0
TRACE::2025-03-03.10:53:56::SCWWriter::formatted JSON is {
	"platformName":	"7Segment_display",
	"sprVersion":	"2.0",
	"mode":	"gui",
	"dsaType":	"Fixed",
	"platformDesc":	"7Segment_display",
	"platHandOff":	"C:/PXL/devWorks/devWorks2/Custom_AXI_IP_7Segment/7Segment_display.xsa",
	"platIntHandOff":	"<platformDir>/hw/7Segment_display.xsa",
	"deviceType":	"zynq",
	"platIsPrebuiltAutogen":	"false",
	"platIsNoBootBsp":	"false",
	"hasFsblMakeHasChanges":	"false",
	"hasPmufwMakeHasChanges":	"false",
	"platPreBuiltFlag":	false,
	"platformSamplesDir":	""
}
TRACE::2025-03-03.10:53:56::SCWWriter::formatted JSON is {
	"platformName":	"7Segment_display",
	"sprVersion":	"2.0",
	"mode":	"gui",
	"dsaType":	"Fixed",
	"platformDesc":	"7Segment_display",
	"platHandOff":	"C:/PXL/devWorks/devWorks2/Custom_AXI_IP_7Segment/7Segment_display.xsa",
	"platIntHandOff":	"<platformDir>/hw/7Segment_display.xsa",
	"deviceType":	"zynq",
	"platIsPrebuiltAutogen":	"false",
	"platIsNoBootBsp":	"false",
	"hasFsblMakeHasChanges":	"false",
	"hasPmufwMakeHasChanges":	"false",
	"platPreBuiltFlag":	false,
	"platformSamplesDir":	"",
	"platActiveSys":	"7Segment_display",
	"systems":	[{
			"systemName":	"7Segment_display",
			"systemDesc":	"7Segment_display",
			"sysIsBootAutoGen":	"true",
			"systemDispName":	"7Segment_display"
		}]
}
TRACE::2025-03-03.10:53:56::SCWPlatform::Boot application domains not present, creating them
TRACE::2025-03-03.10:53:56::SCWDomain::checking for install qemu data   : 
TRACE::2025-03-03.10:53:56::SCWDomain:: Using the QEMU Data from install at  : C:/Xilinx/Vitis/2024.1/data/emulation/platforms/zynq/sw/a9_standalone/qemu/
TRACE::2025-03-03.10:53:56::SCWDomain:: Using the QEMU args  from install at  : C:/Xilinx/Vitis/2024.1/data/emulation/platforms/zynq/sw/a9_standalone/qemu/qemu_args.txt
TRACE::2025-03-03.10:53:56::SCWPlatform::Trying to open the hw design at C:/PXL/devWorks/devWorks2/Custom_AXI_IP_7Segment/vitis/7Segment_display/hw/7Segment_display.xsa
TRACE::2025-03-03.10:53:56::SCWPlatform::DSA given C:/PXL/devWorks/devWorks2/Custom_AXI_IP_7Segment/vitis/7Segment_display/hw/7Segment_display.xsa
TRACE::2025-03-03.10:53:56::SCWPlatform::DSA absoulate path C:/PXL/devWorks/devWorks2/Custom_AXI_IP_7Segment/vitis/7Segment_display/hw/7Segment_display.xsa
TRACE::2025-03-03.10:53:56::SCWPlatform::DSA directory C:/PXL/devWorks/devWorks2/Custom_AXI_IP_7Segment/vitis/7Segment_display/hw
TRACE::2025-03-03.10:53:56::SCWPlatform:: Platform Path C:/PXL/devWorks/devWorks2/Custom_AXI_IP_7Segment/vitis/7Segment_display/hw/7Segment_display.xsa
TRACE::2025-03-03.10:53:56::SCWPlatform:: Unique name xilinx:pynq-z2::0.0
TRACE::2025-03-03.10:53:56::SCWPlatform::Trying to set the existing hwdb with name design_1_wrapper_0
TRACE::2025-03-03.10:53:56::SCWPlatform::Opened existing hwdb design_1_wrapper_0
TRACE::2025-03-03.10:53:56::SCWPlatform::Found the Hw Db part of the input DSA
TRACE::2025-03-03.10:53:56::SCWPlatform::Trying to open the hw design at C:/PXL/devWorks/devWorks2/Custom_AXI_IP_7Segment/vitis/7Segment_display/hw/7Segment_display.xsa
TRACE::2025-03-03.10:53:56::SCWPlatform::DSA given C:/PXL/devWorks/devWorks2/Custom_AXI_IP_7Segment/vitis/7Segment_display/hw/7Segment_display.xsa
TRACE::2025-03-03.10:53:56::SCWPlatform::DSA absoulate path C:/PXL/devWorks/devWorks2/Custom_AXI_IP_7Segment/vitis/7Segment_display/hw/7Segment_display.xsa
TRACE::2025-03-03.10:53:56::SCWPlatform::DSA directory C:/PXL/devWorks/devWorks2/Custom_AXI_IP_7Segment/vitis/7Segment_display/hw
TRACE::2025-03-03.10:53:56::SCWPlatform:: Platform Path C:/PXL/devWorks/devWorks2/Custom_AXI_IP_7Segment/vitis/7Segment_display/hw/7Segment_display.xsa
TRACE::2025-03-03.10:53:56::SCWPlatform:: Unique name xilinx:pynq-z2::0.0
TRACE::2025-03-03.10:53:56::SCWPlatform::Trying to set the existing hwdb with name design_1_wrapper_0
TRACE::2025-03-03.10:53:56::SCWPlatform::Opened existing hwdb design_1_wrapper_0
TRACE::2025-03-03.10:53:56::SCWPlatform::Found the Hw Db part of the input DSA
TRACE::2025-03-03.10:53:56::SCWPlatform::Trying to open the hw design at C:/PXL/devWorks/devWorks2/Custom_AXI_IP_7Segment/vitis/7Segment_display/hw/7Segment_display.xsa
TRACE::2025-03-03.10:53:56::SCWPlatform::DSA given C:/PXL/devWorks/devWorks2/Custom_AXI_IP_7Segment/vitis/7Segment_display/hw/7Segment_display.xsa
TRACE::2025-03-03.10:53:56::SCWPlatform::DSA absoulate path C:/PXL/devWorks/devWorks2/Custom_AXI_IP_7Segment/vitis/7Segment_display/hw/7Segment_display.xsa
TRACE::2025-03-03.10:53:56::SCWPlatform::DSA directory C:/PXL/devWorks/devWorks2/Custom_AXI_IP_7Segment/vitis/7Segment_display/hw
TRACE::2025-03-03.10:53:56::SCWPlatform:: Platform Path C:/PXL/devWorks/devWorks2/Custom_AXI_IP_7Segment/vitis/7Segment_display/hw/7Segment_display.xsa
TRACE::2025-03-03.10:53:56::SCWPlatform:: Unique name xilinx:pynq-z2::0.0
TRACE::2025-03-03.10:53:56::SCWPlatform::Trying to set the existing hwdb with name design_1_wrapper_0
TRACE::2025-03-03.10:53:56::SCWPlatform::Opened existing hwdb design_1_wrapper_0
TRACE::2025-03-03.10:53:56::SCWPlatform::Found the Hw Db part of the input DSA
TRACE::2025-03-03.10:53:56::SCWPlatform::Boot application domain added for zynq_fsbl
TRACE::2025-03-03.10:53:56::SCWPlatform::Generating the sources  .
TRACE::2025-03-03.10:53:56::SCWBDomain::Generating boot domain sources.
TRACE::2025-03-03.10:53:56::SCWBDomain:: Generating the zynq_fsbl Application.
TRACE::2025-03-03.10:53:56::SCWPlatform::Trying to open the hw design at C:/PXL/devWorks/devWorks2/Custom_AXI_IP_7Segment/vitis/7Segment_display/hw/7Segment_display.xsa
TRACE::2025-03-03.10:53:56::SCWPlatform::DSA given C:/PXL/devWorks/devWorks2/Custom_AXI_IP_7Segment/vitis/7Segment_display/hw/7Segment_display.xsa
TRACE::2025-03-03.10:53:56::SCWPlatform::DSA absoulate path C:/PXL/devWorks/devWorks2/Custom_AXI_IP_7Segment/vitis/7Segment_display/hw/7Segment_display.xsa
TRACE::2025-03-03.10:53:56::SCWPlatform::DSA directory C:/PXL/devWorks/devWorks2/Custom_AXI_IP_7Segment/vitis/7Segment_display/hw
TRACE::2025-03-03.10:53:56::SCWPlatform:: Platform Path C:/PXL/devWorks/devWorks2/Custom_AXI_IP_7Segment/vitis/7Segment_display/hw/7Segment_display.xsa
TRACE::2025-03-03.10:53:56::SCWPlatform:: Unique name xilinx:pynq-z2::0.0
TRACE::2025-03-03.10:53:56::SCWPlatform::Trying to set the existing hwdb with name design_1_wrapper_0
TRACE::2025-03-03.10:53:56::SCWPlatform::Opened existing hwdb design_1_wrapper_0
TRACE::2025-03-03.10:53:56::SCWPlatform::Found the Hw Db part of the input DSA
TRACE::2025-03-03.10:53:56::SCWMssOS::Checking the sw design at  C:/PXL/devWorks/devWorks2/Custom_AXI_IP_7Segment/vitis/7Segment_display/zynq_fsbl/zynq_fsbl_bsp/system.mss
TRACE::2025-03-03.10:53:56::SCWMssOS::DEBUG:  swdes dump  
TRACE::2025-03-03.10:53:56::SCWMssOS::No sw design opened at  C:/PXL/devWorks/devWorks2/Custom_AXI_IP_7Segment/vitis/7Segment_display/zynq_fsbl/zynq_fsbl_bsp/system.mss
TRACE::2025-03-03.10:53:56::SCWMssOS::mss does not exists at C:/PXL/devWorks/devWorks2/Custom_AXI_IP_7Segment/vitis/7Segment_display/zynq_fsbl/zynq_fsbl_bsp/system.mss
TRACE::2025-03-03.10:53:56::SCWMssOS::Creating sw design at  C:/PXL/devWorks/devWorks2/Custom_AXI_IP_7Segment/vitis/7Segment_display/zynq_fsbl/zynq_fsbl_bsp/system.mss
TRACE::2025-03-03.10:53:57::SCWMssOS::Adding the swdes entry, created swdb C:/PXL/devWorks/devWorks2/Custom_AXI_IP_7Segment/vitis/7Segment_display/zynq_fsbl/zynq_fsbl_bsp/system.mss with des name C:/PXL/devWorks/devWorks2/Custom_AXI_IP_7Segment/vitis/7Segment_display/zynq_fsbl/zynq_fsbl_bsp/system.mss
TRACE::2025-03-03.10:53:57::SCWMssOS::updating the scw layer changes to swdes at   C:/PXL/devWorks/devWorks2/Custom_AXI_IP_7Segment/vitis/7Segment_display/zynq_fsbl/zynq_fsbl_bsp/system.mss
TRACE::2025-03-03.10:53:57::SCWMssOS::Writing mss at C:/PXL/devWorks/devWorks2/Custom_AXI_IP_7Segment/vitis/7Segment_display/zynq_fsbl/zynq_fsbl_bsp/system.mss
TRACE::2025-03-03.10:53:57::SCWMssOS::Completed writing the mss file at C:/PXL/devWorks/devWorks2/Custom_AXI_IP_7Segment/vitis/7Segment_display/zynq_fsbl/zynq_fsbl_bsp
TRACE::2025-03-03.10:53:57::SCWMssOS::Picking up changes from newly written mss file into SCW Layer. 
TRACE::2025-03-03.10:53:57::SCWMssOS::Updated the changes from newly written mss file into SCW Layer. 
TRACE::2025-03-03.10:53:57::SCWBDomain::Completed writing the mss file at C:/PXL/devWorks/devWorks2/Custom_AXI_IP_7Segment/vitis/7Segment_display/zynq_fsbl/zynq_fsbl_bsp
TRACE::2025-03-03.10:54:04::SCWPlatform::Generating sources Done.
TRACE::2025-03-03.10:54:04::SCWPlatform::Trying to open the hw design at C:/PXL/devWorks/devWorks2/Custom_AXI_IP_7Segment/vitis/7Segment_display/hw/7Segment_display.xsa
TRACE::2025-03-03.10:54:04::SCWPlatform::DSA given C:/PXL/devWorks/devWorks2/Custom_AXI_IP_7Segment/vitis/7Segment_display/hw/7Segment_display.xsa
TRACE::2025-03-03.10:54:04::SCWPlatform::DSA absoulate path C:/PXL/devWorks/devWorks2/Custom_AXI_IP_7Segment/vitis/7Segment_display/hw/7Segment_display.xsa
TRACE::2025-03-03.10:54:04::SCWPlatform::DSA directory C:/PXL/devWorks/devWorks2/Custom_AXI_IP_7Segment/vitis/7Segment_display/hw
TRACE::2025-03-03.10:54:04::SCWPlatform:: Platform Path C:/PXL/devWorks/devWorks2/Custom_AXI_IP_7Segment/vitis/7Segment_display/hw/7Segment_display.xsa
TRACE::2025-03-03.10:54:04::SCWPlatform:: Unique name xilinx:pynq-z2::0.0
TRACE::2025-03-03.10:54:04::SCWPlatform::Trying to set the existing hwdb with name design_1_wrapper_0
TRACE::2025-03-03.10:54:04::SCWPlatform::Opened existing hwdb design_1_wrapper_0
TRACE::2025-03-03.10:54:04::SCWPlatform::Found the Hw Db part of the input DSA
TRACE::2025-03-03.10:54:04::SCWMssOS::Checking the sw design at  C:/PXL/devWorks/devWorks2/Custom_AXI_IP_7Segment/vitis/7Segment_display/zynq_fsbl/zynq_fsbl_bsp/system.mss
TRACE::2025-03-03.10:54:04::SCWMssOS::DEBUG:  swdes dump  
TRACE::2025-03-03.10:54:04::SCWMssOS::No sw design opened at  C:/PXL/devWorks/devWorks2/Custom_AXI_IP_7Segment/vitis/7Segment_display/zynq_fsbl/zynq_fsbl_bsp/system.mss
TRACE::2025-03-03.10:54:04::SCWMssOS::mss exists loading the mss file  C:/PXL/devWorks/devWorks2/Custom_AXI_IP_7Segment/vitis/7Segment_display/zynq_fsbl/zynq_fsbl_bsp/system.mss
TRACE::2025-03-03.10:54:04::SCWMssOS::Opened the sw design from mss  C:/PXL/devWorks/devWorks2/Custom_AXI_IP_7Segment/vitis/7Segment_display/zynq_fsbl/zynq_fsbl_bsp/system.mss
TRACE::2025-03-03.10:54:04::SCWMssOS::Adding the swdes entry C:/PXL/devWorks/devWorks2/Custom_AXI_IP_7Segment/vitis/7Segment_display/zynq_fsbl/zynq_fsbl_bsp/system.mss with des name system
TRACE::2025-03-03.10:54:04::SCWMssOS::updating the scw layer about changes
TRACE::2025-03-03.10:54:04::SCWMssOS::Opened the sw design.  C:/PXL/devWorks/devWorks2/Custom_AXI_IP_7Segment/vitis/7Segment_display/zynq_fsbl/zynq_fsbl_bsp/system.mss
TRACE::2025-03-03.10:54:04::SCWMssOS::Saving the mss changes C:/PXL/devWorks/devWorks2/Custom_AXI_IP_7Segment/vitis/7Segment_display/zynq_fsbl/zynq_fsbl_bsp/system.mss
TRACE::2025-03-03.10:54:04::SCWMssOS::Found a swdesign opened with the mssfile.
TRACE::2025-03-03.10:54:04::SCWMssOS::Completed writemss as part of save.
TRACE::2025-03-03.10:54:04::SCWMssOS::Commit changes completed.
TRACE::2025-03-03.10:54:04::SCWPlatform::Trying to open the hw design at C:/PXL/devWorks/devWorks2/Custom_AXI_IP_7Segment/vitis/7Segment_display/hw/7Segment_display.xsa
TRACE::2025-03-03.10:54:04::SCWPlatform::DSA given C:/PXL/devWorks/devWorks2/Custom_AXI_IP_7Segment/vitis/7Segment_display/hw/7Segment_display.xsa
TRACE::2025-03-03.10:54:04::SCWPlatform::DSA absoulate path C:/PXL/devWorks/devWorks2/Custom_AXI_IP_7Segment/vitis/7Segment_display/hw/7Segment_display.xsa
TRACE::2025-03-03.10:54:04::SCWPlatform::DSA directory C:/PXL/devWorks/devWorks2/Custom_AXI_IP_7Segment/vitis/7Segment_display/hw
TRACE::2025-03-03.10:54:04::SCWPlatform:: Platform Path C:/PXL/devWorks/devWorks2/Custom_AXI_IP_7Segment/vitis/7Segment_display/hw/7Segment_display.xsa
TRACE::2025-03-03.10:54:04::SCWPlatform:: Unique name xilinx:pynq-z2::0.0
TRACE::2025-03-03.10:54:04::SCWPlatform::Trying to set the existing hwdb with name design_1_wrapper_0
TRACE::2025-03-03.10:54:04::SCWPlatform::Opened existing hwdb design_1_wrapper_0
TRACE::2025-03-03.10:54:04::SCWPlatform::Found the Hw Db part of the input DSA
TRACE::2025-03-03.10:54:04::SCWMssOS::Checking the sw design at  C:/PXL/devWorks/devWorks2/Custom_AXI_IP_7Segment/vitis/7Segment_display/zynq_fsbl/zynq_fsbl_bsp/system.mss
TRACE::2025-03-03.10:54:04::SCWMssOS::DEBUG:  swdes dump  C:/PXL/devWorks/devWorks2/Custom_AXI_IP_7Segment/vitis/7Segment_display/zynq_fsbl/zynq_fsbl_bsp/system.mss|system||

TRACE::2025-03-03.10:54:04::SCWMssOS::Sw design exists and opened at  C:/PXL/devWorks/devWorks2/Custom_AXI_IP_7Segment/vitis/7Segment_display/zynq_fsbl/zynq_fsbl_bsp/system.mss
TRACE::2025-03-03.10:54:04::SCWPlatform::Trying to open the hw design at C:/PXL/devWorks/devWorks2/Custom_AXI_IP_7Segment/vitis/7Segment_display/hw/7Segment_display.xsa
TRACE::2025-03-03.10:54:04::SCWPlatform::DSA given C:/PXL/devWorks/devWorks2/Custom_AXI_IP_7Segment/vitis/7Segment_display/hw/7Segment_display.xsa
TRACE::2025-03-03.10:54:04::SCWPlatform::DSA absoulate path C:/PXL/devWorks/devWorks2/Custom_AXI_IP_7Segment/vitis/7Segment_display/hw/7Segment_display.xsa
TRACE::2025-03-03.10:54:04::SCWPlatform::DSA directory C:/PXL/devWorks/devWorks2/Custom_AXI_IP_7Segment/vitis/7Segment_display/hw
TRACE::2025-03-03.10:54:04::SCWPlatform:: Platform Path C:/PXL/devWorks/devWorks2/Custom_AXI_IP_7Segment/vitis/7Segment_display/hw/7Segment_display.xsa
TRACE::2025-03-03.10:54:04::SCWPlatform:: Unique name xilinx:pynq-z2::0.0
TRACE::2025-03-03.10:54:04::SCWPlatform::Trying to set the existing hwdb with name design_1_wrapper_0
TRACE::2025-03-03.10:54:04::SCWPlatform::Opened existing hwdb design_1_wrapper_0
TRACE::2025-03-03.10:54:04::SCWPlatform::Found the Hw Db part of the input DSA
TRACE::2025-03-03.10:54:04::SCWMssOS::Checking the sw design at  C:/PXL/devWorks/devWorks2/Custom_AXI_IP_7Segment/vitis/7Segment_display/zynq_fsbl/zynq_fsbl_bsp/system.mss
TRACE::2025-03-03.10:54:04::SCWMssOS::DEBUG:  swdes dump  C:/PXL/devWorks/devWorks2/Custom_AXI_IP_7Segment/vitis/7Segment_display/zynq_fsbl/zynq_fsbl_bsp/system.mss|system||

TRACE::2025-03-03.10:54:04::SCWMssOS::Sw design exists and opened at  C:/PXL/devWorks/devWorks2/Custom_AXI_IP_7Segment/vitis/7Segment_display/zynq_fsbl/zynq_fsbl_bsp/system.mss
TRACE::2025-03-03.10:54:04::SCWPlatform::Trying to open the hw design at C:/PXL/devWorks/devWorks2/Custom_AXI_IP_7Segment/vitis/7Segment_display/hw/7Segment_display.xsa
TRACE::2025-03-03.10:54:04::SCWPlatform::DSA given C:/PXL/devWorks/devWorks2/Custom_AXI_IP_7Segment/vitis/7Segment_display/hw/7Segment_display.xsa
TRACE::2025-03-03.10:54:04::SCWPlatform::DSA absoulate path C:/PXL/devWorks/devWorks2/Custom_AXI_IP_7Segment/vitis/7Segment_display/hw/7Segment_display.xsa
TRACE::2025-03-03.10:54:04::SCWPlatform::DSA directory C:/PXL/devWorks/devWorks2/Custom_AXI_IP_7Segment/vitis/7Segment_display/hw
TRACE::2025-03-03.10:54:04::SCWPlatform:: Platform Path C:/PXL/devWorks/devWorks2/Custom_AXI_IP_7Segment/vitis/7Segment_display/hw/7Segment_display.xsa
TRACE::2025-03-03.10:54:04::SCWPlatform:: Unique name xilinx:pynq-z2::0.0
TRACE::2025-03-03.10:54:04::SCWPlatform::Trying to set the existing hwdb with name design_1_wrapper_0
TRACE::2025-03-03.10:54:04::SCWPlatform::Opened existing hwdb design_1_wrapper_0
TRACE::2025-03-03.10:54:04::SCWPlatform::Found the Hw Db part of the input DSA
TRACE::2025-03-03.10:54:04::SCWMssOS::Checking the sw design at  C:/PXL/devWorks/devWorks2/Custom_AXI_IP_7Segment/vitis/7Segment_display/zynq_fsbl/zynq_fsbl_bsp/system.mss
TRACE::2025-03-03.10:54:04::SCWMssOS::DEBUG:  swdes dump  C:/PXL/devWorks/devWorks2/Custom_AXI_IP_7Segment/vitis/7Segment_display/zynq_fsbl/zynq_fsbl_bsp/system.mss|system||

TRACE::2025-03-03.10:54:04::SCWMssOS::Sw design exists and opened at  C:/PXL/devWorks/devWorks2/Custom_AXI_IP_7Segment/vitis/7Segment_display/zynq_fsbl/zynq_fsbl_bsp/system.mss
TRACE::2025-03-03.10:54:04::SCWWriter::formatted JSON is {
	"platformName":	"7Segment_display",
	"sprVersion":	"2.0",
	"mode":	"gui",
	"dsaType":	"Fixed",
	"platformDesc":	"7Segment_display",
	"platHandOff":	"C:/PXL/devWorks/devWorks2/Custom_AXI_IP_7Segment/7Segment_display.xsa",
	"platIntHandOff":	"<platformDir>/hw/7Segment_display.xsa",
	"deviceType":	"zynq",
	"platIsPrebuiltAutogen":	"false",
	"platIsNoBootBsp":	"false",
	"platFsblTarget":	"ps7_cortexa9_0",
	"hasFsblMakeHasChanges":	"false",
	"hasPmufwMakeHasChanges":	"false",
	"fsblExtraCompilerFlags":	"-MMD -MP       -mcpu=cortex-a9 -mfpu=vfpv3 -mfloat-abi=hard ",
	"platPreBuiltFlag":	false,
	"platformSamplesDir":	"",
	"platActiveSys":	"7Segment_display",
	"systems":	[{
			"systemName":	"7Segment_display",
			"systemDesc":	"7Segment_display",
			"sysIsBootAutoGen":	"true",
			"systemDispName":	"7Segment_display",
			"sysActiveDom":	"zynq_fsbl",
			"sysDefaultDom":	"",
			"domains":	[{
					"domainName":	"zynq_fsbl",
					"domainDispName":	"zynq_fsbl",
					"domainDesc":	"FSBL Application BSP - Auto Generated.",
					"processors":	"ps7_cortexa9_0",
					"os":	"standalone",
					"sdxOs":	"standalone",
					"debugEnable":	"",
					"domRuntimes":	["cpp"],
					"swRepo":	"",
					"mssOsVer":	"9.1",
					"mssFile":	"",
					"md5Digest":	"416c58c1040c574c100d0daecfe19116",
					"compatibleApp":	"zynq_fsbl",
					"domType":	"bootDomain",
					"arch":	"32-bit",
					"appSettings":	{
						"appCompilerFlags":	"",
						"appLinkerFlags":	""
					},
					"addedLibs":	["xilffs:5.2", "xilrsa:1.8"],
					"libOptions":	{
						"libsContainingOptions":	[]
					},
					"prebuiltLibs":	{
						"prebuiltIncPath":	[],
						"prebuiltLibPath":	[]
					},
					"isolation":	{
					}
				}]
		}]
}
TRACE::2025-03-03.10:54:04::SCWMssOS::Saving the mss changes C:/PXL/devWorks/devWorks2/Custom_AXI_IP_7Segment/vitis/7Segment_display/zynq_fsbl/zynq_fsbl_bsp/system.mss
TRACE::2025-03-03.10:54:04::SCWMssOS::Found a swdesign opened with the mssfile.
TRACE::2025-03-03.10:54:04::SCWMssOS::Completed writemss as part of save.
TRACE::2025-03-03.10:54:04::SCWMssOS::Commit changes completed.
TRACE::2025-03-03.10:54:04::SCWPlatform::Trying to open the hw design at C:/PXL/devWorks/devWorks2/Custom_AXI_IP_7Segment/vitis/7Segment_display/hw/7Segment_display.xsa
TRACE::2025-03-03.10:54:04::SCWPlatform::DSA given C:/PXL/devWorks/devWorks2/Custom_AXI_IP_7Segment/vitis/7Segment_display/hw/7Segment_display.xsa
TRACE::2025-03-03.10:54:04::SCWPlatform::DSA absoulate path C:/PXL/devWorks/devWorks2/Custom_AXI_IP_7Segment/vitis/7Segment_display/hw/7Segment_display.xsa
TRACE::2025-03-03.10:54:04::SCWPlatform::DSA directory C:/PXL/devWorks/devWorks2/Custom_AXI_IP_7Segment/vitis/7Segment_display/hw
TRACE::2025-03-03.10:54:04::SCWPlatform:: Platform Path C:/PXL/devWorks/devWorks2/Custom_AXI_IP_7Segment/vitis/7Segment_display/hw/7Segment_display.xsa
TRACE::2025-03-03.10:54:04::SCWPlatform:: Unique name xilinx:pynq-z2::0.0
TRACE::2025-03-03.10:54:04::SCWPlatform::Trying to set the existing hwdb with name design_1_wrapper_0
TRACE::2025-03-03.10:54:04::SCWPlatform::Opened existing hwdb design_1_wrapper_0
TRACE::2025-03-03.10:54:04::SCWPlatform::Found the Hw Db part of the input DSA
TRACE::2025-03-03.10:54:04::SCWMssOS::Checking the sw design at  C:/PXL/devWorks/devWorks2/Custom_AXI_IP_7Segment/vitis/7Segment_display/zynq_fsbl/zynq_fsbl_bsp/system.mss
TRACE::2025-03-03.10:54:04::SCWMssOS::DEBUG:  swdes dump  C:/PXL/devWorks/devWorks2/Custom_AXI_IP_7Segment/vitis/7Segment_display/zynq_fsbl/zynq_fsbl_bsp/system.mss|system||

TRACE::2025-03-03.10:54:04::SCWMssOS::Sw design exists and opened at  C:/PXL/devWorks/devWorks2/Custom_AXI_IP_7Segment/vitis/7Segment_display/zynq_fsbl/zynq_fsbl_bsp/system.mss
TRACE::2025-03-03.10:54:04::SCWPlatform::Trying to open the hw design at C:/PXL/devWorks/devWorks2/Custom_AXI_IP_7Segment/vitis/7Segment_display/hw/7Segment_display.xsa
TRACE::2025-03-03.10:54:04::SCWPlatform::DSA given C:/PXL/devWorks/devWorks2/Custom_AXI_IP_7Segment/vitis/7Segment_display/hw/7Segment_display.xsa
TRACE::2025-03-03.10:54:04::SCWPlatform::DSA absoulate path C:/PXL/devWorks/devWorks2/Custom_AXI_IP_7Segment/vitis/7Segment_display/hw/7Segment_display.xsa
TRACE::2025-03-03.10:54:04::SCWPlatform::DSA directory C:/PXL/devWorks/devWorks2/Custom_AXI_IP_7Segment/vitis/7Segment_display/hw
TRACE::2025-03-03.10:54:04::SCWPlatform:: Platform Path C:/PXL/devWorks/devWorks2/Custom_AXI_IP_7Segment/vitis/7Segment_display/hw/7Segment_display.xsa
TRACE::2025-03-03.10:54:04::SCWPlatform:: Unique name xilinx:pynq-z2::0.0
TRACE::2025-03-03.10:54:04::SCWPlatform::Trying to set the existing hwdb with name design_1_wrapper_0
TRACE::2025-03-03.10:54:04::SCWPlatform::Opened existing hwdb design_1_wrapper_0
TRACE::2025-03-03.10:54:04::SCWPlatform::Found the Hw Db part of the input DSA
TRACE::2025-03-03.10:54:04::SCWMssOS::Checking the sw design at  C:/PXL/devWorks/devWorks2/Custom_AXI_IP_7Segment/vitis/7Segment_display/zynq_fsbl/zynq_fsbl_bsp/system.mss
TRACE::2025-03-03.10:54:04::SCWMssOS::DEBUG:  swdes dump  C:/PXL/devWorks/devWorks2/Custom_AXI_IP_7Segment/vitis/7Segment_display/zynq_fsbl/zynq_fsbl_bsp/system.mss|system||

TRACE::2025-03-03.10:54:04::SCWMssOS::Sw design exists and opened at  C:/PXL/devWorks/devWorks2/Custom_AXI_IP_7Segment/vitis/7Segment_display/zynq_fsbl/zynq_fsbl_bsp/system.mss
TRACE::2025-03-03.10:54:04::SCWPlatform::Trying to open the hw design at C:/PXL/devWorks/devWorks2/Custom_AXI_IP_7Segment/vitis/7Segment_display/hw/7Segment_display.xsa
TRACE::2025-03-03.10:54:04::SCWPlatform::DSA given C:/PXL/devWorks/devWorks2/Custom_AXI_IP_7Segment/vitis/7Segment_display/hw/7Segment_display.xsa
TRACE::2025-03-03.10:54:04::SCWPlatform::DSA absoulate path C:/PXL/devWorks/devWorks2/Custom_AXI_IP_7Segment/vitis/7Segment_display/hw/7Segment_display.xsa
TRACE::2025-03-03.10:54:04::SCWPlatform::DSA directory C:/PXL/devWorks/devWorks2/Custom_AXI_IP_7Segment/vitis/7Segment_display/hw
TRACE::2025-03-03.10:54:04::SCWPlatform:: Platform Path C:/PXL/devWorks/devWorks2/Custom_AXI_IP_7Segment/vitis/7Segment_display/hw/7Segment_display.xsa
TRACE::2025-03-03.10:54:04::SCWPlatform:: Unique name xilinx:pynq-z2::0.0
TRACE::2025-03-03.10:54:04::SCWPlatform::Trying to set the existing hwdb with name design_1_wrapper_0
TRACE::2025-03-03.10:54:04::SCWPlatform::Opened existing hwdb design_1_wrapper_0
TRACE::2025-03-03.10:54:04::SCWPlatform::Found the Hw Db part of the input DSA
TRACE::2025-03-03.10:54:04::SCWMssOS::Checking the sw design at  C:/PXL/devWorks/devWorks2/Custom_AXI_IP_7Segment/vitis/7Segment_display/zynq_fsbl/zynq_fsbl_bsp/system.mss
TRACE::2025-03-03.10:54:04::SCWMssOS::DEBUG:  swdes dump  C:/PXL/devWorks/devWorks2/Custom_AXI_IP_7Segment/vitis/7Segment_display/zynq_fsbl/zynq_fsbl_bsp/system.mss|system||

TRACE::2025-03-03.10:54:04::SCWMssOS::Sw design exists and opened at  C:/PXL/devWorks/devWorks2/Custom_AXI_IP_7Segment/vitis/7Segment_display/zynq_fsbl/zynq_fsbl_bsp/system.mss
TRACE::2025-03-03.10:54:04::SCWWriter::formatted JSON is {
	"platformName":	"7Segment_display",
	"sprVersion":	"2.0",
	"mode":	"gui",
	"dsaType":	"Fixed",
	"platformDesc":	"7Segment_display",
	"platHandOff":	"C:/PXL/devWorks/devWorks2/Custom_AXI_IP_7Segment/7Segment_display.xsa",
	"platIntHandOff":	"<platformDir>/hw/7Segment_display.xsa",
	"deviceType":	"zynq",
	"platIsPrebuiltAutogen":	"false",
	"platIsNoBootBsp":	"false",
	"platFsblTarget":	"ps7_cortexa9_0",
	"hasFsblMakeHasChanges":	"false",
	"hasPmufwMakeHasChanges":	"false",
	"fsblExtraCompilerFlags":	"-MMD -MP       -mcpu=cortex-a9 -mfpu=vfpv3 -mfloat-abi=hard ",
	"platPreBuiltFlag":	false,
	"platformSamplesDir":	"",
	"platActiveSys":	"7Segment_display",
	"systems":	[{
			"systemName":	"7Segment_display",
			"systemDesc":	"7Segment_display",
			"sysIsBootAutoGen":	"true",
			"systemDispName":	"7Segment_display",
			"sysActiveDom":	"zynq_fsbl",
			"sysDefaultDom":	"",
			"domains":	[{
					"domainName":	"zynq_fsbl",
					"domainDispName":	"zynq_fsbl",
					"domainDesc":	"FSBL Application BSP - Auto Generated.",
					"processors":	"ps7_cortexa9_0",
					"os":	"standalone",
					"sdxOs":	"standalone",
					"debugEnable":	"",
					"domRuntimes":	["cpp"],
					"swRepo":	"",
					"mssOsVer":	"9.1",
					"mssFile":	"",
					"md5Digest":	"416c58c1040c574c100d0daecfe19116",
					"compatibleApp":	"zynq_fsbl",
					"domType":	"bootDomain",
					"arch":	"32-bit",
					"appSettings":	{
						"appCompilerFlags":	"",
						"appLinkerFlags":	""
					},
					"addedLibs":	["xilffs:5.2", "xilrsa:1.8"],
					"libOptions":	{
						"libsContainingOptions":	[]
					},
					"prebuiltLibs":	{
						"prebuiltIncPath":	[],
						"prebuiltLibPath":	[]
					},
					"isolation":	{
					}
				}]
		}]
}
TRACE::2025-03-03.10:54:04::SCWPlatform::Trying to open the hw design at C:/PXL/devWorks/devWorks2/Custom_AXI_IP_7Segment/vitis/7Segment_display/hw/7Segment_display.xsa
TRACE::2025-03-03.10:54:04::SCWPlatform::DSA given C:/PXL/devWorks/devWorks2/Custom_AXI_IP_7Segment/vitis/7Segment_display/hw/7Segment_display.xsa
TRACE::2025-03-03.10:54:04::SCWPlatform::DSA absoulate path C:/PXL/devWorks/devWorks2/Custom_AXI_IP_7Segment/vitis/7Segment_display/hw/7Segment_display.xsa
TRACE::2025-03-03.10:54:04::SCWPlatform::DSA directory C:/PXL/devWorks/devWorks2/Custom_AXI_IP_7Segment/vitis/7Segment_display/hw
TRACE::2025-03-03.10:54:04::SCWPlatform:: Platform Path C:/PXL/devWorks/devWorks2/Custom_AXI_IP_7Segment/vitis/7Segment_display/hw/7Segment_display.xsa
TRACE::2025-03-03.10:54:04::SCWPlatform:: Unique name xilinx:pynq-z2::0.0
TRACE::2025-03-03.10:54:04::SCWPlatform::Trying to set the existing hwdb with name design_1_wrapper_0
TRACE::2025-03-03.10:54:04::SCWPlatform::Opened existing hwdb design_1_wrapper_0
TRACE::2025-03-03.10:54:04::SCWPlatform::Found the Hw Db part of the input DSA
TRACE::2025-03-03.10:54:04::SCWDomain::checking for install qemu data   : 
TRACE::2025-03-03.10:54:04::SCWDomain:: Using the QEMU Data from install at  : C:/Xilinx/Vitis/2024.1/data/emulation/platforms/zynq/sw/a9_standalone/qemu/
TRACE::2025-03-03.10:54:04::SCWDomain:: Using the QEMU args  from install at  : C:/Xilinx/Vitis/2024.1/data/emulation/platforms/zynq/sw/a9_standalone/qemu/qemu_args.txt
TRACE::2025-03-03.10:54:04::SCWPlatform::Trying to open the hw design at C:/PXL/devWorks/devWorks2/Custom_AXI_IP_7Segment/vitis/7Segment_display/hw/7Segment_display.xsa
TRACE::2025-03-03.10:54:04::SCWPlatform::DSA given C:/PXL/devWorks/devWorks2/Custom_AXI_IP_7Segment/vitis/7Segment_display/hw/7Segment_display.xsa
TRACE::2025-03-03.10:54:04::SCWPlatform::DSA absoulate path C:/PXL/devWorks/devWorks2/Custom_AXI_IP_7Segment/vitis/7Segment_display/hw/7Segment_display.xsa
TRACE::2025-03-03.10:54:04::SCWPlatform::DSA directory C:/PXL/devWorks/devWorks2/Custom_AXI_IP_7Segment/vitis/7Segment_display/hw
TRACE::2025-03-03.10:54:04::SCWPlatform:: Platform Path C:/PXL/devWorks/devWorks2/Custom_AXI_IP_7Segment/vitis/7Segment_display/hw/7Segment_display.xsa
TRACE::2025-03-03.10:54:04::SCWPlatform:: Unique name xilinx:pynq-z2::0.0
TRACE::2025-03-03.10:54:04::SCWPlatform::Trying to set the existing hwdb with name design_1_wrapper_0
TRACE::2025-03-03.10:54:04::SCWPlatform::Opened existing hwdb design_1_wrapper_0
TRACE::2025-03-03.10:54:04::SCWPlatform::Found the Hw Db part of the input DSA
TRACE::2025-03-03.10:54:04::SCWPlatform::Trying to open the hw design at C:/PXL/devWorks/devWorks2/Custom_AXI_IP_7Segment/vitis/7Segment_display/hw/7Segment_display.xsa
TRACE::2025-03-03.10:54:04::SCWPlatform::DSA given C:/PXL/devWorks/devWorks2/Custom_AXI_IP_7Segment/vitis/7Segment_display/hw/7Segment_display.xsa
TRACE::2025-03-03.10:54:04::SCWPlatform::DSA absoulate path C:/PXL/devWorks/devWorks2/Custom_AXI_IP_7Segment/vitis/7Segment_display/hw/7Segment_display.xsa
TRACE::2025-03-03.10:54:04::SCWPlatform::DSA directory C:/PXL/devWorks/devWorks2/Custom_AXI_IP_7Segment/vitis/7Segment_display/hw
TRACE::2025-03-03.10:54:04::SCWPlatform:: Platform Path C:/PXL/devWorks/devWorks2/Custom_AXI_IP_7Segment/vitis/7Segment_display/hw/7Segment_display.xsa
TRACE::2025-03-03.10:54:04::SCWPlatform:: Unique name xilinx:pynq-z2::0.0
TRACE::2025-03-03.10:54:04::SCWPlatform::Trying to set the existing hwdb with name design_1_wrapper_0
TRACE::2025-03-03.10:54:04::SCWPlatform::Opened existing hwdb design_1_wrapper_0
TRACE::2025-03-03.10:54:04::SCWPlatform::Found the Hw Db part of the input DSA
TRACE::2025-03-03.10:54:04::SCWDomain::Qemu Directory name is changed from "" to "qemu"
TRACE::2025-03-03.10:54:04::SCWPlatform::Trying to open the hw design at C:/PXL/devWorks/devWorks2/Custom_AXI_IP_7Segment/vitis/7Segment_display/hw/7Segment_display.xsa
TRACE::2025-03-03.10:54:04::SCWPlatform::DSA given C:/PXL/devWorks/devWorks2/Custom_AXI_IP_7Segment/vitis/7Segment_display/hw/7Segment_display.xsa
TRACE::2025-03-03.10:54:04::SCWPlatform::DSA absoulate path C:/PXL/devWorks/devWorks2/Custom_AXI_IP_7Segment/vitis/7Segment_display/hw/7Segment_display.xsa
TRACE::2025-03-03.10:54:04::SCWPlatform::DSA directory C:/PXL/devWorks/devWorks2/Custom_AXI_IP_7Segment/vitis/7Segment_display/hw
TRACE::2025-03-03.10:54:04::SCWPlatform:: Platform Path C:/PXL/devWorks/devWorks2/Custom_AXI_IP_7Segment/vitis/7Segment_display/hw/7Segment_display.xsa
TRACE::2025-03-03.10:54:04::SCWPlatform:: Unique name xilinx:pynq-z2::0.0
TRACE::2025-03-03.10:54:04::SCWPlatform::Trying to set the existing hwdb with name design_1_wrapper_0
TRACE::2025-03-03.10:54:04::SCWPlatform::Opened existing hwdb design_1_wrapper_0
TRACE::2025-03-03.10:54:04::SCWPlatform::Found the Hw Db part of the input DSA
TRACE::2025-03-03.10:54:04::SCWMssOS::Checking the sw design at  C:/PXL/devWorks/devWorks2/Custom_AXI_IP_7Segment/vitis/7Segment_display/ps7_cortexa9_0/standalone_ps7_cortexa9_0/bsp/system.mss
TRACE::2025-03-03.10:54:04::SCWMssOS::DEBUG:  swdes dump  C:/PXL/devWorks/devWorks2/Custom_AXI_IP_7Segment/vitis/7Segment_display/zynq_fsbl/zynq_fsbl_bsp/system.mss|system||

TRACE::2025-03-03.10:54:04::SCWMssOS::No sw design opened at  C:/PXL/devWorks/devWorks2/Custom_AXI_IP_7Segment/vitis/7Segment_display/ps7_cortexa9_0/standalone_ps7_cortexa9_0/bsp/system.mss
TRACE::2025-03-03.10:54:04::SCWMssOS::mss does not exists at C:/PXL/devWorks/devWorks2/Custom_AXI_IP_7Segment/vitis/7Segment_display/ps7_cortexa9_0/standalone_ps7_cortexa9_0/bsp/system.mss
TRACE::2025-03-03.10:54:04::SCWMssOS::Creating sw design at  C:/PXL/devWorks/devWorks2/Custom_AXI_IP_7Segment/vitis/7Segment_display/ps7_cortexa9_0/standalone_ps7_cortexa9_0/bsp/system.mss
TRACE::2025-03-03.10:54:04::SCWMssOS::Adding the swdes entry, created swdb C:/PXL/devWorks/devWorks2/Custom_AXI_IP_7Segment/vitis/7Segment_display/ps7_cortexa9_0/standalone_ps7_cortexa9_0/bsp/system.mss with des name C:/PXL/devWorks/devWorks2/Custom_AXI_IP_7Segment/vitis/7Segment_display/ps7_cortexa9_0/standalone_ps7_cortexa9_0/bsp/system.mss
TRACE::2025-03-03.10:54:04::SCWMssOS::updating the scw layer changes to swdes at   C:/PXL/devWorks/devWorks2/Custom_AXI_IP_7Segment/vitis/7Segment_display/ps7_cortexa9_0/standalone_ps7_cortexa9_0/bsp/system.mss
TRACE::2025-03-03.10:54:04::SCWMssOS::Writing mss at C:/PXL/devWorks/devWorks2/Custom_AXI_IP_7Segment/vitis/7Segment_display/ps7_cortexa9_0/standalone_ps7_cortexa9_0/bsp/system.mss
TRACE::2025-03-03.10:54:04::SCWMssOS::Completed writing the mss file at C:/PXL/devWorks/devWorks2/Custom_AXI_IP_7Segment/vitis/7Segment_display/ps7_cortexa9_0/standalone_ps7_cortexa9_0/bsp
TRACE::2025-03-03.10:54:04::SCWMssOS::Picking up changes from newly written mss file into SCW Layer. 
TRACE::2025-03-03.10:54:04::SCWMssOS::Updated the changes from newly written mss file into SCW Layer. 
TRACE::2025-03-03.10:54:04::SCWMssOS::Completed writing the mss file at C:/PXL/devWorks/devWorks2/Custom_AXI_IP_7Segment/vitis/7Segment_display/ps7_cortexa9_0/standalone_ps7_cortexa9_0/bsp
TRACE::2025-03-03.10:54:04::SCWMssOS::Forcing BSP Sources regeneration.
TRACE::2025-03-03.10:54:05::SCWMssOS::Saving the mss changes C:/PXL/devWorks/devWorks2/Custom_AXI_IP_7Segment/vitis/7Segment_display/zynq_fsbl/zynq_fsbl_bsp/system.mss
TRACE::2025-03-03.10:54:05::SCWMssOS::Found a swdesign opened with the mssfile.
TRACE::2025-03-03.10:54:05::SCWMssOS::Completed writemss as part of save.
TRACE::2025-03-03.10:54:05::SCWMssOS::Commit changes completed.
TRACE::2025-03-03.10:54:05::SCWMssOS::Saving the mss changes C:/PXL/devWorks/devWorks2/Custom_AXI_IP_7Segment/vitis/7Segment_display/ps7_cortexa9_0/standalone_ps7_cortexa9_0/bsp/system.mss
TRACE::2025-03-03.10:54:05::SCWMssOS::Adding the swdes entry, mss present, able to open swdb C:/PXL/devWorks/devWorks2/Custom_AXI_IP_7Segment/vitis/7Segment_display/ps7_cortexa9_0/standalone_ps7_cortexa9_0/bsp/system.mss with des name system_0
TRACE::2025-03-03.10:54:05::SCWMssOS::Writing the mss file completed C:/PXL/devWorks/devWorks2/Custom_AXI_IP_7Segment/vitis/7Segment_display/ps7_cortexa9_0/standalone_ps7_cortexa9_0/bsp/system.mss
TRACE::2025-03-03.10:54:05::SCWMssOS::Commit changes completed.
TRACE::2025-03-03.10:54:05::SCWPlatform::Trying to open the hw design at C:/PXL/devWorks/devWorks2/Custom_AXI_IP_7Segment/vitis/7Segment_display/hw/7Segment_display.xsa
TRACE::2025-03-03.10:54:05::SCWPlatform::DSA given C:/PXL/devWorks/devWorks2/Custom_AXI_IP_7Segment/vitis/7Segment_display/hw/7Segment_display.xsa
TRACE::2025-03-03.10:54:05::SCWPlatform::DSA absoulate path C:/PXL/devWorks/devWorks2/Custom_AXI_IP_7Segment/vitis/7Segment_display/hw/7Segment_display.xsa
TRACE::2025-03-03.10:54:05::SCWPlatform::DSA directory C:/PXL/devWorks/devWorks2/Custom_AXI_IP_7Segment/vitis/7Segment_display/hw
TRACE::2025-03-03.10:54:05::SCWPlatform:: Platform Path C:/PXL/devWorks/devWorks2/Custom_AXI_IP_7Segment/vitis/7Segment_display/hw/7Segment_display.xsa
TRACE::2025-03-03.10:54:05::SCWPlatform:: Unique name xilinx:pynq-z2::0.0
TRACE::2025-03-03.10:54:05::SCWPlatform::Trying to set the existing hwdb with name design_1_wrapper_0
TRACE::2025-03-03.10:54:05::SCWPlatform::Opened existing hwdb design_1_wrapper_0
TRACE::2025-03-03.10:54:05::SCWPlatform::Found the Hw Db part of the input DSA
TRACE::2025-03-03.10:54:05::SCWMssOS::Checking the sw design at  C:/PXL/devWorks/devWorks2/Custom_AXI_IP_7Segment/vitis/7Segment_display/zynq_fsbl/zynq_fsbl_bsp/system.mss
TRACE::2025-03-03.10:54:05::SCWMssOS::DEBUG:  swdes dump  C:/PXL/devWorks/devWorks2/Custom_AXI_IP_7Segment/vitis/7Segment_display/ps7_cortexa9_0/standalone_ps7_cortexa9_0/bsp/system.mss|system_0||
C:/PXL/devWorks/devWorks2/Custom_AXI_IP_7Segment/vitis/7Segment_display/zynq_fsbl/zynq_fsbl_bsp/system.mss|system||

TRACE::2025-03-03.10:54:05::SCWMssOS::Sw design exists and opened at  C:/PXL/devWorks/devWorks2/Custom_AXI_IP_7Segment/vitis/7Segment_display/zynq_fsbl/zynq_fsbl_bsp/system.mss
TRACE::2025-03-03.10:54:05::SCWPlatform::Trying to open the hw design at C:/PXL/devWorks/devWorks2/Custom_AXI_IP_7Segment/vitis/7Segment_display/hw/7Segment_display.xsa
TRACE::2025-03-03.10:54:05::SCWPlatform::DSA given C:/PXL/devWorks/devWorks2/Custom_AXI_IP_7Segment/vitis/7Segment_display/hw/7Segment_display.xsa
TRACE::2025-03-03.10:54:05::SCWPlatform::DSA absoulate path C:/PXL/devWorks/devWorks2/Custom_AXI_IP_7Segment/vitis/7Segment_display/hw/7Segment_display.xsa
TRACE::2025-03-03.10:54:05::SCWPlatform::DSA directory C:/PXL/devWorks/devWorks2/Custom_AXI_IP_7Segment/vitis/7Segment_display/hw
TRACE::2025-03-03.10:54:05::SCWPlatform:: Platform Path C:/PXL/devWorks/devWorks2/Custom_AXI_IP_7Segment/vitis/7Segment_display/hw/7Segment_display.xsa
TRACE::2025-03-03.10:54:05::SCWPlatform:: Unique name xilinx:pynq-z2::0.0
TRACE::2025-03-03.10:54:05::SCWPlatform::Trying to set the existing hwdb with name design_1_wrapper_0
TRACE::2025-03-03.10:54:05::SCWPlatform::Opened existing hwdb design_1_wrapper_0
TRACE::2025-03-03.10:54:05::SCWPlatform::Found the Hw Db part of the input DSA
TRACE::2025-03-03.10:54:05::SCWMssOS::Checking the sw design at  C:/PXL/devWorks/devWorks2/Custom_AXI_IP_7Segment/vitis/7Segment_display/zynq_fsbl/zynq_fsbl_bsp/system.mss
TRACE::2025-03-03.10:54:05::SCWMssOS::DEBUG:  swdes dump  C:/PXL/devWorks/devWorks2/Custom_AXI_IP_7Segment/vitis/7Segment_display/ps7_cortexa9_0/standalone_ps7_cortexa9_0/bsp/system.mss|system_0||
C:/PXL/devWorks/devWorks2/Custom_AXI_IP_7Segment/vitis/7Segment_display/zynq_fsbl/zynq_fsbl_bsp/system.mss|system||

TRACE::2025-03-03.10:54:05::SCWMssOS::Sw design exists and opened at  C:/PXL/devWorks/devWorks2/Custom_AXI_IP_7Segment/vitis/7Segment_display/zynq_fsbl/zynq_fsbl_bsp/system.mss
TRACE::2025-03-03.10:54:05::SCWPlatform::Trying to open the hw design at C:/PXL/devWorks/devWorks2/Custom_AXI_IP_7Segment/vitis/7Segment_display/hw/7Segment_display.xsa
TRACE::2025-03-03.10:54:05::SCWPlatform::DSA given C:/PXL/devWorks/devWorks2/Custom_AXI_IP_7Segment/vitis/7Segment_display/hw/7Segment_display.xsa
TRACE::2025-03-03.10:54:05::SCWPlatform::DSA absoulate path C:/PXL/devWorks/devWorks2/Custom_AXI_IP_7Segment/vitis/7Segment_display/hw/7Segment_display.xsa
TRACE::2025-03-03.10:54:05::SCWPlatform::DSA directory C:/PXL/devWorks/devWorks2/Custom_AXI_IP_7Segment/vitis/7Segment_display/hw
TRACE::2025-03-03.10:54:05::SCWPlatform:: Platform Path C:/PXL/devWorks/devWorks2/Custom_AXI_IP_7Segment/vitis/7Segment_display/hw/7Segment_display.xsa
TRACE::2025-03-03.10:54:05::SCWPlatform:: Unique name xilinx:pynq-z2::0.0
TRACE::2025-03-03.10:54:05::SCWPlatform::Trying to set the existing hwdb with name design_1_wrapper_0
TRACE::2025-03-03.10:54:05::SCWPlatform::Opened existing hwdb design_1_wrapper_0
TRACE::2025-03-03.10:54:05::SCWPlatform::Found the Hw Db part of the input DSA
TRACE::2025-03-03.10:54:05::SCWMssOS::Checking the sw design at  C:/PXL/devWorks/devWorks2/Custom_AXI_IP_7Segment/vitis/7Segment_display/zynq_fsbl/zynq_fsbl_bsp/system.mss
TRACE::2025-03-03.10:54:05::SCWMssOS::DEBUG:  swdes dump  C:/PXL/devWorks/devWorks2/Custom_AXI_IP_7Segment/vitis/7Segment_display/ps7_cortexa9_0/standalone_ps7_cortexa9_0/bsp/system.mss|system_0||
C:/PXL/devWorks/devWorks2/Custom_AXI_IP_7Segment/vitis/7Segment_display/zynq_fsbl/zynq_fsbl_bsp/system.mss|system||

TRACE::2025-03-03.10:54:05::SCWMssOS::Sw design exists and opened at  C:/PXL/devWorks/devWorks2/Custom_AXI_IP_7Segment/vitis/7Segment_display/zynq_fsbl/zynq_fsbl_bsp/system.mss
TRACE::2025-03-03.10:54:05::SCWPlatform::Trying to open the hw design at C:/PXL/devWorks/devWorks2/Custom_AXI_IP_7Segment/vitis/7Segment_display/hw/7Segment_display.xsa
TRACE::2025-03-03.10:54:05::SCWPlatform::DSA given C:/PXL/devWorks/devWorks2/Custom_AXI_IP_7Segment/vitis/7Segment_display/hw/7Segment_display.xsa
TRACE::2025-03-03.10:54:05::SCWPlatform::DSA absoulate path C:/PXL/devWorks/devWorks2/Custom_AXI_IP_7Segment/vitis/7Segment_display/hw/7Segment_display.xsa
TRACE::2025-03-03.10:54:05::SCWPlatform::DSA directory C:/PXL/devWorks/devWorks2/Custom_AXI_IP_7Segment/vitis/7Segment_display/hw
TRACE::2025-03-03.10:54:05::SCWPlatform:: Platform Path C:/PXL/devWorks/devWorks2/Custom_AXI_IP_7Segment/vitis/7Segment_display/hw/7Segment_display.xsa
TRACE::2025-03-03.10:54:05::SCWPlatform:: Unique name xilinx:pynq-z2::0.0
TRACE::2025-03-03.10:54:05::SCWPlatform::Trying to set the existing hwdb with name design_1_wrapper_0
TRACE::2025-03-03.10:54:05::SCWPlatform::Opened existing hwdb design_1_wrapper_0
TRACE::2025-03-03.10:54:05::SCWPlatform::Found the Hw Db part of the input DSA
TRACE::2025-03-03.10:54:05::SCWMssOS::Checking the sw design at  C:/PXL/devWorks/devWorks2/Custom_AXI_IP_7Segment/vitis/7Segment_display/ps7_cortexa9_0/standalone_ps7_cortexa9_0/bsp/system.mss
TRACE::2025-03-03.10:54:05::SCWMssOS::DEBUG:  swdes dump  C:/PXL/devWorks/devWorks2/Custom_AXI_IP_7Segment/vitis/7Segment_display/ps7_cortexa9_0/standalone_ps7_cortexa9_0/bsp/system.mss|system_0||
C:/PXL/devWorks/devWorks2/Custom_AXI_IP_7Segment/vitis/7Segment_display/zynq_fsbl/zynq_fsbl_bsp/system.mss|system||

TRACE::2025-03-03.10:54:05::SCWMssOS::Sw design exists and opened at  C:/PXL/devWorks/devWorks2/Custom_AXI_IP_7Segment/vitis/7Segment_display/ps7_cortexa9_0/standalone_ps7_cortexa9_0/bsp/system.mss
TRACE::2025-03-03.10:54:05::SCWPlatform::Trying to open the hw design at C:/PXL/devWorks/devWorks2/Custom_AXI_IP_7Segment/vitis/7Segment_display/hw/7Segment_display.xsa
TRACE::2025-03-03.10:54:05::SCWPlatform::DSA given C:/PXL/devWorks/devWorks2/Custom_AXI_IP_7Segment/vitis/7Segment_display/hw/7Segment_display.xsa
TRACE::2025-03-03.10:54:05::SCWPlatform::DSA absoulate path C:/PXL/devWorks/devWorks2/Custom_AXI_IP_7Segment/vitis/7Segment_display/hw/7Segment_display.xsa
TRACE::2025-03-03.10:54:05::SCWPlatform::DSA directory C:/PXL/devWorks/devWorks2/Custom_AXI_IP_7Segment/vitis/7Segment_display/hw
TRACE::2025-03-03.10:54:05::SCWPlatform:: Platform Path C:/PXL/devWorks/devWorks2/Custom_AXI_IP_7Segment/vitis/7Segment_display/hw/7Segment_display.xsa
TRACE::2025-03-03.10:54:05::SCWPlatform:: Unique name xilinx:pynq-z2::0.0
TRACE::2025-03-03.10:54:05::SCWPlatform::Trying to set the existing hwdb with name design_1_wrapper_0
TRACE::2025-03-03.10:54:05::SCWPlatform::Opened existing hwdb design_1_wrapper_0
TRACE::2025-03-03.10:54:05::SCWPlatform::Found the Hw Db part of the input DSA
TRACE::2025-03-03.10:54:05::SCWMssOS::Checking the sw design at  C:/PXL/devWorks/devWorks2/Custom_AXI_IP_7Segment/vitis/7Segment_display/ps7_cortexa9_0/standalone_ps7_cortexa9_0/bsp/system.mss
TRACE::2025-03-03.10:54:05::SCWMssOS::DEBUG:  swdes dump  C:/PXL/devWorks/devWorks2/Custom_AXI_IP_7Segment/vitis/7Segment_display/ps7_cortexa9_0/standalone_ps7_cortexa9_0/bsp/system.mss|system_0||
C:/PXL/devWorks/devWorks2/Custom_AXI_IP_7Segment/vitis/7Segment_display/zynq_fsbl/zynq_fsbl_bsp/system.mss|system||

TRACE::2025-03-03.10:54:05::SCWMssOS::Sw design exists and opened at  C:/PXL/devWorks/devWorks2/Custom_AXI_IP_7Segment/vitis/7Segment_display/ps7_cortexa9_0/standalone_ps7_cortexa9_0/bsp/system.mss
TRACE::2025-03-03.10:54:05::SCWPlatform::Trying to open the hw design at C:/PXL/devWorks/devWorks2/Custom_AXI_IP_7Segment/vitis/7Segment_display/hw/7Segment_display.xsa
TRACE::2025-03-03.10:54:05::SCWPlatform::DSA given C:/PXL/devWorks/devWorks2/Custom_AXI_IP_7Segment/vitis/7Segment_display/hw/7Segment_display.xsa
TRACE::2025-03-03.10:54:05::SCWPlatform::DSA absoulate path C:/PXL/devWorks/devWorks2/Custom_AXI_IP_7Segment/vitis/7Segment_display/hw/7Segment_display.xsa
TRACE::2025-03-03.10:54:05::SCWPlatform::DSA directory C:/PXL/devWorks/devWorks2/Custom_AXI_IP_7Segment/vitis/7Segment_display/hw
TRACE::2025-03-03.10:54:05::SCWPlatform:: Platform Path C:/PXL/devWorks/devWorks2/Custom_AXI_IP_7Segment/vitis/7Segment_display/hw/7Segment_display.xsa
TRACE::2025-03-03.10:54:05::SCWPlatform:: Unique name xilinx:pynq-z2::0.0
TRACE::2025-03-03.10:54:05::SCWPlatform::Trying to set the existing hwdb with name design_1_wrapper_0
TRACE::2025-03-03.10:54:05::SCWPlatform::Opened existing hwdb design_1_wrapper_0
TRACE::2025-03-03.10:54:05::SCWPlatform::Found the Hw Db part of the input DSA
TRACE::2025-03-03.10:54:05::SCWMssOS::Checking the sw design at  C:/PXL/devWorks/devWorks2/Custom_AXI_IP_7Segment/vitis/7Segment_display/ps7_cortexa9_0/standalone_ps7_cortexa9_0/bsp/system.mss
TRACE::2025-03-03.10:54:05::SCWMssOS::DEBUG:  swdes dump  C:/PXL/devWorks/devWorks2/Custom_AXI_IP_7Segment/vitis/7Segment_display/ps7_cortexa9_0/standalone_ps7_cortexa9_0/bsp/system.mss|system_0||
C:/PXL/devWorks/devWorks2/Custom_AXI_IP_7Segment/vitis/7Segment_display/zynq_fsbl/zynq_fsbl_bsp/system.mss|system||

TRACE::2025-03-03.10:54:05::SCWMssOS::Sw design exists and opened at  C:/PXL/devWorks/devWorks2/Custom_AXI_IP_7Segment/vitis/7Segment_display/ps7_cortexa9_0/standalone_ps7_cortexa9_0/bsp/system.mss
TRACE::2025-03-03.10:54:05::SCWWriter::formatted JSON is {
	"platformName":	"7Segment_display",
	"sprVersion":	"2.0",
	"mode":	"gui",
	"dsaType":	"Fixed",
	"platformDesc":	"7Segment_display",
	"platHandOff":	"C:/PXL/devWorks/devWorks2/Custom_AXI_IP_7Segment/7Segment_display.xsa",
	"platIntHandOff":	"<platformDir>/hw/7Segment_display.xsa",
	"deviceType":	"zynq",
	"platIsPrebuiltAutogen":	"false",
	"platIsNoBootBsp":	"false",
	"platFsblTarget":	"ps7_cortexa9_0",
	"hasFsblMakeHasChanges":	"false",
	"hasPmufwMakeHasChanges":	"false",
	"fsblExtraCompilerFlags":	"-MMD -MP       -mcpu=cortex-a9 -mfpu=vfpv3 -mfloat-abi=hard ",
	"platPreBuiltFlag":	false,
	"platformSamplesDir":	"",
	"platActiveSys":	"7Segment_display",
	"systems":	[{
			"systemName":	"7Segment_display",
			"systemDesc":	"7Segment_display",
			"sysIsBootAutoGen":	"true",
			"systemDispName":	"7Segment_display",
			"sysActiveDom":	"standalone_ps7_cortexa9_0",
			"sysDefaultDom":	"standalone_ps7_cortexa9_0",
			"domains":	[{
					"domainName":	"zynq_fsbl",
					"domainDispName":	"zynq_fsbl",
					"domainDesc":	"FSBL Application BSP - Auto Generated.",
					"processors":	"ps7_cortexa9_0",
					"os":	"standalone",
					"sdxOs":	"standalone",
					"debugEnable":	"",
					"domRuntimes":	["cpp"],
					"swRepo":	"",
					"mssOsVer":	"9.1",
					"mssFile":	"",
					"md5Digest":	"416c58c1040c574c100d0daecfe19116",
					"compatibleApp":	"zynq_fsbl",
					"domType":	"bootDomain",
					"arch":	"32-bit",
					"appSettings":	{
						"appCompilerFlags":	"",
						"appLinkerFlags":	""
					},
					"addedLibs":	["xilffs:5.2", "xilrsa:1.8"],
					"libOptions":	{
						"libsContainingOptions":	[]
					},
					"prebuiltLibs":	{
						"prebuiltIncPath":	[],
						"prebuiltLibPath":	[]
					},
					"isolation":	{
					}
				}, {
					"domainName":	"standalone_ps7_cortexa9_0",
					"domainDispName":	"standalone_ps7_cortexa9_0",
					"domainDesc":	"standalone_ps7_cortexa9_0",
					"processors":	"ps7_cortexa9_0",
					"os":	"standalone",
					"sdxOs":	"standalone",
					"qemuArgs":	"<platformDir>/resources/7Segment_display/standalone_ps7_cortexa9_0/qemu_args.txt",
					"qemuData":	"<platformDir>/resources/7Segment_display/standalone_ps7_cortexa9_0/qemu",
					"debugEnable":	"False",
					"domRuntimes":	["cpp"],
					"swRepo":	"",
					"mssOsVer":	"9.1",
					"mssFile":	"",
					"md5Digest":	"c063a40181cfc1dcf09ee2359d488094",
					"compatibleApp":	"hello_world",
					"domType":	"mssDomain",
					"arch":	"32-bit",
					"appSettings":	{
						"appCompilerFlags":	"",
						"appLinkerFlags":	""
					},
					"addedLibs":	[],
					"libOptions":	{
						"libsContainingOptions":	[]
					},
					"prebuiltLibs":	{
						"prebuiltIncPath":	[],
						"prebuiltLibPath":	[]
					},
					"isolation":	{
					}
				}]
		}]
}
LOG::2025-03-03.10:54:05::SCWPlatform::Started generating the artifacts platform 7Segment_display
TRACE::2025-03-03.10:54:05::SCWPlatform::Sanity checking of platform is completed
LOG::2025-03-03.10:54:05::SCWPlatform::Started generating the artifacts for system configuration 7Segment_display
LOG::2025-03-03.10:54:05::SCWSystem::Checking the domain zynq_fsbl
LOG::2025-03-03.10:54:05::SCWSystem::Doing application build for :  zynq_fsbl
TRACE::2025-03-03.10:54:05::SCWBDomain::Not a forced makefile updation, No changes are present. 
TRACE::2025-03-03.10:54:05::SCWDomain::Skipping the build for domain :  zynq_fsbl
LOG::2025-03-03.10:54:05::SCWSystem::Checking the domain standalone_ps7_cortexa9_0
LOG::2025-03-03.10:54:05::SCWSystem::Not a boot domain 
LOG::2025-03-03.10:54:05::SCWSystem::Started Processing the domain standalone_ps7_cortexa9_0
TRACE::2025-03-03.10:54:05::SCWDomain::Generating domain artifcats
TRACE::2025-03-03.10:54:05::SCWMssOS::Generating standalone artifcats
TRACE::2025-03-03.10:54:05::SCWMssOS::Copying the qemu file from  C:/PXL/devWorks/devWorks2/Custom_AXI_IP_7Segment/vitis/7Segment_display/resources/7Segment_display/standalone_ps7_cortexa9_0/qemu_args.txt To C:/PXL/devWorks/devWorks2/Custom_AXI_IP_7Segment/vitis/7Segment_display/export/7Segment_display/sw/7Segment_display/qemu/
TRACE::2025-03-03.10:54:05::SCWMssOS::Copying the qemu file from  C:/PXL/devWorks/devWorks2/Custom_AXI_IP_7Segment/vitis/7Segment_display/resources/7Segment_display/standalone_ps7_cortexa9_0/qemu_args.txt To C:/PXL/devWorks/devWorks2/Custom_AXI_IP_7Segment/vitis/7Segment_display/export/7Segment_display/sw/7Segment_display/standalone_ps7_cortexa9_0/qemu/
TRACE::2025-03-03.10:54:05::SCWMssOS:: Copying the user libraries. 
TRACE::2025-03-03.10:54:05::SCWPlatform::Trying to open the hw design at C:/PXL/devWorks/devWorks2/Custom_AXI_IP_7Segment/vitis/7Segment_display/hw/7Segment_display.xsa
TRACE::2025-03-03.10:54:05::SCWPlatform::DSA given C:/PXL/devWorks/devWorks2/Custom_AXI_IP_7Segment/vitis/7Segment_display/hw/7Segment_display.xsa
TRACE::2025-03-03.10:54:05::SCWPlatform::DSA absoulate path C:/PXL/devWorks/devWorks2/Custom_AXI_IP_7Segment/vitis/7Segment_display/hw/7Segment_display.xsa
TRACE::2025-03-03.10:54:05::SCWPlatform::DSA directory C:/PXL/devWorks/devWorks2/Custom_AXI_IP_7Segment/vitis/7Segment_display/hw
TRACE::2025-03-03.10:54:05::SCWPlatform:: Platform Path C:/PXL/devWorks/devWorks2/Custom_AXI_IP_7Segment/vitis/7Segment_display/hw/7Segment_display.xsa
TRACE::2025-03-03.10:54:05::SCWPlatform:: Unique name xilinx:pynq-z2::0.0
TRACE::2025-03-03.10:54:05::SCWPlatform::Trying to set the existing hwdb with name design_1_wrapper_0
TRACE::2025-03-03.10:54:05::SCWPlatform::Opened existing hwdb design_1_wrapper_0
TRACE::2025-03-03.10:54:05::SCWPlatform::Found the Hw Db part of the input DSA
TRACE::2025-03-03.10:54:05::SCWMssOS::Checking the sw design at  C:/PXL/devWorks/devWorks2/Custom_AXI_IP_7Segment/vitis/7Segment_display/ps7_cortexa9_0/standalone_ps7_cortexa9_0/bsp/system.mss
TRACE::2025-03-03.10:54:05::SCWMssOS::DEBUG:  swdes dump  C:/PXL/devWorks/devWorks2/Custom_AXI_IP_7Segment/vitis/7Segment_display/ps7_cortexa9_0/standalone_ps7_cortexa9_0/bsp/system.mss|system_0||
C:/PXL/devWorks/devWorks2/Custom_AXI_IP_7Segment/vitis/7Segment_display/zynq_fsbl/zynq_fsbl_bsp/system.mss|system||

TRACE::2025-03-03.10:54:05::SCWMssOS::Sw design exists and opened at  C:/PXL/devWorks/devWorks2/Custom_AXI_IP_7Segment/vitis/7Segment_display/ps7_cortexa9_0/standalone_ps7_cortexa9_0/bsp/system.mss
TRACE::2025-03-03.10:54:05::SCWMssOS::Completed writing the mss file at C:/PXL/devWorks/devWorks2/Custom_AXI_IP_7Segment/vitis/7Segment_display/ps7_cortexa9_0/standalone_ps7_cortexa9_0/bsp
TRACE::2025-03-03.10:54:05::SCWMssOS::Mss edits present, copying mssfile into export location C:/PXL/devWorks/devWorks2/Custom_AXI_IP_7Segment/vitis/7Segment_display/ps7_cortexa9_0/standalone_ps7_cortexa9_0/bsp/system.mss
TRACE::2025-03-03.10:54:05::SCWMssOS::bsp generated is upto date with the mss file. Skipping bsp generation.
TRACE::2025-03-03.10:54:05::SCWMssOS::BSP is already built. skipping the bsp build ... 
TRACE::2025-03-03.10:54:05::SCWDomain::Skipping the build for domain :  standalone_ps7_cortexa9_0
TRACE::2025-03-03.10:54:05::SCWMssOS::skipping the bsp build ... 
TRACE::2025-03-03.10:54:05::SCWMssOS::Copying to export directory.
TRACE::2025-03-03.10:54:05::SCWMssOS:: Checking if to create the Supporting Applications
TRACE::2025-03-03.10:54:05::SCWMssOS:: No Linux domain exists, trying to generate FSBL 
TRACE::2025-03-03.10:54:05::SCWMssOS:: Completed Standalone Artifacts creation 
LOG::2025-03-03.10:54:05::SCWSystem::Completed Processing the domain standalone_ps7_cortexa9_0
LOG::2025-03-03.10:54:05::SCWSystem::Completed Processing the sysconfig 7Segment_display
LOG::2025-03-03.10:54:05::SCWPlatform::Completed generating the artifacts for system configuration 7Segment_display
TRACE::2025-03-03.10:54:05::SCWPlatform::Started preparing the platform 
TRACE::2025-03-03.10:54:05::SCWSystem::Writing the bif file for system config 7Segment_display
TRACE::2025-03-03.10:54:05::SCWSystem::dir created 
TRACE::2025-03-03.10:54:05::SCWSystem::Writing the bif 
TRACE::2025-03-03.10:54:05::SCWPlatform::Started writing the spfm file 
TRACE::2025-03-03.10:54:05::SCWPlatform::Started writing the xpfm file 
TRACE::2025-03-03.10:54:05::SCWPlatform::Completed generating the platform
TRACE::2025-03-03.10:54:05::SCWMssOS::Saving the mss changes C:/PXL/devWorks/devWorks2/Custom_AXI_IP_7Segment/vitis/7Segment_display/zynq_fsbl/zynq_fsbl_bsp/system.mss
TRACE::2025-03-03.10:54:05::SCWMssOS::Found a swdesign opened with the mssfile.
TRACE::2025-03-03.10:54:05::SCWMssOS::Completed writemss as part of save.
TRACE::2025-03-03.10:54:05::SCWMssOS::Commit changes completed.
TRACE::2025-03-03.10:54:05::SCWMssOS::Saving the mss changes C:/PXL/devWorks/devWorks2/Custom_AXI_IP_7Segment/vitis/7Segment_display/ps7_cortexa9_0/standalone_ps7_cortexa9_0/bsp/system.mss
TRACE::2025-03-03.10:54:05::SCWMssOS::Found a swdesign opened with the mssfile.
TRACE::2025-03-03.10:54:05::SCWMssOS::Completed writemss as part of save.
TRACE::2025-03-03.10:54:05::SCWMssOS::Commit changes completed.
TRACE::2025-03-03.10:54:05::SCWPlatform::Trying to open the hw design at C:/PXL/devWorks/devWorks2/Custom_AXI_IP_7Segment/vitis/7Segment_display/hw/7Segment_display.xsa
TRACE::2025-03-03.10:54:05::SCWPlatform::DSA given C:/PXL/devWorks/devWorks2/Custom_AXI_IP_7Segment/vitis/7Segment_display/hw/7Segment_display.xsa
TRACE::2025-03-03.10:54:05::SCWPlatform::DSA absoulate path C:/PXL/devWorks/devWorks2/Custom_AXI_IP_7Segment/vitis/7Segment_display/hw/7Segment_display.xsa
TRACE::2025-03-03.10:54:05::SCWPlatform::DSA directory C:/PXL/devWorks/devWorks2/Custom_AXI_IP_7Segment/vitis/7Segment_display/hw
TRACE::2025-03-03.10:54:05::SCWPlatform:: Platform Path C:/PXL/devWorks/devWorks2/Custom_AXI_IP_7Segment/vitis/7Segment_display/hw/7Segment_display.xsa
TRACE::2025-03-03.10:54:05::SCWPlatform:: Unique name xilinx:pynq-z2::0.0
TRACE::2025-03-03.10:54:05::SCWPlatform::Trying to set the existing hwdb with name design_1_wrapper_0
TRACE::2025-03-03.10:54:05::SCWPlatform::Opened existing hwdb design_1_wrapper_0
TRACE::2025-03-03.10:54:05::SCWPlatform::Found the Hw Db part of the input DSA
TRACE::2025-03-03.10:54:05::SCWMssOS::Checking the sw design at  C:/PXL/devWorks/devWorks2/Custom_AXI_IP_7Segment/vitis/7Segment_display/zynq_fsbl/zynq_fsbl_bsp/system.mss
TRACE::2025-03-03.10:54:05::SCWMssOS::DEBUG:  swdes dump  C:/PXL/devWorks/devWorks2/Custom_AXI_IP_7Segment/vitis/7Segment_display/ps7_cortexa9_0/standalone_ps7_cortexa9_0/bsp/system.mss|system_0||
C:/PXL/devWorks/devWorks2/Custom_AXI_IP_7Segment/vitis/7Segment_display/zynq_fsbl/zynq_fsbl_bsp/system.mss|system||

TRACE::2025-03-03.10:54:05::SCWMssOS::Sw design exists and opened at  C:/PXL/devWorks/devWorks2/Custom_AXI_IP_7Segment/vitis/7Segment_display/zynq_fsbl/zynq_fsbl_bsp/system.mss
TRACE::2025-03-03.10:54:05::SCWPlatform::Trying to open the hw design at C:/PXL/devWorks/devWorks2/Custom_AXI_IP_7Segment/vitis/7Segment_display/hw/7Segment_display.xsa
TRACE::2025-03-03.10:54:05::SCWPlatform::DSA given C:/PXL/devWorks/devWorks2/Custom_AXI_IP_7Segment/vitis/7Segment_display/hw/7Segment_display.xsa
TRACE::2025-03-03.10:54:05::SCWPlatform::DSA absoulate path C:/PXL/devWorks/devWorks2/Custom_AXI_IP_7Segment/vitis/7Segment_display/hw/7Segment_display.xsa
TRACE::2025-03-03.10:54:05::SCWPlatform::DSA directory C:/PXL/devWorks/devWorks2/Custom_AXI_IP_7Segment/vitis/7Segment_display/hw
TRACE::2025-03-03.10:54:05::SCWPlatform:: Platform Path C:/PXL/devWorks/devWorks2/Custom_AXI_IP_7Segment/vitis/7Segment_display/hw/7Segment_display.xsa
TRACE::2025-03-03.10:54:05::SCWPlatform:: Unique name xilinx:pynq-z2::0.0
TRACE::2025-03-03.10:54:05::SCWPlatform::Trying to set the existing hwdb with name design_1_wrapper_0
TRACE::2025-03-03.10:54:05::SCWPlatform::Opened existing hwdb design_1_wrapper_0
TRACE::2025-03-03.10:54:05::SCWPlatform::Found the Hw Db part of the input DSA
TRACE::2025-03-03.10:54:05::SCWMssOS::Checking the sw design at  C:/PXL/devWorks/devWorks2/Custom_AXI_IP_7Segment/vitis/7Segment_display/zynq_fsbl/zynq_fsbl_bsp/system.mss
TRACE::2025-03-03.10:54:05::SCWMssOS::DEBUG:  swdes dump  C:/PXL/devWorks/devWorks2/Custom_AXI_IP_7Segment/vitis/7Segment_display/ps7_cortexa9_0/standalone_ps7_cortexa9_0/bsp/system.mss|system_0||
C:/PXL/devWorks/devWorks2/Custom_AXI_IP_7Segment/vitis/7Segment_display/zynq_fsbl/zynq_fsbl_bsp/system.mss|system||

TRACE::2025-03-03.10:54:05::SCWMssOS::Sw design exists and opened at  C:/PXL/devWorks/devWorks2/Custom_AXI_IP_7Segment/vitis/7Segment_display/zynq_fsbl/zynq_fsbl_bsp/system.mss
TRACE::2025-03-03.10:54:05::SCWPlatform::Trying to open the hw design at C:/PXL/devWorks/devWorks2/Custom_AXI_IP_7Segment/vitis/7Segment_display/hw/7Segment_display.xsa
TRACE::2025-03-03.10:54:05::SCWPlatform::DSA given C:/PXL/devWorks/devWorks2/Custom_AXI_IP_7Segment/vitis/7Segment_display/hw/7Segment_display.xsa
TRACE::2025-03-03.10:54:05::SCWPlatform::DSA absoulate path C:/PXL/devWorks/devWorks2/Custom_AXI_IP_7Segment/vitis/7Segment_display/hw/7Segment_display.xsa
TRACE::2025-03-03.10:54:05::SCWPlatform::DSA directory C:/PXL/devWorks/devWorks2/Custom_AXI_IP_7Segment/vitis/7Segment_display/hw
TRACE::2025-03-03.10:54:05::SCWPlatform:: Platform Path C:/PXL/devWorks/devWorks2/Custom_AXI_IP_7Segment/vitis/7Segment_display/hw/7Segment_display.xsa
TRACE::2025-03-03.10:54:05::SCWPlatform:: Unique name xilinx:pynq-z2::0.0
TRACE::2025-03-03.10:54:05::SCWPlatform::Trying to set the existing hwdb with name design_1_wrapper_0
TRACE::2025-03-03.10:54:05::SCWPlatform::Opened existing hwdb design_1_wrapper_0
TRACE::2025-03-03.10:54:05::SCWPlatform::Found the Hw Db part of the input DSA
TRACE::2025-03-03.10:54:05::SCWMssOS::Checking the sw design at  C:/PXL/devWorks/devWorks2/Custom_AXI_IP_7Segment/vitis/7Segment_display/zynq_fsbl/zynq_fsbl_bsp/system.mss
TRACE::2025-03-03.10:54:05::SCWMssOS::DEBUG:  swdes dump  C:/PXL/devWorks/devWorks2/Custom_AXI_IP_7Segment/vitis/7Segment_display/ps7_cortexa9_0/standalone_ps7_cortexa9_0/bsp/system.mss|system_0||
C:/PXL/devWorks/devWorks2/Custom_AXI_IP_7Segment/vitis/7Segment_display/zynq_fsbl/zynq_fsbl_bsp/system.mss|system||

TRACE::2025-03-03.10:54:05::SCWMssOS::Sw design exists and opened at  C:/PXL/devWorks/devWorks2/Custom_AXI_IP_7Segment/vitis/7Segment_display/zynq_fsbl/zynq_fsbl_bsp/system.mss
TRACE::2025-03-03.10:54:05::SCWPlatform::Trying to open the hw design at C:/PXL/devWorks/devWorks2/Custom_AXI_IP_7Segment/vitis/7Segment_display/hw/7Segment_display.xsa
TRACE::2025-03-03.10:54:05::SCWPlatform::DSA given C:/PXL/devWorks/devWorks2/Custom_AXI_IP_7Segment/vitis/7Segment_display/hw/7Segment_display.xsa
TRACE::2025-03-03.10:54:05::SCWPlatform::DSA absoulate path C:/PXL/devWorks/devWorks2/Custom_AXI_IP_7Segment/vitis/7Segment_display/hw/7Segment_display.xsa
TRACE::2025-03-03.10:54:05::SCWPlatform::DSA directory C:/PXL/devWorks/devWorks2/Custom_AXI_IP_7Segment/vitis/7Segment_display/hw
TRACE::2025-03-03.10:54:05::SCWPlatform:: Platform Path C:/PXL/devWorks/devWorks2/Custom_AXI_IP_7Segment/vitis/7Segment_display/hw/7Segment_display.xsa
TRACE::2025-03-03.10:54:05::SCWPlatform:: Unique name xilinx:pynq-z2::0.0
TRACE::2025-03-03.10:54:05::SCWPlatform::Trying to set the existing hwdb with name design_1_wrapper_0
TRACE::2025-03-03.10:54:05::SCWPlatform::Opened existing hwdb design_1_wrapper_0
TRACE::2025-03-03.10:54:05::SCWPlatform::Found the Hw Db part of the input DSA
TRACE::2025-03-03.10:54:05::SCWMssOS::Checking the sw design at  C:/PXL/devWorks/devWorks2/Custom_AXI_IP_7Segment/vitis/7Segment_display/ps7_cortexa9_0/standalone_ps7_cortexa9_0/bsp/system.mss
TRACE::2025-03-03.10:54:05::SCWMssOS::DEBUG:  swdes dump  C:/PXL/devWorks/devWorks2/Custom_AXI_IP_7Segment/vitis/7Segment_display/ps7_cortexa9_0/standalone_ps7_cortexa9_0/bsp/system.mss|system_0||
C:/PXL/devWorks/devWorks2/Custom_AXI_IP_7Segment/vitis/7Segment_display/zynq_fsbl/zynq_fsbl_bsp/system.mss|system||

TRACE::2025-03-03.10:54:05::SCWMssOS::Sw design exists and opened at  C:/PXL/devWorks/devWorks2/Custom_AXI_IP_7Segment/vitis/7Segment_display/ps7_cortexa9_0/standalone_ps7_cortexa9_0/bsp/system.mss
TRACE::2025-03-03.10:54:05::SCWPlatform::Trying to open the hw design at C:/PXL/devWorks/devWorks2/Custom_AXI_IP_7Segment/vitis/7Segment_display/hw/7Segment_display.xsa
TRACE::2025-03-03.10:54:05::SCWPlatform::DSA given C:/PXL/devWorks/devWorks2/Custom_AXI_IP_7Segment/vitis/7Segment_display/hw/7Segment_display.xsa
TRACE::2025-03-03.10:54:05::SCWPlatform::DSA absoulate path C:/PXL/devWorks/devWorks2/Custom_AXI_IP_7Segment/vitis/7Segment_display/hw/7Segment_display.xsa
TRACE::2025-03-03.10:54:05::SCWPlatform::DSA directory C:/PXL/devWorks/devWorks2/Custom_AXI_IP_7Segment/vitis/7Segment_display/hw
TRACE::2025-03-03.10:54:05::SCWPlatform:: Platform Path C:/PXL/devWorks/devWorks2/Custom_AXI_IP_7Segment/vitis/7Segment_display/hw/7Segment_display.xsa
TRACE::2025-03-03.10:54:05::SCWPlatform:: Unique name xilinx:pynq-z2::0.0
TRACE::2025-03-03.10:54:05::SCWPlatform::Trying to set the existing hwdb with name design_1_wrapper_0
TRACE::2025-03-03.10:54:05::SCWPlatform::Opened existing hwdb design_1_wrapper_0
TRACE::2025-03-03.10:54:05::SCWPlatform::Found the Hw Db part of the input DSA
TRACE::2025-03-03.10:54:05::SCWMssOS::Checking the sw design at  C:/PXL/devWorks/devWorks2/Custom_AXI_IP_7Segment/vitis/7Segment_display/ps7_cortexa9_0/standalone_ps7_cortexa9_0/bsp/system.mss
TRACE::2025-03-03.10:54:05::SCWMssOS::DEBUG:  swdes dump  C:/PXL/devWorks/devWorks2/Custom_AXI_IP_7Segment/vitis/7Segment_display/ps7_cortexa9_0/standalone_ps7_cortexa9_0/bsp/system.mss|system_0||
C:/PXL/devWorks/devWorks2/Custom_AXI_IP_7Segment/vitis/7Segment_display/zynq_fsbl/zynq_fsbl_bsp/system.mss|system||

TRACE::2025-03-03.10:54:05::SCWMssOS::Sw design exists and opened at  C:/PXL/devWorks/devWorks2/Custom_AXI_IP_7Segment/vitis/7Segment_display/ps7_cortexa9_0/standalone_ps7_cortexa9_0/bsp/system.mss
TRACE::2025-03-03.10:54:05::SCWPlatform::Trying to open the hw design at C:/PXL/devWorks/devWorks2/Custom_AXI_IP_7Segment/vitis/7Segment_display/hw/7Segment_display.xsa
TRACE::2025-03-03.10:54:05::SCWPlatform::DSA given C:/PXL/devWorks/devWorks2/Custom_AXI_IP_7Segment/vitis/7Segment_display/hw/7Segment_display.xsa
TRACE::2025-03-03.10:54:05::SCWPlatform::DSA absoulate path C:/PXL/devWorks/devWorks2/Custom_AXI_IP_7Segment/vitis/7Segment_display/hw/7Segment_display.xsa
TRACE::2025-03-03.10:54:05::SCWPlatform::DSA directory C:/PXL/devWorks/devWorks2/Custom_AXI_IP_7Segment/vitis/7Segment_display/hw
TRACE::2025-03-03.10:54:05::SCWPlatform:: Platform Path C:/PXL/devWorks/devWorks2/Custom_AXI_IP_7Segment/vitis/7Segment_display/hw/7Segment_display.xsa
TRACE::2025-03-03.10:54:05::SCWPlatform:: Unique name xilinx:pynq-z2::0.0
TRACE::2025-03-03.10:54:05::SCWPlatform::Trying to set the existing hwdb with name design_1_wrapper_0
TRACE::2025-03-03.10:54:05::SCWPlatform::Opened existing hwdb design_1_wrapper_0
TRACE::2025-03-03.10:54:05::SCWPlatform::Found the Hw Db part of the input DSA
TRACE::2025-03-03.10:54:05::SCWMssOS::Checking the sw design at  C:/PXL/devWorks/devWorks2/Custom_AXI_IP_7Segment/vitis/7Segment_display/ps7_cortexa9_0/standalone_ps7_cortexa9_0/bsp/system.mss
TRACE::2025-03-03.10:54:05::SCWMssOS::DEBUG:  swdes dump  C:/PXL/devWorks/devWorks2/Custom_AXI_IP_7Segment/vitis/7Segment_display/ps7_cortexa9_0/standalone_ps7_cortexa9_0/bsp/system.mss|system_0||
C:/PXL/devWorks/devWorks2/Custom_AXI_IP_7Segment/vitis/7Segment_display/zynq_fsbl/zynq_fsbl_bsp/system.mss|system||

TRACE::2025-03-03.10:54:05::SCWMssOS::Sw design exists and opened at  C:/PXL/devWorks/devWorks2/Custom_AXI_IP_7Segment/vitis/7Segment_display/ps7_cortexa9_0/standalone_ps7_cortexa9_0/bsp/system.mss
TRACE::2025-03-03.10:54:05::SCWWriter::formatted JSON is {
	"platformName":	"7Segment_display",
	"sprVersion":	"2.0",
	"mode":	"gui",
	"dsaType":	"Fixed",
	"platformDesc":	"7Segment_display",
	"platHandOff":	"C:/PXL/devWorks/devWorks2/Custom_AXI_IP_7Segment/7Segment_display.xsa",
	"platIntHandOff":	"<platformDir>/hw/7Segment_display.xsa",
	"deviceType":	"zynq",
	"platIsPrebuiltAutogen":	"false",
	"platIsNoBootBsp":	"false",
	"platFsblTarget":	"ps7_cortexa9_0",
	"hasFsblMakeHasChanges":	"false",
	"hasPmufwMakeHasChanges":	"false",
	"fsblExtraCompilerFlags":	"-MMD -MP       -mcpu=cortex-a9 -mfpu=vfpv3 -mfloat-abi=hard ",
	"platPreBuiltFlag":	false,
	"platformSamplesDir":	"",
	"platActiveSys":	"7Segment_display",
	"systems":	[{
			"systemName":	"7Segment_display",
			"systemDesc":	"7Segment_display",
			"sysIsBootAutoGen":	"true",
			"systemDispName":	"7Segment_display",
			"sysActiveDom":	"standalone_ps7_cortexa9_0",
			"sysDefaultDom":	"standalone_ps7_cortexa9_0",
			"domains":	[{
					"domainName":	"zynq_fsbl",
					"domainDispName":	"zynq_fsbl",
					"domainDesc":	"FSBL Application BSP - Auto Generated.",
					"processors":	"ps7_cortexa9_0",
					"os":	"standalone",
					"sdxOs":	"standalone",
					"debugEnable":	"",
					"domRuntimes":	["cpp"],
					"swRepo":	"",
					"mssOsVer":	"9.1",
					"mssFile":	"",
					"md5Digest":	"416c58c1040c574c100d0daecfe19116",
					"compatibleApp":	"zynq_fsbl",
					"domType":	"bootDomain",
					"arch":	"32-bit",
					"appSettings":	{
						"appCompilerFlags":	"",
						"appLinkerFlags":	""
					},
					"addedLibs":	["xilffs:5.2", "xilrsa:1.8"],
					"libOptions":	{
						"libsContainingOptions":	[]
					},
					"prebuiltLibs":	{
						"prebuiltIncPath":	[],
						"prebuiltLibPath":	[]
					},
					"isolation":	{
					}
				}, {
					"domainName":	"standalone_ps7_cortexa9_0",
					"domainDispName":	"standalone_ps7_cortexa9_0",
					"domainDesc":	"standalone_ps7_cortexa9_0",
					"processors":	"ps7_cortexa9_0",
					"os":	"standalone",
					"sdxOs":	"standalone",
					"qemuArgs":	"<platformDir>/resources/7Segment_display/standalone_ps7_cortexa9_0/qemu_args.txt",
					"qemuData":	"<platformDir>/resources/7Segment_display/standalone_ps7_cortexa9_0/qemu",
					"debugEnable":	"False",
					"domRuntimes":	["cpp"],
					"swRepo":	"",
					"mssOsVer":	"9.1",
					"mssFile":	"",
					"md5Digest":	"c063a40181cfc1dcf09ee2359d488094",
					"compatibleApp":	"hello_world",
					"domType":	"mssDomain",
					"arch":	"32-bit",
					"appSettings":	{
						"appCompilerFlags":	"",
						"appLinkerFlags":	""
					},
					"addedLibs":	[],
					"libOptions":	{
						"libsContainingOptions":	[]
					},
					"prebuiltLibs":	{
						"prebuiltIncPath":	[],
						"prebuiltLibPath":	[]
					},
					"isolation":	{
					}
				}]
		}]
}
KEYINFO::2025-03-03.10:54:05::SCWPlatform::updated the xpfm file.
TRACE::2025-03-03.10:54:06::SCWPlatform::Trying to open the hw design at C:/PXL/devWorks/devWorks2/Custom_AXI_IP_7Segment/vitis/7Segment_display/hw/7Segment_display.xsa
TRACE::2025-03-03.10:54:06::SCWPlatform::DSA given C:/PXL/devWorks/devWorks2/Custom_AXI_IP_7Segment/vitis/7Segment_display/hw/7Segment_display.xsa
TRACE::2025-03-03.10:54:06::SCWPlatform::DSA absoulate path C:/PXL/devWorks/devWorks2/Custom_AXI_IP_7Segment/vitis/7Segment_display/hw/7Segment_display.xsa
TRACE::2025-03-03.10:54:06::SCWPlatform::DSA directory C:/PXL/devWorks/devWorks2/Custom_AXI_IP_7Segment/vitis/7Segment_display/hw
TRACE::2025-03-03.10:54:06::SCWPlatform:: Platform Path C:/PXL/devWorks/devWorks2/Custom_AXI_IP_7Segment/vitis/7Segment_display/hw/7Segment_display.xsa
TRACE::2025-03-03.10:54:06::SCWPlatform:: Unique name xilinx:pynq-z2::0.0
TRACE::2025-03-03.10:54:06::SCWPlatform::Trying to set the existing hwdb with name design_1_wrapper_0
TRACE::2025-03-03.10:54:06::SCWPlatform::Opened existing hwdb design_1_wrapper_0
TRACE::2025-03-03.10:54:06::SCWPlatform::Found the Hw Db part of the input DSA
TRACE::2025-03-03.10:54:06::SCWMssOS::Checking the sw design at  C:/PXL/devWorks/devWorks2/Custom_AXI_IP_7Segment/vitis/7Segment_display/ps7_cortexa9_0/standalone_ps7_cortexa9_0/bsp/system.mss
TRACE::2025-03-03.10:54:06::SCWMssOS::DEBUG:  swdes dump  C:/PXL/devWorks/devWorks2/Custom_AXI_IP_7Segment/vitis/7Segment_display/ps7_cortexa9_0/standalone_ps7_cortexa9_0/bsp/system.mss|system_0||
C:/PXL/devWorks/devWorks2/Custom_AXI_IP_7Segment/vitis/7Segment_display/zynq_fsbl/zynq_fsbl_bsp/system.mss|system||

TRACE::2025-03-03.10:54:06::SCWMssOS::Sw design exists and opened at  C:/PXL/devWorks/devWorks2/Custom_AXI_IP_7Segment/vitis/7Segment_display/ps7_cortexa9_0/standalone_ps7_cortexa9_0/bsp/system.mss
TRACE::2025-03-03.10:54:06::SCWMssOS::Saving the mss changes C:/PXL/devWorks/devWorks2/Custom_AXI_IP_7Segment/vitis/7Segment_display/zynq_fsbl/zynq_fsbl_bsp/system.mss
TRACE::2025-03-03.10:54:06::SCWMssOS::Found a swdesign opened with the mssfile.
TRACE::2025-03-03.10:54:06::SCWMssOS::Completed writemss as part of save.
TRACE::2025-03-03.10:54:06::SCWMssOS::Commit changes completed.
TRACE::2025-03-03.10:54:06::SCWMssOS::Saving the mss changes C:/PXL/devWorks/devWorks2/Custom_AXI_IP_7Segment/vitis/7Segment_display/ps7_cortexa9_0/standalone_ps7_cortexa9_0/bsp/system.mss
TRACE::2025-03-03.10:54:06::SCWMssOS::Found a swdesign opened with the mssfile.
TRACE::2025-03-03.10:54:06::SCWMssOS::Completed writemss as part of save.
TRACE::2025-03-03.10:54:06::SCWMssOS::Commit changes completed.
TRACE::2025-03-03.10:54:06::SCWPlatform::Trying to open the hw design at C:/PXL/devWorks/devWorks2/Custom_AXI_IP_7Segment/vitis/7Segment_display/hw/7Segment_display.xsa
TRACE::2025-03-03.10:54:06::SCWPlatform::DSA given C:/PXL/devWorks/devWorks2/Custom_AXI_IP_7Segment/vitis/7Segment_display/hw/7Segment_display.xsa
TRACE::2025-03-03.10:54:06::SCWPlatform::DSA absoulate path C:/PXL/devWorks/devWorks2/Custom_AXI_IP_7Segment/vitis/7Segment_display/hw/7Segment_display.xsa
TRACE::2025-03-03.10:54:06::SCWPlatform::DSA directory C:/PXL/devWorks/devWorks2/Custom_AXI_IP_7Segment/vitis/7Segment_display/hw
TRACE::2025-03-03.10:54:06::SCWPlatform:: Platform Path C:/PXL/devWorks/devWorks2/Custom_AXI_IP_7Segment/vitis/7Segment_display/hw/7Segment_display.xsa
TRACE::2025-03-03.10:54:06::SCWPlatform:: Unique name xilinx:pynq-z2::0.0
TRACE::2025-03-03.10:54:06::SCWPlatform::Trying to set the existing hwdb with name design_1_wrapper_0
TRACE::2025-03-03.10:54:06::SCWPlatform::Opened existing hwdb design_1_wrapper_0
TRACE::2025-03-03.10:54:06::SCWPlatform::Found the Hw Db part of the input DSA
TRACE::2025-03-03.10:54:06::SCWMssOS::Checking the sw design at  C:/PXL/devWorks/devWorks2/Custom_AXI_IP_7Segment/vitis/7Segment_display/zynq_fsbl/zynq_fsbl_bsp/system.mss
TRACE::2025-03-03.10:54:06::SCWMssOS::DEBUG:  swdes dump  C:/PXL/devWorks/devWorks2/Custom_AXI_IP_7Segment/vitis/7Segment_display/ps7_cortexa9_0/standalone_ps7_cortexa9_0/bsp/system.mss|system_0||
C:/PXL/devWorks/devWorks2/Custom_AXI_IP_7Segment/vitis/7Segment_display/zynq_fsbl/zynq_fsbl_bsp/system.mss|system||

TRACE::2025-03-03.10:54:06::SCWMssOS::Sw design exists and opened at  C:/PXL/devWorks/devWorks2/Custom_AXI_IP_7Segment/vitis/7Segment_display/zynq_fsbl/zynq_fsbl_bsp/system.mss
TRACE::2025-03-03.10:54:06::SCWPlatform::Trying to open the hw design at C:/PXL/devWorks/devWorks2/Custom_AXI_IP_7Segment/vitis/7Segment_display/hw/7Segment_display.xsa
TRACE::2025-03-03.10:54:06::SCWPlatform::DSA given C:/PXL/devWorks/devWorks2/Custom_AXI_IP_7Segment/vitis/7Segment_display/hw/7Segment_display.xsa
TRACE::2025-03-03.10:54:06::SCWPlatform::DSA absoulate path C:/PXL/devWorks/devWorks2/Custom_AXI_IP_7Segment/vitis/7Segment_display/hw/7Segment_display.xsa
TRACE::2025-03-03.10:54:06::SCWPlatform::DSA directory C:/PXL/devWorks/devWorks2/Custom_AXI_IP_7Segment/vitis/7Segment_display/hw
TRACE::2025-03-03.10:54:06::SCWPlatform:: Platform Path C:/PXL/devWorks/devWorks2/Custom_AXI_IP_7Segment/vitis/7Segment_display/hw/7Segment_display.xsa
TRACE::2025-03-03.10:54:06::SCWPlatform:: Unique name xilinx:pynq-z2::0.0
TRACE::2025-03-03.10:54:06::SCWPlatform::Trying to set the existing hwdb with name design_1_wrapper_0
TRACE::2025-03-03.10:54:06::SCWPlatform::Opened existing hwdb design_1_wrapper_0
TRACE::2025-03-03.10:54:06::SCWPlatform::Found the Hw Db part of the input DSA
TRACE::2025-03-03.10:54:06::SCWMssOS::Checking the sw design at  C:/PXL/devWorks/devWorks2/Custom_AXI_IP_7Segment/vitis/7Segment_display/zynq_fsbl/zynq_fsbl_bsp/system.mss
TRACE::2025-03-03.10:54:06::SCWMssOS::DEBUG:  swdes dump  C:/PXL/devWorks/devWorks2/Custom_AXI_IP_7Segment/vitis/7Segment_display/ps7_cortexa9_0/standalone_ps7_cortexa9_0/bsp/system.mss|system_0||
C:/PXL/devWorks/devWorks2/Custom_AXI_IP_7Segment/vitis/7Segment_display/zynq_fsbl/zynq_fsbl_bsp/system.mss|system||

TRACE::2025-03-03.10:54:06::SCWMssOS::Sw design exists and opened at  C:/PXL/devWorks/devWorks2/Custom_AXI_IP_7Segment/vitis/7Segment_display/zynq_fsbl/zynq_fsbl_bsp/system.mss
TRACE::2025-03-03.10:54:06::SCWPlatform::Trying to open the hw design at C:/PXL/devWorks/devWorks2/Custom_AXI_IP_7Segment/vitis/7Segment_display/hw/7Segment_display.xsa
TRACE::2025-03-03.10:54:06::SCWPlatform::DSA given C:/PXL/devWorks/devWorks2/Custom_AXI_IP_7Segment/vitis/7Segment_display/hw/7Segment_display.xsa
TRACE::2025-03-03.10:54:06::SCWPlatform::DSA absoulate path C:/PXL/devWorks/devWorks2/Custom_AXI_IP_7Segment/vitis/7Segment_display/hw/7Segment_display.xsa
TRACE::2025-03-03.10:54:06::SCWPlatform::DSA directory C:/PXL/devWorks/devWorks2/Custom_AXI_IP_7Segment/vitis/7Segment_display/hw
TRACE::2025-03-03.10:54:06::SCWPlatform:: Platform Path C:/PXL/devWorks/devWorks2/Custom_AXI_IP_7Segment/vitis/7Segment_display/hw/7Segment_display.xsa
TRACE::2025-03-03.10:54:06::SCWPlatform:: Unique name xilinx:pynq-z2::0.0
TRACE::2025-03-03.10:54:06::SCWPlatform::Trying to set the existing hwdb with name design_1_wrapper_0
TRACE::2025-03-03.10:54:06::SCWPlatform::Opened existing hwdb design_1_wrapper_0
TRACE::2025-03-03.10:54:06::SCWPlatform::Found the Hw Db part of the input DSA
TRACE::2025-03-03.10:54:06::SCWMssOS::Checking the sw design at  C:/PXL/devWorks/devWorks2/Custom_AXI_IP_7Segment/vitis/7Segment_display/zynq_fsbl/zynq_fsbl_bsp/system.mss
TRACE::2025-03-03.10:54:06::SCWMssOS::DEBUG:  swdes dump  C:/PXL/devWorks/devWorks2/Custom_AXI_IP_7Segment/vitis/7Segment_display/ps7_cortexa9_0/standalone_ps7_cortexa9_0/bsp/system.mss|system_0||
C:/PXL/devWorks/devWorks2/Custom_AXI_IP_7Segment/vitis/7Segment_display/zynq_fsbl/zynq_fsbl_bsp/system.mss|system||

TRACE::2025-03-03.10:54:06::SCWMssOS::Sw design exists and opened at  C:/PXL/devWorks/devWorks2/Custom_AXI_IP_7Segment/vitis/7Segment_display/zynq_fsbl/zynq_fsbl_bsp/system.mss
TRACE::2025-03-03.10:54:06::SCWPlatform::Trying to open the hw design at C:/PXL/devWorks/devWorks2/Custom_AXI_IP_7Segment/vitis/7Segment_display/hw/7Segment_display.xsa
TRACE::2025-03-03.10:54:06::SCWPlatform::DSA given C:/PXL/devWorks/devWorks2/Custom_AXI_IP_7Segment/vitis/7Segment_display/hw/7Segment_display.xsa
TRACE::2025-03-03.10:54:06::SCWPlatform::DSA absoulate path C:/PXL/devWorks/devWorks2/Custom_AXI_IP_7Segment/vitis/7Segment_display/hw/7Segment_display.xsa
TRACE::2025-03-03.10:54:06::SCWPlatform::DSA directory C:/PXL/devWorks/devWorks2/Custom_AXI_IP_7Segment/vitis/7Segment_display/hw
TRACE::2025-03-03.10:54:06::SCWPlatform:: Platform Path C:/PXL/devWorks/devWorks2/Custom_AXI_IP_7Segment/vitis/7Segment_display/hw/7Segment_display.xsa
TRACE::2025-03-03.10:54:06::SCWPlatform:: Unique name xilinx:pynq-z2::0.0
TRACE::2025-03-03.10:54:06::SCWPlatform::Trying to set the existing hwdb with name design_1_wrapper_0
TRACE::2025-03-03.10:54:06::SCWPlatform::Opened existing hwdb design_1_wrapper_0
TRACE::2025-03-03.10:54:06::SCWPlatform::Found the Hw Db part of the input DSA
TRACE::2025-03-03.10:54:06::SCWMssOS::Checking the sw design at  C:/PXL/devWorks/devWorks2/Custom_AXI_IP_7Segment/vitis/7Segment_display/ps7_cortexa9_0/standalone_ps7_cortexa9_0/bsp/system.mss
TRACE::2025-03-03.10:54:06::SCWMssOS::DEBUG:  swdes dump  C:/PXL/devWorks/devWorks2/Custom_AXI_IP_7Segment/vitis/7Segment_display/ps7_cortexa9_0/standalone_ps7_cortexa9_0/bsp/system.mss|system_0||
C:/PXL/devWorks/devWorks2/Custom_AXI_IP_7Segment/vitis/7Segment_display/zynq_fsbl/zynq_fsbl_bsp/system.mss|system||

TRACE::2025-03-03.10:54:06::SCWMssOS::Sw design exists and opened at  C:/PXL/devWorks/devWorks2/Custom_AXI_IP_7Segment/vitis/7Segment_display/ps7_cortexa9_0/standalone_ps7_cortexa9_0/bsp/system.mss
TRACE::2025-03-03.10:54:06::SCWPlatform::Trying to open the hw design at C:/PXL/devWorks/devWorks2/Custom_AXI_IP_7Segment/vitis/7Segment_display/hw/7Segment_display.xsa
TRACE::2025-03-03.10:54:06::SCWPlatform::DSA given C:/PXL/devWorks/devWorks2/Custom_AXI_IP_7Segment/vitis/7Segment_display/hw/7Segment_display.xsa
TRACE::2025-03-03.10:54:06::SCWPlatform::DSA absoulate path C:/PXL/devWorks/devWorks2/Custom_AXI_IP_7Segment/vitis/7Segment_display/hw/7Segment_display.xsa
TRACE::2025-03-03.10:54:06::SCWPlatform::DSA directory C:/PXL/devWorks/devWorks2/Custom_AXI_IP_7Segment/vitis/7Segment_display/hw
TRACE::2025-03-03.10:54:06::SCWPlatform:: Platform Path C:/PXL/devWorks/devWorks2/Custom_AXI_IP_7Segment/vitis/7Segment_display/hw/7Segment_display.xsa
TRACE::2025-03-03.10:54:06::SCWPlatform:: Unique name xilinx:pynq-z2::0.0
TRACE::2025-03-03.10:54:06::SCWPlatform::Trying to set the existing hwdb with name design_1_wrapper_0
TRACE::2025-03-03.10:54:06::SCWPlatform::Opened existing hwdb design_1_wrapper_0
TRACE::2025-03-03.10:54:06::SCWPlatform::Found the Hw Db part of the input DSA
TRACE::2025-03-03.10:54:06::SCWMssOS::Checking the sw design at  C:/PXL/devWorks/devWorks2/Custom_AXI_IP_7Segment/vitis/7Segment_display/ps7_cortexa9_0/standalone_ps7_cortexa9_0/bsp/system.mss
TRACE::2025-03-03.10:54:06::SCWMssOS::DEBUG:  swdes dump  C:/PXL/devWorks/devWorks2/Custom_AXI_IP_7Segment/vitis/7Segment_display/ps7_cortexa9_0/standalone_ps7_cortexa9_0/bsp/system.mss|system_0||
C:/PXL/devWorks/devWorks2/Custom_AXI_IP_7Segment/vitis/7Segment_display/zynq_fsbl/zynq_fsbl_bsp/system.mss|system||

TRACE::2025-03-03.10:54:06::SCWMssOS::Sw design exists and opened at  C:/PXL/devWorks/devWorks2/Custom_AXI_IP_7Segment/vitis/7Segment_display/ps7_cortexa9_0/standalone_ps7_cortexa9_0/bsp/system.mss
TRACE::2025-03-03.10:54:06::SCWPlatform::Trying to open the hw design at C:/PXL/devWorks/devWorks2/Custom_AXI_IP_7Segment/vitis/7Segment_display/hw/7Segment_display.xsa
TRACE::2025-03-03.10:54:06::SCWPlatform::DSA given C:/PXL/devWorks/devWorks2/Custom_AXI_IP_7Segment/vitis/7Segment_display/hw/7Segment_display.xsa
TRACE::2025-03-03.10:54:06::SCWPlatform::DSA absoulate path C:/PXL/devWorks/devWorks2/Custom_AXI_IP_7Segment/vitis/7Segment_display/hw/7Segment_display.xsa
TRACE::2025-03-03.10:54:06::SCWPlatform::DSA directory C:/PXL/devWorks/devWorks2/Custom_AXI_IP_7Segment/vitis/7Segment_display/hw
TRACE::2025-03-03.10:54:06::SCWPlatform:: Platform Path C:/PXL/devWorks/devWorks2/Custom_AXI_IP_7Segment/vitis/7Segment_display/hw/7Segment_display.xsa
TRACE::2025-03-03.10:54:06::SCWPlatform:: Unique name xilinx:pynq-z2::0.0
TRACE::2025-03-03.10:54:06::SCWPlatform::Trying to set the existing hwdb with name design_1_wrapper_0
TRACE::2025-03-03.10:54:06::SCWPlatform::Opened existing hwdb design_1_wrapper_0
TRACE::2025-03-03.10:54:06::SCWPlatform::Found the Hw Db part of the input DSA
TRACE::2025-03-03.10:54:06::SCWMssOS::Checking the sw design at  C:/PXL/devWorks/devWorks2/Custom_AXI_IP_7Segment/vitis/7Segment_display/ps7_cortexa9_0/standalone_ps7_cortexa9_0/bsp/system.mss
TRACE::2025-03-03.10:54:06::SCWMssOS::DEBUG:  swdes dump  C:/PXL/devWorks/devWorks2/Custom_AXI_IP_7Segment/vitis/7Segment_display/ps7_cortexa9_0/standalone_ps7_cortexa9_0/bsp/system.mss|system_0||
C:/PXL/devWorks/devWorks2/Custom_AXI_IP_7Segment/vitis/7Segment_display/zynq_fsbl/zynq_fsbl_bsp/system.mss|system||

TRACE::2025-03-03.10:54:06::SCWMssOS::Sw design exists and opened at  C:/PXL/devWorks/devWorks2/Custom_AXI_IP_7Segment/vitis/7Segment_display/ps7_cortexa9_0/standalone_ps7_cortexa9_0/bsp/system.mss
TRACE::2025-03-03.10:54:06::SCWWriter::formatted JSON is {
	"platformName":	"7Segment_display",
	"sprVersion":	"2.0",
	"mode":	"gui",
	"dsaType":	"Fixed",
	"platformDesc":	"7Segment_display",
	"platHandOff":	"C:/PXL/devWorks/devWorks2/Custom_AXI_IP_7Segment/7Segment_display.xsa",
	"platIntHandOff":	"<platformDir>/hw/7Segment_display.xsa",
	"deviceType":	"zynq",
	"platIsPrebuiltAutogen":	"false",
	"platIsNoBootBsp":	"false",
	"platFsblTarget":	"ps7_cortexa9_0",
	"hasFsblMakeHasChanges":	"false",
	"hasPmufwMakeHasChanges":	"false",
	"fsblExtraCompilerFlags":	"-MMD -MP       -mcpu=cortex-a9 -mfpu=vfpv3 -mfloat-abi=hard ",
	"platPreBuiltFlag":	false,
	"platformSamplesDir":	"",
	"platActiveSys":	"7Segment_display",
	"systems":	[{
			"systemName":	"7Segment_display",
			"systemDesc":	"7Segment_display",
			"sysIsBootAutoGen":	"true",
			"systemDispName":	"7Segment_display",
			"sysActiveDom":	"standalone_ps7_cortexa9_0",
			"sysDefaultDom":	"standalone_ps7_cortexa9_0",
			"domains":	[{
					"domainName":	"zynq_fsbl",
					"domainDispName":	"zynq_fsbl",
					"domainDesc":	"FSBL Application BSP - Auto Generated.",
					"processors":	"ps7_cortexa9_0",
					"os":	"standalone",
					"sdxOs":	"standalone",
					"debugEnable":	"",
					"domRuntimes":	["cpp"],
					"swRepo":	"",
					"mssOsVer":	"9.1",
					"mssFile":	"",
					"md5Digest":	"416c58c1040c574c100d0daecfe19116",
					"compatibleApp":	"zynq_fsbl",
					"domType":	"bootDomain",
					"arch":	"32-bit",
					"appSettings":	{
						"appCompilerFlags":	"",
						"appLinkerFlags":	""
					},
					"addedLibs":	["xilffs:5.2", "xilrsa:1.8"],
					"libOptions":	{
						"libsContainingOptions":	[]
					},
					"prebuiltLibs":	{
						"prebuiltIncPath":	[],
						"prebuiltLibPath":	[]
					},
					"isolation":	{
					}
				}, {
					"domainName":	"standalone_ps7_cortexa9_0",
					"domainDispName":	"standalone_ps7_cortexa9_0",
					"domainDesc":	"standalone_ps7_cortexa9_0",
					"processors":	"ps7_cortexa9_0",
					"os":	"standalone",
					"sdxOs":	"standalone",
					"qemuArgs":	"<platformDir>/resources/7Segment_display/standalone_ps7_cortexa9_0/qemu_args.txt",
					"qemuData":	"<platformDir>/resources/7Segment_display/standalone_ps7_cortexa9_0/qemu",
					"debugEnable":	"False",
					"domRuntimes":	["cpp"],
					"swRepo":	"",
					"mssOsVer":	"9.1",
					"mssFile":	"",
					"md5Digest":	"c063a40181cfc1dcf09ee2359d488094",
					"compatibleApp":	"hello_world",
					"domType":	"mssDomain",
					"arch":	"32-bit",
					"appSettings":	{
						"appCompilerFlags":	"",
						"appLinkerFlags":	""
					},
					"addedLibs":	[],
					"libOptions":	{
						"libsContainingOptions":	[]
					},
					"prebuiltLibs":	{
						"prebuiltIncPath":	[],
						"prebuiltLibPath":	[]
					},
					"isolation":	{
					}
				}]
		}]
}
TRACE::2025-03-03.10:54:06::SCWPlatform::Trying to open the hw design at C:/PXL/devWorks/devWorks2/Custom_AXI_IP_7Segment/vitis/7Segment_display/hw/7Segment_display.xsa
TRACE::2025-03-03.10:54:06::SCWPlatform::DSA given C:/PXL/devWorks/devWorks2/Custom_AXI_IP_7Segment/vitis/7Segment_display/hw/7Segment_display.xsa
TRACE::2025-03-03.10:54:06::SCWPlatform::DSA absoulate path C:/PXL/devWorks/devWorks2/Custom_AXI_IP_7Segment/vitis/7Segment_display/hw/7Segment_display.xsa
TRACE::2025-03-03.10:54:06::SCWPlatform::DSA directory C:/PXL/devWorks/devWorks2/Custom_AXI_IP_7Segment/vitis/7Segment_display/hw
TRACE::2025-03-03.10:54:06::SCWPlatform:: Platform Path C:/PXL/devWorks/devWorks2/Custom_AXI_IP_7Segment/vitis/7Segment_display/hw/7Segment_display.xsa
TRACE::2025-03-03.10:54:06::SCWPlatform:: Unique name xilinx:pynq-z2::0.0
TRACE::2025-03-03.10:54:06::SCWPlatform::Trying to set the existing hwdb with name design_1_wrapper_0
TRACE::2025-03-03.10:54:06::SCWPlatform::Opened existing hwdb design_1_wrapper_0
TRACE::2025-03-03.10:54:06::SCWPlatform::Found the Hw Db part of the input DSA
TRACE::2025-03-03.10:54:06::SCWMssOS::Checking the sw design at  C:/PXL/devWorks/devWorks2/Custom_AXI_IP_7Segment/vitis/7Segment_display/ps7_cortexa9_0/standalone_ps7_cortexa9_0/bsp/system.mss
TRACE::2025-03-03.10:54:06::SCWMssOS::DEBUG:  swdes dump  C:/PXL/devWorks/devWorks2/Custom_AXI_IP_7Segment/vitis/7Segment_display/ps7_cortexa9_0/standalone_ps7_cortexa9_0/bsp/system.mss|system_0||
C:/PXL/devWorks/devWorks2/Custom_AXI_IP_7Segment/vitis/7Segment_display/zynq_fsbl/zynq_fsbl_bsp/system.mss|system||

TRACE::2025-03-03.10:54:06::SCWMssOS::Sw design exists and opened at  C:/PXL/devWorks/devWorks2/Custom_AXI_IP_7Segment/vitis/7Segment_display/ps7_cortexa9_0/standalone_ps7_cortexa9_0/bsp/system.mss
TRACE::2025-03-03.10:54:06::SCWPlatform::Trying to open the hw design at C:/PXL/devWorks/devWorks2/Custom_AXI_IP_7Segment/vitis/7Segment_display/hw/7Segment_display.xsa
TRACE::2025-03-03.10:54:06::SCWPlatform::DSA given C:/PXL/devWorks/devWorks2/Custom_AXI_IP_7Segment/vitis/7Segment_display/hw/7Segment_display.xsa
TRACE::2025-03-03.10:54:06::SCWPlatform::DSA absoulate path C:/PXL/devWorks/devWorks2/Custom_AXI_IP_7Segment/vitis/7Segment_display/hw/7Segment_display.xsa
TRACE::2025-03-03.10:54:06::SCWPlatform::DSA directory C:/PXL/devWorks/devWorks2/Custom_AXI_IP_7Segment/vitis/7Segment_display/hw
TRACE::2025-03-03.10:54:06::SCWPlatform:: Platform Path C:/PXL/devWorks/devWorks2/Custom_AXI_IP_7Segment/vitis/7Segment_display/hw/7Segment_display.xsa
TRACE::2025-03-03.10:54:06::SCWPlatform:: Unique name xilinx:pynq-z2::0.0
TRACE::2025-03-03.10:54:06::SCWPlatform::Trying to set the existing hwdb with name design_1_wrapper_0
TRACE::2025-03-03.10:54:06::SCWPlatform::Opened existing hwdb design_1_wrapper_0
TRACE::2025-03-03.10:54:06::SCWPlatform::Found the Hw Db part of the input DSA
TRACE::2025-03-03.10:54:06::SCWMssOS::Checking the sw design at  C:/PXL/devWorks/devWorks2/Custom_AXI_IP_7Segment/vitis/7Segment_display/ps7_cortexa9_0/standalone_ps7_cortexa9_0/bsp/system.mss
TRACE::2025-03-03.10:54:06::SCWMssOS::DEBUG:  swdes dump  C:/PXL/devWorks/devWorks2/Custom_AXI_IP_7Segment/vitis/7Segment_display/ps7_cortexa9_0/standalone_ps7_cortexa9_0/bsp/system.mss|system_0||
C:/PXL/devWorks/devWorks2/Custom_AXI_IP_7Segment/vitis/7Segment_display/zynq_fsbl/zynq_fsbl_bsp/system.mss|system||

TRACE::2025-03-03.10:54:06::SCWMssOS::Sw design exists and opened at  C:/PXL/devWorks/devWorks2/Custom_AXI_IP_7Segment/vitis/7Segment_display/ps7_cortexa9_0/standalone_ps7_cortexa9_0/bsp/system.mss
TRACE::2025-03-03.10:54:06::SCWMssOS::Saving the mss changes C:/PXL/devWorks/devWorks2/Custom_AXI_IP_7Segment/vitis/7Segment_display/zynq_fsbl/zynq_fsbl_bsp/system.mss
TRACE::2025-03-03.10:54:06::SCWMssOS::Found a swdesign opened with the mssfile.
TRACE::2025-03-03.10:54:06::SCWMssOS::Completed writemss as part of save.
TRACE::2025-03-03.10:54:06::SCWMssOS::Commit changes completed.
TRACE::2025-03-03.10:54:06::SCWMssOS::Saving the mss changes C:/PXL/devWorks/devWorks2/Custom_AXI_IP_7Segment/vitis/7Segment_display/ps7_cortexa9_0/standalone_ps7_cortexa9_0/bsp/system.mss
TRACE::2025-03-03.10:54:06::SCWMssOS::Found a swdesign opened with the mssfile.
TRACE::2025-03-03.10:54:06::SCWMssOS::Completed writemss as part of save.
TRACE::2025-03-03.10:54:06::SCWMssOS::Commit changes completed.
TRACE::2025-03-03.10:54:06::SCWPlatform::Trying to open the hw design at C:/PXL/devWorks/devWorks2/Custom_AXI_IP_7Segment/vitis/7Segment_display/hw/7Segment_display.xsa
TRACE::2025-03-03.10:54:06::SCWPlatform::DSA given C:/PXL/devWorks/devWorks2/Custom_AXI_IP_7Segment/vitis/7Segment_display/hw/7Segment_display.xsa
TRACE::2025-03-03.10:54:06::SCWPlatform::DSA absoulate path C:/PXL/devWorks/devWorks2/Custom_AXI_IP_7Segment/vitis/7Segment_display/hw/7Segment_display.xsa
TRACE::2025-03-03.10:54:06::SCWPlatform::DSA directory C:/PXL/devWorks/devWorks2/Custom_AXI_IP_7Segment/vitis/7Segment_display/hw
TRACE::2025-03-03.10:54:06::SCWPlatform:: Platform Path C:/PXL/devWorks/devWorks2/Custom_AXI_IP_7Segment/vitis/7Segment_display/hw/7Segment_display.xsa
TRACE::2025-03-03.10:54:06::SCWPlatform:: Unique name xilinx:pynq-z2::0.0
TRACE::2025-03-03.10:54:06::SCWPlatform::Trying to set the existing hwdb with name design_1_wrapper_0
TRACE::2025-03-03.10:54:06::SCWPlatform::Opened existing hwdb design_1_wrapper_0
TRACE::2025-03-03.10:54:06::SCWPlatform::Found the Hw Db part of the input DSA
TRACE::2025-03-03.10:54:06::SCWMssOS::Checking the sw design at  C:/PXL/devWorks/devWorks2/Custom_AXI_IP_7Segment/vitis/7Segment_display/zynq_fsbl/zynq_fsbl_bsp/system.mss
TRACE::2025-03-03.10:54:06::SCWMssOS::DEBUG:  swdes dump  C:/PXL/devWorks/devWorks2/Custom_AXI_IP_7Segment/vitis/7Segment_display/ps7_cortexa9_0/standalone_ps7_cortexa9_0/bsp/system.mss|system_0||
C:/PXL/devWorks/devWorks2/Custom_AXI_IP_7Segment/vitis/7Segment_display/zynq_fsbl/zynq_fsbl_bsp/system.mss|system||

TRACE::2025-03-03.10:54:06::SCWMssOS::Sw design exists and opened at  C:/PXL/devWorks/devWorks2/Custom_AXI_IP_7Segment/vitis/7Segment_display/zynq_fsbl/zynq_fsbl_bsp/system.mss
TRACE::2025-03-03.10:54:06::SCWPlatform::Trying to open the hw design at C:/PXL/devWorks/devWorks2/Custom_AXI_IP_7Segment/vitis/7Segment_display/hw/7Segment_display.xsa
TRACE::2025-03-03.10:54:06::SCWPlatform::DSA given C:/PXL/devWorks/devWorks2/Custom_AXI_IP_7Segment/vitis/7Segment_display/hw/7Segment_display.xsa
TRACE::2025-03-03.10:54:06::SCWPlatform::DSA absoulate path C:/PXL/devWorks/devWorks2/Custom_AXI_IP_7Segment/vitis/7Segment_display/hw/7Segment_display.xsa
TRACE::2025-03-03.10:54:06::SCWPlatform::DSA directory C:/PXL/devWorks/devWorks2/Custom_AXI_IP_7Segment/vitis/7Segment_display/hw
TRACE::2025-03-03.10:54:06::SCWPlatform:: Platform Path C:/PXL/devWorks/devWorks2/Custom_AXI_IP_7Segment/vitis/7Segment_display/hw/7Segment_display.xsa
TRACE::2025-03-03.10:54:06::SCWPlatform:: Unique name xilinx:pynq-z2::0.0
TRACE::2025-03-03.10:54:06::SCWPlatform::Trying to set the existing hwdb with name design_1_wrapper_0
TRACE::2025-03-03.10:54:06::SCWPlatform::Opened existing hwdb design_1_wrapper_0
TRACE::2025-03-03.10:54:06::SCWPlatform::Found the Hw Db part of the input DSA
TRACE::2025-03-03.10:54:06::SCWMssOS::Checking the sw design at  C:/PXL/devWorks/devWorks2/Custom_AXI_IP_7Segment/vitis/7Segment_display/zynq_fsbl/zynq_fsbl_bsp/system.mss
TRACE::2025-03-03.10:54:06::SCWMssOS::DEBUG:  swdes dump  C:/PXL/devWorks/devWorks2/Custom_AXI_IP_7Segment/vitis/7Segment_display/ps7_cortexa9_0/standalone_ps7_cortexa9_0/bsp/system.mss|system_0||
C:/PXL/devWorks/devWorks2/Custom_AXI_IP_7Segment/vitis/7Segment_display/zynq_fsbl/zynq_fsbl_bsp/system.mss|system||

TRACE::2025-03-03.10:54:06::SCWMssOS::Sw design exists and opened at  C:/PXL/devWorks/devWorks2/Custom_AXI_IP_7Segment/vitis/7Segment_display/zynq_fsbl/zynq_fsbl_bsp/system.mss
TRACE::2025-03-03.10:54:06::SCWPlatform::Trying to open the hw design at C:/PXL/devWorks/devWorks2/Custom_AXI_IP_7Segment/vitis/7Segment_display/hw/7Segment_display.xsa
TRACE::2025-03-03.10:54:06::SCWPlatform::DSA given C:/PXL/devWorks/devWorks2/Custom_AXI_IP_7Segment/vitis/7Segment_display/hw/7Segment_display.xsa
TRACE::2025-03-03.10:54:06::SCWPlatform::DSA absoulate path C:/PXL/devWorks/devWorks2/Custom_AXI_IP_7Segment/vitis/7Segment_display/hw/7Segment_display.xsa
TRACE::2025-03-03.10:54:06::SCWPlatform::DSA directory C:/PXL/devWorks/devWorks2/Custom_AXI_IP_7Segment/vitis/7Segment_display/hw
TRACE::2025-03-03.10:54:06::SCWPlatform:: Platform Path C:/PXL/devWorks/devWorks2/Custom_AXI_IP_7Segment/vitis/7Segment_display/hw/7Segment_display.xsa
TRACE::2025-03-03.10:54:06::SCWPlatform:: Unique name xilinx:pynq-z2::0.0
TRACE::2025-03-03.10:54:06::SCWPlatform::Trying to set the existing hwdb with name design_1_wrapper_0
TRACE::2025-03-03.10:54:06::SCWPlatform::Opened existing hwdb design_1_wrapper_0
TRACE::2025-03-03.10:54:06::SCWPlatform::Found the Hw Db part of the input DSA
TRACE::2025-03-03.10:54:06::SCWMssOS::Checking the sw design at  C:/PXL/devWorks/devWorks2/Custom_AXI_IP_7Segment/vitis/7Segment_display/zynq_fsbl/zynq_fsbl_bsp/system.mss
TRACE::2025-03-03.10:54:06::SCWMssOS::DEBUG:  swdes dump  C:/PXL/devWorks/devWorks2/Custom_AXI_IP_7Segment/vitis/7Segment_display/ps7_cortexa9_0/standalone_ps7_cortexa9_0/bsp/system.mss|system_0||
C:/PXL/devWorks/devWorks2/Custom_AXI_IP_7Segment/vitis/7Segment_display/zynq_fsbl/zynq_fsbl_bsp/system.mss|system||

TRACE::2025-03-03.10:54:06::SCWMssOS::Sw design exists and opened at  C:/PXL/devWorks/devWorks2/Custom_AXI_IP_7Segment/vitis/7Segment_display/zynq_fsbl/zynq_fsbl_bsp/system.mss
TRACE::2025-03-03.10:54:06::SCWPlatform::Trying to open the hw design at C:/PXL/devWorks/devWorks2/Custom_AXI_IP_7Segment/vitis/7Segment_display/hw/7Segment_display.xsa
TRACE::2025-03-03.10:54:06::SCWPlatform::DSA given C:/PXL/devWorks/devWorks2/Custom_AXI_IP_7Segment/vitis/7Segment_display/hw/7Segment_display.xsa
TRACE::2025-03-03.10:54:06::SCWPlatform::DSA absoulate path C:/PXL/devWorks/devWorks2/Custom_AXI_IP_7Segment/vitis/7Segment_display/hw/7Segment_display.xsa
TRACE::2025-03-03.10:54:06::SCWPlatform::DSA directory C:/PXL/devWorks/devWorks2/Custom_AXI_IP_7Segment/vitis/7Segment_display/hw
TRACE::2025-03-03.10:54:06::SCWPlatform:: Platform Path C:/PXL/devWorks/devWorks2/Custom_AXI_IP_7Segment/vitis/7Segment_display/hw/7Segment_display.xsa
TRACE::2025-03-03.10:54:06::SCWPlatform:: Unique name xilinx:pynq-z2::0.0
TRACE::2025-03-03.10:54:06::SCWPlatform::Trying to set the existing hwdb with name design_1_wrapper_0
TRACE::2025-03-03.10:54:06::SCWPlatform::Opened existing hwdb design_1_wrapper_0
TRACE::2025-03-03.10:54:06::SCWPlatform::Found the Hw Db part of the input DSA
TRACE::2025-03-03.10:54:06::SCWMssOS::Checking the sw design at  C:/PXL/devWorks/devWorks2/Custom_AXI_IP_7Segment/vitis/7Segment_display/ps7_cortexa9_0/standalone_ps7_cortexa9_0/bsp/system.mss
TRACE::2025-03-03.10:54:06::SCWMssOS::DEBUG:  swdes dump  C:/PXL/devWorks/devWorks2/Custom_AXI_IP_7Segment/vitis/7Segment_display/ps7_cortexa9_0/standalone_ps7_cortexa9_0/bsp/system.mss|system_0||
C:/PXL/devWorks/devWorks2/Custom_AXI_IP_7Segment/vitis/7Segment_display/zynq_fsbl/zynq_fsbl_bsp/system.mss|system||

TRACE::2025-03-03.10:54:06::SCWMssOS::Sw design exists and opened at  C:/PXL/devWorks/devWorks2/Custom_AXI_IP_7Segment/vitis/7Segment_display/ps7_cortexa9_0/standalone_ps7_cortexa9_0/bsp/system.mss
TRACE::2025-03-03.10:54:06::SCWPlatform::Trying to open the hw design at C:/PXL/devWorks/devWorks2/Custom_AXI_IP_7Segment/vitis/7Segment_display/hw/7Segment_display.xsa
TRACE::2025-03-03.10:54:06::SCWPlatform::DSA given C:/PXL/devWorks/devWorks2/Custom_AXI_IP_7Segment/vitis/7Segment_display/hw/7Segment_display.xsa
TRACE::2025-03-03.10:54:06::SCWPlatform::DSA absoulate path C:/PXL/devWorks/devWorks2/Custom_AXI_IP_7Segment/vitis/7Segment_display/hw/7Segment_display.xsa
TRACE::2025-03-03.10:54:06::SCWPlatform::DSA directory C:/PXL/devWorks/devWorks2/Custom_AXI_IP_7Segment/vitis/7Segment_display/hw
TRACE::2025-03-03.10:54:06::SCWPlatform:: Platform Path C:/PXL/devWorks/devWorks2/Custom_AXI_IP_7Segment/vitis/7Segment_display/hw/7Segment_display.xsa
TRACE::2025-03-03.10:54:06::SCWPlatform:: Unique name xilinx:pynq-z2::0.0
TRACE::2025-03-03.10:54:06::SCWPlatform::Trying to set the existing hwdb with name design_1_wrapper_0
TRACE::2025-03-03.10:54:06::SCWPlatform::Opened existing hwdb design_1_wrapper_0
TRACE::2025-03-03.10:54:06::SCWPlatform::Found the Hw Db part of the input DSA
TRACE::2025-03-03.10:54:06::SCWMssOS::Checking the sw design at  C:/PXL/devWorks/devWorks2/Custom_AXI_IP_7Segment/vitis/7Segment_display/ps7_cortexa9_0/standalone_ps7_cortexa9_0/bsp/system.mss
TRACE::2025-03-03.10:54:06::SCWMssOS::DEBUG:  swdes dump  C:/PXL/devWorks/devWorks2/Custom_AXI_IP_7Segment/vitis/7Segment_display/ps7_cortexa9_0/standalone_ps7_cortexa9_0/bsp/system.mss|system_0||
C:/PXL/devWorks/devWorks2/Custom_AXI_IP_7Segment/vitis/7Segment_display/zynq_fsbl/zynq_fsbl_bsp/system.mss|system||

TRACE::2025-03-03.10:54:06::SCWMssOS::Sw design exists and opened at  C:/PXL/devWorks/devWorks2/Custom_AXI_IP_7Segment/vitis/7Segment_display/ps7_cortexa9_0/standalone_ps7_cortexa9_0/bsp/system.mss
TRACE::2025-03-03.10:54:06::SCWPlatform::Trying to open the hw design at C:/PXL/devWorks/devWorks2/Custom_AXI_IP_7Segment/vitis/7Segment_display/hw/7Segment_display.xsa
TRACE::2025-03-03.10:54:06::SCWPlatform::DSA given C:/PXL/devWorks/devWorks2/Custom_AXI_IP_7Segment/vitis/7Segment_display/hw/7Segment_display.xsa
TRACE::2025-03-03.10:54:06::SCWPlatform::DSA absoulate path C:/PXL/devWorks/devWorks2/Custom_AXI_IP_7Segment/vitis/7Segment_display/hw/7Segment_display.xsa
TRACE::2025-03-03.10:54:06::SCWPlatform::DSA directory C:/PXL/devWorks/devWorks2/Custom_AXI_IP_7Segment/vitis/7Segment_display/hw
TRACE::2025-03-03.10:54:06::SCWPlatform:: Platform Path C:/PXL/devWorks/devWorks2/Custom_AXI_IP_7Segment/vitis/7Segment_display/hw/7Segment_display.xsa
TRACE::2025-03-03.10:54:06::SCWPlatform:: Unique name xilinx:pynq-z2::0.0
TRACE::2025-03-03.10:54:06::SCWPlatform::Trying to set the existing hwdb with name design_1_wrapper_0
TRACE::2025-03-03.10:54:06::SCWPlatform::Opened existing hwdb design_1_wrapper_0
TRACE::2025-03-03.10:54:06::SCWPlatform::Found the Hw Db part of the input DSA
TRACE::2025-03-03.10:54:06::SCWMssOS::Checking the sw design at  C:/PXL/devWorks/devWorks2/Custom_AXI_IP_7Segment/vitis/7Segment_display/ps7_cortexa9_0/standalone_ps7_cortexa9_0/bsp/system.mss
TRACE::2025-03-03.10:54:06::SCWMssOS::DEBUG:  swdes dump  C:/PXL/devWorks/devWorks2/Custom_AXI_IP_7Segment/vitis/7Segment_display/ps7_cortexa9_0/standalone_ps7_cortexa9_0/bsp/system.mss|system_0||
C:/PXL/devWorks/devWorks2/Custom_AXI_IP_7Segment/vitis/7Segment_display/zynq_fsbl/zynq_fsbl_bsp/system.mss|system||

TRACE::2025-03-03.10:54:06::SCWMssOS::Sw design exists and opened at  C:/PXL/devWorks/devWorks2/Custom_AXI_IP_7Segment/vitis/7Segment_display/ps7_cortexa9_0/standalone_ps7_cortexa9_0/bsp/system.mss
TRACE::2025-03-03.10:54:06::SCWWriter::formatted JSON is {
	"platformName":	"7Segment_display",
	"sprVersion":	"2.0",
	"mode":	"gui",
	"dsaType":	"Fixed",
	"platformDesc":	"7Segment_display",
	"platHandOff":	"C:/PXL/devWorks/devWorks2/Custom_AXI_IP_7Segment/7Segment_display.xsa",
	"platIntHandOff":	"<platformDir>/hw/7Segment_display.xsa",
	"deviceType":	"zynq",
	"platIsPrebuiltAutogen":	"false",
	"platIsNoBootBsp":	"false",
	"platFsblTarget":	"ps7_cortexa9_0",
	"hasFsblMakeHasChanges":	"false",
	"hasPmufwMakeHasChanges":	"false",
	"fsblExtraCompilerFlags":	"-MMD -MP       -mcpu=cortex-a9 -mfpu=vfpv3 -mfloat-abi=hard ",
	"platPreBuiltFlag":	false,
	"platformSamplesDir":	"",
	"platActiveSys":	"7Segment_display",
	"systems":	[{
			"systemName":	"7Segment_display",
			"systemDesc":	"7Segment_display",
			"sysIsBootAutoGen":	"true",
			"systemDispName":	"7Segment_display",
			"sysActiveDom":	"standalone_ps7_cortexa9_0",
			"sysDefaultDom":	"standalone_ps7_cortexa9_0",
			"domains":	[{
					"domainName":	"zynq_fsbl",
					"domainDispName":	"zynq_fsbl",
					"domainDesc":	"FSBL Application BSP - Auto Generated.",
					"processors":	"ps7_cortexa9_0",
					"os":	"standalone",
					"sdxOs":	"standalone",
					"debugEnable":	"",
					"domRuntimes":	["cpp"],
					"swRepo":	"",
					"mssOsVer":	"9.1",
					"mssFile":	"",
					"md5Digest":	"416c58c1040c574c100d0daecfe19116",
					"compatibleApp":	"zynq_fsbl",
					"domType":	"bootDomain",
					"arch":	"32-bit",
					"appSettings":	{
						"appCompilerFlags":	"",
						"appLinkerFlags":	""
					},
					"addedLibs":	["xilffs:5.2", "xilrsa:1.8"],
					"libOptions":	{
						"libsContainingOptions":	[]
					},
					"prebuiltLibs":	{
						"prebuiltIncPath":	[],
						"prebuiltLibPath":	[]
					},
					"isolation":	{
					}
				}, {
					"domainName":	"standalone_ps7_cortexa9_0",
					"domainDispName":	"standalone_ps7_cortexa9_0",
					"domainDesc":	"standalone_ps7_cortexa9_0",
					"processors":	"ps7_cortexa9_0",
					"os":	"standalone",
					"sdxOs":	"standalone",
					"qemuArgs":	"<platformDir>/resources/7Segment_display/standalone_ps7_cortexa9_0/qemu_args.txt",
					"qemuData":	"<platformDir>/resources/7Segment_display/standalone_ps7_cortexa9_0/qemu",
					"debugEnable":	"False",
					"domRuntimes":	["cpp"],
					"swRepo":	"",
					"mssOsVer":	"9.1",
					"mssFile":	"",
					"md5Digest":	"c063a40181cfc1dcf09ee2359d488094",
					"compatibleApp":	"hello_world",
					"domType":	"mssDomain",
					"arch":	"32-bit",
					"appSettings":	{
						"appCompilerFlags":	"",
						"appLinkerFlags":	""
					},
					"addedLibs":	[],
					"libOptions":	{
						"libsContainingOptions":	[]
					},
					"prebuiltLibs":	{
						"prebuiltIncPath":	[],
						"prebuiltLibPath":	[]
					},
					"isolation":	{
					}
				}]
		}]
}
LOG::2025-03-03.10:54:06::SCWPlatform::Started generating the artifacts platform 7Segment_display
TRACE::2025-03-03.10:54:06::SCWPlatform::Sanity checking of platform is completed
LOG::2025-03-03.10:54:06::SCWPlatform::Started generating the artifacts for system configuration 7Segment_display
LOG::2025-03-03.10:54:06::SCWSystem::Started Processing the domain standalone_ps7_cortexa9_0
TRACE::2025-03-03.10:54:06::SCWDomain::Generating domain artifcats
TRACE::2025-03-03.10:54:06::SCWMssOS::Generating standalone artifcats
TRACE::2025-03-03.10:54:06::SCWMssOS::Copying the qemu file from  C:/PXL/devWorks/devWorks2/Custom_AXI_IP_7Segment/vitis/7Segment_display/resources/7Segment_display/standalone_ps7_cortexa9_0/qemu_args.txt To C:/PXL/devWorks/devWorks2/Custom_AXI_IP_7Segment/vitis/7Segment_display/export/7Segment_display/sw/7Segment_display/qemu/
TRACE::2025-03-03.10:54:06::SCWMssOS::Copying the qemu file from  C:/PXL/devWorks/devWorks2/Custom_AXI_IP_7Segment/vitis/7Segment_display/resources/7Segment_display/standalone_ps7_cortexa9_0/qemu_args.txt To C:/PXL/devWorks/devWorks2/Custom_AXI_IP_7Segment/vitis/7Segment_display/export/7Segment_display/sw/7Segment_display/standalone_ps7_cortexa9_0/qemu/
TRACE::2025-03-03.10:54:06::SCWMssOS:: Copying the user libraries. 
TRACE::2025-03-03.10:54:06::SCWPlatform::Trying to open the hw design at C:/PXL/devWorks/devWorks2/Custom_AXI_IP_7Segment/vitis/7Segment_display/hw/7Segment_display.xsa
TRACE::2025-03-03.10:54:06::SCWPlatform::DSA given C:/PXL/devWorks/devWorks2/Custom_AXI_IP_7Segment/vitis/7Segment_display/hw/7Segment_display.xsa
TRACE::2025-03-03.10:54:06::SCWPlatform::DSA absoulate path C:/PXL/devWorks/devWorks2/Custom_AXI_IP_7Segment/vitis/7Segment_display/hw/7Segment_display.xsa
TRACE::2025-03-03.10:54:06::SCWPlatform::DSA directory C:/PXL/devWorks/devWorks2/Custom_AXI_IP_7Segment/vitis/7Segment_display/hw
TRACE::2025-03-03.10:54:06::SCWPlatform:: Platform Path C:/PXL/devWorks/devWorks2/Custom_AXI_IP_7Segment/vitis/7Segment_display/hw/7Segment_display.xsa
TRACE::2025-03-03.10:54:06::SCWPlatform:: Unique name xilinx:pynq-z2::0.0
TRACE::2025-03-03.10:54:06::SCWPlatform::Trying to set the existing hwdb with name design_1_wrapper_0
TRACE::2025-03-03.10:54:06::SCWPlatform::Opened existing hwdb design_1_wrapper_0
TRACE::2025-03-03.10:54:06::SCWPlatform::Found the Hw Db part of the input DSA
TRACE::2025-03-03.10:54:06::SCWMssOS::Checking the sw design at  C:/PXL/devWorks/devWorks2/Custom_AXI_IP_7Segment/vitis/7Segment_display/ps7_cortexa9_0/standalone_ps7_cortexa9_0/bsp/system.mss
TRACE::2025-03-03.10:54:06::SCWMssOS::DEBUG:  swdes dump  C:/PXL/devWorks/devWorks2/Custom_AXI_IP_7Segment/vitis/7Segment_display/ps7_cortexa9_0/standalone_ps7_cortexa9_0/bsp/system.mss|system_0||
C:/PXL/devWorks/devWorks2/Custom_AXI_IP_7Segment/vitis/7Segment_display/zynq_fsbl/zynq_fsbl_bsp/system.mss|system||

TRACE::2025-03-03.10:54:06::SCWMssOS::Sw design exists and opened at  C:/PXL/devWorks/devWorks2/Custom_AXI_IP_7Segment/vitis/7Segment_display/ps7_cortexa9_0/standalone_ps7_cortexa9_0/bsp/system.mss
TRACE::2025-03-03.10:54:06::SCWMssOS::Completed writing the mss file at C:/PXL/devWorks/devWorks2/Custom_AXI_IP_7Segment/vitis/7Segment_display/ps7_cortexa9_0/standalone_ps7_cortexa9_0/bsp
TRACE::2025-03-03.10:54:06::SCWMssOS::Mss edits present, copying mssfile into export location C:/PXL/devWorks/devWorks2/Custom_AXI_IP_7Segment/vitis/7Segment_display/ps7_cortexa9_0/standalone_ps7_cortexa9_0/bsp/system.mss
TRACE::2025-03-03.10:54:06::SCWMssOS::bsp generated is upto date with the mss file. Skipping bsp generation.
TRACE::2025-03-03.10:54:06::SCWMssOS::BSP is already built. skipping the bsp build ... 
TRACE::2025-03-03.10:54:06::SCWDomain::Building the domain as part of full build :  standalone_ps7_cortexa9_0
TRACE::2025-03-03.10:54:06::SCWMssOS::skipping the bsp build ... 
TRACE::2025-03-03.10:54:06::SCWMssOS::Copying to export directory.
TRACE::2025-03-03.10:54:06::SCWMssOS:: Checking if to create the Supporting Applications
TRACE::2025-03-03.10:54:06::SCWMssOS:: No Linux domain exists, trying to generate FSBL 
TRACE::2025-03-03.10:54:06::SCWMssOS:: Completed Standalone Artifacts creation 
LOG::2025-03-03.10:54:06::SCWSystem::Completed Processing the domain standalone_ps7_cortexa9_0
LOG::2025-03-03.10:54:06::SCWSystem::Completed Processing the sysconfig 7Segment_display
LOG::2025-03-03.10:54:06::SCWPlatform::Completed generating the artifacts for system configuration 7Segment_display
TRACE::2025-03-03.10:54:06::SCWPlatform::Started preparing the platform 
TRACE::2025-03-03.10:54:06::SCWSystem::Writing the bif file for system config 7Segment_display
TRACE::2025-03-03.10:54:06::SCWSystem::dir created 
TRACE::2025-03-03.10:54:06::SCWSystem::Writing the bif 
TRACE::2025-03-03.10:54:06::SCWPlatform::Started writing the spfm file 
TRACE::2025-03-03.10:54:06::SCWPlatform::Started writing the xpfm file 
TRACE::2025-03-03.10:54:06::SCWPlatform::Completed generating the platform
TRACE::2025-03-03.10:54:06::SCWMssOS::Saving the mss changes C:/PXL/devWorks/devWorks2/Custom_AXI_IP_7Segment/vitis/7Segment_display/zynq_fsbl/zynq_fsbl_bsp/system.mss
TRACE::2025-03-03.10:54:06::SCWMssOS::Found a swdesign opened with the mssfile.
TRACE::2025-03-03.10:54:06::SCWMssOS::Completed writemss as part of save.
TRACE::2025-03-03.10:54:06::SCWMssOS::Commit changes completed.
TRACE::2025-03-03.10:54:06::SCWMssOS::Saving the mss changes C:/PXL/devWorks/devWorks2/Custom_AXI_IP_7Segment/vitis/7Segment_display/ps7_cortexa9_0/standalone_ps7_cortexa9_0/bsp/system.mss
TRACE::2025-03-03.10:54:06::SCWMssOS::Found a swdesign opened with the mssfile.
TRACE::2025-03-03.10:54:06::SCWMssOS::Completed writemss as part of save.
TRACE::2025-03-03.10:54:06::SCWMssOS::Commit changes completed.
TRACE::2025-03-03.10:54:06::SCWPlatform::Trying to open the hw design at C:/PXL/devWorks/devWorks2/Custom_AXI_IP_7Segment/vitis/7Segment_display/hw/7Segment_display.xsa
TRACE::2025-03-03.10:54:06::SCWPlatform::DSA given C:/PXL/devWorks/devWorks2/Custom_AXI_IP_7Segment/vitis/7Segment_display/hw/7Segment_display.xsa
TRACE::2025-03-03.10:54:06::SCWPlatform::DSA absoulate path C:/PXL/devWorks/devWorks2/Custom_AXI_IP_7Segment/vitis/7Segment_display/hw/7Segment_display.xsa
TRACE::2025-03-03.10:54:06::SCWPlatform::DSA directory C:/PXL/devWorks/devWorks2/Custom_AXI_IP_7Segment/vitis/7Segment_display/hw
TRACE::2025-03-03.10:54:06::SCWPlatform:: Platform Path C:/PXL/devWorks/devWorks2/Custom_AXI_IP_7Segment/vitis/7Segment_display/hw/7Segment_display.xsa
TRACE::2025-03-03.10:54:06::SCWPlatform:: Unique name xilinx:pynq-z2::0.0
TRACE::2025-03-03.10:54:06::SCWPlatform::Trying to set the existing hwdb with name design_1_wrapper_0
TRACE::2025-03-03.10:54:06::SCWPlatform::Opened existing hwdb design_1_wrapper_0
TRACE::2025-03-03.10:54:06::SCWPlatform::Found the Hw Db part of the input DSA
TRACE::2025-03-03.10:54:06::SCWMssOS::Checking the sw design at  C:/PXL/devWorks/devWorks2/Custom_AXI_IP_7Segment/vitis/7Segment_display/zynq_fsbl/zynq_fsbl_bsp/system.mss
TRACE::2025-03-03.10:54:06::SCWMssOS::DEBUG:  swdes dump  C:/PXL/devWorks/devWorks2/Custom_AXI_IP_7Segment/vitis/7Segment_display/ps7_cortexa9_0/standalone_ps7_cortexa9_0/bsp/system.mss|system_0||
C:/PXL/devWorks/devWorks2/Custom_AXI_IP_7Segment/vitis/7Segment_display/zynq_fsbl/zynq_fsbl_bsp/system.mss|system||

TRACE::2025-03-03.10:54:06::SCWMssOS::Sw design exists and opened at  C:/PXL/devWorks/devWorks2/Custom_AXI_IP_7Segment/vitis/7Segment_display/zynq_fsbl/zynq_fsbl_bsp/system.mss
TRACE::2025-03-03.10:54:06::SCWPlatform::Trying to open the hw design at C:/PXL/devWorks/devWorks2/Custom_AXI_IP_7Segment/vitis/7Segment_display/hw/7Segment_display.xsa
TRACE::2025-03-03.10:54:06::SCWPlatform::DSA given C:/PXL/devWorks/devWorks2/Custom_AXI_IP_7Segment/vitis/7Segment_display/hw/7Segment_display.xsa
TRACE::2025-03-03.10:54:06::SCWPlatform::DSA absoulate path C:/PXL/devWorks/devWorks2/Custom_AXI_IP_7Segment/vitis/7Segment_display/hw/7Segment_display.xsa
TRACE::2025-03-03.10:54:06::SCWPlatform::DSA directory C:/PXL/devWorks/devWorks2/Custom_AXI_IP_7Segment/vitis/7Segment_display/hw
TRACE::2025-03-03.10:54:06::SCWPlatform:: Platform Path C:/PXL/devWorks/devWorks2/Custom_AXI_IP_7Segment/vitis/7Segment_display/hw/7Segment_display.xsa
TRACE::2025-03-03.10:54:06::SCWPlatform:: Unique name xilinx:pynq-z2::0.0
TRACE::2025-03-03.10:54:06::SCWPlatform::Trying to set the existing hwdb with name design_1_wrapper_0
TRACE::2025-03-03.10:54:06::SCWPlatform::Opened existing hwdb design_1_wrapper_0
TRACE::2025-03-03.10:54:06::SCWPlatform::Found the Hw Db part of the input DSA
TRACE::2025-03-03.10:54:06::SCWMssOS::Checking the sw design at  C:/PXL/devWorks/devWorks2/Custom_AXI_IP_7Segment/vitis/7Segment_display/zynq_fsbl/zynq_fsbl_bsp/system.mss
TRACE::2025-03-03.10:54:06::SCWMssOS::DEBUG:  swdes dump  C:/PXL/devWorks/devWorks2/Custom_AXI_IP_7Segment/vitis/7Segment_display/ps7_cortexa9_0/standalone_ps7_cortexa9_0/bsp/system.mss|system_0||
C:/PXL/devWorks/devWorks2/Custom_AXI_IP_7Segment/vitis/7Segment_display/zynq_fsbl/zynq_fsbl_bsp/system.mss|system||

TRACE::2025-03-03.10:54:06::SCWMssOS::Sw design exists and opened at  C:/PXL/devWorks/devWorks2/Custom_AXI_IP_7Segment/vitis/7Segment_display/zynq_fsbl/zynq_fsbl_bsp/system.mss
TRACE::2025-03-03.10:54:06::SCWPlatform::Trying to open the hw design at C:/PXL/devWorks/devWorks2/Custom_AXI_IP_7Segment/vitis/7Segment_display/hw/7Segment_display.xsa
TRACE::2025-03-03.10:54:06::SCWPlatform::DSA given C:/PXL/devWorks/devWorks2/Custom_AXI_IP_7Segment/vitis/7Segment_display/hw/7Segment_display.xsa
TRACE::2025-03-03.10:54:06::SCWPlatform::DSA absoulate path C:/PXL/devWorks/devWorks2/Custom_AXI_IP_7Segment/vitis/7Segment_display/hw/7Segment_display.xsa
TRACE::2025-03-03.10:54:06::SCWPlatform::DSA directory C:/PXL/devWorks/devWorks2/Custom_AXI_IP_7Segment/vitis/7Segment_display/hw
TRACE::2025-03-03.10:54:06::SCWPlatform:: Platform Path C:/PXL/devWorks/devWorks2/Custom_AXI_IP_7Segment/vitis/7Segment_display/hw/7Segment_display.xsa
TRACE::2025-03-03.10:54:06::SCWPlatform:: Unique name xilinx:pynq-z2::0.0
TRACE::2025-03-03.10:54:06::SCWPlatform::Trying to set the existing hwdb with name design_1_wrapper_0
TRACE::2025-03-03.10:54:06::SCWPlatform::Opened existing hwdb design_1_wrapper_0
TRACE::2025-03-03.10:54:06::SCWPlatform::Found the Hw Db part of the input DSA
TRACE::2025-03-03.10:54:06::SCWMssOS::Checking the sw design at  C:/PXL/devWorks/devWorks2/Custom_AXI_IP_7Segment/vitis/7Segment_display/zynq_fsbl/zynq_fsbl_bsp/system.mss
TRACE::2025-03-03.10:54:06::SCWMssOS::DEBUG:  swdes dump  C:/PXL/devWorks/devWorks2/Custom_AXI_IP_7Segment/vitis/7Segment_display/ps7_cortexa9_0/standalone_ps7_cortexa9_0/bsp/system.mss|system_0||
C:/PXL/devWorks/devWorks2/Custom_AXI_IP_7Segment/vitis/7Segment_display/zynq_fsbl/zynq_fsbl_bsp/system.mss|system||

TRACE::2025-03-03.10:54:06::SCWMssOS::Sw design exists and opened at  C:/PXL/devWorks/devWorks2/Custom_AXI_IP_7Segment/vitis/7Segment_display/zynq_fsbl/zynq_fsbl_bsp/system.mss
TRACE::2025-03-03.10:54:06::SCWPlatform::Trying to open the hw design at C:/PXL/devWorks/devWorks2/Custom_AXI_IP_7Segment/vitis/7Segment_display/hw/7Segment_display.xsa
TRACE::2025-03-03.10:54:06::SCWPlatform::DSA given C:/PXL/devWorks/devWorks2/Custom_AXI_IP_7Segment/vitis/7Segment_display/hw/7Segment_display.xsa
TRACE::2025-03-03.10:54:06::SCWPlatform::DSA absoulate path C:/PXL/devWorks/devWorks2/Custom_AXI_IP_7Segment/vitis/7Segment_display/hw/7Segment_display.xsa
TRACE::2025-03-03.10:54:06::SCWPlatform::DSA directory C:/PXL/devWorks/devWorks2/Custom_AXI_IP_7Segment/vitis/7Segment_display/hw
TRACE::2025-03-03.10:54:06::SCWPlatform:: Platform Path C:/PXL/devWorks/devWorks2/Custom_AXI_IP_7Segment/vitis/7Segment_display/hw/7Segment_display.xsa
TRACE::2025-03-03.10:54:06::SCWPlatform:: Unique name xilinx:pynq-z2::0.0
TRACE::2025-03-03.10:54:06::SCWPlatform::Trying to set the existing hwdb with name design_1_wrapper_0
TRACE::2025-03-03.10:54:06::SCWPlatform::Opened existing hwdb design_1_wrapper_0
TRACE::2025-03-03.10:54:06::SCWPlatform::Found the Hw Db part of the input DSA
TRACE::2025-03-03.10:54:06::SCWMssOS::Checking the sw design at  C:/PXL/devWorks/devWorks2/Custom_AXI_IP_7Segment/vitis/7Segment_display/ps7_cortexa9_0/standalone_ps7_cortexa9_0/bsp/system.mss
TRACE::2025-03-03.10:54:06::SCWMssOS::DEBUG:  swdes dump  C:/PXL/devWorks/devWorks2/Custom_AXI_IP_7Segment/vitis/7Segment_display/ps7_cortexa9_0/standalone_ps7_cortexa9_0/bsp/system.mss|system_0||
C:/PXL/devWorks/devWorks2/Custom_AXI_IP_7Segment/vitis/7Segment_display/zynq_fsbl/zynq_fsbl_bsp/system.mss|system||

TRACE::2025-03-03.10:54:06::SCWMssOS::Sw design exists and opened at  C:/PXL/devWorks/devWorks2/Custom_AXI_IP_7Segment/vitis/7Segment_display/ps7_cortexa9_0/standalone_ps7_cortexa9_0/bsp/system.mss
TRACE::2025-03-03.10:54:06::SCWPlatform::Trying to open the hw design at C:/PXL/devWorks/devWorks2/Custom_AXI_IP_7Segment/vitis/7Segment_display/hw/7Segment_display.xsa
TRACE::2025-03-03.10:54:06::SCWPlatform::DSA given C:/PXL/devWorks/devWorks2/Custom_AXI_IP_7Segment/vitis/7Segment_display/hw/7Segment_display.xsa
TRACE::2025-03-03.10:54:06::SCWPlatform::DSA absoulate path C:/PXL/devWorks/devWorks2/Custom_AXI_IP_7Segment/vitis/7Segment_display/hw/7Segment_display.xsa
TRACE::2025-03-03.10:54:06::SCWPlatform::DSA directory C:/PXL/devWorks/devWorks2/Custom_AXI_IP_7Segment/vitis/7Segment_display/hw
TRACE::2025-03-03.10:54:06::SCWPlatform:: Platform Path C:/PXL/devWorks/devWorks2/Custom_AXI_IP_7Segment/vitis/7Segment_display/hw/7Segment_display.xsa
TRACE::2025-03-03.10:54:06::SCWPlatform:: Unique name xilinx:pynq-z2::0.0
TRACE::2025-03-03.10:54:06::SCWPlatform::Trying to set the existing hwdb with name design_1_wrapper_0
TRACE::2025-03-03.10:54:06::SCWPlatform::Opened existing hwdb design_1_wrapper_0
TRACE::2025-03-03.10:54:06::SCWPlatform::Found the Hw Db part of the input DSA
TRACE::2025-03-03.10:54:06::SCWMssOS::Checking the sw design at  C:/PXL/devWorks/devWorks2/Custom_AXI_IP_7Segment/vitis/7Segment_display/ps7_cortexa9_0/standalone_ps7_cortexa9_0/bsp/system.mss
TRACE::2025-03-03.10:54:06::SCWMssOS::DEBUG:  swdes dump  C:/PXL/devWorks/devWorks2/Custom_AXI_IP_7Segment/vitis/7Segment_display/ps7_cortexa9_0/standalone_ps7_cortexa9_0/bsp/system.mss|system_0||
C:/PXL/devWorks/devWorks2/Custom_AXI_IP_7Segment/vitis/7Segment_display/zynq_fsbl/zynq_fsbl_bsp/system.mss|system||

TRACE::2025-03-03.10:54:06::SCWMssOS::Sw design exists and opened at  C:/PXL/devWorks/devWorks2/Custom_AXI_IP_7Segment/vitis/7Segment_display/ps7_cortexa9_0/standalone_ps7_cortexa9_0/bsp/system.mss
TRACE::2025-03-03.10:54:06::SCWPlatform::Trying to open the hw design at C:/PXL/devWorks/devWorks2/Custom_AXI_IP_7Segment/vitis/7Segment_display/hw/7Segment_display.xsa
TRACE::2025-03-03.10:54:06::SCWPlatform::DSA given C:/PXL/devWorks/devWorks2/Custom_AXI_IP_7Segment/vitis/7Segment_display/hw/7Segment_display.xsa
TRACE::2025-03-03.10:54:06::SCWPlatform::DSA absoulate path C:/PXL/devWorks/devWorks2/Custom_AXI_IP_7Segment/vitis/7Segment_display/hw/7Segment_display.xsa
TRACE::2025-03-03.10:54:06::SCWPlatform::DSA directory C:/PXL/devWorks/devWorks2/Custom_AXI_IP_7Segment/vitis/7Segment_display/hw
TRACE::2025-03-03.10:54:06::SCWPlatform:: Platform Path C:/PXL/devWorks/devWorks2/Custom_AXI_IP_7Segment/vitis/7Segment_display/hw/7Segment_display.xsa
TRACE::2025-03-03.10:54:06::SCWPlatform:: Unique name xilinx:pynq-z2::0.0
TRACE::2025-03-03.10:54:06::SCWPlatform::Trying to set the existing hwdb with name design_1_wrapper_0
TRACE::2025-03-03.10:54:06::SCWPlatform::Opened existing hwdb design_1_wrapper_0
TRACE::2025-03-03.10:54:06::SCWPlatform::Found the Hw Db part of the input DSA
TRACE::2025-03-03.10:54:06::SCWMssOS::Checking the sw design at  C:/PXL/devWorks/devWorks2/Custom_AXI_IP_7Segment/vitis/7Segment_display/ps7_cortexa9_0/standalone_ps7_cortexa9_0/bsp/system.mss
TRACE::2025-03-03.10:54:06::SCWMssOS::DEBUG:  swdes dump  C:/PXL/devWorks/devWorks2/Custom_AXI_IP_7Segment/vitis/7Segment_display/ps7_cortexa9_0/standalone_ps7_cortexa9_0/bsp/system.mss|system_0||
C:/PXL/devWorks/devWorks2/Custom_AXI_IP_7Segment/vitis/7Segment_display/zynq_fsbl/zynq_fsbl_bsp/system.mss|system||

TRACE::2025-03-03.10:54:06::SCWMssOS::Sw design exists and opened at  C:/PXL/devWorks/devWorks2/Custom_AXI_IP_7Segment/vitis/7Segment_display/ps7_cortexa9_0/standalone_ps7_cortexa9_0/bsp/system.mss
TRACE::2025-03-03.10:54:06::SCWWriter::formatted JSON is {
	"platformName":	"7Segment_display",
	"sprVersion":	"2.0",
	"mode":	"gui",
	"dsaType":	"Fixed",
	"platformDesc":	"7Segment_display",
	"platHandOff":	"C:/PXL/devWorks/devWorks2/Custom_AXI_IP_7Segment/7Segment_display.xsa",
	"platIntHandOff":	"<platformDir>/hw/7Segment_display.xsa",
	"deviceType":	"zynq",
	"platIsPrebuiltAutogen":	"false",
	"platIsNoBootBsp":	"false",
	"platFsblTarget":	"ps7_cortexa9_0",
	"hasFsblMakeHasChanges":	"false",
	"hasPmufwMakeHasChanges":	"false",
	"fsblExtraCompilerFlags":	"-MMD -MP       -mcpu=cortex-a9 -mfpu=vfpv3 -mfloat-abi=hard ",
	"platPreBuiltFlag":	false,
	"platformSamplesDir":	"",
	"platActiveSys":	"7Segment_display",
	"systems":	[{
			"systemName":	"7Segment_display",
			"systemDesc":	"7Segment_display",
			"sysIsBootAutoGen":	"true",
			"systemDispName":	"7Segment_display",
			"sysActiveDom":	"standalone_ps7_cortexa9_0",
			"sysDefaultDom":	"standalone_ps7_cortexa9_0",
			"domains":	[{
					"domainName":	"zynq_fsbl",
					"domainDispName":	"zynq_fsbl",
					"domainDesc":	"FSBL Application BSP - Auto Generated.",
					"processors":	"ps7_cortexa9_0",
					"os":	"standalone",
					"sdxOs":	"standalone",
					"debugEnable":	"",
					"domRuntimes":	["cpp"],
					"swRepo":	"",
					"mssOsVer":	"9.1",
					"mssFile":	"",
					"md5Digest":	"416c58c1040c574c100d0daecfe19116",
					"compatibleApp":	"zynq_fsbl",
					"domType":	"bootDomain",
					"arch":	"32-bit",
					"appSettings":	{
						"appCompilerFlags":	"",
						"appLinkerFlags":	""
					},
					"addedLibs":	["xilffs:5.2", "xilrsa:1.8"],
					"libOptions":	{
						"libsContainingOptions":	[]
					},
					"prebuiltLibs":	{
						"prebuiltIncPath":	[],
						"prebuiltLibPath":	[]
					},
					"isolation":	{
					}
				}, {
					"domainName":	"standalone_ps7_cortexa9_0",
					"domainDispName":	"standalone_ps7_cortexa9_0",
					"domainDesc":	"standalone_ps7_cortexa9_0",
					"processors":	"ps7_cortexa9_0",
					"os":	"standalone",
					"sdxOs":	"standalone",
					"qemuArgs":	"<platformDir>/resources/7Segment_display/standalone_ps7_cortexa9_0/qemu_args.txt",
					"qemuData":	"<platformDir>/resources/7Segment_display/standalone_ps7_cortexa9_0/qemu",
					"debugEnable":	"False",
					"domRuntimes":	["cpp"],
					"swRepo":	"",
					"mssOsVer":	"9.1",
					"mssFile":	"",
					"md5Digest":	"c063a40181cfc1dcf09ee2359d488094",
					"compatibleApp":	"hello_world",
					"domType":	"mssDomain",
					"arch":	"32-bit",
					"appSettings":	{
						"appCompilerFlags":	"",
						"appLinkerFlags":	""
					},
					"addedLibs":	[],
					"libOptions":	{
						"libsContainingOptions":	[]
					},
					"prebuiltLibs":	{
						"prebuiltIncPath":	[],
						"prebuiltLibPath":	[]
					},
					"isolation":	{
					}
				}]
		}]
}
KEYINFO::2025-03-03.10:54:06::SCWPlatform::updated the xpfm file.
LOG::2025-03-03.10:55:19::SCWPlatform::Started generating the artifacts platform 7Segment_display
TRACE::2025-03-03.10:55:19::SCWPlatform::Sanity checking of platform is completed
LOG::2025-03-03.10:55:19::SCWPlatform::Started generating the artifacts for system configuration 7Segment_display
LOG::2025-03-03.10:55:19::SCWSystem::Checking the domain zynq_fsbl
LOG::2025-03-03.10:55:19::SCWSystem::Doing application build for :  zynq_fsbl
TRACE::2025-03-03.10:55:19::SCWBDomain::Not a forced makefile updation, No changes are present. 
TRACE::2025-03-03.10:55:19::SCWDomain::Building the domain as part of full build :  zynq_fsbl
TRACE::2025-03-03.10:55:19::SCWPlatform::Trying to open the hw design at C:/PXL/devWorks/devWorks2/Custom_AXI_IP_7Segment/vitis/7Segment_display/hw/7Segment_display.xsa
TRACE::2025-03-03.10:55:19::SCWPlatform::DSA given C:/PXL/devWorks/devWorks2/Custom_AXI_IP_7Segment/vitis/7Segment_display/hw/7Segment_display.xsa
TRACE::2025-03-03.10:55:19::SCWPlatform::DSA absoulate path C:/PXL/devWorks/devWorks2/Custom_AXI_IP_7Segment/vitis/7Segment_display/hw/7Segment_display.xsa
TRACE::2025-03-03.10:55:19::SCWPlatform::DSA directory C:/PXL/devWorks/devWorks2/Custom_AXI_IP_7Segment/vitis/7Segment_display/hw
TRACE::2025-03-03.10:55:19::SCWPlatform:: Platform Path C:/PXL/devWorks/devWorks2/Custom_AXI_IP_7Segment/vitis/7Segment_display/hw/7Segment_display.xsa
TRACE::2025-03-03.10:55:19::SCWPlatform:: Unique name xilinx:pynq-z2::0.0
TRACE::2025-03-03.10:55:19::SCWPlatform::Trying to set the existing hwdb with name design_1_wrapper_0
TRACE::2025-03-03.10:55:19::SCWPlatform::Opened existing hwdb design_1_wrapper_0
TRACE::2025-03-03.10:55:19::SCWPlatform::Found the Hw Db part of the input DSA
TRACE::2025-03-03.10:55:19::SCWMssOS::Checking the sw design at  C:/PXL/devWorks/devWorks2/Custom_AXI_IP_7Segment/vitis/7Segment_display/zynq_fsbl/zynq_fsbl_bsp/system.mss
TRACE::2025-03-03.10:55:19::SCWMssOS::DEBUG:  swdes dump  C:/PXL/devWorks/devWorks2/Custom_AXI_IP_7Segment/vitis/7Segment_display/ps7_cortexa9_0/standalone_ps7_cortexa9_0/bsp/system.mss|system_0||
C:/PXL/devWorks/devWorks2/Custom_AXI_IP_7Segment/vitis/7Segment_display/zynq_fsbl/zynq_fsbl_bsp/system.mss|system||

TRACE::2025-03-03.10:55:19::SCWMssOS::Sw design exists and opened at  C:/PXL/devWorks/devWorks2/Custom_AXI_IP_7Segment/vitis/7Segment_display/zynq_fsbl/zynq_fsbl_bsp/system.mss
TRACE::2025-03-03.10:55:19::SCWBDomain::Completed writing the mss file at C:/PXL/devWorks/devWorks2/Custom_AXI_IP_7Segment/vitis/7Segment_display/zynq_fsbl/zynq_fsbl_bsp
TRACE::2025-03-03.10:55:19::SCWBDomain::bsp generated is upto date with the mss file. Skipping bsp generation.
TRACE::2025-03-03.10:55:19::SCWBDomain::Not a forced makefile updation, No changes are present. 
TRACE::2025-03-03.10:55:19::SCWBDomain::System Command Ran  C:&  cd  C:/PXL/devWorks/devWorks2/Custom_AXI_IP_7Segment/vitis/7Segment_display/zynq_fsbl& make -C  zynq_fsbl_bsp & make 
TRACE::2025-03-03.10:55:20::SCWBDomain::make: Entering directory 'C:/PXL/devWorks/devWorks2/Custom_AXI_IP_7Segment/vitis/7Segment_display/zynq_fsbl/zynq_fsbl_bsp'

TRACE::2025-03-03.10:55:20::SCWBDomain::make --no-print-directory seq_libs

TRACE::2025-03-03.10:55:20::SCWBDomain::"Running Make include in ps7_cortexa9_0/libsrc/coresightps_dcc_v1_10/src"

TRACE::2025-03-03.10:55:20::SCWBDomain::make -C ps7_cortexa9_0/libsrc/coresightps_dcc_v1_10/src -s include  "SHELL=CMD" "COMPILER=arm-none-eabi-gcc" "ASSEMBLER=arm-non
TRACE::2025-03-03.10:55:20::SCWBDomain::e-eabi-as" "ARCHIVER=arm-none-eabi-ar" "COMPILER_FLAGS=  -O2 -c" "EXTRA_COMPILER_FLAGS=-mcpu=cortex-a9 -mfpu=vfpv3 -mfloat-abi=
TRACE::2025-03-03.10:55:20::SCWBDomain::hard -nostartfiles -g -Wall -Wextra -fno-tree-loop-distribute-patterns"

TRACE::2025-03-03.10:55:20::SCWBDomain::"Running Make include in ps7_cortexa9_0/libsrc/cpu_cortexa9_v2_12/src"

TRACE::2025-03-03.10:55:20::SCWBDomain::make -C ps7_cortexa9_0/libsrc/cpu_cortexa9_v2_12/src -s include  "SHELL=CMD" "COMPILER=arm-none-eabi-gcc" "ASSEMBLER=arm-none-e
TRACE::2025-03-03.10:55:20::SCWBDomain::abi-as" "ARCHIVER=arm-none-eabi-ar" "COMPILER_FLAGS=  -O2 -c" "EXTRA_COMPILER_FLAGS=-mcpu=cortex-a9 -mfpu=vfpv3 -mfloat-abi=har
TRACE::2025-03-03.10:55:20::SCWBDomain::d -nostartfiles -g -Wall -Wextra -fno-tree-loop-distribute-patterns"

TRACE::2025-03-03.10:55:20::SCWBDomain::"Running Make include in ps7_cortexa9_0/libsrc/Custom_AXI_IP_7segment_display_v1_0/src"

TRACE::2025-03-03.10:55:20::SCWBDomain::make -C ps7_cortexa9_0/libsrc/Custom_AXI_IP_7segment_display_v1_0/src -s include  "SHELL=CMD" "COMPILER=arm-none-eabi-gcc" "ASS
TRACE::2025-03-03.10:55:20::SCWBDomain::EMBLER=arm-none-eabi-as" "ARCHIVER=arm-none-eabi-ar" "COMPILER_FLAGS=  -O2 -c" "EXTRA_COMPILER_FLAGS=-mcpu=cortex-a9 -mfpu=vfpv
TRACE::2025-03-03.10:55:20::SCWBDomain::3 -mfloat-abi=hard -nostartfiles -g -Wall -Wextra -fno-tree-loop-distribute-patterns"

TRACE::2025-03-03.10:55:20::SCWBDomain::"Running Make include in ps7_cortexa9_0/libsrc/ddrps_v1_2/src"

TRACE::2025-03-03.10:55:20::SCWBDomain::make -C ps7_cortexa9_0/libsrc/ddrps_v1_2/src -s include  "SHELL=CMD" "COMPILER=arm-none-eabi-gcc" "ASSEMBLER=arm-none-eabi-as" 
TRACE::2025-03-03.10:55:20::SCWBDomain::"ARCHIVER=arm-none-eabi-ar" "COMPILER_FLAGS=  -O2 -c" "EXTRA_COMPILER_FLAGS=-mcpu=cortex-a9 -mfpu=vfpv3 -mfloat-abi=hard -nosta
TRACE::2025-03-03.10:55:20::SCWBDomain::rtfiles -g -Wall -Wextra -fno-tree-loop-distribute-patterns"

TRACE::2025-03-03.10:55:20::SCWBDomain::"Running Make include in ps7_cortexa9_0/libsrc/devcfg_v3_8/src"

TRACE::2025-03-03.10:55:20::SCWBDomain::make -C ps7_cortexa9_0/libsrc/devcfg_v3_8/src -s include  "SHELL=CMD" "COMPILER=arm-none-eabi-gcc" "ASSEMBLER=arm-none-eabi-as"
TRACE::2025-03-03.10:55:20::SCWBDomain:: "ARCHIVER=arm-none-eabi-ar" "COMPILER_FLAGS=  -O2 -c" "EXTRA_COMPILER_FLAGS=-mcpu=cortex-a9 -mfpu=vfpv3 -mfloat-abi=hard -nost
TRACE::2025-03-03.10:55:20::SCWBDomain::artfiles -g -Wall -Wextra -fno-tree-loop-distribute-patterns"

TRACE::2025-03-03.10:55:20::SCWBDomain::"Running Make include in ps7_cortexa9_0/libsrc/dmaps_v2_10/src"

TRACE::2025-03-03.10:55:20::SCWBDomain::make -C ps7_cortexa9_0/libsrc/dmaps_v2_10/src -s include  "SHELL=CMD" "COMPILER=arm-none-eabi-gcc" "ASSEMBLER=arm-none-eabi-as"
TRACE::2025-03-03.10:55:20::SCWBDomain:: "ARCHIVER=arm-none-eabi-ar" "COMPILER_FLAGS=  -O2 -c" "EXTRA_COMPILER_FLAGS=-mcpu=cortex-a9 -mfpu=vfpv3 -mfloat-abi=hard -nost
TRACE::2025-03-03.10:55:20::SCWBDomain::artfiles -g -Wall -Wextra -fno-tree-loop-distribute-patterns"

TRACE::2025-03-03.10:55:20::SCWBDomain::"Running Make include in ps7_cortexa9_0/libsrc/emacps_v3_20/src"

TRACE::2025-03-03.10:55:20::SCWBDomain::make -C ps7_cortexa9_0/libsrc/emacps_v3_20/src -s include  "SHELL=CMD" "COMPILER=arm-none-eabi-gcc" "ASSEMBLER=arm-none-eabi-as
TRACE::2025-03-03.10:55:20::SCWBDomain::" "ARCHIVER=arm-none-eabi-ar" "COMPILER_FLAGS=  -O2 -c" "EXTRA_COMPILER_FLAGS=-mcpu=cortex-a9 -mfpu=vfpv3 -mfloat-abi=hard -nos
TRACE::2025-03-03.10:55:20::SCWBDomain::tartfiles -g -Wall -Wextra -fno-tree-loop-distribute-patterns"

TRACE::2025-03-03.10:55:20::SCWBDomain::"Running Make include in ps7_cortexa9_0/libsrc/gpiops_v3_13/src"

TRACE::2025-03-03.10:55:20::SCWBDomain::make -C ps7_cortexa9_0/libsrc/gpiops_v3_13/src -s include  "SHELL=CMD" "COMPILER=arm-none-eabi-gcc" "ASSEMBLER=arm-none-eabi-as
TRACE::2025-03-03.10:55:20::SCWBDomain::" "ARCHIVER=arm-none-eabi-ar" "COMPILER_FLAGS=  -O2 -c" "EXTRA_COMPILER_FLAGS=-mcpu=cortex-a9 -mfpu=vfpv3 -mfloat-abi=hard -nos
TRACE::2025-03-03.10:55:20::SCWBDomain::tartfiles -g -Wall -Wextra -fno-tree-loop-distribute-patterns"

TRACE::2025-03-03.10:55:20::SCWBDomain::"Running Make include in ps7_cortexa9_0/libsrc/qspips_v3_12/src"

TRACE::2025-03-03.10:55:20::SCWBDomain::make -C ps7_cortexa9_0/libsrc/qspips_v3_12/src -s include  "SHELL=CMD" "COMPILER=arm-none-eabi-gcc" "ASSEMBLER=arm-none-eabi-as
TRACE::2025-03-03.10:55:20::SCWBDomain::" "ARCHIVER=arm-none-eabi-ar" "COMPILER_FLAGS=  -O2 -c" "EXTRA_COMPILER_FLAGS=-mcpu=cortex-a9 -mfpu=vfpv3 -mfloat-abi=hard -nos
TRACE::2025-03-03.10:55:20::SCWBDomain::tartfiles -g -Wall -Wextra -fno-tree-loop-distribute-patterns"

TRACE::2025-03-03.10:55:21::SCWBDomain::"Running Make include in ps7_cortexa9_0/libsrc/scugic_v5_3/src"

TRACE::2025-03-03.10:55:21::SCWBDomain::make -C ps7_cortexa9_0/libsrc/scugic_v5_3/src -s include  "SHELL=CMD" "COMPILER=arm-none-eabi-gcc" "ASSEMBLER=arm-none-eabi-as"
TRACE::2025-03-03.10:55:21::SCWBDomain:: "ARCHIVER=arm-none-eabi-ar" "COMPILER_FLAGS=  -O2 -c" "EXTRA_COMPILER_FLAGS=-mcpu=cortex-a9 -mfpu=vfpv3 -mfloat-abi=hard -nost
TRACE::2025-03-03.10:55:21::SCWBDomain::artfiles -g -Wall -Wextra -fno-tree-loop-distribute-patterns"

TRACE::2025-03-03.10:55:21::SCWBDomain::"Running Make include in ps7_cortexa9_0/libsrc/scutimer_v2_6/src"

TRACE::2025-03-03.10:55:21::SCWBDomain::make -C ps7_cortexa9_0/libsrc/scutimer_v2_6/src -s include  "SHELL=CMD" "COMPILER=arm-none-eabi-gcc" "ASSEMBLER=arm-none-eabi-a
TRACE::2025-03-03.10:55:21::SCWBDomain::s" "ARCHIVER=arm-none-eabi-ar" "COMPILER_FLAGS=  -O2 -c" "EXTRA_COMPILER_FLAGS=-mcpu=cortex-a9 -mfpu=vfpv3 -mfloat-abi=hard -no
TRACE::2025-03-03.10:55:21::SCWBDomain::startfiles -g -Wall -Wextra -fno-tree-loop-distribute-patterns"

TRACE::2025-03-03.10:55:21::SCWBDomain::"Running Make include in ps7_cortexa9_0/libsrc/scuwdt_v2_5/src"

TRACE::2025-03-03.10:55:21::SCWBDomain::make -C ps7_cortexa9_0/libsrc/scuwdt_v2_5/src -s include  "SHELL=CMD" "COMPILER=arm-none-eabi-gcc" "ASSEMBLER=arm-none-eabi-as"
TRACE::2025-03-03.10:55:21::SCWBDomain:: "ARCHIVER=arm-none-eabi-ar" "COMPILER_FLAGS=  -O2 -c" "EXTRA_COMPILER_FLAGS=-mcpu=cortex-a9 -mfpu=vfpv3 -mfloat-abi=hard -nost
TRACE::2025-03-03.10:55:21::SCWBDomain::artfiles -g -Wall -Wextra -fno-tree-loop-distribute-patterns"

TRACE::2025-03-03.10:55:21::SCWBDomain::"Running Make include in ps7_cortexa9_0/libsrc/sdps_v4_3/src"

TRACE::2025-03-03.10:55:21::SCWBDomain::make -C ps7_cortexa9_0/libsrc/sdps_v4_3/src -s include  "SHELL=CMD" "COMPILER=arm-none-eabi-gcc" "ASSEMBLER=arm-none-eabi-as" "
TRACE::2025-03-03.10:55:21::SCWBDomain::ARCHIVER=arm-none-eabi-ar" "COMPILER_FLAGS=  -O2 -c" "EXTRA_COMPILER_FLAGS=-mcpu=cortex-a9 -mfpu=vfpv3 -mfloat-abi=hard -nostar
TRACE::2025-03-03.10:55:21::SCWBDomain::tfiles -g -Wall -Wextra -fno-tree-loop-distribute-patterns"

TRACE::2025-03-03.10:55:21::SCWBDomain::"Running Make include in ps7_cortexa9_0/libsrc/standalone_v9_1/src"

TRACE::2025-03-03.10:55:21::SCWBDomain::make -C ps7_cortexa9_0/libsrc/standalone_v9_1/src -s include  "SHELL=CMD" "COMPILER=arm-none-eabi-gcc" "ASSEMBLER=arm-none-eabi
TRACE::2025-03-03.10:55:21::SCWBDomain::-as" "ARCHIVER=arm-none-eabi-ar" "COMPILER_FLAGS=  -O2 -c" "EXTRA_COMPILER_FLAGS=-mcpu=cortex-a9 -mfpu=vfpv3 -mfloat-abi=hard -
TRACE::2025-03-03.10:55:21::SCWBDomain::nostartfiles -g -Wall -Wextra -fno-tree-loop-distribute-patterns"

TRACE::2025-03-03.10:55:22::SCWBDomain::"Running Make include in ps7_cortexa9_0/libsrc/uartps_v3_14/src"

TRACE::2025-03-03.10:55:22::SCWBDomain::make -C ps7_cortexa9_0/libsrc/uartps_v3_14/src -s include  "SHELL=CMD" "COMPILER=arm-none-eabi-gcc" "ASSEMBLER=arm-none-eabi-as
TRACE::2025-03-03.10:55:22::SCWBDomain::" "ARCHIVER=arm-none-eabi-ar" "COMPILER_FLAGS=  -O2 -c" "EXTRA_COMPILER_FLAGS=-mcpu=cortex-a9 -mfpu=vfpv3 -mfloat-abi=hard -nos
TRACE::2025-03-03.10:55:22::SCWBDomain::tartfiles -g -Wall -Wextra -fno-tree-loop-distribute-patterns"

TRACE::2025-03-03.10:55:22::SCWBDomain::"Running Make include in ps7_cortexa9_0/libsrc/usbps_v2_9/src"

TRACE::2025-03-03.10:55:22::SCWBDomain::make -C ps7_cortexa9_0/libsrc/usbps_v2_9/src -s include  "SHELL=CMD" "COMPILER=arm-none-eabi-gcc" "ASSEMBLER=arm-none-eabi-as" 
TRACE::2025-03-03.10:55:22::SCWBDomain::"ARCHIVER=arm-none-eabi-ar" "COMPILER_FLAGS=  -O2 -c" "EXTRA_COMPILER_FLAGS=-mcpu=cortex-a9 -mfpu=vfpv3 -mfloat-abi=hard -nosta
TRACE::2025-03-03.10:55:22::SCWBDomain::rtfiles -g -Wall -Wextra -fno-tree-loop-distribute-patterns"

TRACE::2025-03-03.10:55:22::SCWBDomain::"Running Make include in ps7_cortexa9_0/libsrc/xadcps_v2_7/src"

TRACE::2025-03-03.10:55:22::SCWBDomain::make -C ps7_cortexa9_0/libsrc/xadcps_v2_7/src -s include  "SHELL=CMD" "COMPILER=arm-none-eabi-gcc" "ASSEMBLER=arm-none-eabi-as"
TRACE::2025-03-03.10:55:22::SCWBDomain:: "ARCHIVER=arm-none-eabi-ar" "COMPILER_FLAGS=  -O2 -c" "EXTRA_COMPILER_FLAGS=-mcpu=cortex-a9 -mfpu=vfpv3 -mfloat-abi=hard -nost
TRACE::2025-03-03.10:55:22::SCWBDomain::artfiles -g -Wall -Wextra -fno-tree-loop-distribute-patterns"

TRACE::2025-03-03.10:55:22::SCWBDomain::"Running Make include in ps7_cortexa9_0/libsrc/xilffs_v5_2/src"

TRACE::2025-03-03.10:55:22::SCWBDomain::make -C ps7_cortexa9_0/libsrc/xilffs_v5_2/src -s include  "SHELL=CMD" "COMPILER=arm-none-eabi-gcc" "ASSEMBLER=arm-none-eabi-as"
TRACE::2025-03-03.10:55:22::SCWBDomain:: "ARCHIVER=arm-none-eabi-ar" "COMPILER_FLAGS=  -O2 -c" "EXTRA_COMPILER_FLAGS=-mcpu=cortex-a9 -mfpu=vfpv3 -mfloat-abi=hard -nost
TRACE::2025-03-03.10:55:22::SCWBDomain::artfiles -g -Wall -Wextra -fno-tree-loop-distribute-patterns"

TRACE::2025-03-03.10:55:22::SCWBDomain::"Running Make include in ps7_cortexa9_0/libsrc/xilrsa_v1_8/src"

TRACE::2025-03-03.10:55:22::SCWBDomain::make -C ps7_cortexa9_0/libsrc/xilrsa_v1_8/src -s include  "SHELL=CMD" "COMPILER=arm-none-eabi-gcc" "ASSEMBLER=arm-none-eabi-as"
TRACE::2025-03-03.10:55:22::SCWBDomain:: "ARCHIVER=arm-none-eabi-ar" "COMPILER_FLAGS=  -O2 -c" "EXTRA_COMPILER_FLAGS=-mcpu=cortex-a9 -mfpu=vfpv3 -mfloat-abi=hard -nost
TRACE::2025-03-03.10:55:22::SCWBDomain::artfiles -g -Wall -Wextra -fno-tree-loop-distribute-patterns"

TRACE::2025-03-03.10:55:23::SCWBDomain::"Running Make libs in ps7_cortexa9_0/libsrc/Custom_AXI_IP_7segment_display_v1_0/src"

TRACE::2025-03-03.10:55:23::SCWBDomain::make -C ps7_cortexa9_0/libsrc/Custom_AXI_IP_7segment_display_v1_0/src -s libs  "SHELL=CMD" "COMPILER=arm-none-eabi-gcc" "ASSEMB
TRACE::2025-03-03.10:55:23::SCWBDomain::LER=arm-none-eabi-as" "ARCHIVER=arm-none-eabi-ar" "COMPILER_FLAGS=  -O2 -c" "EXTRA_COMPILER_FLAGS=-mcpu=cortex-a9 -mfpu=vfpv3 -
TRACE::2025-03-03.10:55:23::SCWBDomain::mfloat-abi=hard -nostartfiles -g -Wall -Wextra -fno-tree-loop-distribute-patterns"

TRACE::2025-03-03.10:55:23::SCWBDomain::"Compiling Custom_AXI_IP_7segment_display..."

TRACE::2025-03-03.10:55:23::SCWBDomain::make: Leaving directory 'C:/PXL/devWorks/devWorks2/Custom_AXI_IP_7Segment/vitis/7Segment_display/zynq_fsbl/zynq_fsbl_bsp'

TRACE::2025-03-03.10:55:23::SCWBDomain::make -C zynq_fsbl_bsp

TRACE::2025-03-03.10:55:23::SCWBDomain::make[1]: Entering directory 'C:/PXL/devWorks/devWorks2/Custom_AXI_IP_7Segment/vitis/7Segment_display/zynq_fsbl/zynq_fsbl_bsp'

TRACE::2025-03-03.10:55:23::SCWBDomain::make --no-print-directory seq_libs

TRACE::2025-03-03.10:55:23::SCWBDomain::"Running Make include in ps7_cortexa9_0/libsrc/coresightps_dcc_v1_10/src"

TRACE::2025-03-03.10:55:23::SCWBDomain::make -C ps7_cortexa9_0/libsrc/coresightps_dcc_v1_10/src -s include  "SHELL=CMD" "COMPILER=arm-none-eabi-gcc" "ASSEMBLER=arm-non
TRACE::2025-03-03.10:55:23::SCWBDomain::e-eabi-as" "ARCHIVER=arm-none-eabi-ar" "COMPILER_FLAGS=  -O2 -c" "EXTRA_COMPILER_FLAGS=-mcpu=cortex-a9 -mfpu=vfpv3 -mfloat-abi=
TRACE::2025-03-03.10:55:23::SCWBDomain::hard -nostartfiles -g -Wall -Wextra -fno-tree-loop-distribute-patterns"

TRACE::2025-03-03.10:55:23::SCWBDomain::"Running Make include in ps7_cortexa9_0/libsrc/cpu_cortexa9_v2_12/src"

TRACE::2025-03-03.10:55:23::SCWBDomain::make -C ps7_cortexa9_0/libsrc/cpu_cortexa9_v2_12/src -s include  "SHELL=CMD" "COMPILER=arm-none-eabi-gcc" "ASSEMBLER=arm-none-e
TRACE::2025-03-03.10:55:23::SCWBDomain::abi-as" "ARCHIVER=arm-none-eabi-ar" "COMPILER_FLAGS=  -O2 -c" "EXTRA_COMPILER_FLAGS=-mcpu=cortex-a9 -mfpu=vfpv3 -mfloat-abi=har
TRACE::2025-03-03.10:55:23::SCWBDomain::d -nostartfiles -g -Wall -Wextra -fno-tree-loop-distribute-patterns"

TRACE::2025-03-03.10:55:23::SCWBDomain::"Running Make include in ps7_cortexa9_0/libsrc/Custom_AXI_IP_7segment_display_v1_0/src"

TRACE::2025-03-03.10:55:23::SCWBDomain::make -C ps7_cortexa9_0/libsrc/Custom_AXI_IP_7segment_display_v1_0/src -s include  "SHELL=CMD" "COMPILER=arm-none-eabi-gcc" "ASS
TRACE::2025-03-03.10:55:23::SCWBDomain::EMBLER=arm-none-eabi-as" "ARCHIVER=arm-none-eabi-ar" "COMPILER_FLAGS=  -O2 -c" "EXTRA_COMPILER_FLAGS=-mcpu=cortex-a9 -mfpu=vfpv
TRACE::2025-03-03.10:55:23::SCWBDomain::3 -mfloat-abi=hard -nostartfiles -g -Wall -Wextra -fno-tree-loop-distribute-patterns"

TRACE::2025-03-03.10:55:23::SCWBDomain::"Running Make include in ps7_cortexa9_0/libsrc/ddrps_v1_2/src"

TRACE::2025-03-03.10:55:23::SCWBDomain::make -C ps7_cortexa9_0/libsrc/ddrps_v1_2/src -s include  "SHELL=CMD" "COMPILER=arm-none-eabi-gcc" "ASSEMBLER=arm-none-eabi-as" 
TRACE::2025-03-03.10:55:23::SCWBDomain::"ARCHIVER=arm-none-eabi-ar" "COMPILER_FLAGS=  -O2 -c" "EXTRA_COMPILER_FLAGS=-mcpu=cortex-a9 -mfpu=vfpv3 -mfloat-abi=hard -nosta
TRACE::2025-03-03.10:55:23::SCWBDomain::rtfiles -g -Wall -Wextra -fno-tree-loop-distribute-patterns"

TRACE::2025-03-03.10:55:23::SCWBDomain::"Running Make include in ps7_cortexa9_0/libsrc/devcfg_v3_8/src"

TRACE::2025-03-03.10:55:23::SCWBDomain::make -C ps7_cortexa9_0/libsrc/devcfg_v3_8/src -s include  "SHELL=CMD" "COMPILER=arm-none-eabi-gcc" "ASSEMBLER=arm-none-eabi-as"
TRACE::2025-03-03.10:55:23::SCWBDomain:: "ARCHIVER=arm-none-eabi-ar" "COMPILER_FLAGS=  -O2 -c" "EXTRA_COMPILER_FLAGS=-mcpu=cortex-a9 -mfpu=vfpv3 -mfloat-abi=hard -nost
TRACE::2025-03-03.10:55:23::SCWBDomain::artfiles -g -Wall -Wextra -fno-tree-loop-distribute-patterns"

TRACE::2025-03-03.10:55:23::SCWBDomain::"Running Make include in ps7_cortexa9_0/libsrc/dmaps_v2_10/src"

TRACE::2025-03-03.10:55:23::SCWBDomain::make -C ps7_cortexa9_0/libsrc/dmaps_v2_10/src -s include  "SHELL=CMD" "COMPILER=arm-none-eabi-gcc" "ASSEMBLER=arm-none-eabi-as"
TRACE::2025-03-03.10:55:23::SCWBDomain:: "ARCHIVER=arm-none-eabi-ar" "COMPILER_FLAGS=  -O2 -c" "EXTRA_COMPILER_FLAGS=-mcpu=cortex-a9 -mfpu=vfpv3 -mfloat-abi=hard -nost
TRACE::2025-03-03.10:55:23::SCWBDomain::artfiles -g -Wall -Wextra -fno-tree-loop-distribute-patterns"

TRACE::2025-03-03.10:55:23::SCWBDomain::"Running Make include in ps7_cortexa9_0/libsrc/emacps_v3_20/src"

TRACE::2025-03-03.10:55:23::SCWBDomain::make -C ps7_cortexa9_0/libsrc/emacps_v3_20/src -s include  "SHELL=CMD" "COMPILER=arm-none-eabi-gcc" "ASSEMBLER=arm-none-eabi-as
TRACE::2025-03-03.10:55:23::SCWBDomain::" "ARCHIVER=arm-none-eabi-ar" "COMPILER_FLAGS=  -O2 -c" "EXTRA_COMPILER_FLAGS=-mcpu=cortex-a9 -mfpu=vfpv3 -mfloat-abi=hard -nos
TRACE::2025-03-03.10:55:23::SCWBDomain::tartfiles -g -Wall -Wextra -fno-tree-loop-distribute-patterns"

TRACE::2025-03-03.10:55:23::SCWBDomain::"Running Make include in ps7_cortexa9_0/libsrc/gpiops_v3_13/src"

TRACE::2025-03-03.10:55:23::SCWBDomain::make -C ps7_cortexa9_0/libsrc/gpiops_v3_13/src -s include  "SHELL=CMD" "COMPILER=arm-none-eabi-gcc" "ASSEMBLER=arm-none-eabi-as
TRACE::2025-03-03.10:55:23::SCWBDomain::" "ARCHIVER=arm-none-eabi-ar" "COMPILER_FLAGS=  -O2 -c" "EXTRA_COMPILER_FLAGS=-mcpu=cortex-a9 -mfpu=vfpv3 -mfloat-abi=hard -nos
TRACE::2025-03-03.10:55:23::SCWBDomain::tartfiles -g -Wall -Wextra -fno-tree-loop-distribute-patterns"

TRACE::2025-03-03.10:55:23::SCWBDomain::"Running Make include in ps7_cortexa9_0/libsrc/qspips_v3_12/src"

TRACE::2025-03-03.10:55:23::SCWBDomain::make -C ps7_cortexa9_0/libsrc/qspips_v3_12/src -s include  "SHELL=CMD" "COMPILER=arm-none-eabi-gcc" "ASSEMBLER=arm-none-eabi-as
TRACE::2025-03-03.10:55:23::SCWBDomain::" "ARCHIVER=arm-none-eabi-ar" "COMPILER_FLAGS=  -O2 -c" "EXTRA_COMPILER_FLAGS=-mcpu=cortex-a9 -mfpu=vfpv3 -mfloat-abi=hard -nos
TRACE::2025-03-03.10:55:23::SCWBDomain::tartfiles -g -Wall -Wextra -fno-tree-loop-distribute-patterns"

TRACE::2025-03-03.10:55:23::SCWBDomain::"Running Make include in ps7_cortexa9_0/libsrc/scugic_v5_3/src"

TRACE::2025-03-03.10:55:23::SCWBDomain::make -C ps7_cortexa9_0/libsrc/scugic_v5_3/src -s include  "SHELL=CMD" "COMPILER=arm-none-eabi-gcc" "ASSEMBLER=arm-none-eabi-as"
TRACE::2025-03-03.10:55:23::SCWBDomain:: "ARCHIVER=arm-none-eabi-ar" "COMPILER_FLAGS=  -O2 -c" "EXTRA_COMPILER_FLAGS=-mcpu=cortex-a9 -mfpu=vfpv3 -mfloat-abi=hard -nost
TRACE::2025-03-03.10:55:23::SCWBDomain::artfiles -g -Wall -Wextra -fno-tree-loop-distribute-patterns"

TRACE::2025-03-03.10:55:23::SCWBDomain::"Running Make include in ps7_cortexa9_0/libsrc/scutimer_v2_6/src"

TRACE::2025-03-03.10:55:23::SCWBDomain::make -C ps7_cortexa9_0/libsrc/scutimer_v2_6/src -s include  "SHELL=CMD" "COMPILER=arm-none-eabi-gcc" "ASSEMBLER=arm-none-eabi-a
TRACE::2025-03-03.10:55:23::SCWBDomain::s" "ARCHIVER=arm-none-eabi-ar" "COMPILER_FLAGS=  -O2 -c" "EXTRA_COMPILER_FLAGS=-mcpu=cortex-a9 -mfpu=vfpv3 -mfloat-abi=hard -no
TRACE::2025-03-03.10:55:23::SCWBDomain::startfiles -g -Wall -Wextra -fno-tree-loop-distribute-patterns"

TRACE::2025-03-03.10:55:23::SCWBDomain::"Running Make include in ps7_cortexa9_0/libsrc/scuwdt_v2_5/src"

TRACE::2025-03-03.10:55:23::SCWBDomain::make -C ps7_cortexa9_0/libsrc/scuwdt_v2_5/src -s include  "SHELL=CMD" "COMPILER=arm-none-eabi-gcc" "ASSEMBLER=arm-none-eabi-as"
TRACE::2025-03-03.10:55:23::SCWBDomain:: "ARCHIVER=arm-none-eabi-ar" "COMPILER_FLAGS=  -O2 -c" "EXTRA_COMPILER_FLAGS=-mcpu=cortex-a9 -mfpu=vfpv3 -mfloat-abi=hard -nost
TRACE::2025-03-03.10:55:23::SCWBDomain::artfiles -g -Wall -Wextra -fno-tree-loop-distribute-patterns"

TRACE::2025-03-03.10:55:23::SCWBDomain::"Running Make include in ps7_cortexa9_0/libsrc/sdps_v4_3/src"

TRACE::2025-03-03.10:55:23::SCWBDomain::make -C ps7_cortexa9_0/libsrc/sdps_v4_3/src -s include  "SHELL=CMD" "COMPILER=arm-none-eabi-gcc" "ASSEMBLER=arm-none-eabi-as" "
TRACE::2025-03-03.10:55:23::SCWBDomain::ARCHIVER=arm-none-eabi-ar" "COMPILER_FLAGS=  -O2 -c" "EXTRA_COMPILER_FLAGS=-mcpu=cortex-a9 -mfpu=vfpv3 -mfloat-abi=hard -nostar
TRACE::2025-03-03.10:55:23::SCWBDomain::tfiles -g -Wall -Wextra -fno-tree-loop-distribute-patterns"

TRACE::2025-03-03.10:55:23::SCWBDomain::"Running Make include in ps7_cortexa9_0/libsrc/standalone_v9_1/src"

TRACE::2025-03-03.10:55:23::SCWBDomain::make -C ps7_cortexa9_0/libsrc/standalone_v9_1/src -s include  "SHELL=CMD" "COMPILER=arm-none-eabi-gcc" "ASSEMBLER=arm-none-eabi
TRACE::2025-03-03.10:55:23::SCWBDomain::-as" "ARCHIVER=arm-none-eabi-ar" "COMPILER_FLAGS=  -O2 -c" "EXTRA_COMPILER_FLAGS=-mcpu=cortex-a9 -mfpu=vfpv3 -mfloat-abi=hard -
TRACE::2025-03-03.10:55:23::SCWBDomain::nostartfiles -g -Wall -Wextra -fno-tree-loop-distribute-patterns"

TRACE::2025-03-03.10:55:24::SCWBDomain::"Running Make include in ps7_cortexa9_0/libsrc/uartps_v3_14/src"

TRACE::2025-03-03.10:55:24::SCWBDomain::make -C ps7_cortexa9_0/libsrc/uartps_v3_14/src -s include  "SHELL=CMD" "COMPILER=arm-none-eabi-gcc" "ASSEMBLER=arm-none-eabi-as
TRACE::2025-03-03.10:55:24::SCWBDomain::" "ARCHIVER=arm-none-eabi-ar" "COMPILER_FLAGS=  -O2 -c" "EXTRA_COMPILER_FLAGS=-mcpu=cortex-a9 -mfpu=vfpv3 -mfloat-abi=hard -nos
TRACE::2025-03-03.10:55:24::SCWBDomain::tartfiles -g -Wall -Wextra -fno-tree-loop-distribute-patterns"

TRACE::2025-03-03.10:55:24::SCWBDomain::"Running Make include in ps7_cortexa9_0/libsrc/usbps_v2_9/src"

TRACE::2025-03-03.10:55:24::SCWBDomain::make -C ps7_cortexa9_0/libsrc/usbps_v2_9/src -s include  "SHELL=CMD" "COMPILER=arm-none-eabi-gcc" "ASSEMBLER=arm-none-eabi-as" 
TRACE::2025-03-03.10:55:24::SCWBDomain::"ARCHIVER=arm-none-eabi-ar" "COMPILER_FLAGS=  -O2 -c" "EXTRA_COMPILER_FLAGS=-mcpu=cortex-a9 -mfpu=vfpv3 -mfloat-abi=hard -nosta
TRACE::2025-03-03.10:55:24::SCWBDomain::rtfiles -g -Wall -Wextra -fno-tree-loop-distribute-patterns"

TRACE::2025-03-03.10:55:24::SCWBDomain::"Running Make include in ps7_cortexa9_0/libsrc/xadcps_v2_7/src"

TRACE::2025-03-03.10:55:24::SCWBDomain::make -C ps7_cortexa9_0/libsrc/xadcps_v2_7/src -s include  "SHELL=CMD" "COMPILER=arm-none-eabi-gcc" "ASSEMBLER=arm-none-eabi-as"
TRACE::2025-03-03.10:55:24::SCWBDomain:: "ARCHIVER=arm-none-eabi-ar" "COMPILER_FLAGS=  -O2 -c" "EXTRA_COMPILER_FLAGS=-mcpu=cortex-a9 -mfpu=vfpv3 -mfloat-abi=hard -nost
TRACE::2025-03-03.10:55:24::SCWBDomain::artfiles -g -Wall -Wextra -fno-tree-loop-distribute-patterns"

TRACE::2025-03-03.10:55:24::SCWBDomain::"Running Make include in ps7_cortexa9_0/libsrc/xilffs_v5_2/src"

TRACE::2025-03-03.10:55:24::SCWBDomain::make -C ps7_cortexa9_0/libsrc/xilffs_v5_2/src -s include  "SHELL=CMD" "COMPILER=arm-none-eabi-gcc" "ASSEMBLER=arm-none-eabi-as"
TRACE::2025-03-03.10:55:24::SCWBDomain:: "ARCHIVER=arm-none-eabi-ar" "COMPILER_FLAGS=  -O2 -c" "EXTRA_COMPILER_FLAGS=-mcpu=cortex-a9 -mfpu=vfpv3 -mfloat-abi=hard -nost
TRACE::2025-03-03.10:55:24::SCWBDomain::artfiles -g -Wall -Wextra -fno-tree-loop-distribute-patterns"

TRACE::2025-03-03.10:55:24::SCWBDomain::"Running Make include in ps7_cortexa9_0/libsrc/xilrsa_v1_8/src"

TRACE::2025-03-03.10:55:24::SCWBDomain::make -C ps7_cortexa9_0/libsrc/xilrsa_v1_8/src -s include  "SHELL=CMD" "COMPILER=arm-none-eabi-gcc" "ASSEMBLER=arm-none-eabi-as"
TRACE::2025-03-03.10:55:24::SCWBDomain:: "ARCHIVER=arm-none-eabi-ar" "COMPILER_FLAGS=  -O2 -c" "EXTRA_COMPILER_FLAGS=-mcpu=cortex-a9 -mfpu=vfpv3 -mfloat-abi=hard -nost
TRACE::2025-03-03.10:55:24::SCWBDomain::artfiles -g -Wall -Wextra -fno-tree-loop-distribute-patterns"

TRACE::2025-03-03.10:55:24::SCWBDomain::"Running Make libs in ps7_cortexa9_0/libsrc/Custom_AXI_IP_7segment_display_v1_0/src"

TRACE::2025-03-03.10:55:24::SCWBDomain::make -C ps7_cortexa9_0/libsrc/Custom_AXI_IP_7segment_display_v1_0/src -s libs  "SHELL=CMD" "COMPILER=arm-none-eabi-gcc" "ASSEMB
TRACE::2025-03-03.10:55:24::SCWBDomain::LER=arm-none-eabi-as" "ARCHIVER=arm-none-eabi-ar" "COMPILER_FLAGS=  -O2 -c" "EXTRA_COMPILER_FLAGS=-mcpu=cortex-a9 -mfpu=vfpv3 -
TRACE::2025-03-03.10:55:24::SCWBDomain::mfloat-abi=hard -nostartfiles -g -Wall -Wextra -fno-tree-loop-distribute-patterns"

TRACE::2025-03-03.10:55:24::SCWBDomain::"Compiling Custom_AXI_IP_7segment_display..."

TRACE::2025-03-03.10:55:24::SCWBDomain::make[1]: Leaving directory 'C:/PXL/devWorks/devWorks2/Custom_AXI_IP_7Segment/vitis/7Segment_display/zynq_fsbl/zynq_fsbl_bsp'

ERROR::2025-03-03.10:55:24::SCWBDomain::Failed to build the  zynq_fsbl application.
LOG::2025-03-03.10:55:24::SCWSystem::Checking the domain standalone_ps7_cortexa9_0
LOG::2025-03-03.10:55:24::SCWSystem::Not a boot domain 
LOG::2025-03-03.10:55:24::SCWSystem::Started Processing the domain standalone_ps7_cortexa9_0
TRACE::2025-03-03.10:55:24::SCWDomain::Generating domain artifcats
TRACE::2025-03-03.10:55:24::SCWMssOS::Generating standalone artifcats
TRACE::2025-03-03.10:55:24::SCWMssOS::Copying the qemu file from  C:/PXL/devWorks/devWorks2/Custom_AXI_IP_7Segment/vitis/7Segment_display/resources/7Segment_display/standalone_ps7_cortexa9_0/qemu_args.txt To C:/PXL/devWorks/devWorks2/Custom_AXI_IP_7Segment/vitis/7Segment_display/export/7Segment_display/sw/7Segment_display/qemu/
TRACE::2025-03-03.10:55:24::SCWMssOS::Copying the qemu file from  C:/PXL/devWorks/devWorks2/Custom_AXI_IP_7Segment/vitis/7Segment_display/resources/7Segment_display/standalone_ps7_cortexa9_0/qemu_args.txt To C:/PXL/devWorks/devWorks2/Custom_AXI_IP_7Segment/vitis/7Segment_display/export/7Segment_display/sw/7Segment_display/standalone_ps7_cortexa9_0/qemu/
TRACE::2025-03-03.10:55:24::SCWMssOS:: Copying the user libraries. 
TRACE::2025-03-03.10:55:24::SCWPlatform::Trying to open the hw design at C:/PXL/devWorks/devWorks2/Custom_AXI_IP_7Segment/vitis/7Segment_display/hw/7Segment_display.xsa
TRACE::2025-03-03.10:55:24::SCWPlatform::DSA given C:/PXL/devWorks/devWorks2/Custom_AXI_IP_7Segment/vitis/7Segment_display/hw/7Segment_display.xsa
TRACE::2025-03-03.10:55:24::SCWPlatform::DSA absoulate path C:/PXL/devWorks/devWorks2/Custom_AXI_IP_7Segment/vitis/7Segment_display/hw/7Segment_display.xsa
TRACE::2025-03-03.10:55:24::SCWPlatform::DSA directory C:/PXL/devWorks/devWorks2/Custom_AXI_IP_7Segment/vitis/7Segment_display/hw
TRACE::2025-03-03.10:55:24::SCWPlatform:: Platform Path C:/PXL/devWorks/devWorks2/Custom_AXI_IP_7Segment/vitis/7Segment_display/hw/7Segment_display.xsa
TRACE::2025-03-03.10:55:24::SCWPlatform:: Unique name xilinx:pynq-z2::0.0
TRACE::2025-03-03.10:55:24::SCWPlatform::Trying to set the existing hwdb with name design_1_wrapper_0
TRACE::2025-03-03.10:55:24::SCWPlatform::Opened existing hwdb design_1_wrapper_0
TRACE::2025-03-03.10:55:24::SCWPlatform::Found the Hw Db part of the input DSA
TRACE::2025-03-03.10:55:24::SCWMssOS::Checking the sw design at  C:/PXL/devWorks/devWorks2/Custom_AXI_IP_7Segment/vitis/7Segment_display/ps7_cortexa9_0/standalone_ps7_cortexa9_0/bsp/system.mss
TRACE::2025-03-03.10:55:24::SCWMssOS::DEBUG:  swdes dump  C:/PXL/devWorks/devWorks2/Custom_AXI_IP_7Segment/vitis/7Segment_display/ps7_cortexa9_0/standalone_ps7_cortexa9_0/bsp/system.mss|system_0||
C:/PXL/devWorks/devWorks2/Custom_AXI_IP_7Segment/vitis/7Segment_display/zynq_fsbl/zynq_fsbl_bsp/system.mss|system||

TRACE::2025-03-03.10:55:24::SCWMssOS::Sw design exists and opened at  C:/PXL/devWorks/devWorks2/Custom_AXI_IP_7Segment/vitis/7Segment_display/ps7_cortexa9_0/standalone_ps7_cortexa9_0/bsp/system.mss
TRACE::2025-03-03.10:55:24::SCWMssOS::Completed writing the mss file at C:/PXL/devWorks/devWorks2/Custom_AXI_IP_7Segment/vitis/7Segment_display/ps7_cortexa9_0/standalone_ps7_cortexa9_0/bsp
TRACE::2025-03-03.10:55:24::SCWMssOS::Mss edits present, copying mssfile into export location C:/PXL/devWorks/devWorks2/Custom_AXI_IP_7Segment/vitis/7Segment_display/ps7_cortexa9_0/standalone_ps7_cortexa9_0/bsp/system.mss
TRACE::2025-03-03.10:55:24::SCWMssOS::bsp generated is upto date with the mss file. Skipping bsp generation.
TRACE::2025-03-03.10:55:24::SCWMssOS::BSP is already built. skipping the bsp build ... 
TRACE::2025-03-03.10:55:24::SCWDomain::Building the domain as part of full build :  standalone_ps7_cortexa9_0
TRACE::2025-03-03.10:55:24::SCWMssOS::doing bsp build ... 
TRACE::2025-03-03.10:55:24::SCWMssOS::System Command Ran  C: & cd  C:/PXL/devWorks/devWorks2/Custom_AXI_IP_7Segment/vitis/7Segment_display/ps7_cortexa9_0/standalone_ps7_cortexa9_0/bsp & make 
TRACE::2025-03-03.10:55:24::SCWMssOS::make --no-print-directory seq_libs

TRACE::2025-03-03.10:55:24::SCWMssOS::"Running Make include in ps7_cortexa9_0/libsrc/coresightps_dcc_v1_10/src"

TRACE::2025-03-03.10:55:24::SCWMssOS::make -C ps7_cortexa9_0/libsrc/coresightps_dcc_v1_10/src -s include  "SHELL=CMD" "COMPILER=arm-none-eabi-gcc" "ASSEMBLER=arm-non
TRACE::2025-03-03.10:55:24::SCWMssOS::e-eabi-as" "ARCHIVER=arm-none-eabi-ar" "COMPILER_FLAGS=  -O2 -c" "EXTRA_COMPILER_FLAGS=-mcpu=cortex-a9 -mfpu=vfpv3 -mfloat-abi=
TRACE::2025-03-03.10:55:24::SCWMssOS::hard -nostartfiles -g -Wall -Wextra -fno-tree-loop-distribute-patterns"

TRACE::2025-03-03.10:55:24::SCWMssOS::"Running Make include in ps7_cortexa9_0/libsrc/cpu_cortexa9_v2_12/src"

TRACE::2025-03-03.10:55:24::SCWMssOS::make -C ps7_cortexa9_0/libsrc/cpu_cortexa9_v2_12/src -s include  "SHELL=CMD" "COMPILER=arm-none-eabi-gcc" "ASSEMBLER=arm-none-e
TRACE::2025-03-03.10:55:24::SCWMssOS::abi-as" "ARCHIVER=arm-none-eabi-ar" "COMPILER_FLAGS=  -O2 -c" "EXTRA_COMPILER_FLAGS=-mcpu=cortex-a9 -mfpu=vfpv3 -mfloat-abi=har
TRACE::2025-03-03.10:55:24::SCWMssOS::d -nostartfiles -g -Wall -Wextra -fno-tree-loop-distribute-patterns"

TRACE::2025-03-03.10:55:24::SCWMssOS::"Running Make include in ps7_cortexa9_0/libsrc/Custom_AXI_IP_7segment_display_v1_0/src"

TRACE::2025-03-03.10:55:24::SCWMssOS::make -C ps7_cortexa9_0/libsrc/Custom_AXI_IP_7segment_display_v1_0/src -s include  "SHELL=CMD" "COMPILER=arm-none-eabi-gcc" "ASS
TRACE::2025-03-03.10:55:24::SCWMssOS::EMBLER=arm-none-eabi-as" "ARCHIVER=arm-none-eabi-ar" "COMPILER_FLAGS=  -O2 -c" "EXTRA_COMPILER_FLAGS=-mcpu=cortex-a9 -mfpu=vfpv
TRACE::2025-03-03.10:55:24::SCWMssOS::3 -mfloat-abi=hard -nostartfiles -g -Wall -Wextra -fno-tree-loop-distribute-patterns"

TRACE::2025-03-03.10:55:24::SCWMssOS::"Running Make include in ps7_cortexa9_0/libsrc/ddrps_v1_2/src"

TRACE::2025-03-03.10:55:24::SCWMssOS::make -C ps7_cortexa9_0/libsrc/ddrps_v1_2/src -s include  "SHELL=CMD" "COMPILER=arm-none-eabi-gcc" "ASSEMBLER=arm-none-eabi-as" 
TRACE::2025-03-03.10:55:24::SCWMssOS::"ARCHIVER=arm-none-eabi-ar" "COMPILER_FLAGS=  -O2 -c" "EXTRA_COMPILER_FLAGS=-mcpu=cortex-a9 -mfpu=vfpv3 -mfloat-abi=hard -nosta
TRACE::2025-03-03.10:55:24::SCWMssOS::rtfiles -g -Wall -Wextra -fno-tree-loop-distribute-patterns"

TRACE::2025-03-03.10:55:24::SCWMssOS::"Running Make include in ps7_cortexa9_0/libsrc/devcfg_v3_8/src"

TRACE::2025-03-03.10:55:24::SCWMssOS::make -C ps7_cortexa9_0/libsrc/devcfg_v3_8/src -s include  "SHELL=CMD" "COMPILER=arm-none-eabi-gcc" "ASSEMBLER=arm-none-eabi-as"
TRACE::2025-03-03.10:55:24::SCWMssOS:: "ARCHIVER=arm-none-eabi-ar" "COMPILER_FLAGS=  -O2 -c" "EXTRA_COMPILER_FLAGS=-mcpu=cortex-a9 -mfpu=vfpv3 -mfloat-abi=hard -nost
TRACE::2025-03-03.10:55:24::SCWMssOS::artfiles -g -Wall -Wextra -fno-tree-loop-distribute-patterns"

TRACE::2025-03-03.10:55:24::SCWMssOS::"Running Make include in ps7_cortexa9_0/libsrc/dmaps_v2_10/src"

TRACE::2025-03-03.10:55:24::SCWMssOS::make -C ps7_cortexa9_0/libsrc/dmaps_v2_10/src -s include  "SHELL=CMD" "COMPILER=arm-none-eabi-gcc" "ASSEMBLER=arm-none-eabi-as"
TRACE::2025-03-03.10:55:24::SCWMssOS:: "ARCHIVER=arm-none-eabi-ar" "COMPILER_FLAGS=  -O2 -c" "EXTRA_COMPILER_FLAGS=-mcpu=cortex-a9 -mfpu=vfpv3 -mfloat-abi=hard -nost
TRACE::2025-03-03.10:55:24::SCWMssOS::artfiles -g -Wall -Wextra -fno-tree-loop-distribute-patterns"

TRACE::2025-03-03.10:55:25::SCWMssOS::"Running Make include in ps7_cortexa9_0/libsrc/emacps_v3_20/src"

TRACE::2025-03-03.10:55:25::SCWMssOS::make -C ps7_cortexa9_0/libsrc/emacps_v3_20/src -s include  "SHELL=CMD" "COMPILER=arm-none-eabi-gcc" "ASSEMBLER=arm-none-eabi-as
TRACE::2025-03-03.10:55:25::SCWMssOS::" "ARCHIVER=arm-none-eabi-ar" "COMPILER_FLAGS=  -O2 -c" "EXTRA_COMPILER_FLAGS=-mcpu=cortex-a9 -mfpu=vfpv3 -mfloat-abi=hard -nos
TRACE::2025-03-03.10:55:25::SCWMssOS::tartfiles -g -Wall -Wextra -fno-tree-loop-distribute-patterns"

TRACE::2025-03-03.10:55:25::SCWMssOS::"Running Make include in ps7_cortexa9_0/libsrc/gpiops_v3_13/src"

TRACE::2025-03-03.10:55:25::SCWMssOS::make -C ps7_cortexa9_0/libsrc/gpiops_v3_13/src -s include  "SHELL=CMD" "COMPILER=arm-none-eabi-gcc" "ASSEMBLER=arm-none-eabi-as
TRACE::2025-03-03.10:55:25::SCWMssOS::" "ARCHIVER=arm-none-eabi-ar" "COMPILER_FLAGS=  -O2 -c" "EXTRA_COMPILER_FLAGS=-mcpu=cortex-a9 -mfpu=vfpv3 -mfloat-abi=hard -nos
TRACE::2025-03-03.10:55:25::SCWMssOS::tartfiles -g -Wall -Wextra -fno-tree-loop-distribute-patterns"

TRACE::2025-03-03.10:55:25::SCWMssOS::"Running Make include in ps7_cortexa9_0/libsrc/qspips_v3_12/src"

TRACE::2025-03-03.10:55:25::SCWMssOS::make -C ps7_cortexa9_0/libsrc/qspips_v3_12/src -s include  "SHELL=CMD" "COMPILER=arm-none-eabi-gcc" "ASSEMBLER=arm-none-eabi-as
TRACE::2025-03-03.10:55:25::SCWMssOS::" "ARCHIVER=arm-none-eabi-ar" "COMPILER_FLAGS=  -O2 -c" "EXTRA_COMPILER_FLAGS=-mcpu=cortex-a9 -mfpu=vfpv3 -mfloat-abi=hard -nos
TRACE::2025-03-03.10:55:25::SCWMssOS::tartfiles -g -Wall -Wextra -fno-tree-loop-distribute-patterns"

TRACE::2025-03-03.10:55:25::SCWMssOS::"Running Make include in ps7_cortexa9_0/libsrc/scugic_v5_3/src"

TRACE::2025-03-03.10:55:25::SCWMssOS::make -C ps7_cortexa9_0/libsrc/scugic_v5_3/src -s include  "SHELL=CMD" "COMPILER=arm-none-eabi-gcc" "ASSEMBLER=arm-none-eabi-as"
TRACE::2025-03-03.10:55:25::SCWMssOS:: "ARCHIVER=arm-none-eabi-ar" "COMPILER_FLAGS=  -O2 -c" "EXTRA_COMPILER_FLAGS=-mcpu=cortex-a9 -mfpu=vfpv3 -mfloat-abi=hard -nost
TRACE::2025-03-03.10:55:25::SCWMssOS::artfiles -g -Wall -Wextra -fno-tree-loop-distribute-patterns"

TRACE::2025-03-03.10:55:25::SCWMssOS::"Running Make include in ps7_cortexa9_0/libsrc/scutimer_v2_6/src"

TRACE::2025-03-03.10:55:25::SCWMssOS::make -C ps7_cortexa9_0/libsrc/scutimer_v2_6/src -s include  "SHELL=CMD" "COMPILER=arm-none-eabi-gcc" "ASSEMBLER=arm-none-eabi-a
TRACE::2025-03-03.10:55:25::SCWMssOS::s" "ARCHIVER=arm-none-eabi-ar" "COMPILER_FLAGS=  -O2 -c" "EXTRA_COMPILER_FLAGS=-mcpu=cortex-a9 -mfpu=vfpv3 -mfloat-abi=hard -no
TRACE::2025-03-03.10:55:25::SCWMssOS::startfiles -g -Wall -Wextra -fno-tree-loop-distribute-patterns"

TRACE::2025-03-03.10:55:25::SCWMssOS::"Running Make include in ps7_cortexa9_0/libsrc/scuwdt_v2_5/src"

TRACE::2025-03-03.10:55:25::SCWMssOS::make -C ps7_cortexa9_0/libsrc/scuwdt_v2_5/src -s include  "SHELL=CMD" "COMPILER=arm-none-eabi-gcc" "ASSEMBLER=arm-none-eabi-as"
TRACE::2025-03-03.10:55:25::SCWMssOS:: "ARCHIVER=arm-none-eabi-ar" "COMPILER_FLAGS=  -O2 -c" "EXTRA_COMPILER_FLAGS=-mcpu=cortex-a9 -mfpu=vfpv3 -mfloat-abi=hard -nost
TRACE::2025-03-03.10:55:25::SCWMssOS::artfiles -g -Wall -Wextra -fno-tree-loop-distribute-patterns"

TRACE::2025-03-03.10:55:25::SCWMssOS::"Running Make include in ps7_cortexa9_0/libsrc/sdps_v4_3/src"

TRACE::2025-03-03.10:55:25::SCWMssOS::make -C ps7_cortexa9_0/libsrc/sdps_v4_3/src -s include  "SHELL=CMD" "COMPILER=arm-none-eabi-gcc" "ASSEMBLER=arm-none-eabi-as" "
TRACE::2025-03-03.10:55:25::SCWMssOS::ARCHIVER=arm-none-eabi-ar" "COMPILER_FLAGS=  -O2 -c" "EXTRA_COMPILER_FLAGS=-mcpu=cortex-a9 -mfpu=vfpv3 -mfloat-abi=hard -nostar
TRACE::2025-03-03.10:55:25::SCWMssOS::tfiles -g -Wall -Wextra -fno-tree-loop-distribute-patterns"

TRACE::2025-03-03.10:55:25::SCWMssOS::"Running Make include in ps7_cortexa9_0/libsrc/standalone_v9_1/src"

TRACE::2025-03-03.10:55:25::SCWMssOS::make -C ps7_cortexa9_0/libsrc/standalone_v9_1/src -s include  "SHELL=CMD" "COMPILER=arm-none-eabi-gcc" "ASSEMBLER=arm-none-eabi
TRACE::2025-03-03.10:55:25::SCWMssOS::-as" "ARCHIVER=arm-none-eabi-ar" "COMPILER_FLAGS=  -O2 -c" "EXTRA_COMPILER_FLAGS=-mcpu=cortex-a9 -mfpu=vfpv3 -mfloat-abi=hard -
TRACE::2025-03-03.10:55:25::SCWMssOS::nostartfiles -g -Wall -Wextra -fno-tree-loop-distribute-patterns"

TRACE::2025-03-03.10:55:26::SCWMssOS::"Running Make include in ps7_cortexa9_0/libsrc/uartps_v3_14/src"

TRACE::2025-03-03.10:55:26::SCWMssOS::make -C ps7_cortexa9_0/libsrc/uartps_v3_14/src -s include  "SHELL=CMD" "COMPILER=arm-none-eabi-gcc" "ASSEMBLER=arm-none-eabi-as
TRACE::2025-03-03.10:55:26::SCWMssOS::" "ARCHIVER=arm-none-eabi-ar" "COMPILER_FLAGS=  -O2 -c" "EXTRA_COMPILER_FLAGS=-mcpu=cortex-a9 -mfpu=vfpv3 -mfloat-abi=hard -nos
TRACE::2025-03-03.10:55:26::SCWMssOS::tartfiles -g -Wall -Wextra -fno-tree-loop-distribute-patterns"

TRACE::2025-03-03.10:55:26::SCWMssOS::"Running Make include in ps7_cortexa9_0/libsrc/usbps_v2_9/src"

TRACE::2025-03-03.10:55:26::SCWMssOS::make -C ps7_cortexa9_0/libsrc/usbps_v2_9/src -s include  "SHELL=CMD" "COMPILER=arm-none-eabi-gcc" "ASSEMBLER=arm-none-eabi-as" 
TRACE::2025-03-03.10:55:26::SCWMssOS::"ARCHIVER=arm-none-eabi-ar" "COMPILER_FLAGS=  -O2 -c" "EXTRA_COMPILER_FLAGS=-mcpu=cortex-a9 -mfpu=vfpv3 -mfloat-abi=hard -nosta
TRACE::2025-03-03.10:55:26::SCWMssOS::rtfiles -g -Wall -Wextra -fno-tree-loop-distribute-patterns"

TRACE::2025-03-03.10:55:27::SCWMssOS::"Running Make include in ps7_cortexa9_0/libsrc/xadcps_v2_7/src"

TRACE::2025-03-03.10:55:27::SCWMssOS::make -C ps7_cortexa9_0/libsrc/xadcps_v2_7/src -s include  "SHELL=CMD" "COMPILER=arm-none-eabi-gcc" "ASSEMBLER=arm-none-eabi-as"
TRACE::2025-03-03.10:55:27::SCWMssOS:: "ARCHIVER=arm-none-eabi-ar" "COMPILER_FLAGS=  -O2 -c" "EXTRA_COMPILER_FLAGS=-mcpu=cortex-a9 -mfpu=vfpv3 -mfloat-abi=hard -nost
TRACE::2025-03-03.10:55:27::SCWMssOS::artfiles -g -Wall -Wextra -fno-tree-loop-distribute-patterns"

TRACE::2025-03-03.10:55:27::SCWMssOS::"Running Make libs in ps7_cortexa9_0/libsrc/Custom_AXI_IP_7segment_display_v1_0/src"

TRACE::2025-03-03.10:55:27::SCWMssOS::make -C ps7_cortexa9_0/libsrc/Custom_AXI_IP_7segment_display_v1_0/src -s libs  "SHELL=CMD" "COMPILER=arm-none-eabi-gcc" "ASSEMB
TRACE::2025-03-03.10:55:27::SCWMssOS::LER=arm-none-eabi-as" "ARCHIVER=arm-none-eabi-ar" "COMPILER_FLAGS=  -O2 -c" "EXTRA_COMPILER_FLAGS=-mcpu=cortex-a9 -mfpu=vfpv3 -
TRACE::2025-03-03.10:55:27::SCWMssOS::mfloat-abi=hard -nostartfiles -g -Wall -Wextra -fno-tree-loop-distribute-patterns"

TRACE::2025-03-03.10:55:27::SCWMssOS::"Compiling Custom_AXI_IP_7segment_display..."

ERROR::2025-03-03.10:55:27::SCWMssOS::Failed to build  the bsp sources for domain - standalone_ps7_cortexa9_0
ERROR::2025-03-03.10:55:27::SCWSystem::Error in Processing the domain standalone_ps7_cortexa9_0
LOG::2025-03-03.10:55:43::SCWPlatform::Started generating the artifacts platform 7Segment_display
TRACE::2025-03-03.10:55:43::SCWPlatform::Sanity checking of platform is completed
LOG::2025-03-03.10:55:43::SCWPlatform::Started generating the artifacts for system configuration 7Segment_display
LOG::2025-03-03.10:55:43::SCWSystem::Checking the domain zynq_fsbl
LOG::2025-03-03.10:55:43::SCWSystem::Doing application build for :  zynq_fsbl
TRACE::2025-03-03.10:55:43::SCWBDomain::Not a forced makefile updation, No changes are present. 
TRACE::2025-03-03.10:55:43::SCWDomain::Building the domain as part of full build :  zynq_fsbl
TRACE::2025-03-03.10:55:43::SCWPlatform::Trying to open the hw design at C:/PXL/devWorks/devWorks2/Custom_AXI_IP_7Segment/vitis/7Segment_display/hw/7Segment_display.xsa
TRACE::2025-03-03.10:55:43::SCWPlatform::DSA given C:/PXL/devWorks/devWorks2/Custom_AXI_IP_7Segment/vitis/7Segment_display/hw/7Segment_display.xsa
TRACE::2025-03-03.10:55:43::SCWPlatform::DSA absoulate path C:/PXL/devWorks/devWorks2/Custom_AXI_IP_7Segment/vitis/7Segment_display/hw/7Segment_display.xsa
TRACE::2025-03-03.10:55:43::SCWPlatform::DSA directory C:/PXL/devWorks/devWorks2/Custom_AXI_IP_7Segment/vitis/7Segment_display/hw
TRACE::2025-03-03.10:55:43::SCWPlatform:: Platform Path C:/PXL/devWorks/devWorks2/Custom_AXI_IP_7Segment/vitis/7Segment_display/hw/7Segment_display.xsa
TRACE::2025-03-03.10:55:43::SCWPlatform:: Unique name xilinx:pynq-z2::0.0
TRACE::2025-03-03.10:55:43::SCWPlatform::Trying to set the existing hwdb with name design_1_wrapper_0
TRACE::2025-03-03.10:55:43::SCWPlatform::Opened existing hwdb design_1_wrapper_0
TRACE::2025-03-03.10:55:43::SCWPlatform::Found the Hw Db part of the input DSA
TRACE::2025-03-03.10:55:43::SCWMssOS::Checking the sw design at  C:/PXL/devWorks/devWorks2/Custom_AXI_IP_7Segment/vitis/7Segment_display/zynq_fsbl/zynq_fsbl_bsp/system.mss
TRACE::2025-03-03.10:55:43::SCWMssOS::DEBUG:  swdes dump  C:/PXL/devWorks/devWorks2/Custom_AXI_IP_7Segment/vitis/7Segment_display/ps7_cortexa9_0/standalone_ps7_cortexa9_0/bsp/system.mss|system_0||
C:/PXL/devWorks/devWorks2/Custom_AXI_IP_7Segment/vitis/7Segment_display/zynq_fsbl/zynq_fsbl_bsp/system.mss|system||

TRACE::2025-03-03.10:55:43::SCWMssOS::Sw design exists and opened at  C:/PXL/devWorks/devWorks2/Custom_AXI_IP_7Segment/vitis/7Segment_display/zynq_fsbl/zynq_fsbl_bsp/system.mss
TRACE::2025-03-03.10:55:43::SCWBDomain::Completed writing the mss file at C:/PXL/devWorks/devWorks2/Custom_AXI_IP_7Segment/vitis/7Segment_display/zynq_fsbl/zynq_fsbl_bsp
TRACE::2025-03-03.10:55:43::SCWBDomain::bsp generated is upto date with the mss file. Skipping bsp generation.
TRACE::2025-03-03.10:55:43::SCWBDomain::Not a forced makefile updation, No changes are present. 
TRACE::2025-03-03.10:55:43::SCWBDomain::System Command Ran  C:&  cd  C:/PXL/devWorks/devWorks2/Custom_AXI_IP_7Segment/vitis/7Segment_display/zynq_fsbl& make -C  zynq_fsbl_bsp & make 
TRACE::2025-03-03.10:55:43::SCWBDomain::make: Entering directory 'C:/PXL/devWorks/devWorks2/Custom_AXI_IP_7Segment/vitis/7Segment_display/zynq_fsbl/zynq_fsbl_bsp'

TRACE::2025-03-03.10:55:43::SCWBDomain::make --no-print-directory seq_libs

TRACE::2025-03-03.10:55:43::SCWBDomain::"Running Make include in ps7_cortexa9_0/libsrc/coresightps_dcc_v1_10/src"

TRACE::2025-03-03.10:55:43::SCWBDomain::make -C ps7_cortexa9_0/libsrc/coresightps_dcc_v1_10/src -s include  "SHELL=CMD" "COMPILER=arm-none-eabi-gcc" "ASSEMBLER=arm-non
TRACE::2025-03-03.10:55:43::SCWBDomain::e-eabi-as" "ARCHIVER=arm-none-eabi-ar" "COMPILER_FLAGS=  -O2 -c" "EXTRA_COMPILER_FLAGS=-mcpu=cortex-a9 -mfpu=vfpv3 -mfloat-abi=
TRACE::2025-03-03.10:55:43::SCWBDomain::hard -nostartfiles -g -Wall -Wextra -fno-tree-loop-distribute-patterns"

TRACE::2025-03-03.10:55:43::SCWBDomain::"Running Make include in ps7_cortexa9_0/libsrc/cpu_cortexa9_v2_12/src"

TRACE::2025-03-03.10:55:43::SCWBDomain::make -C ps7_cortexa9_0/libsrc/cpu_cortexa9_v2_12/src -s include  "SHELL=CMD" "COMPILER=arm-none-eabi-gcc" "ASSEMBLER=arm-none-e
TRACE::2025-03-03.10:55:43::SCWBDomain::abi-as" "ARCHIVER=arm-none-eabi-ar" "COMPILER_FLAGS=  -O2 -c" "EXTRA_COMPILER_FLAGS=-mcpu=cortex-a9 -mfpu=vfpv3 -mfloat-abi=har
TRACE::2025-03-03.10:55:43::SCWBDomain::d -nostartfiles -g -Wall -Wextra -fno-tree-loop-distribute-patterns"

TRACE::2025-03-03.10:55:43::SCWBDomain::"Running Make include in ps7_cortexa9_0/libsrc/Custom_AXI_IP_7segment_display_v1_0/src"

TRACE::2025-03-03.10:55:43::SCWBDomain::make -C ps7_cortexa9_0/libsrc/Custom_AXI_IP_7segment_display_v1_0/src -s include  "SHELL=CMD" "COMPILER=arm-none-eabi-gcc" "ASS
TRACE::2025-03-03.10:55:43::SCWBDomain::EMBLER=arm-none-eabi-as" "ARCHIVER=arm-none-eabi-ar" "COMPILER_FLAGS=  -O2 -c" "EXTRA_COMPILER_FLAGS=-mcpu=cortex-a9 -mfpu=vfpv
TRACE::2025-03-03.10:55:43::SCWBDomain::3 -mfloat-abi=hard -nostartfiles -g -Wall -Wextra -fno-tree-loop-distribute-patterns"

TRACE::2025-03-03.10:55:43::SCWBDomain::"Running Make include in ps7_cortexa9_0/libsrc/ddrps_v1_2/src"

TRACE::2025-03-03.10:55:43::SCWBDomain::make -C ps7_cortexa9_0/libsrc/ddrps_v1_2/src -s include  "SHELL=CMD" "COMPILER=arm-none-eabi-gcc" "ASSEMBLER=arm-none-eabi-as" 
TRACE::2025-03-03.10:55:43::SCWBDomain::"ARCHIVER=arm-none-eabi-ar" "COMPILER_FLAGS=  -O2 -c" "EXTRA_COMPILER_FLAGS=-mcpu=cortex-a9 -mfpu=vfpv3 -mfloat-abi=hard -nosta
TRACE::2025-03-03.10:55:43::SCWBDomain::rtfiles -g -Wall -Wextra -fno-tree-loop-distribute-patterns"

TRACE::2025-03-03.10:55:43::SCWBDomain::"Running Make include in ps7_cortexa9_0/libsrc/devcfg_v3_8/src"

TRACE::2025-03-03.10:55:43::SCWBDomain::make -C ps7_cortexa9_0/libsrc/devcfg_v3_8/src -s include  "SHELL=CMD" "COMPILER=arm-none-eabi-gcc" "ASSEMBLER=arm-none-eabi-as"
TRACE::2025-03-03.10:55:43::SCWBDomain:: "ARCHIVER=arm-none-eabi-ar" "COMPILER_FLAGS=  -O2 -c" "EXTRA_COMPILER_FLAGS=-mcpu=cortex-a9 -mfpu=vfpv3 -mfloat-abi=hard -nost
TRACE::2025-03-03.10:55:43::SCWBDomain::artfiles -g -Wall -Wextra -fno-tree-loop-distribute-patterns"

TRACE::2025-03-03.10:55:43::SCWBDomain::"Running Make include in ps7_cortexa9_0/libsrc/dmaps_v2_10/src"

TRACE::2025-03-03.10:55:43::SCWBDomain::make -C ps7_cortexa9_0/libsrc/dmaps_v2_10/src -s include  "SHELL=CMD" "COMPILER=arm-none-eabi-gcc" "ASSEMBLER=arm-none-eabi-as"
TRACE::2025-03-03.10:55:43::SCWBDomain:: "ARCHIVER=arm-none-eabi-ar" "COMPILER_FLAGS=  -O2 -c" "EXTRA_COMPILER_FLAGS=-mcpu=cortex-a9 -mfpu=vfpv3 -mfloat-abi=hard -nost
TRACE::2025-03-03.10:55:43::SCWBDomain::artfiles -g -Wall -Wextra -fno-tree-loop-distribute-patterns"

TRACE::2025-03-03.10:55:43::SCWBDomain::"Running Make include in ps7_cortexa9_0/libsrc/emacps_v3_20/src"

TRACE::2025-03-03.10:55:43::SCWBDomain::make -C ps7_cortexa9_0/libsrc/emacps_v3_20/src -s include  "SHELL=CMD" "COMPILER=arm-none-eabi-gcc" "ASSEMBLER=arm-none-eabi-as
TRACE::2025-03-03.10:55:43::SCWBDomain::" "ARCHIVER=arm-none-eabi-ar" "COMPILER_FLAGS=  -O2 -c" "EXTRA_COMPILER_FLAGS=-mcpu=cortex-a9 -mfpu=vfpv3 -mfloat-abi=hard -nos
TRACE::2025-03-03.10:55:43::SCWBDomain::tartfiles -g -Wall -Wextra -fno-tree-loop-distribute-patterns"

TRACE::2025-03-03.10:55:43::SCWBDomain::"Running Make include in ps7_cortexa9_0/libsrc/gpiops_v3_13/src"

TRACE::2025-03-03.10:55:43::SCWBDomain::make -C ps7_cortexa9_0/libsrc/gpiops_v3_13/src -s include  "SHELL=CMD" "COMPILER=arm-none-eabi-gcc" "ASSEMBLER=arm-none-eabi-as
TRACE::2025-03-03.10:55:43::SCWBDomain::" "ARCHIVER=arm-none-eabi-ar" "COMPILER_FLAGS=  -O2 -c" "EXTRA_COMPILER_FLAGS=-mcpu=cortex-a9 -mfpu=vfpv3 -mfloat-abi=hard -nos
TRACE::2025-03-03.10:55:43::SCWBDomain::tartfiles -g -Wall -Wextra -fno-tree-loop-distribute-patterns"

TRACE::2025-03-03.10:55:43::SCWBDomain::"Running Make include in ps7_cortexa9_0/libsrc/qspips_v3_12/src"

TRACE::2025-03-03.10:55:43::SCWBDomain::make -C ps7_cortexa9_0/libsrc/qspips_v3_12/src -s include  "SHELL=CMD" "COMPILER=arm-none-eabi-gcc" "ASSEMBLER=arm-none-eabi-as
TRACE::2025-03-03.10:55:43::SCWBDomain::" "ARCHIVER=arm-none-eabi-ar" "COMPILER_FLAGS=  -O2 -c" "EXTRA_COMPILER_FLAGS=-mcpu=cortex-a9 -mfpu=vfpv3 -mfloat-abi=hard -nos
TRACE::2025-03-03.10:55:43::SCWBDomain::tartfiles -g -Wall -Wextra -fno-tree-loop-distribute-patterns"

TRACE::2025-03-03.10:55:43::SCWBDomain::"Running Make include in ps7_cortexa9_0/libsrc/scugic_v5_3/src"

TRACE::2025-03-03.10:55:43::SCWBDomain::make -C ps7_cortexa9_0/libsrc/scugic_v5_3/src -s include  "SHELL=CMD" "COMPILER=arm-none-eabi-gcc" "ASSEMBLER=arm-none-eabi-as"
TRACE::2025-03-03.10:55:43::SCWBDomain:: "ARCHIVER=arm-none-eabi-ar" "COMPILER_FLAGS=  -O2 -c" "EXTRA_COMPILER_FLAGS=-mcpu=cortex-a9 -mfpu=vfpv3 -mfloat-abi=hard -nost
TRACE::2025-03-03.10:55:43::SCWBDomain::artfiles -g -Wall -Wextra -fno-tree-loop-distribute-patterns"

TRACE::2025-03-03.10:55:43::SCWBDomain::"Running Make include in ps7_cortexa9_0/libsrc/scutimer_v2_6/src"

TRACE::2025-03-03.10:55:43::SCWBDomain::make -C ps7_cortexa9_0/libsrc/scutimer_v2_6/src -s include  "SHELL=CMD" "COMPILER=arm-none-eabi-gcc" "ASSEMBLER=arm-none-eabi-a
TRACE::2025-03-03.10:55:43::SCWBDomain::s" "ARCHIVER=arm-none-eabi-ar" "COMPILER_FLAGS=  -O2 -c" "EXTRA_COMPILER_FLAGS=-mcpu=cortex-a9 -mfpu=vfpv3 -mfloat-abi=hard -no
TRACE::2025-03-03.10:55:43::SCWBDomain::startfiles -g -Wall -Wextra -fno-tree-loop-distribute-patterns"

TRACE::2025-03-03.10:55:43::SCWBDomain::"Running Make include in ps7_cortexa9_0/libsrc/scuwdt_v2_5/src"

TRACE::2025-03-03.10:55:43::SCWBDomain::make -C ps7_cortexa9_0/libsrc/scuwdt_v2_5/src -s include  "SHELL=CMD" "COMPILER=arm-none-eabi-gcc" "ASSEMBLER=arm-none-eabi-as"
TRACE::2025-03-03.10:55:43::SCWBDomain:: "ARCHIVER=arm-none-eabi-ar" "COMPILER_FLAGS=  -O2 -c" "EXTRA_COMPILER_FLAGS=-mcpu=cortex-a9 -mfpu=vfpv3 -mfloat-abi=hard -nost
TRACE::2025-03-03.10:55:43::SCWBDomain::artfiles -g -Wall -Wextra -fno-tree-loop-distribute-patterns"

TRACE::2025-03-03.10:55:43::SCWBDomain::"Running Make include in ps7_cortexa9_0/libsrc/sdps_v4_3/src"

TRACE::2025-03-03.10:55:43::SCWBDomain::make -C ps7_cortexa9_0/libsrc/sdps_v4_3/src -s include  "SHELL=CMD" "COMPILER=arm-none-eabi-gcc" "ASSEMBLER=arm-none-eabi-as" "
TRACE::2025-03-03.10:55:43::SCWBDomain::ARCHIVER=arm-none-eabi-ar" "COMPILER_FLAGS=  -O2 -c" "EXTRA_COMPILER_FLAGS=-mcpu=cortex-a9 -mfpu=vfpv3 -mfloat-abi=hard -nostar
TRACE::2025-03-03.10:55:43::SCWBDomain::tfiles -g -Wall -Wextra -fno-tree-loop-distribute-patterns"

TRACE::2025-03-03.10:55:43::SCWBDomain::"Running Make include in ps7_cortexa9_0/libsrc/standalone_v9_1/src"

TRACE::2025-03-03.10:55:43::SCWBDomain::make -C ps7_cortexa9_0/libsrc/standalone_v9_1/src -s include  "SHELL=CMD" "COMPILER=arm-none-eabi-gcc" "ASSEMBLER=arm-none-eabi
TRACE::2025-03-03.10:55:43::SCWBDomain::-as" "ARCHIVER=arm-none-eabi-ar" "COMPILER_FLAGS=  -O2 -c" "EXTRA_COMPILER_FLAGS=-mcpu=cortex-a9 -mfpu=vfpv3 -mfloat-abi=hard -
TRACE::2025-03-03.10:55:43::SCWBDomain::nostartfiles -g -Wall -Wextra -fno-tree-loop-distribute-patterns"

TRACE::2025-03-03.10:55:44::SCWBDomain::"Running Make include in ps7_cortexa9_0/libsrc/uartps_v3_14/src"

TRACE::2025-03-03.10:55:44::SCWBDomain::make -C ps7_cortexa9_0/libsrc/uartps_v3_14/src -s include  "SHELL=CMD" "COMPILER=arm-none-eabi-gcc" "ASSEMBLER=arm-none-eabi-as
TRACE::2025-03-03.10:55:44::SCWBDomain::" "ARCHIVER=arm-none-eabi-ar" "COMPILER_FLAGS=  -O2 -c" "EXTRA_COMPILER_FLAGS=-mcpu=cortex-a9 -mfpu=vfpv3 -mfloat-abi=hard -nos
TRACE::2025-03-03.10:55:44::SCWBDomain::tartfiles -g -Wall -Wextra -fno-tree-loop-distribute-patterns"

TRACE::2025-03-03.10:55:44::SCWBDomain::"Running Make include in ps7_cortexa9_0/libsrc/usbps_v2_9/src"

TRACE::2025-03-03.10:55:44::SCWBDomain::make -C ps7_cortexa9_0/libsrc/usbps_v2_9/src -s include  "SHELL=CMD" "COMPILER=arm-none-eabi-gcc" "ASSEMBLER=arm-none-eabi-as" 
TRACE::2025-03-03.10:55:44::SCWBDomain::"ARCHIVER=arm-none-eabi-ar" "COMPILER_FLAGS=  -O2 -c" "EXTRA_COMPILER_FLAGS=-mcpu=cortex-a9 -mfpu=vfpv3 -mfloat-abi=hard -nosta
TRACE::2025-03-03.10:55:44::SCWBDomain::rtfiles -g -Wall -Wextra -fno-tree-loop-distribute-patterns"

TRACE::2025-03-03.10:55:44::SCWBDomain::"Running Make include in ps7_cortexa9_0/libsrc/xadcps_v2_7/src"

TRACE::2025-03-03.10:55:44::SCWBDomain::make -C ps7_cortexa9_0/libsrc/xadcps_v2_7/src -s include  "SHELL=CMD" "COMPILER=arm-none-eabi-gcc" "ASSEMBLER=arm-none-eabi-as"
TRACE::2025-03-03.10:55:44::SCWBDomain:: "ARCHIVER=arm-none-eabi-ar" "COMPILER_FLAGS=  -O2 -c" "EXTRA_COMPILER_FLAGS=-mcpu=cortex-a9 -mfpu=vfpv3 -mfloat-abi=hard -nost
TRACE::2025-03-03.10:55:44::SCWBDomain::artfiles -g -Wall -Wextra -fno-tree-loop-distribute-patterns"

TRACE::2025-03-03.10:55:44::SCWBDomain::"Running Make include in ps7_cortexa9_0/libsrc/xilffs_v5_2/src"

TRACE::2025-03-03.10:55:44::SCWBDomain::make -C ps7_cortexa9_0/libsrc/xilffs_v5_2/src -s include  "SHELL=CMD" "COMPILER=arm-none-eabi-gcc" "ASSEMBLER=arm-none-eabi-as"
TRACE::2025-03-03.10:55:44::SCWBDomain:: "ARCHIVER=arm-none-eabi-ar" "COMPILER_FLAGS=  -O2 -c" "EXTRA_COMPILER_FLAGS=-mcpu=cortex-a9 -mfpu=vfpv3 -mfloat-abi=hard -nost
TRACE::2025-03-03.10:55:44::SCWBDomain::artfiles -g -Wall -Wextra -fno-tree-loop-distribute-patterns"

TRACE::2025-03-03.10:55:44::SCWBDomain::"Running Make include in ps7_cortexa9_0/libsrc/xilrsa_v1_8/src"

TRACE::2025-03-03.10:55:44::SCWBDomain::make -C ps7_cortexa9_0/libsrc/xilrsa_v1_8/src -s include  "SHELL=CMD" "COMPILER=arm-none-eabi-gcc" "ASSEMBLER=arm-none-eabi-as"
TRACE::2025-03-03.10:55:44::SCWBDomain:: "ARCHIVER=arm-none-eabi-ar" "COMPILER_FLAGS=  -O2 -c" "EXTRA_COMPILER_FLAGS=-mcpu=cortex-a9 -mfpu=vfpv3 -mfloat-abi=hard -nost
TRACE::2025-03-03.10:55:44::SCWBDomain::artfiles -g -Wall -Wextra -fno-tree-loop-distribute-patterns"

TRACE::2025-03-03.10:55:44::SCWBDomain::"Running Make libs in ps7_cortexa9_0/libsrc/Custom_AXI_IP_7segment_display_v1_0/src"

TRACE::2025-03-03.10:55:44::SCWBDomain::make -C ps7_cortexa9_0/libsrc/Custom_AXI_IP_7segment_display_v1_0/src -s libs  "SHELL=CMD" "COMPILER=arm-none-eabi-gcc" "ASSEMB
TRACE::2025-03-03.10:55:44::SCWBDomain::LER=arm-none-eabi-as" "ARCHIVER=arm-none-eabi-ar" "COMPILER_FLAGS=  -O2 -c" "EXTRA_COMPILER_FLAGS=-mcpu=cortex-a9 -mfpu=vfpv3 -
TRACE::2025-03-03.10:55:44::SCWBDomain::mfloat-abi=hard -nostartfiles -g -Wall -Wextra -fno-tree-loop-distribute-patterns"

TRACE::2025-03-03.10:55:44::SCWBDomain::"Compiling Custom_AXI_IP_7segment_display..."

TRACE::2025-03-03.10:55:44::SCWBDomain::make: Leaving directory 'C:/PXL/devWorks/devWorks2/Custom_AXI_IP_7Segment/vitis/7Segment_display/zynq_fsbl/zynq_fsbl_bsp'

TRACE::2025-03-03.10:55:44::SCWBDomain::make -C zynq_fsbl_bsp

TRACE::2025-03-03.10:55:44::SCWBDomain::make[1]: Entering directory 'C:/PXL/devWorks/devWorks2/Custom_AXI_IP_7Segment/vitis/7Segment_display/zynq_fsbl/zynq_fsbl_bsp'

TRACE::2025-03-03.10:55:44::SCWBDomain::make --no-print-directory seq_libs

TRACE::2025-03-03.10:55:44::SCWBDomain::"Running Make include in ps7_cortexa9_0/libsrc/coresightps_dcc_v1_10/src"

TRACE::2025-03-03.10:55:44::SCWBDomain::make -C ps7_cortexa9_0/libsrc/coresightps_dcc_v1_10/src -s include  "SHELL=CMD" "COMPILER=arm-none-eabi-gcc" "ASSEMBLER=arm-non
TRACE::2025-03-03.10:55:44::SCWBDomain::e-eabi-as" "ARCHIVER=arm-none-eabi-ar" "COMPILER_FLAGS=  -O2 -c" "EXTRA_COMPILER_FLAGS=-mcpu=cortex-a9 -mfpu=vfpv3 -mfloat-abi=
TRACE::2025-03-03.10:55:44::SCWBDomain::hard -nostartfiles -g -Wall -Wextra -fno-tree-loop-distribute-patterns"

TRACE::2025-03-03.10:55:44::SCWBDomain::"Running Make include in ps7_cortexa9_0/libsrc/cpu_cortexa9_v2_12/src"

TRACE::2025-03-03.10:55:44::SCWBDomain::make -C ps7_cortexa9_0/libsrc/cpu_cortexa9_v2_12/src -s include  "SHELL=CMD" "COMPILER=arm-none-eabi-gcc" "ASSEMBLER=arm-none-e
TRACE::2025-03-03.10:55:44::SCWBDomain::abi-as" "ARCHIVER=arm-none-eabi-ar" "COMPILER_FLAGS=  -O2 -c" "EXTRA_COMPILER_FLAGS=-mcpu=cortex-a9 -mfpu=vfpv3 -mfloat-abi=har
TRACE::2025-03-03.10:55:44::SCWBDomain::d -nostartfiles -g -Wall -Wextra -fno-tree-loop-distribute-patterns"

TRACE::2025-03-03.10:55:44::SCWBDomain::"Running Make include in ps7_cortexa9_0/libsrc/Custom_AXI_IP_7segment_display_v1_0/src"

TRACE::2025-03-03.10:55:44::SCWBDomain::make -C ps7_cortexa9_0/libsrc/Custom_AXI_IP_7segment_display_v1_0/src -s include  "SHELL=CMD" "COMPILER=arm-none-eabi-gcc" "ASS
TRACE::2025-03-03.10:55:44::SCWBDomain::EMBLER=arm-none-eabi-as" "ARCHIVER=arm-none-eabi-ar" "COMPILER_FLAGS=  -O2 -c" "EXTRA_COMPILER_FLAGS=-mcpu=cortex-a9 -mfpu=vfpv
TRACE::2025-03-03.10:55:44::SCWBDomain::3 -mfloat-abi=hard -nostartfiles -g -Wall -Wextra -fno-tree-loop-distribute-patterns"

TRACE::2025-03-03.10:55:44::SCWBDomain::"Running Make include in ps7_cortexa9_0/libsrc/ddrps_v1_2/src"

TRACE::2025-03-03.10:55:44::SCWBDomain::make -C ps7_cortexa9_0/libsrc/ddrps_v1_2/src -s include  "SHELL=CMD" "COMPILER=arm-none-eabi-gcc" "ASSEMBLER=arm-none-eabi-as" 
TRACE::2025-03-03.10:55:44::SCWBDomain::"ARCHIVER=arm-none-eabi-ar" "COMPILER_FLAGS=  -O2 -c" "EXTRA_COMPILER_FLAGS=-mcpu=cortex-a9 -mfpu=vfpv3 -mfloat-abi=hard -nosta
TRACE::2025-03-03.10:55:44::SCWBDomain::rtfiles -g -Wall -Wextra -fno-tree-loop-distribute-patterns"

TRACE::2025-03-03.10:55:44::SCWBDomain::"Running Make include in ps7_cortexa9_0/libsrc/devcfg_v3_8/src"

TRACE::2025-03-03.10:55:44::SCWBDomain::make -C ps7_cortexa9_0/libsrc/devcfg_v3_8/src -s include  "SHELL=CMD" "COMPILER=arm-none-eabi-gcc" "ASSEMBLER=arm-none-eabi-as"
TRACE::2025-03-03.10:55:44::SCWBDomain:: "ARCHIVER=arm-none-eabi-ar" "COMPILER_FLAGS=  -O2 -c" "EXTRA_COMPILER_FLAGS=-mcpu=cortex-a9 -mfpu=vfpv3 -mfloat-abi=hard -nost
TRACE::2025-03-03.10:55:44::SCWBDomain::artfiles -g -Wall -Wextra -fno-tree-loop-distribute-patterns"

TRACE::2025-03-03.10:55:44::SCWBDomain::"Running Make include in ps7_cortexa9_0/libsrc/dmaps_v2_10/src"

TRACE::2025-03-03.10:55:44::SCWBDomain::make -C ps7_cortexa9_0/libsrc/dmaps_v2_10/src -s include  "SHELL=CMD" "COMPILER=arm-none-eabi-gcc" "ASSEMBLER=arm-none-eabi-as"
TRACE::2025-03-03.10:55:44::SCWBDomain:: "ARCHIVER=arm-none-eabi-ar" "COMPILER_FLAGS=  -O2 -c" "EXTRA_COMPILER_FLAGS=-mcpu=cortex-a9 -mfpu=vfpv3 -mfloat-abi=hard -nost
TRACE::2025-03-03.10:55:44::SCWBDomain::artfiles -g -Wall -Wextra -fno-tree-loop-distribute-patterns"

TRACE::2025-03-03.10:55:45::SCWBDomain::"Running Make include in ps7_cortexa9_0/libsrc/emacps_v3_20/src"

TRACE::2025-03-03.10:55:45::SCWBDomain::make -C ps7_cortexa9_0/libsrc/emacps_v3_20/src -s include  "SHELL=CMD" "COMPILER=arm-none-eabi-gcc" "ASSEMBLER=arm-none-eabi-as
TRACE::2025-03-03.10:55:45::SCWBDomain::" "ARCHIVER=arm-none-eabi-ar" "COMPILER_FLAGS=  -O2 -c" "EXTRA_COMPILER_FLAGS=-mcpu=cortex-a9 -mfpu=vfpv3 -mfloat-abi=hard -nos
TRACE::2025-03-03.10:55:45::SCWBDomain::tartfiles -g -Wall -Wextra -fno-tree-loop-distribute-patterns"

TRACE::2025-03-03.10:55:45::SCWBDomain::"Running Make include in ps7_cortexa9_0/libsrc/gpiops_v3_13/src"

TRACE::2025-03-03.10:55:45::SCWBDomain::make -C ps7_cortexa9_0/libsrc/gpiops_v3_13/src -s include  "SHELL=CMD" "COMPILER=arm-none-eabi-gcc" "ASSEMBLER=arm-none-eabi-as
TRACE::2025-03-03.10:55:45::SCWBDomain::" "ARCHIVER=arm-none-eabi-ar" "COMPILER_FLAGS=  -O2 -c" "EXTRA_COMPILER_FLAGS=-mcpu=cortex-a9 -mfpu=vfpv3 -mfloat-abi=hard -nos
TRACE::2025-03-03.10:55:45::SCWBDomain::tartfiles -g -Wall -Wextra -fno-tree-loop-distribute-patterns"

TRACE::2025-03-03.10:55:45::SCWBDomain::"Running Make include in ps7_cortexa9_0/libsrc/qspips_v3_12/src"

TRACE::2025-03-03.10:55:45::SCWBDomain::make -C ps7_cortexa9_0/libsrc/qspips_v3_12/src -s include  "SHELL=CMD" "COMPILER=arm-none-eabi-gcc" "ASSEMBLER=arm-none-eabi-as
TRACE::2025-03-03.10:55:45::SCWBDomain::" "ARCHIVER=arm-none-eabi-ar" "COMPILER_FLAGS=  -O2 -c" "EXTRA_COMPILER_FLAGS=-mcpu=cortex-a9 -mfpu=vfpv3 -mfloat-abi=hard -nos
TRACE::2025-03-03.10:55:45::SCWBDomain::tartfiles -g -Wall -Wextra -fno-tree-loop-distribute-patterns"

TRACE::2025-03-03.10:55:45::SCWBDomain::"Running Make include in ps7_cortexa9_0/libsrc/scugic_v5_3/src"

TRACE::2025-03-03.10:55:45::SCWBDomain::make -C ps7_cortexa9_0/libsrc/scugic_v5_3/src -s include  "SHELL=CMD" "COMPILER=arm-none-eabi-gcc" "ASSEMBLER=arm-none-eabi-as"
TRACE::2025-03-03.10:55:45::SCWBDomain:: "ARCHIVER=arm-none-eabi-ar" "COMPILER_FLAGS=  -O2 -c" "EXTRA_COMPILER_FLAGS=-mcpu=cortex-a9 -mfpu=vfpv3 -mfloat-abi=hard -nost
TRACE::2025-03-03.10:55:45::SCWBDomain::artfiles -g -Wall -Wextra -fno-tree-loop-distribute-patterns"

TRACE::2025-03-03.10:55:45::SCWBDomain::"Running Make include in ps7_cortexa9_0/libsrc/scutimer_v2_6/src"

TRACE::2025-03-03.10:55:45::SCWBDomain::make -C ps7_cortexa9_0/libsrc/scutimer_v2_6/src -s include  "SHELL=CMD" "COMPILER=arm-none-eabi-gcc" "ASSEMBLER=arm-none-eabi-a
TRACE::2025-03-03.10:55:45::SCWBDomain::s" "ARCHIVER=arm-none-eabi-ar" "COMPILER_FLAGS=  -O2 -c" "EXTRA_COMPILER_FLAGS=-mcpu=cortex-a9 -mfpu=vfpv3 -mfloat-abi=hard -no
TRACE::2025-03-03.10:55:45::SCWBDomain::startfiles -g -Wall -Wextra -fno-tree-loop-distribute-patterns"

TRACE::2025-03-03.10:55:45::SCWBDomain::"Running Make include in ps7_cortexa9_0/libsrc/scuwdt_v2_5/src"

TRACE::2025-03-03.10:55:45::SCWBDomain::make -C ps7_cortexa9_0/libsrc/scuwdt_v2_5/src -s include  "SHELL=CMD" "COMPILER=arm-none-eabi-gcc" "ASSEMBLER=arm-none-eabi-as"
TRACE::2025-03-03.10:55:45::SCWBDomain:: "ARCHIVER=arm-none-eabi-ar" "COMPILER_FLAGS=  -O2 -c" "EXTRA_COMPILER_FLAGS=-mcpu=cortex-a9 -mfpu=vfpv3 -mfloat-abi=hard -nost
TRACE::2025-03-03.10:55:45::SCWBDomain::artfiles -g -Wall -Wextra -fno-tree-loop-distribute-patterns"

TRACE::2025-03-03.10:55:45::SCWBDomain::"Running Make include in ps7_cortexa9_0/libsrc/sdps_v4_3/src"

TRACE::2025-03-03.10:55:45::SCWBDomain::make -C ps7_cortexa9_0/libsrc/sdps_v4_3/src -s include  "SHELL=CMD" "COMPILER=arm-none-eabi-gcc" "ASSEMBLER=arm-none-eabi-as" "
TRACE::2025-03-03.10:55:45::SCWBDomain::ARCHIVER=arm-none-eabi-ar" "COMPILER_FLAGS=  -O2 -c" "EXTRA_COMPILER_FLAGS=-mcpu=cortex-a9 -mfpu=vfpv3 -mfloat-abi=hard -nostar
TRACE::2025-03-03.10:55:45::SCWBDomain::tfiles -g -Wall -Wextra -fno-tree-loop-distribute-patterns"

TRACE::2025-03-03.10:55:45::SCWBDomain::"Running Make include in ps7_cortexa9_0/libsrc/standalone_v9_1/src"

TRACE::2025-03-03.10:55:45::SCWBDomain::make -C ps7_cortexa9_0/libsrc/standalone_v9_1/src -s include  "SHELL=CMD" "COMPILER=arm-none-eabi-gcc" "ASSEMBLER=arm-none-eabi
TRACE::2025-03-03.10:55:45::SCWBDomain::-as" "ARCHIVER=arm-none-eabi-ar" "COMPILER_FLAGS=  -O2 -c" "EXTRA_COMPILER_FLAGS=-mcpu=cortex-a9 -mfpu=vfpv3 -mfloat-abi=hard -
TRACE::2025-03-03.10:55:45::SCWBDomain::nostartfiles -g -Wall -Wextra -fno-tree-loop-distribute-patterns"

TRACE::2025-03-03.10:55:45::SCWBDomain::"Running Make include in ps7_cortexa9_0/libsrc/uartps_v3_14/src"

TRACE::2025-03-03.10:55:45::SCWBDomain::make -C ps7_cortexa9_0/libsrc/uartps_v3_14/src -s include  "SHELL=CMD" "COMPILER=arm-none-eabi-gcc" "ASSEMBLER=arm-none-eabi-as
TRACE::2025-03-03.10:55:45::SCWBDomain::" "ARCHIVER=arm-none-eabi-ar" "COMPILER_FLAGS=  -O2 -c" "EXTRA_COMPILER_FLAGS=-mcpu=cortex-a9 -mfpu=vfpv3 -mfloat-abi=hard -nos
TRACE::2025-03-03.10:55:45::SCWBDomain::tartfiles -g -Wall -Wextra -fno-tree-loop-distribute-patterns"

TRACE::2025-03-03.10:55:45::SCWBDomain::"Running Make include in ps7_cortexa9_0/libsrc/usbps_v2_9/src"

TRACE::2025-03-03.10:55:45::SCWBDomain::make -C ps7_cortexa9_0/libsrc/usbps_v2_9/src -s include  "SHELL=CMD" "COMPILER=arm-none-eabi-gcc" "ASSEMBLER=arm-none-eabi-as" 
TRACE::2025-03-03.10:55:45::SCWBDomain::"ARCHIVER=arm-none-eabi-ar" "COMPILER_FLAGS=  -O2 -c" "EXTRA_COMPILER_FLAGS=-mcpu=cortex-a9 -mfpu=vfpv3 -mfloat-abi=hard -nosta
TRACE::2025-03-03.10:55:45::SCWBDomain::rtfiles -g -Wall -Wextra -fno-tree-loop-distribute-patterns"

TRACE::2025-03-03.10:55:45::SCWBDomain::"Running Make include in ps7_cortexa9_0/libsrc/xadcps_v2_7/src"

TRACE::2025-03-03.10:55:45::SCWBDomain::make -C ps7_cortexa9_0/libsrc/xadcps_v2_7/src -s include  "SHELL=CMD" "COMPILER=arm-none-eabi-gcc" "ASSEMBLER=arm-none-eabi-as"
TRACE::2025-03-03.10:55:45::SCWBDomain:: "ARCHIVER=arm-none-eabi-ar" "COMPILER_FLAGS=  -O2 -c" "EXTRA_COMPILER_FLAGS=-mcpu=cortex-a9 -mfpu=vfpv3 -mfloat-abi=hard -nost
TRACE::2025-03-03.10:55:45::SCWBDomain::artfiles -g -Wall -Wextra -fno-tree-loop-distribute-patterns"

TRACE::2025-03-03.10:55:45::SCWBDomain::"Running Make include in ps7_cortexa9_0/libsrc/xilffs_v5_2/src"

TRACE::2025-03-03.10:55:45::SCWBDomain::make -C ps7_cortexa9_0/libsrc/xilffs_v5_2/src -s include  "SHELL=CMD" "COMPILER=arm-none-eabi-gcc" "ASSEMBLER=arm-none-eabi-as"
TRACE::2025-03-03.10:55:45::SCWBDomain:: "ARCHIVER=arm-none-eabi-ar" "COMPILER_FLAGS=  -O2 -c" "EXTRA_COMPILER_FLAGS=-mcpu=cortex-a9 -mfpu=vfpv3 -mfloat-abi=hard -nost
TRACE::2025-03-03.10:55:45::SCWBDomain::artfiles -g -Wall -Wextra -fno-tree-loop-distribute-patterns"

TRACE::2025-03-03.10:55:45::SCWBDomain::"Running Make include in ps7_cortexa9_0/libsrc/xilrsa_v1_8/src"

TRACE::2025-03-03.10:55:45::SCWBDomain::make -C ps7_cortexa9_0/libsrc/xilrsa_v1_8/src -s include  "SHELL=CMD" "COMPILER=arm-none-eabi-gcc" "ASSEMBLER=arm-none-eabi-as"
TRACE::2025-03-03.10:55:45::SCWBDomain:: "ARCHIVER=arm-none-eabi-ar" "COMPILER_FLAGS=  -O2 -c" "EXTRA_COMPILER_FLAGS=-mcpu=cortex-a9 -mfpu=vfpv3 -mfloat-abi=hard -nost
TRACE::2025-03-03.10:55:45::SCWBDomain::artfiles -g -Wall -Wextra -fno-tree-loop-distribute-patterns"

TRACE::2025-03-03.10:55:45::SCWBDomain::"Running Make libs in ps7_cortexa9_0/libsrc/Custom_AXI_IP_7segment_display_v1_0/src"

TRACE::2025-03-03.10:55:45::SCWBDomain::make -C ps7_cortexa9_0/libsrc/Custom_AXI_IP_7segment_display_v1_0/src -s libs  "SHELL=CMD" "COMPILER=arm-none-eabi-gcc" "ASSEMB
TRACE::2025-03-03.10:55:45::SCWBDomain::LER=arm-none-eabi-as" "ARCHIVER=arm-none-eabi-ar" "COMPILER_FLAGS=  -O2 -c" "EXTRA_COMPILER_FLAGS=-mcpu=cortex-a9 -mfpu=vfpv3 -
TRACE::2025-03-03.10:55:45::SCWBDomain::mfloat-abi=hard -nostartfiles -g -Wall -Wextra -fno-tree-loop-distribute-patterns"

TRACE::2025-03-03.10:55:45::SCWBDomain::"Compiling Custom_AXI_IP_7segment_display..."

TRACE::2025-03-03.10:55:46::SCWBDomain::make[1]: Leaving directory 'C:/PXL/devWorks/devWorks2/Custom_AXI_IP_7Segment/vitis/7Segment_display/zynq_fsbl/zynq_fsbl_bsp'

ERROR::2025-03-03.10:55:46::SCWBDomain::Failed to build the  zynq_fsbl application.
LOG::2025-03-03.10:55:46::SCWSystem::Checking the domain standalone_ps7_cortexa9_0
LOG::2025-03-03.10:55:46::SCWSystem::Not a boot domain 
LOG::2025-03-03.10:55:46::SCWSystem::Started Processing the domain standalone_ps7_cortexa9_0
TRACE::2025-03-03.10:55:46::SCWDomain::Generating domain artifcats
TRACE::2025-03-03.10:55:46::SCWMssOS::Generating standalone artifcats
TRACE::2025-03-03.10:55:46::SCWMssOS::Copying the qemu file from  C:/PXL/devWorks/devWorks2/Custom_AXI_IP_7Segment/vitis/7Segment_display/resources/7Segment_display/standalone_ps7_cortexa9_0/qemu_args.txt To C:/PXL/devWorks/devWorks2/Custom_AXI_IP_7Segment/vitis/7Segment_display/export/7Segment_display/sw/7Segment_display/standalone_ps7_cortexa9_0/qemu/
TRACE::2025-03-03.10:55:46::SCWMssOS:: Copying the user libraries. 
TRACE::2025-03-03.10:55:46::SCWPlatform::Trying to open the hw design at C:/PXL/devWorks/devWorks2/Custom_AXI_IP_7Segment/vitis/7Segment_display/hw/7Segment_display.xsa
TRACE::2025-03-03.10:55:46::SCWPlatform::DSA given C:/PXL/devWorks/devWorks2/Custom_AXI_IP_7Segment/vitis/7Segment_display/hw/7Segment_display.xsa
TRACE::2025-03-03.10:55:46::SCWPlatform::DSA absoulate path C:/PXL/devWorks/devWorks2/Custom_AXI_IP_7Segment/vitis/7Segment_display/hw/7Segment_display.xsa
TRACE::2025-03-03.10:55:46::SCWPlatform::DSA directory C:/PXL/devWorks/devWorks2/Custom_AXI_IP_7Segment/vitis/7Segment_display/hw
TRACE::2025-03-03.10:55:46::SCWPlatform:: Platform Path C:/PXL/devWorks/devWorks2/Custom_AXI_IP_7Segment/vitis/7Segment_display/hw/7Segment_display.xsa
TRACE::2025-03-03.10:55:46::SCWPlatform:: Unique name xilinx:pynq-z2::0.0
TRACE::2025-03-03.10:55:46::SCWPlatform::Trying to set the existing hwdb with name design_1_wrapper_0
TRACE::2025-03-03.10:55:46::SCWPlatform::Opened existing hwdb design_1_wrapper_0
TRACE::2025-03-03.10:55:46::SCWPlatform::Found the Hw Db part of the input DSA
TRACE::2025-03-03.10:55:46::SCWMssOS::Checking the sw design at  C:/PXL/devWorks/devWorks2/Custom_AXI_IP_7Segment/vitis/7Segment_display/ps7_cortexa9_0/standalone_ps7_cortexa9_0/bsp/system.mss
TRACE::2025-03-03.10:55:46::SCWMssOS::DEBUG:  swdes dump  C:/PXL/devWorks/devWorks2/Custom_AXI_IP_7Segment/vitis/7Segment_display/ps7_cortexa9_0/standalone_ps7_cortexa9_0/bsp/system.mss|system_0||
C:/PXL/devWorks/devWorks2/Custom_AXI_IP_7Segment/vitis/7Segment_display/zynq_fsbl/zynq_fsbl_bsp/system.mss|system||

TRACE::2025-03-03.10:55:46::SCWMssOS::Sw design exists and opened at  C:/PXL/devWorks/devWorks2/Custom_AXI_IP_7Segment/vitis/7Segment_display/ps7_cortexa9_0/standalone_ps7_cortexa9_0/bsp/system.mss
TRACE::2025-03-03.10:55:46::SCWMssOS::Completed writing the mss file at C:/PXL/devWorks/devWorks2/Custom_AXI_IP_7Segment/vitis/7Segment_display/ps7_cortexa9_0/standalone_ps7_cortexa9_0/bsp
TRACE::2025-03-03.10:55:46::SCWMssOS::Mss edits present, copying mssfile into export location C:/PXL/devWorks/devWorks2/Custom_AXI_IP_7Segment/vitis/7Segment_display/ps7_cortexa9_0/standalone_ps7_cortexa9_0/bsp/system.mss
TRACE::2025-03-03.10:55:46::SCWMssOS::bsp generated is upto date with the mss file. Skipping bsp generation.
TRACE::2025-03-03.10:55:46::SCWMssOS::BSP is already built. skipping the bsp build ... 
TRACE::2025-03-03.10:55:46::SCWDomain::Building the domain as part of full build :  standalone_ps7_cortexa9_0
TRACE::2025-03-03.10:55:46::SCWMssOS::doing bsp build ... 
TRACE::2025-03-03.10:55:46::SCWMssOS::System Command Ran  C: & cd  C:/PXL/devWorks/devWorks2/Custom_AXI_IP_7Segment/vitis/7Segment_display/ps7_cortexa9_0/standalone_ps7_cortexa9_0/bsp & make 
TRACE::2025-03-03.10:55:46::SCWMssOS::make --no-print-directory seq_libs

TRACE::2025-03-03.10:55:46::SCWMssOS::"Running Make include in ps7_cortexa9_0/libsrc/coresightps_dcc_v1_10/src"

TRACE::2025-03-03.10:55:46::SCWMssOS::make -C ps7_cortexa9_0/libsrc/coresightps_dcc_v1_10/src -s include  "SHELL=CMD" "COMPILER=arm-none-eabi-gcc" "ASSEMBLER=arm-non
TRACE::2025-03-03.10:55:46::SCWMssOS::e-eabi-as" "ARCHIVER=arm-none-eabi-ar" "COMPILER_FLAGS=  -O2 -c" "EXTRA_COMPILER_FLAGS=-mcpu=cortex-a9 -mfpu=vfpv3 -mfloat-abi=
TRACE::2025-03-03.10:55:46::SCWMssOS::hard -nostartfiles -g -Wall -Wextra -fno-tree-loop-distribute-patterns"

TRACE::2025-03-03.10:55:46::SCWMssOS::"Running Make include in ps7_cortexa9_0/libsrc/cpu_cortexa9_v2_12/src"

TRACE::2025-03-03.10:55:46::SCWMssOS::make -C ps7_cortexa9_0/libsrc/cpu_cortexa9_v2_12/src -s include  "SHELL=CMD" "COMPILER=arm-none-eabi-gcc" "ASSEMBLER=arm-none-e
TRACE::2025-03-03.10:55:46::SCWMssOS::abi-as" "ARCHIVER=arm-none-eabi-ar" "COMPILER_FLAGS=  -O2 -c" "EXTRA_COMPILER_FLAGS=-mcpu=cortex-a9 -mfpu=vfpv3 -mfloat-abi=har
TRACE::2025-03-03.10:55:46::SCWMssOS::d -nostartfiles -g -Wall -Wextra -fno-tree-loop-distribute-patterns"

TRACE::2025-03-03.10:55:46::SCWMssOS::"Running Make include in ps7_cortexa9_0/libsrc/Custom_AXI_IP_7segment_display_v1_0/src"

TRACE::2025-03-03.10:55:46::SCWMssOS::make -C ps7_cortexa9_0/libsrc/Custom_AXI_IP_7segment_display_v1_0/src -s include  "SHELL=CMD" "COMPILER=arm-none-eabi-gcc" "ASS
TRACE::2025-03-03.10:55:46::SCWMssOS::EMBLER=arm-none-eabi-as" "ARCHIVER=arm-none-eabi-ar" "COMPILER_FLAGS=  -O2 -c" "EXTRA_COMPILER_FLAGS=-mcpu=cortex-a9 -mfpu=vfpv
TRACE::2025-03-03.10:55:46::SCWMssOS::3 -mfloat-abi=hard -nostartfiles -g -Wall -Wextra -fno-tree-loop-distribute-patterns"

TRACE::2025-03-03.10:55:46::SCWMssOS::"Running Make include in ps7_cortexa9_0/libsrc/ddrps_v1_2/src"

TRACE::2025-03-03.10:55:46::SCWMssOS::make -C ps7_cortexa9_0/libsrc/ddrps_v1_2/src -s include  "SHELL=CMD" "COMPILER=arm-none-eabi-gcc" "ASSEMBLER=arm-none-eabi-as" 
TRACE::2025-03-03.10:55:46::SCWMssOS::"ARCHIVER=arm-none-eabi-ar" "COMPILER_FLAGS=  -O2 -c" "EXTRA_COMPILER_FLAGS=-mcpu=cortex-a9 -mfpu=vfpv3 -mfloat-abi=hard -nosta
TRACE::2025-03-03.10:55:46::SCWMssOS::rtfiles -g -Wall -Wextra -fno-tree-loop-distribute-patterns"

TRACE::2025-03-03.10:55:46::SCWMssOS::"Running Make include in ps7_cortexa9_0/libsrc/devcfg_v3_8/src"

TRACE::2025-03-03.10:55:46::SCWMssOS::make -C ps7_cortexa9_0/libsrc/devcfg_v3_8/src -s include  "SHELL=CMD" "COMPILER=arm-none-eabi-gcc" "ASSEMBLER=arm-none-eabi-as"
TRACE::2025-03-03.10:55:46::SCWMssOS:: "ARCHIVER=arm-none-eabi-ar" "COMPILER_FLAGS=  -O2 -c" "EXTRA_COMPILER_FLAGS=-mcpu=cortex-a9 -mfpu=vfpv3 -mfloat-abi=hard -nost
TRACE::2025-03-03.10:55:46::SCWMssOS::artfiles -g -Wall -Wextra -fno-tree-loop-distribute-patterns"

TRACE::2025-03-03.10:55:46::SCWMssOS::"Running Make include in ps7_cortexa9_0/libsrc/dmaps_v2_10/src"

TRACE::2025-03-03.10:55:46::SCWMssOS::make -C ps7_cortexa9_0/libsrc/dmaps_v2_10/src -s include  "SHELL=CMD" "COMPILER=arm-none-eabi-gcc" "ASSEMBLER=arm-none-eabi-as"
TRACE::2025-03-03.10:55:46::SCWMssOS:: "ARCHIVER=arm-none-eabi-ar" "COMPILER_FLAGS=  -O2 -c" "EXTRA_COMPILER_FLAGS=-mcpu=cortex-a9 -mfpu=vfpv3 -mfloat-abi=hard -nost
TRACE::2025-03-03.10:55:46::SCWMssOS::artfiles -g -Wall -Wextra -fno-tree-loop-distribute-patterns"

TRACE::2025-03-03.10:55:46::SCWMssOS::"Running Make include in ps7_cortexa9_0/libsrc/emacps_v3_20/src"

TRACE::2025-03-03.10:55:46::SCWMssOS::make -C ps7_cortexa9_0/libsrc/emacps_v3_20/src -s include  "SHELL=CMD" "COMPILER=arm-none-eabi-gcc" "ASSEMBLER=arm-none-eabi-as
TRACE::2025-03-03.10:55:46::SCWMssOS::" "ARCHIVER=arm-none-eabi-ar" "COMPILER_FLAGS=  -O2 -c" "EXTRA_COMPILER_FLAGS=-mcpu=cortex-a9 -mfpu=vfpv3 -mfloat-abi=hard -nos
TRACE::2025-03-03.10:55:46::SCWMssOS::tartfiles -g -Wall -Wextra -fno-tree-loop-distribute-patterns"

TRACE::2025-03-03.10:55:46::SCWMssOS::"Running Make include in ps7_cortexa9_0/libsrc/gpiops_v3_13/src"

TRACE::2025-03-03.10:55:46::SCWMssOS::make -C ps7_cortexa9_0/libsrc/gpiops_v3_13/src -s include  "SHELL=CMD" "COMPILER=arm-none-eabi-gcc" "ASSEMBLER=arm-none-eabi-as
TRACE::2025-03-03.10:55:46::SCWMssOS::" "ARCHIVER=arm-none-eabi-ar" "COMPILER_FLAGS=  -O2 -c" "EXTRA_COMPILER_FLAGS=-mcpu=cortex-a9 -mfpu=vfpv3 -mfloat-abi=hard -nos
TRACE::2025-03-03.10:55:46::SCWMssOS::tartfiles -g -Wall -Wextra -fno-tree-loop-distribute-patterns"

TRACE::2025-03-03.10:55:46::SCWMssOS::"Running Make include in ps7_cortexa9_0/libsrc/qspips_v3_12/src"

TRACE::2025-03-03.10:55:46::SCWMssOS::make -C ps7_cortexa9_0/libsrc/qspips_v3_12/src -s include  "SHELL=CMD" "COMPILER=arm-none-eabi-gcc" "ASSEMBLER=arm-none-eabi-as
TRACE::2025-03-03.10:55:46::SCWMssOS::" "ARCHIVER=arm-none-eabi-ar" "COMPILER_FLAGS=  -O2 -c" "EXTRA_COMPILER_FLAGS=-mcpu=cortex-a9 -mfpu=vfpv3 -mfloat-abi=hard -nos
TRACE::2025-03-03.10:55:46::SCWMssOS::tartfiles -g -Wall -Wextra -fno-tree-loop-distribute-patterns"

TRACE::2025-03-03.10:55:46::SCWMssOS::"Running Make include in ps7_cortexa9_0/libsrc/scugic_v5_3/src"

TRACE::2025-03-03.10:55:46::SCWMssOS::make -C ps7_cortexa9_0/libsrc/scugic_v5_3/src -s include  "SHELL=CMD" "COMPILER=arm-none-eabi-gcc" "ASSEMBLER=arm-none-eabi-as"
TRACE::2025-03-03.10:55:46::SCWMssOS:: "ARCHIVER=arm-none-eabi-ar" "COMPILER_FLAGS=  -O2 -c" "EXTRA_COMPILER_FLAGS=-mcpu=cortex-a9 -mfpu=vfpv3 -mfloat-abi=hard -nost
TRACE::2025-03-03.10:55:46::SCWMssOS::artfiles -g -Wall -Wextra -fno-tree-loop-distribute-patterns"

TRACE::2025-03-03.10:55:46::SCWMssOS::"Running Make include in ps7_cortexa9_0/libsrc/scutimer_v2_6/src"

TRACE::2025-03-03.10:55:46::SCWMssOS::make -C ps7_cortexa9_0/libsrc/scutimer_v2_6/src -s include  "SHELL=CMD" "COMPILER=arm-none-eabi-gcc" "ASSEMBLER=arm-none-eabi-a
TRACE::2025-03-03.10:55:46::SCWMssOS::s" "ARCHIVER=arm-none-eabi-ar" "COMPILER_FLAGS=  -O2 -c" "EXTRA_COMPILER_FLAGS=-mcpu=cortex-a9 -mfpu=vfpv3 -mfloat-abi=hard -no
TRACE::2025-03-03.10:55:46::SCWMssOS::startfiles -g -Wall -Wextra -fno-tree-loop-distribute-patterns"

TRACE::2025-03-03.10:55:46::SCWMssOS::"Running Make include in ps7_cortexa9_0/libsrc/scuwdt_v2_5/src"

TRACE::2025-03-03.10:55:46::SCWMssOS::make -C ps7_cortexa9_0/libsrc/scuwdt_v2_5/src -s include  "SHELL=CMD" "COMPILER=arm-none-eabi-gcc" "ASSEMBLER=arm-none-eabi-as"
TRACE::2025-03-03.10:55:46::SCWMssOS:: "ARCHIVER=arm-none-eabi-ar" "COMPILER_FLAGS=  -O2 -c" "EXTRA_COMPILER_FLAGS=-mcpu=cortex-a9 -mfpu=vfpv3 -mfloat-abi=hard -nost
TRACE::2025-03-03.10:55:46::SCWMssOS::artfiles -g -Wall -Wextra -fno-tree-loop-distribute-patterns"

TRACE::2025-03-03.10:55:46::SCWMssOS::"Running Make include in ps7_cortexa9_0/libsrc/sdps_v4_3/src"

TRACE::2025-03-03.10:55:46::SCWMssOS::make -C ps7_cortexa9_0/libsrc/sdps_v4_3/src -s include  "SHELL=CMD" "COMPILER=arm-none-eabi-gcc" "ASSEMBLER=arm-none-eabi-as" "
TRACE::2025-03-03.10:55:46::SCWMssOS::ARCHIVER=arm-none-eabi-ar" "COMPILER_FLAGS=  -O2 -c" "EXTRA_COMPILER_FLAGS=-mcpu=cortex-a9 -mfpu=vfpv3 -mfloat-abi=hard -nostar
TRACE::2025-03-03.10:55:46::SCWMssOS::tfiles -g -Wall -Wextra -fno-tree-loop-distribute-patterns"

TRACE::2025-03-03.10:55:47::SCWMssOS::"Running Make include in ps7_cortexa9_0/libsrc/standalone_v9_1/src"

TRACE::2025-03-03.10:55:47::SCWMssOS::make -C ps7_cortexa9_0/libsrc/standalone_v9_1/src -s include  "SHELL=CMD" "COMPILER=arm-none-eabi-gcc" "ASSEMBLER=arm-none-eabi
TRACE::2025-03-03.10:55:47::SCWMssOS::-as" "ARCHIVER=arm-none-eabi-ar" "COMPILER_FLAGS=  -O2 -c" "EXTRA_COMPILER_FLAGS=-mcpu=cortex-a9 -mfpu=vfpv3 -mfloat-abi=hard -
TRACE::2025-03-03.10:55:47::SCWMssOS::nostartfiles -g -Wall -Wextra -fno-tree-loop-distribute-patterns"

TRACE::2025-03-03.10:55:47::SCWMssOS::"Running Make include in ps7_cortexa9_0/libsrc/uartps_v3_14/src"

TRACE::2025-03-03.10:55:47::SCWMssOS::make -C ps7_cortexa9_0/libsrc/uartps_v3_14/src -s include  "SHELL=CMD" "COMPILER=arm-none-eabi-gcc" "ASSEMBLER=arm-none-eabi-as
TRACE::2025-03-03.10:55:47::SCWMssOS::" "ARCHIVER=arm-none-eabi-ar" "COMPILER_FLAGS=  -O2 -c" "EXTRA_COMPILER_FLAGS=-mcpu=cortex-a9 -mfpu=vfpv3 -mfloat-abi=hard -nos
TRACE::2025-03-03.10:55:47::SCWMssOS::tartfiles -g -Wall -Wextra -fno-tree-loop-distribute-patterns"

TRACE::2025-03-03.10:55:47::SCWMssOS::"Running Make include in ps7_cortexa9_0/libsrc/usbps_v2_9/src"

TRACE::2025-03-03.10:55:47::SCWMssOS::make -C ps7_cortexa9_0/libsrc/usbps_v2_9/src -s include  "SHELL=CMD" "COMPILER=arm-none-eabi-gcc" "ASSEMBLER=arm-none-eabi-as" 
TRACE::2025-03-03.10:55:47::SCWMssOS::"ARCHIVER=arm-none-eabi-ar" "COMPILER_FLAGS=  -O2 -c" "EXTRA_COMPILER_FLAGS=-mcpu=cortex-a9 -mfpu=vfpv3 -mfloat-abi=hard -nosta
TRACE::2025-03-03.10:55:47::SCWMssOS::rtfiles -g -Wall -Wextra -fno-tree-loop-distribute-patterns"

TRACE::2025-03-03.10:55:47::SCWMssOS::"Running Make include in ps7_cortexa9_0/libsrc/xadcps_v2_7/src"

TRACE::2025-03-03.10:55:47::SCWMssOS::make -C ps7_cortexa9_0/libsrc/xadcps_v2_7/src -s include  "SHELL=CMD" "COMPILER=arm-none-eabi-gcc" "ASSEMBLER=arm-none-eabi-as"
TRACE::2025-03-03.10:55:47::SCWMssOS:: "ARCHIVER=arm-none-eabi-ar" "COMPILER_FLAGS=  -O2 -c" "EXTRA_COMPILER_FLAGS=-mcpu=cortex-a9 -mfpu=vfpv3 -mfloat-abi=hard -nost
TRACE::2025-03-03.10:55:47::SCWMssOS::artfiles -g -Wall -Wextra -fno-tree-loop-distribute-patterns"

TRACE::2025-03-03.10:55:47::SCWMssOS::"Running Make libs in ps7_cortexa9_0/libsrc/Custom_AXI_IP_7segment_display_v1_0/src"

TRACE::2025-03-03.10:55:47::SCWMssOS::make -C ps7_cortexa9_0/libsrc/Custom_AXI_IP_7segment_display_v1_0/src -s libs  "SHELL=CMD" "COMPILER=arm-none-eabi-gcc" "ASSEMB
TRACE::2025-03-03.10:55:47::SCWMssOS::LER=arm-none-eabi-as" "ARCHIVER=arm-none-eabi-ar" "COMPILER_FLAGS=  -O2 -c" "EXTRA_COMPILER_FLAGS=-mcpu=cortex-a9 -mfpu=vfpv3 -
TRACE::2025-03-03.10:55:47::SCWMssOS::mfloat-abi=hard -nostartfiles -g -Wall -Wextra -fno-tree-loop-distribute-patterns"

TRACE::2025-03-03.10:55:47::SCWMssOS::"Compiling Custom_AXI_IP_7segment_display..."

ERROR::2025-03-03.10:55:47::SCWMssOS::Failed to build  the bsp sources for domain - standalone_ps7_cortexa9_0
ERROR::2025-03-03.10:55:47::SCWSystem::Error in Processing the domain standalone_ps7_cortexa9_0
LOG::2025-03-03.10:57:42::SCWPlatform::Started generating the artifacts platform 7Segment_display
TRACE::2025-03-03.10:57:42::SCWPlatform::Sanity checking of platform is completed
LOG::2025-03-03.10:57:42::SCWPlatform::Started generating the artifacts for system configuration 7Segment_display
LOG::2025-03-03.10:57:42::SCWSystem::Checking the domain zynq_fsbl
LOG::2025-03-03.10:57:42::SCWSystem::Doing application build for :  zynq_fsbl
TRACE::2025-03-03.10:57:42::SCWBDomain::Not a forced makefile updation, No changes are present. 
TRACE::2025-03-03.10:57:42::SCWDomain::Building the domain as part of full build :  zynq_fsbl
TRACE::2025-03-03.10:57:42::SCWPlatform::Trying to open the hw design at C:/PXL/devWorks/devWorks2/Custom_AXI_IP_7Segment/vitis/7Segment_display/hw/7Segment_display.xsa
TRACE::2025-03-03.10:57:42::SCWPlatform::DSA given C:/PXL/devWorks/devWorks2/Custom_AXI_IP_7Segment/vitis/7Segment_display/hw/7Segment_display.xsa
TRACE::2025-03-03.10:57:42::SCWPlatform::DSA absoulate path C:/PXL/devWorks/devWorks2/Custom_AXI_IP_7Segment/vitis/7Segment_display/hw/7Segment_display.xsa
TRACE::2025-03-03.10:57:42::SCWPlatform::DSA directory C:/PXL/devWorks/devWorks2/Custom_AXI_IP_7Segment/vitis/7Segment_display/hw
TRACE::2025-03-03.10:57:42::SCWPlatform:: Platform Path C:/PXL/devWorks/devWorks2/Custom_AXI_IP_7Segment/vitis/7Segment_display/hw/7Segment_display.xsa
TRACE::2025-03-03.10:57:42::SCWPlatform:: Unique name xilinx:pynq-z2::0.0
TRACE::2025-03-03.10:57:42::SCWPlatform::Trying to set the existing hwdb with name design_1_wrapper_0
TRACE::2025-03-03.10:57:42::SCWPlatform::Opened existing hwdb design_1_wrapper_0
TRACE::2025-03-03.10:57:42::SCWPlatform::Found the Hw Db part of the input DSA
TRACE::2025-03-03.10:57:42::SCWMssOS::Checking the sw design at  C:/PXL/devWorks/devWorks2/Custom_AXI_IP_7Segment/vitis/7Segment_display/zynq_fsbl/zynq_fsbl_bsp/system.mss
TRACE::2025-03-03.10:57:42::SCWMssOS::DEBUG:  swdes dump  C:/PXL/devWorks/devWorks2/Custom_AXI_IP_7Segment/vitis/7Segment_display/ps7_cortexa9_0/standalone_ps7_cortexa9_0/bsp/system.mss|system_0||
C:/PXL/devWorks/devWorks2/Custom_AXI_IP_7Segment/vitis/7Segment_display/zynq_fsbl/zynq_fsbl_bsp/system.mss|system||

TRACE::2025-03-03.10:57:42::SCWMssOS::Sw design exists and opened at  C:/PXL/devWorks/devWorks2/Custom_AXI_IP_7Segment/vitis/7Segment_display/zynq_fsbl/zynq_fsbl_bsp/system.mss
TRACE::2025-03-03.10:57:42::SCWBDomain::Completed writing the mss file at C:/PXL/devWorks/devWorks2/Custom_AXI_IP_7Segment/vitis/7Segment_display/zynq_fsbl/zynq_fsbl_bsp
TRACE::2025-03-03.10:57:42::SCWBDomain::bsp generated is upto date with the mss file. Skipping bsp generation.
TRACE::2025-03-03.10:57:42::SCWBDomain::Not a forced makefile updation, No changes are present. 
TRACE::2025-03-03.10:57:42::SCWBDomain::System Command Ran  C:&  cd  C:/PXL/devWorks/devWorks2/Custom_AXI_IP_7Segment/vitis/7Segment_display/zynq_fsbl& make -C  zynq_fsbl_bsp & make 
TRACE::2025-03-03.10:57:42::SCWBDomain::make: Entering directory 'C:/PXL/devWorks/devWorks2/Custom_AXI_IP_7Segment/vitis/7Segment_display/zynq_fsbl/zynq_fsbl_bsp'

TRACE::2025-03-03.10:57:42::SCWBDomain::make --no-print-directory seq_libs

TRACE::2025-03-03.10:57:42::SCWBDomain::"Running Make include in ps7_cortexa9_0/libsrc/coresightps_dcc_v1_10/src"

TRACE::2025-03-03.10:57:42::SCWBDomain::make -C ps7_cortexa9_0/libsrc/coresightps_dcc_v1_10/src -s include  "SHELL=CMD" "COMPILER=arm-none-eabi-gcc" "ASSEMBLER=arm-non
TRACE::2025-03-03.10:57:42::SCWBDomain::e-eabi-as" "ARCHIVER=arm-none-eabi-ar" "COMPILER_FLAGS=  -O2 -c" "EXTRA_COMPILER_FLAGS=-mcpu=cortex-a9 -mfpu=vfpv3 -mfloat-abi=
TRACE::2025-03-03.10:57:42::SCWBDomain::hard -nostartfiles -g -Wall -Wextra -fno-tree-loop-distribute-patterns"

TRACE::2025-03-03.10:57:42::SCWBDomain::"Running Make include in ps7_cortexa9_0/libsrc/cpu_cortexa9_v2_12/src"

TRACE::2025-03-03.10:57:42::SCWBDomain::make -C ps7_cortexa9_0/libsrc/cpu_cortexa9_v2_12/src -s include  "SHELL=CMD" "COMPILER=arm-none-eabi-gcc" "ASSEMBLER=arm-none-e
TRACE::2025-03-03.10:57:42::SCWBDomain::abi-as" "ARCHIVER=arm-none-eabi-ar" "COMPILER_FLAGS=  -O2 -c" "EXTRA_COMPILER_FLAGS=-mcpu=cortex-a9 -mfpu=vfpv3 -mfloat-abi=har
TRACE::2025-03-03.10:57:42::SCWBDomain::d -nostartfiles -g -Wall -Wextra -fno-tree-loop-distribute-patterns"

TRACE::2025-03-03.10:57:42::SCWBDomain::"Running Make include in ps7_cortexa9_0/libsrc/Custom_AXI_IP_7segment_display_v1_0/src"

TRACE::2025-03-03.10:57:42::SCWBDomain::make -C ps7_cortexa9_0/libsrc/Custom_AXI_IP_7segment_display_v1_0/src -s include  "SHELL=CMD" "COMPILER=arm-none-eabi-gcc" "ASS
TRACE::2025-03-03.10:57:42::SCWBDomain::EMBLER=arm-none-eabi-as" "ARCHIVER=arm-none-eabi-ar" "COMPILER_FLAGS=  -O2 -c" "EXTRA_COMPILER_FLAGS=-mcpu=cortex-a9 -mfpu=vfpv
TRACE::2025-03-03.10:57:42::SCWBDomain::3 -mfloat-abi=hard -nostartfiles -g -Wall -Wextra -fno-tree-loop-distribute-patterns"

TRACE::2025-03-03.10:57:42::SCWBDomain::"Running Make include in ps7_cortexa9_0/libsrc/ddrps_v1_2/src"

TRACE::2025-03-03.10:57:42::SCWBDomain::make -C ps7_cortexa9_0/libsrc/ddrps_v1_2/src -s include  "SHELL=CMD" "COMPILER=arm-none-eabi-gcc" "ASSEMBLER=arm-none-eabi-as" 
TRACE::2025-03-03.10:57:42::SCWBDomain::"ARCHIVER=arm-none-eabi-ar" "COMPILER_FLAGS=  -O2 -c" "EXTRA_COMPILER_FLAGS=-mcpu=cortex-a9 -mfpu=vfpv3 -mfloat-abi=hard -nosta
TRACE::2025-03-03.10:57:42::SCWBDomain::rtfiles -g -Wall -Wextra -fno-tree-loop-distribute-patterns"

TRACE::2025-03-03.10:57:42::SCWBDomain::"Running Make include in ps7_cortexa9_0/libsrc/devcfg_v3_8/src"

TRACE::2025-03-03.10:57:42::SCWBDomain::make -C ps7_cortexa9_0/libsrc/devcfg_v3_8/src -s include  "SHELL=CMD" "COMPILER=arm-none-eabi-gcc" "ASSEMBLER=arm-none-eabi-as"
TRACE::2025-03-03.10:57:42::SCWBDomain:: "ARCHIVER=arm-none-eabi-ar" "COMPILER_FLAGS=  -O2 -c" "EXTRA_COMPILER_FLAGS=-mcpu=cortex-a9 -mfpu=vfpv3 -mfloat-abi=hard -nost
TRACE::2025-03-03.10:57:42::SCWBDomain::artfiles -g -Wall -Wextra -fno-tree-loop-distribute-patterns"

TRACE::2025-03-03.10:57:42::SCWBDomain::"Running Make include in ps7_cortexa9_0/libsrc/dmaps_v2_10/src"

TRACE::2025-03-03.10:57:42::SCWBDomain::make -C ps7_cortexa9_0/libsrc/dmaps_v2_10/src -s include  "SHELL=CMD" "COMPILER=arm-none-eabi-gcc" "ASSEMBLER=arm-none-eabi-as"
TRACE::2025-03-03.10:57:42::SCWBDomain:: "ARCHIVER=arm-none-eabi-ar" "COMPILER_FLAGS=  -O2 -c" "EXTRA_COMPILER_FLAGS=-mcpu=cortex-a9 -mfpu=vfpv3 -mfloat-abi=hard -nost
TRACE::2025-03-03.10:57:42::SCWBDomain::artfiles -g -Wall -Wextra -fno-tree-loop-distribute-patterns"

TRACE::2025-03-03.10:57:42::SCWBDomain::"Running Make include in ps7_cortexa9_0/libsrc/emacps_v3_20/src"

TRACE::2025-03-03.10:57:42::SCWBDomain::make -C ps7_cortexa9_0/libsrc/emacps_v3_20/src -s include  "SHELL=CMD" "COMPILER=arm-none-eabi-gcc" "ASSEMBLER=arm-none-eabi-as
TRACE::2025-03-03.10:57:42::SCWBDomain::" "ARCHIVER=arm-none-eabi-ar" "COMPILER_FLAGS=  -O2 -c" "EXTRA_COMPILER_FLAGS=-mcpu=cortex-a9 -mfpu=vfpv3 -mfloat-abi=hard -nos
TRACE::2025-03-03.10:57:42::SCWBDomain::tartfiles -g -Wall -Wextra -fno-tree-loop-distribute-patterns"

TRACE::2025-03-03.10:57:42::SCWBDomain::"Running Make include in ps7_cortexa9_0/libsrc/gpiops_v3_13/src"

TRACE::2025-03-03.10:57:42::SCWBDomain::make -C ps7_cortexa9_0/libsrc/gpiops_v3_13/src -s include  "SHELL=CMD" "COMPILER=arm-none-eabi-gcc" "ASSEMBLER=arm-none-eabi-as
TRACE::2025-03-03.10:57:42::SCWBDomain::" "ARCHIVER=arm-none-eabi-ar" "COMPILER_FLAGS=  -O2 -c" "EXTRA_COMPILER_FLAGS=-mcpu=cortex-a9 -mfpu=vfpv3 -mfloat-abi=hard -nos
TRACE::2025-03-03.10:57:42::SCWBDomain::tartfiles -g -Wall -Wextra -fno-tree-loop-distribute-patterns"

TRACE::2025-03-03.10:57:42::SCWBDomain::"Running Make include in ps7_cortexa9_0/libsrc/qspips_v3_12/src"

TRACE::2025-03-03.10:57:42::SCWBDomain::make -C ps7_cortexa9_0/libsrc/qspips_v3_12/src -s include  "SHELL=CMD" "COMPILER=arm-none-eabi-gcc" "ASSEMBLER=arm-none-eabi-as
TRACE::2025-03-03.10:57:42::SCWBDomain::" "ARCHIVER=arm-none-eabi-ar" "COMPILER_FLAGS=  -O2 -c" "EXTRA_COMPILER_FLAGS=-mcpu=cortex-a9 -mfpu=vfpv3 -mfloat-abi=hard -nos
TRACE::2025-03-03.10:57:42::SCWBDomain::tartfiles -g -Wall -Wextra -fno-tree-loop-distribute-patterns"

TRACE::2025-03-03.10:57:42::SCWBDomain::"Running Make include in ps7_cortexa9_0/libsrc/scugic_v5_3/src"

TRACE::2025-03-03.10:57:42::SCWBDomain::make -C ps7_cortexa9_0/libsrc/scugic_v5_3/src -s include  "SHELL=CMD" "COMPILER=arm-none-eabi-gcc" "ASSEMBLER=arm-none-eabi-as"
TRACE::2025-03-03.10:57:42::SCWBDomain:: "ARCHIVER=arm-none-eabi-ar" "COMPILER_FLAGS=  -O2 -c" "EXTRA_COMPILER_FLAGS=-mcpu=cortex-a9 -mfpu=vfpv3 -mfloat-abi=hard -nost
TRACE::2025-03-03.10:57:42::SCWBDomain::artfiles -g -Wall -Wextra -fno-tree-loop-distribute-patterns"

TRACE::2025-03-03.10:57:42::SCWBDomain::"Running Make include in ps7_cortexa9_0/libsrc/scutimer_v2_6/src"

TRACE::2025-03-03.10:57:42::SCWBDomain::make -C ps7_cortexa9_0/libsrc/scutimer_v2_6/src -s include  "SHELL=CMD" "COMPILER=arm-none-eabi-gcc" "ASSEMBLER=arm-none-eabi-a
TRACE::2025-03-03.10:57:42::SCWBDomain::s" "ARCHIVER=arm-none-eabi-ar" "COMPILER_FLAGS=  -O2 -c" "EXTRA_COMPILER_FLAGS=-mcpu=cortex-a9 -mfpu=vfpv3 -mfloat-abi=hard -no
TRACE::2025-03-03.10:57:42::SCWBDomain::startfiles -g -Wall -Wextra -fno-tree-loop-distribute-patterns"

TRACE::2025-03-03.10:57:42::SCWBDomain::"Running Make include in ps7_cortexa9_0/libsrc/scuwdt_v2_5/src"

TRACE::2025-03-03.10:57:42::SCWBDomain::make -C ps7_cortexa9_0/libsrc/scuwdt_v2_5/src -s include  "SHELL=CMD" "COMPILER=arm-none-eabi-gcc" "ASSEMBLER=arm-none-eabi-as"
TRACE::2025-03-03.10:57:42::SCWBDomain:: "ARCHIVER=arm-none-eabi-ar" "COMPILER_FLAGS=  -O2 -c" "EXTRA_COMPILER_FLAGS=-mcpu=cortex-a9 -mfpu=vfpv3 -mfloat-abi=hard -nost
TRACE::2025-03-03.10:57:42::SCWBDomain::artfiles -g -Wall -Wextra -fno-tree-loop-distribute-patterns"

TRACE::2025-03-03.10:57:42::SCWBDomain::"Running Make include in ps7_cortexa9_0/libsrc/sdps_v4_3/src"

TRACE::2025-03-03.10:57:42::SCWBDomain::make -C ps7_cortexa9_0/libsrc/sdps_v4_3/src -s include  "SHELL=CMD" "COMPILER=arm-none-eabi-gcc" "ASSEMBLER=arm-none-eabi-as" "
TRACE::2025-03-03.10:57:42::SCWBDomain::ARCHIVER=arm-none-eabi-ar" "COMPILER_FLAGS=  -O2 -c" "EXTRA_COMPILER_FLAGS=-mcpu=cortex-a9 -mfpu=vfpv3 -mfloat-abi=hard -nostar
TRACE::2025-03-03.10:57:42::SCWBDomain::tfiles -g -Wall -Wextra -fno-tree-loop-distribute-patterns"

TRACE::2025-03-03.10:57:42::SCWBDomain::"Running Make include in ps7_cortexa9_0/libsrc/standalone_v9_1/src"

TRACE::2025-03-03.10:57:42::SCWBDomain::make -C ps7_cortexa9_0/libsrc/standalone_v9_1/src -s include  "SHELL=CMD" "COMPILER=arm-none-eabi-gcc" "ASSEMBLER=arm-none-eabi
TRACE::2025-03-03.10:57:42::SCWBDomain::-as" "ARCHIVER=arm-none-eabi-ar" "COMPILER_FLAGS=  -O2 -c" "EXTRA_COMPILER_FLAGS=-mcpu=cortex-a9 -mfpu=vfpv3 -mfloat-abi=hard -
TRACE::2025-03-03.10:57:42::SCWBDomain::nostartfiles -g -Wall -Wextra -fno-tree-loop-distribute-patterns"

TRACE::2025-03-03.10:57:43::SCWBDomain::"Running Make include in ps7_cortexa9_0/libsrc/uartps_v3_14/src"

TRACE::2025-03-03.10:57:43::SCWBDomain::make -C ps7_cortexa9_0/libsrc/uartps_v3_14/src -s include  "SHELL=CMD" "COMPILER=arm-none-eabi-gcc" "ASSEMBLER=arm-none-eabi-as
TRACE::2025-03-03.10:57:43::SCWBDomain::" "ARCHIVER=arm-none-eabi-ar" "COMPILER_FLAGS=  -O2 -c" "EXTRA_COMPILER_FLAGS=-mcpu=cortex-a9 -mfpu=vfpv3 -mfloat-abi=hard -nos
TRACE::2025-03-03.10:57:43::SCWBDomain::tartfiles -g -Wall -Wextra -fno-tree-loop-distribute-patterns"

TRACE::2025-03-03.10:57:43::SCWBDomain::"Running Make include in ps7_cortexa9_0/libsrc/usbps_v2_9/src"

TRACE::2025-03-03.10:57:43::SCWBDomain::make -C ps7_cortexa9_0/libsrc/usbps_v2_9/src -s include  "SHELL=CMD" "COMPILER=arm-none-eabi-gcc" "ASSEMBLER=arm-none-eabi-as" 
TRACE::2025-03-03.10:57:43::SCWBDomain::"ARCHIVER=arm-none-eabi-ar" "COMPILER_FLAGS=  -O2 -c" "EXTRA_COMPILER_FLAGS=-mcpu=cortex-a9 -mfpu=vfpv3 -mfloat-abi=hard -nosta
TRACE::2025-03-03.10:57:43::SCWBDomain::rtfiles -g -Wall -Wextra -fno-tree-loop-distribute-patterns"

TRACE::2025-03-03.10:57:43::SCWBDomain::"Running Make include in ps7_cortexa9_0/libsrc/xadcps_v2_7/src"

TRACE::2025-03-03.10:57:43::SCWBDomain::make -C ps7_cortexa9_0/libsrc/xadcps_v2_7/src -s include  "SHELL=CMD" "COMPILER=arm-none-eabi-gcc" "ASSEMBLER=arm-none-eabi-as"
TRACE::2025-03-03.10:57:43::SCWBDomain:: "ARCHIVER=arm-none-eabi-ar" "COMPILER_FLAGS=  -O2 -c" "EXTRA_COMPILER_FLAGS=-mcpu=cortex-a9 -mfpu=vfpv3 -mfloat-abi=hard -nost
TRACE::2025-03-03.10:57:43::SCWBDomain::artfiles -g -Wall -Wextra -fno-tree-loop-distribute-patterns"

TRACE::2025-03-03.10:57:43::SCWBDomain::"Running Make include in ps7_cortexa9_0/libsrc/xilffs_v5_2/src"

TRACE::2025-03-03.10:57:43::SCWBDomain::make -C ps7_cortexa9_0/libsrc/xilffs_v5_2/src -s include  "SHELL=CMD" "COMPILER=arm-none-eabi-gcc" "ASSEMBLER=arm-none-eabi-as"
TRACE::2025-03-03.10:57:43::SCWBDomain:: "ARCHIVER=arm-none-eabi-ar" "COMPILER_FLAGS=  -O2 -c" "EXTRA_COMPILER_FLAGS=-mcpu=cortex-a9 -mfpu=vfpv3 -mfloat-abi=hard -nost
TRACE::2025-03-03.10:57:43::SCWBDomain::artfiles -g -Wall -Wextra -fno-tree-loop-distribute-patterns"

TRACE::2025-03-03.10:57:43::SCWBDomain::"Running Make include in ps7_cortexa9_0/libsrc/xilrsa_v1_8/src"

TRACE::2025-03-03.10:57:43::SCWBDomain::make -C ps7_cortexa9_0/libsrc/xilrsa_v1_8/src -s include  "SHELL=CMD" "COMPILER=arm-none-eabi-gcc" "ASSEMBLER=arm-none-eabi-as"
TRACE::2025-03-03.10:57:43::SCWBDomain:: "ARCHIVER=arm-none-eabi-ar" "COMPILER_FLAGS=  -O2 -c" "EXTRA_COMPILER_FLAGS=-mcpu=cortex-a9 -mfpu=vfpv3 -mfloat-abi=hard -nost
TRACE::2025-03-03.10:57:43::SCWBDomain::artfiles -g -Wall -Wextra -fno-tree-loop-distribute-patterns"

TRACE::2025-03-03.10:57:43::SCWBDomain::"Running Make libs in ps7_cortexa9_0/libsrc/Custom_AXI_IP_7segment_display_v1_0/src"

TRACE::2025-03-03.10:57:43::SCWBDomain::make -C ps7_cortexa9_0/libsrc/Custom_AXI_IP_7segment_display_v1_0/src -s libs  "SHELL=CMD" "COMPILER=arm-none-eabi-gcc" "ASSEMB
TRACE::2025-03-03.10:57:43::SCWBDomain::LER=arm-none-eabi-as" "ARCHIVER=arm-none-eabi-ar" "COMPILER_FLAGS=  -O2 -c" "EXTRA_COMPILER_FLAGS=-mcpu=cortex-a9 -mfpu=vfpv3 -
TRACE::2025-03-03.10:57:43::SCWBDomain::mfloat-abi=hard -nostartfiles -g -Wall -Wextra -fno-tree-loop-distribute-patterns"

TRACE::2025-03-03.10:57:43::SCWBDomain::"Compiling Custom_AXI_IP_7segment_display..."

TRACE::2025-03-03.10:57:43::SCWBDomain::make: Leaving directory 'C:/PXL/devWorks/devWorks2/Custom_AXI_IP_7Segment/vitis/7Segment_display/zynq_fsbl/zynq_fsbl_bsp'

TRACE::2025-03-03.10:57:43::SCWBDomain::make -C zynq_fsbl_bsp

TRACE::2025-03-03.10:57:43::SCWBDomain::make[1]: Entering directory 'C:/PXL/devWorks/devWorks2/Custom_AXI_IP_7Segment/vitis/7Segment_display/zynq_fsbl/zynq_fsbl_bsp'

TRACE::2025-03-03.10:57:43::SCWBDomain::make --no-print-directory seq_libs

TRACE::2025-03-03.10:57:43::SCWBDomain::"Running Make include in ps7_cortexa9_0/libsrc/coresightps_dcc_v1_10/src"

TRACE::2025-03-03.10:57:43::SCWBDomain::make -C ps7_cortexa9_0/libsrc/coresightps_dcc_v1_10/src -s include  "SHELL=CMD" "COMPILER=arm-none-eabi-gcc" "ASSEMBLER=arm-non
TRACE::2025-03-03.10:57:43::SCWBDomain::e-eabi-as" "ARCHIVER=arm-none-eabi-ar" "COMPILER_FLAGS=  -O2 -c" "EXTRA_COMPILER_FLAGS=-mcpu=cortex-a9 -mfpu=vfpv3 -mfloat-abi=
TRACE::2025-03-03.10:57:43::SCWBDomain::hard -nostartfiles -g -Wall -Wextra -fno-tree-loop-distribute-patterns"

TRACE::2025-03-03.10:57:43::SCWBDomain::"Running Make include in ps7_cortexa9_0/libsrc/cpu_cortexa9_v2_12/src"

TRACE::2025-03-03.10:57:43::SCWBDomain::make -C ps7_cortexa9_0/libsrc/cpu_cortexa9_v2_12/src -s include  "SHELL=CMD" "COMPILER=arm-none-eabi-gcc" "ASSEMBLER=arm-none-e
TRACE::2025-03-03.10:57:43::SCWBDomain::abi-as" "ARCHIVER=arm-none-eabi-ar" "COMPILER_FLAGS=  -O2 -c" "EXTRA_COMPILER_FLAGS=-mcpu=cortex-a9 -mfpu=vfpv3 -mfloat-abi=har
TRACE::2025-03-03.10:57:43::SCWBDomain::d -nostartfiles -g -Wall -Wextra -fno-tree-loop-distribute-patterns"

TRACE::2025-03-03.10:57:43::SCWBDomain::"Running Make include in ps7_cortexa9_0/libsrc/Custom_AXI_IP_7segment_display_v1_0/src"

TRACE::2025-03-03.10:57:43::SCWBDomain::make -C ps7_cortexa9_0/libsrc/Custom_AXI_IP_7segment_display_v1_0/src -s include  "SHELL=CMD" "COMPILER=arm-none-eabi-gcc" "ASS
TRACE::2025-03-03.10:57:43::SCWBDomain::EMBLER=arm-none-eabi-as" "ARCHIVER=arm-none-eabi-ar" "COMPILER_FLAGS=  -O2 -c" "EXTRA_COMPILER_FLAGS=-mcpu=cortex-a9 -mfpu=vfpv
TRACE::2025-03-03.10:57:43::SCWBDomain::3 -mfloat-abi=hard -nostartfiles -g -Wall -Wextra -fno-tree-loop-distribute-patterns"

TRACE::2025-03-03.10:57:43::SCWBDomain::"Running Make include in ps7_cortexa9_0/libsrc/ddrps_v1_2/src"

TRACE::2025-03-03.10:57:43::SCWBDomain::make -C ps7_cortexa9_0/libsrc/ddrps_v1_2/src -s include  "SHELL=CMD" "COMPILER=arm-none-eabi-gcc" "ASSEMBLER=arm-none-eabi-as" 
TRACE::2025-03-03.10:57:43::SCWBDomain::"ARCHIVER=arm-none-eabi-ar" "COMPILER_FLAGS=  -O2 -c" "EXTRA_COMPILER_FLAGS=-mcpu=cortex-a9 -mfpu=vfpv3 -mfloat-abi=hard -nosta
TRACE::2025-03-03.10:57:43::SCWBDomain::rtfiles -g -Wall -Wextra -fno-tree-loop-distribute-patterns"

TRACE::2025-03-03.10:57:43::SCWBDomain::"Running Make include in ps7_cortexa9_0/libsrc/devcfg_v3_8/src"

TRACE::2025-03-03.10:57:43::SCWBDomain::make -C ps7_cortexa9_0/libsrc/devcfg_v3_8/src -s include  "SHELL=CMD" "COMPILER=arm-none-eabi-gcc" "ASSEMBLER=arm-none-eabi-as"
TRACE::2025-03-03.10:57:43::SCWBDomain:: "ARCHIVER=arm-none-eabi-ar" "COMPILER_FLAGS=  -O2 -c" "EXTRA_COMPILER_FLAGS=-mcpu=cortex-a9 -mfpu=vfpv3 -mfloat-abi=hard -nost
TRACE::2025-03-03.10:57:43::SCWBDomain::artfiles -g -Wall -Wextra -fno-tree-loop-distribute-patterns"

TRACE::2025-03-03.10:57:43::SCWBDomain::"Running Make include in ps7_cortexa9_0/libsrc/dmaps_v2_10/src"

TRACE::2025-03-03.10:57:43::SCWBDomain::make -C ps7_cortexa9_0/libsrc/dmaps_v2_10/src -s include  "SHELL=CMD" "COMPILER=arm-none-eabi-gcc" "ASSEMBLER=arm-none-eabi-as"
TRACE::2025-03-03.10:57:43::SCWBDomain:: "ARCHIVER=arm-none-eabi-ar" "COMPILER_FLAGS=  -O2 -c" "EXTRA_COMPILER_FLAGS=-mcpu=cortex-a9 -mfpu=vfpv3 -mfloat-abi=hard -nost
TRACE::2025-03-03.10:57:43::SCWBDomain::artfiles -g -Wall -Wextra -fno-tree-loop-distribute-patterns"

TRACE::2025-03-03.10:57:43::SCWBDomain::"Running Make include in ps7_cortexa9_0/libsrc/emacps_v3_20/src"

TRACE::2025-03-03.10:57:43::SCWBDomain::make -C ps7_cortexa9_0/libsrc/emacps_v3_20/src -s include  "SHELL=CMD" "COMPILER=arm-none-eabi-gcc" "ASSEMBLER=arm-none-eabi-as
TRACE::2025-03-03.10:57:43::SCWBDomain::" "ARCHIVER=arm-none-eabi-ar" "COMPILER_FLAGS=  -O2 -c" "EXTRA_COMPILER_FLAGS=-mcpu=cortex-a9 -mfpu=vfpv3 -mfloat-abi=hard -nos
TRACE::2025-03-03.10:57:43::SCWBDomain::tartfiles -g -Wall -Wextra -fno-tree-loop-distribute-patterns"

TRACE::2025-03-03.10:57:43::SCWBDomain::"Running Make include in ps7_cortexa9_0/libsrc/gpiops_v3_13/src"

TRACE::2025-03-03.10:57:43::SCWBDomain::make -C ps7_cortexa9_0/libsrc/gpiops_v3_13/src -s include  "SHELL=CMD" "COMPILER=arm-none-eabi-gcc" "ASSEMBLER=arm-none-eabi-as
TRACE::2025-03-03.10:57:43::SCWBDomain::" "ARCHIVER=arm-none-eabi-ar" "COMPILER_FLAGS=  -O2 -c" "EXTRA_COMPILER_FLAGS=-mcpu=cortex-a9 -mfpu=vfpv3 -mfloat-abi=hard -nos
TRACE::2025-03-03.10:57:43::SCWBDomain::tartfiles -g -Wall -Wextra -fno-tree-loop-distribute-patterns"

TRACE::2025-03-03.10:57:44::SCWBDomain::"Running Make include in ps7_cortexa9_0/libsrc/qspips_v3_12/src"

TRACE::2025-03-03.10:57:44::SCWBDomain::make -C ps7_cortexa9_0/libsrc/qspips_v3_12/src -s include  "SHELL=CMD" "COMPILER=arm-none-eabi-gcc" "ASSEMBLER=arm-none-eabi-as
TRACE::2025-03-03.10:57:44::SCWBDomain::" "ARCHIVER=arm-none-eabi-ar" "COMPILER_FLAGS=  -O2 -c" "EXTRA_COMPILER_FLAGS=-mcpu=cortex-a9 -mfpu=vfpv3 -mfloat-abi=hard -nos
TRACE::2025-03-03.10:57:44::SCWBDomain::tartfiles -g -Wall -Wextra -fno-tree-loop-distribute-patterns"

TRACE::2025-03-03.10:57:44::SCWBDomain::"Running Make include in ps7_cortexa9_0/libsrc/scugic_v5_3/src"

TRACE::2025-03-03.10:57:44::SCWBDomain::make -C ps7_cortexa9_0/libsrc/scugic_v5_3/src -s include  "SHELL=CMD" "COMPILER=arm-none-eabi-gcc" "ASSEMBLER=arm-none-eabi-as"
TRACE::2025-03-03.10:57:44::SCWBDomain:: "ARCHIVER=arm-none-eabi-ar" "COMPILER_FLAGS=  -O2 -c" "EXTRA_COMPILER_FLAGS=-mcpu=cortex-a9 -mfpu=vfpv3 -mfloat-abi=hard -nost
TRACE::2025-03-03.10:57:44::SCWBDomain::artfiles -g -Wall -Wextra -fno-tree-loop-distribute-patterns"

TRACE::2025-03-03.10:57:44::SCWBDomain::"Running Make include in ps7_cortexa9_0/libsrc/scutimer_v2_6/src"

TRACE::2025-03-03.10:57:44::SCWBDomain::make -C ps7_cortexa9_0/libsrc/scutimer_v2_6/src -s include  "SHELL=CMD" "COMPILER=arm-none-eabi-gcc" "ASSEMBLER=arm-none-eabi-a
TRACE::2025-03-03.10:57:44::SCWBDomain::s" "ARCHIVER=arm-none-eabi-ar" "COMPILER_FLAGS=  -O2 -c" "EXTRA_COMPILER_FLAGS=-mcpu=cortex-a9 -mfpu=vfpv3 -mfloat-abi=hard -no
TRACE::2025-03-03.10:57:44::SCWBDomain::startfiles -g -Wall -Wextra -fno-tree-loop-distribute-patterns"

TRACE::2025-03-03.10:57:44::SCWBDomain::"Running Make include in ps7_cortexa9_0/libsrc/scuwdt_v2_5/src"

TRACE::2025-03-03.10:57:44::SCWBDomain::make -C ps7_cortexa9_0/libsrc/scuwdt_v2_5/src -s include  "SHELL=CMD" "COMPILER=arm-none-eabi-gcc" "ASSEMBLER=arm-none-eabi-as"
TRACE::2025-03-03.10:57:44::SCWBDomain:: "ARCHIVER=arm-none-eabi-ar" "COMPILER_FLAGS=  -O2 -c" "EXTRA_COMPILER_FLAGS=-mcpu=cortex-a9 -mfpu=vfpv3 -mfloat-abi=hard -nost
TRACE::2025-03-03.10:57:44::SCWBDomain::artfiles -g -Wall -Wextra -fno-tree-loop-distribute-patterns"

TRACE::2025-03-03.10:57:44::SCWBDomain::"Running Make include in ps7_cortexa9_0/libsrc/sdps_v4_3/src"

TRACE::2025-03-03.10:57:44::SCWBDomain::make -C ps7_cortexa9_0/libsrc/sdps_v4_3/src -s include  "SHELL=CMD" "COMPILER=arm-none-eabi-gcc" "ASSEMBLER=arm-none-eabi-as" "
TRACE::2025-03-03.10:57:44::SCWBDomain::ARCHIVER=arm-none-eabi-ar" "COMPILER_FLAGS=  -O2 -c" "EXTRA_COMPILER_FLAGS=-mcpu=cortex-a9 -mfpu=vfpv3 -mfloat-abi=hard -nostar
TRACE::2025-03-03.10:57:44::SCWBDomain::tfiles -g -Wall -Wextra -fno-tree-loop-distribute-patterns"

TRACE::2025-03-03.10:57:44::SCWBDomain::"Running Make include in ps7_cortexa9_0/libsrc/standalone_v9_1/src"

TRACE::2025-03-03.10:57:44::SCWBDomain::make -C ps7_cortexa9_0/libsrc/standalone_v9_1/src -s include  "SHELL=CMD" "COMPILER=arm-none-eabi-gcc" "ASSEMBLER=arm-none-eabi
TRACE::2025-03-03.10:57:44::SCWBDomain::-as" "ARCHIVER=arm-none-eabi-ar" "COMPILER_FLAGS=  -O2 -c" "EXTRA_COMPILER_FLAGS=-mcpu=cortex-a9 -mfpu=vfpv3 -mfloat-abi=hard -
TRACE::2025-03-03.10:57:44::SCWBDomain::nostartfiles -g -Wall -Wextra -fno-tree-loop-distribute-patterns"

TRACE::2025-03-03.10:57:44::SCWBDomain::"Running Make include in ps7_cortexa9_0/libsrc/uartps_v3_14/src"

TRACE::2025-03-03.10:57:44::SCWBDomain::make -C ps7_cortexa9_0/libsrc/uartps_v3_14/src -s include  "SHELL=CMD" "COMPILER=arm-none-eabi-gcc" "ASSEMBLER=arm-none-eabi-as
TRACE::2025-03-03.10:57:44::SCWBDomain::" "ARCHIVER=arm-none-eabi-ar" "COMPILER_FLAGS=  -O2 -c" "EXTRA_COMPILER_FLAGS=-mcpu=cortex-a9 -mfpu=vfpv3 -mfloat-abi=hard -nos
TRACE::2025-03-03.10:57:44::SCWBDomain::tartfiles -g -Wall -Wextra -fno-tree-loop-distribute-patterns"

TRACE::2025-03-03.10:57:44::SCWBDomain::"Running Make include in ps7_cortexa9_0/libsrc/usbps_v2_9/src"

TRACE::2025-03-03.10:57:44::SCWBDomain::make -C ps7_cortexa9_0/libsrc/usbps_v2_9/src -s include  "SHELL=CMD" "COMPILER=arm-none-eabi-gcc" "ASSEMBLER=arm-none-eabi-as" 
TRACE::2025-03-03.10:57:44::SCWBDomain::"ARCHIVER=arm-none-eabi-ar" "COMPILER_FLAGS=  -O2 -c" "EXTRA_COMPILER_FLAGS=-mcpu=cortex-a9 -mfpu=vfpv3 -mfloat-abi=hard -nosta
TRACE::2025-03-03.10:57:44::SCWBDomain::rtfiles -g -Wall -Wextra -fno-tree-loop-distribute-patterns"

TRACE::2025-03-03.10:57:44::SCWBDomain::"Running Make include in ps7_cortexa9_0/libsrc/xadcps_v2_7/src"

TRACE::2025-03-03.10:57:44::SCWBDomain::make -C ps7_cortexa9_0/libsrc/xadcps_v2_7/src -s include  "SHELL=CMD" "COMPILER=arm-none-eabi-gcc" "ASSEMBLER=arm-none-eabi-as"
TRACE::2025-03-03.10:57:44::SCWBDomain:: "ARCHIVER=arm-none-eabi-ar" "COMPILER_FLAGS=  -O2 -c" "EXTRA_COMPILER_FLAGS=-mcpu=cortex-a9 -mfpu=vfpv3 -mfloat-abi=hard -nost
TRACE::2025-03-03.10:57:44::SCWBDomain::artfiles -g -Wall -Wextra -fno-tree-loop-distribute-patterns"

TRACE::2025-03-03.10:57:44::SCWBDomain::"Running Make include in ps7_cortexa9_0/libsrc/xilffs_v5_2/src"

TRACE::2025-03-03.10:57:44::SCWBDomain::make -C ps7_cortexa9_0/libsrc/xilffs_v5_2/src -s include  "SHELL=CMD" "COMPILER=arm-none-eabi-gcc" "ASSEMBLER=arm-none-eabi-as"
TRACE::2025-03-03.10:57:44::SCWBDomain:: "ARCHIVER=arm-none-eabi-ar" "COMPILER_FLAGS=  -O2 -c" "EXTRA_COMPILER_FLAGS=-mcpu=cortex-a9 -mfpu=vfpv3 -mfloat-abi=hard -nost
TRACE::2025-03-03.10:57:44::SCWBDomain::artfiles -g -Wall -Wextra -fno-tree-loop-distribute-patterns"

TRACE::2025-03-03.10:57:44::SCWBDomain::"Running Make include in ps7_cortexa9_0/libsrc/xilrsa_v1_8/src"

TRACE::2025-03-03.10:57:44::SCWBDomain::make -C ps7_cortexa9_0/libsrc/xilrsa_v1_8/src -s include  "SHELL=CMD" "COMPILER=arm-none-eabi-gcc" "ASSEMBLER=arm-none-eabi-as"
TRACE::2025-03-03.10:57:44::SCWBDomain:: "ARCHIVER=arm-none-eabi-ar" "COMPILER_FLAGS=  -O2 -c" "EXTRA_COMPILER_FLAGS=-mcpu=cortex-a9 -mfpu=vfpv3 -mfloat-abi=hard -nost
TRACE::2025-03-03.10:57:44::SCWBDomain::artfiles -g -Wall -Wextra -fno-tree-loop-distribute-patterns"

TRACE::2025-03-03.10:57:44::SCWBDomain::"Running Make libs in ps7_cortexa9_0/libsrc/Custom_AXI_IP_7segment_display_v1_0/src"

TRACE::2025-03-03.10:57:44::SCWBDomain::make -C ps7_cortexa9_0/libsrc/Custom_AXI_IP_7segment_display_v1_0/src -s libs  "SHELL=CMD" "COMPILER=arm-none-eabi-gcc" "ASSEMB
TRACE::2025-03-03.10:57:44::SCWBDomain::LER=arm-none-eabi-as" "ARCHIVER=arm-none-eabi-ar" "COMPILER_FLAGS=  -O2 -c" "EXTRA_COMPILER_FLAGS=-mcpu=cortex-a9 -mfpu=vfpv3 -
TRACE::2025-03-03.10:57:44::SCWBDomain::mfloat-abi=hard -nostartfiles -g -Wall -Wextra -fno-tree-loop-distribute-patterns"

TRACE::2025-03-03.10:57:44::SCWBDomain::"Compiling Custom_AXI_IP_7segment_display..."

TRACE::2025-03-03.10:57:44::SCWBDomain::make[1]: Leaving directory 'C:/PXL/devWorks/devWorks2/Custom_AXI_IP_7Segment/vitis/7Segment_display/zynq_fsbl/zynq_fsbl_bsp'

ERROR::2025-03-03.10:57:44::SCWBDomain::Failed to build the  zynq_fsbl application.
LOG::2025-03-03.10:57:44::SCWSystem::Checking the domain standalone_ps7_cortexa9_0
LOG::2025-03-03.10:57:44::SCWSystem::Not a boot domain 
LOG::2025-03-03.10:57:44::SCWSystem::Started Processing the domain standalone_ps7_cortexa9_0
TRACE::2025-03-03.10:57:44::SCWDomain::Generating domain artifcats
TRACE::2025-03-03.10:57:44::SCWMssOS::Generating standalone artifcats
TRACE::2025-03-03.10:57:44::SCWMssOS::Copying the qemu file from  C:/PXL/devWorks/devWorks2/Custom_AXI_IP_7Segment/vitis/7Segment_display/resources/7Segment_display/standalone_ps7_cortexa9_0/qemu_args.txt To C:/PXL/devWorks/devWorks2/Custom_AXI_IP_7Segment/vitis/7Segment_display/export/7Segment_display/sw/7Segment_display/standalone_ps7_cortexa9_0/qemu/
TRACE::2025-03-03.10:57:44::SCWMssOS:: Copying the user libraries. 
TRACE::2025-03-03.10:57:44::SCWPlatform::Trying to open the hw design at C:/PXL/devWorks/devWorks2/Custom_AXI_IP_7Segment/vitis/7Segment_display/hw/7Segment_display.xsa
TRACE::2025-03-03.10:57:44::SCWPlatform::DSA given C:/PXL/devWorks/devWorks2/Custom_AXI_IP_7Segment/vitis/7Segment_display/hw/7Segment_display.xsa
TRACE::2025-03-03.10:57:44::SCWPlatform::DSA absoulate path C:/PXL/devWorks/devWorks2/Custom_AXI_IP_7Segment/vitis/7Segment_display/hw/7Segment_display.xsa
TRACE::2025-03-03.10:57:44::SCWPlatform::DSA directory C:/PXL/devWorks/devWorks2/Custom_AXI_IP_7Segment/vitis/7Segment_display/hw
TRACE::2025-03-03.10:57:44::SCWPlatform:: Platform Path C:/PXL/devWorks/devWorks2/Custom_AXI_IP_7Segment/vitis/7Segment_display/hw/7Segment_display.xsa
TRACE::2025-03-03.10:57:44::SCWPlatform:: Unique name xilinx:pynq-z2::0.0
TRACE::2025-03-03.10:57:44::SCWPlatform::Trying to set the existing hwdb with name design_1_wrapper_0
TRACE::2025-03-03.10:57:44::SCWPlatform::Opened existing hwdb design_1_wrapper_0
TRACE::2025-03-03.10:57:44::SCWPlatform::Found the Hw Db part of the input DSA
TRACE::2025-03-03.10:57:44::SCWMssOS::Checking the sw design at  C:/PXL/devWorks/devWorks2/Custom_AXI_IP_7Segment/vitis/7Segment_display/ps7_cortexa9_0/standalone_ps7_cortexa9_0/bsp/system.mss
TRACE::2025-03-03.10:57:44::SCWMssOS::DEBUG:  swdes dump  C:/PXL/devWorks/devWorks2/Custom_AXI_IP_7Segment/vitis/7Segment_display/ps7_cortexa9_0/standalone_ps7_cortexa9_0/bsp/system.mss|system_0||
C:/PXL/devWorks/devWorks2/Custom_AXI_IP_7Segment/vitis/7Segment_display/zynq_fsbl/zynq_fsbl_bsp/system.mss|system||

TRACE::2025-03-03.10:57:44::SCWMssOS::Sw design exists and opened at  C:/PXL/devWorks/devWorks2/Custom_AXI_IP_7Segment/vitis/7Segment_display/ps7_cortexa9_0/standalone_ps7_cortexa9_0/bsp/system.mss
TRACE::2025-03-03.10:57:44::SCWMssOS::Completed writing the mss file at C:/PXL/devWorks/devWorks2/Custom_AXI_IP_7Segment/vitis/7Segment_display/ps7_cortexa9_0/standalone_ps7_cortexa9_0/bsp
TRACE::2025-03-03.10:57:44::SCWMssOS::Mss edits present, copying mssfile into export location C:/PXL/devWorks/devWorks2/Custom_AXI_IP_7Segment/vitis/7Segment_display/ps7_cortexa9_0/standalone_ps7_cortexa9_0/bsp/system.mss
TRACE::2025-03-03.10:57:44::SCWMssOS::bsp generated is upto date with the mss file. Skipping bsp generation.
TRACE::2025-03-03.10:57:44::SCWMssOS::BSP is already built. skipping the bsp build ... 
TRACE::2025-03-03.10:57:44::SCWDomain::Building the domain as part of full build :  standalone_ps7_cortexa9_0
TRACE::2025-03-03.10:57:44::SCWMssOS::doing bsp build ... 
TRACE::2025-03-03.10:57:44::SCWMssOS::System Command Ran  C: & cd  C:/PXL/devWorks/devWorks2/Custom_AXI_IP_7Segment/vitis/7Segment_display/ps7_cortexa9_0/standalone_ps7_cortexa9_0/bsp & make 
TRACE::2025-03-03.10:57:44::SCWMssOS::make --no-print-directory seq_libs

TRACE::2025-03-03.10:57:44::SCWMssOS::"Running Make include in ps7_cortexa9_0/libsrc/coresightps_dcc_v1_10/src"

TRACE::2025-03-03.10:57:44::SCWMssOS::make -C ps7_cortexa9_0/libsrc/coresightps_dcc_v1_10/src -s include  "SHELL=CMD" "COMPILER=arm-none-eabi-gcc" "ASSEMBLER=arm-non
TRACE::2025-03-03.10:57:44::SCWMssOS::e-eabi-as" "ARCHIVER=arm-none-eabi-ar" "COMPILER_FLAGS=  -O2 -c" "EXTRA_COMPILER_FLAGS=-mcpu=cortex-a9 -mfpu=vfpv3 -mfloat-abi=
TRACE::2025-03-03.10:57:44::SCWMssOS::hard -nostartfiles -g -Wall -Wextra -fno-tree-loop-distribute-patterns"

TRACE::2025-03-03.10:57:44::SCWMssOS::"Running Make include in ps7_cortexa9_0/libsrc/cpu_cortexa9_v2_12/src"

TRACE::2025-03-03.10:57:44::SCWMssOS::make -C ps7_cortexa9_0/libsrc/cpu_cortexa9_v2_12/src -s include  "SHELL=CMD" "COMPILER=arm-none-eabi-gcc" "ASSEMBLER=arm-none-e
TRACE::2025-03-03.10:57:44::SCWMssOS::abi-as" "ARCHIVER=arm-none-eabi-ar" "COMPILER_FLAGS=  -O2 -c" "EXTRA_COMPILER_FLAGS=-mcpu=cortex-a9 -mfpu=vfpv3 -mfloat-abi=har
TRACE::2025-03-03.10:57:44::SCWMssOS::d -nostartfiles -g -Wall -Wextra -fno-tree-loop-distribute-patterns"

TRACE::2025-03-03.10:57:44::SCWMssOS::"Running Make include in ps7_cortexa9_0/libsrc/Custom_AXI_IP_7segment_display_v1_0/src"

TRACE::2025-03-03.10:57:44::SCWMssOS::make -C ps7_cortexa9_0/libsrc/Custom_AXI_IP_7segment_display_v1_0/src -s include  "SHELL=CMD" "COMPILER=arm-none-eabi-gcc" "ASS
TRACE::2025-03-03.10:57:44::SCWMssOS::EMBLER=arm-none-eabi-as" "ARCHIVER=arm-none-eabi-ar" "COMPILER_FLAGS=  -O2 -c" "EXTRA_COMPILER_FLAGS=-mcpu=cortex-a9 -mfpu=vfpv
TRACE::2025-03-03.10:57:44::SCWMssOS::3 -mfloat-abi=hard -nostartfiles -g -Wall -Wextra -fno-tree-loop-distribute-patterns"

TRACE::2025-03-03.10:57:45::SCWMssOS::"Running Make include in ps7_cortexa9_0/libsrc/ddrps_v1_2/src"

TRACE::2025-03-03.10:57:45::SCWMssOS::make -C ps7_cortexa9_0/libsrc/ddrps_v1_2/src -s include  "SHELL=CMD" "COMPILER=arm-none-eabi-gcc" "ASSEMBLER=arm-none-eabi-as" 
TRACE::2025-03-03.10:57:45::SCWMssOS::"ARCHIVER=arm-none-eabi-ar" "COMPILER_FLAGS=  -O2 -c" "EXTRA_COMPILER_FLAGS=-mcpu=cortex-a9 -mfpu=vfpv3 -mfloat-abi=hard -nosta
TRACE::2025-03-03.10:57:45::SCWMssOS::rtfiles -g -Wall -Wextra -fno-tree-loop-distribute-patterns"

TRACE::2025-03-03.10:57:45::SCWMssOS::"Running Make include in ps7_cortexa9_0/libsrc/devcfg_v3_8/src"

TRACE::2025-03-03.10:57:45::SCWMssOS::make -C ps7_cortexa9_0/libsrc/devcfg_v3_8/src -s include  "SHELL=CMD" "COMPILER=arm-none-eabi-gcc" "ASSEMBLER=arm-none-eabi-as"
TRACE::2025-03-03.10:57:45::SCWMssOS:: "ARCHIVER=arm-none-eabi-ar" "COMPILER_FLAGS=  -O2 -c" "EXTRA_COMPILER_FLAGS=-mcpu=cortex-a9 -mfpu=vfpv3 -mfloat-abi=hard -nost
TRACE::2025-03-03.10:57:45::SCWMssOS::artfiles -g -Wall -Wextra -fno-tree-loop-distribute-patterns"

TRACE::2025-03-03.10:57:45::SCWMssOS::"Running Make include in ps7_cortexa9_0/libsrc/dmaps_v2_10/src"

TRACE::2025-03-03.10:57:45::SCWMssOS::make -C ps7_cortexa9_0/libsrc/dmaps_v2_10/src -s include  "SHELL=CMD" "COMPILER=arm-none-eabi-gcc" "ASSEMBLER=arm-none-eabi-as"
TRACE::2025-03-03.10:57:45::SCWMssOS:: "ARCHIVER=arm-none-eabi-ar" "COMPILER_FLAGS=  -O2 -c" "EXTRA_COMPILER_FLAGS=-mcpu=cortex-a9 -mfpu=vfpv3 -mfloat-abi=hard -nost
TRACE::2025-03-03.10:57:45::SCWMssOS::artfiles -g -Wall -Wextra -fno-tree-loop-distribute-patterns"

TRACE::2025-03-03.10:57:45::SCWMssOS::"Running Make include in ps7_cortexa9_0/libsrc/emacps_v3_20/src"

TRACE::2025-03-03.10:57:45::SCWMssOS::make -C ps7_cortexa9_0/libsrc/emacps_v3_20/src -s include  "SHELL=CMD" "COMPILER=arm-none-eabi-gcc" "ASSEMBLER=arm-none-eabi-as
TRACE::2025-03-03.10:57:45::SCWMssOS::" "ARCHIVER=arm-none-eabi-ar" "COMPILER_FLAGS=  -O2 -c" "EXTRA_COMPILER_FLAGS=-mcpu=cortex-a9 -mfpu=vfpv3 -mfloat-abi=hard -nos
TRACE::2025-03-03.10:57:45::SCWMssOS::tartfiles -g -Wall -Wextra -fno-tree-loop-distribute-patterns"

TRACE::2025-03-03.10:57:45::SCWMssOS::"Running Make include in ps7_cortexa9_0/libsrc/gpiops_v3_13/src"

TRACE::2025-03-03.10:57:45::SCWMssOS::make -C ps7_cortexa9_0/libsrc/gpiops_v3_13/src -s include  "SHELL=CMD" "COMPILER=arm-none-eabi-gcc" "ASSEMBLER=arm-none-eabi-as
TRACE::2025-03-03.10:57:45::SCWMssOS::" "ARCHIVER=arm-none-eabi-ar" "COMPILER_FLAGS=  -O2 -c" "EXTRA_COMPILER_FLAGS=-mcpu=cortex-a9 -mfpu=vfpv3 -mfloat-abi=hard -nos
TRACE::2025-03-03.10:57:45::SCWMssOS::tartfiles -g -Wall -Wextra -fno-tree-loop-distribute-patterns"

TRACE::2025-03-03.10:57:45::SCWMssOS::"Running Make include in ps7_cortexa9_0/libsrc/qspips_v3_12/src"

TRACE::2025-03-03.10:57:45::SCWMssOS::make -C ps7_cortexa9_0/libsrc/qspips_v3_12/src -s include  "SHELL=CMD" "COMPILER=arm-none-eabi-gcc" "ASSEMBLER=arm-none-eabi-as
TRACE::2025-03-03.10:57:45::SCWMssOS::" "ARCHIVER=arm-none-eabi-ar" "COMPILER_FLAGS=  -O2 -c" "EXTRA_COMPILER_FLAGS=-mcpu=cortex-a9 -mfpu=vfpv3 -mfloat-abi=hard -nos
TRACE::2025-03-03.10:57:45::SCWMssOS::tartfiles -g -Wall -Wextra -fno-tree-loop-distribute-patterns"

TRACE::2025-03-03.10:57:45::SCWMssOS::"Running Make include in ps7_cortexa9_0/libsrc/scugic_v5_3/src"

TRACE::2025-03-03.10:57:45::SCWMssOS::make -C ps7_cortexa9_0/libsrc/scugic_v5_3/src -s include  "SHELL=CMD" "COMPILER=arm-none-eabi-gcc" "ASSEMBLER=arm-none-eabi-as"
TRACE::2025-03-03.10:57:45::SCWMssOS:: "ARCHIVER=arm-none-eabi-ar" "COMPILER_FLAGS=  -O2 -c" "EXTRA_COMPILER_FLAGS=-mcpu=cortex-a9 -mfpu=vfpv3 -mfloat-abi=hard -nost
TRACE::2025-03-03.10:57:45::SCWMssOS::artfiles -g -Wall -Wextra -fno-tree-loop-distribute-patterns"

TRACE::2025-03-03.10:57:45::SCWMssOS::"Running Make include in ps7_cortexa9_0/libsrc/scutimer_v2_6/src"

TRACE::2025-03-03.10:57:45::SCWMssOS::make -C ps7_cortexa9_0/libsrc/scutimer_v2_6/src -s include  "SHELL=CMD" "COMPILER=arm-none-eabi-gcc" "ASSEMBLER=arm-none-eabi-a
TRACE::2025-03-03.10:57:45::SCWMssOS::s" "ARCHIVER=arm-none-eabi-ar" "COMPILER_FLAGS=  -O2 -c" "EXTRA_COMPILER_FLAGS=-mcpu=cortex-a9 -mfpu=vfpv3 -mfloat-abi=hard -no
TRACE::2025-03-03.10:57:45::SCWMssOS::startfiles -g -Wall -Wextra -fno-tree-loop-distribute-patterns"

TRACE::2025-03-03.10:57:45::SCWMssOS::"Running Make include in ps7_cortexa9_0/libsrc/scuwdt_v2_5/src"

TRACE::2025-03-03.10:57:45::SCWMssOS::make -C ps7_cortexa9_0/libsrc/scuwdt_v2_5/src -s include  "SHELL=CMD" "COMPILER=arm-none-eabi-gcc" "ASSEMBLER=arm-none-eabi-as"
TRACE::2025-03-03.10:57:45::SCWMssOS:: "ARCHIVER=arm-none-eabi-ar" "COMPILER_FLAGS=  -O2 -c" "EXTRA_COMPILER_FLAGS=-mcpu=cortex-a9 -mfpu=vfpv3 -mfloat-abi=hard -nost
TRACE::2025-03-03.10:57:45::SCWMssOS::artfiles -g -Wall -Wextra -fno-tree-loop-distribute-patterns"

TRACE::2025-03-03.10:57:45::SCWMssOS::"Running Make include in ps7_cortexa9_0/libsrc/sdps_v4_3/src"

TRACE::2025-03-03.10:57:45::SCWMssOS::make -C ps7_cortexa9_0/libsrc/sdps_v4_3/src -s include  "SHELL=CMD" "COMPILER=arm-none-eabi-gcc" "ASSEMBLER=arm-none-eabi-as" "
TRACE::2025-03-03.10:57:45::SCWMssOS::ARCHIVER=arm-none-eabi-ar" "COMPILER_FLAGS=  -O2 -c" "EXTRA_COMPILER_FLAGS=-mcpu=cortex-a9 -mfpu=vfpv3 -mfloat-abi=hard -nostar
TRACE::2025-03-03.10:57:45::SCWMssOS::tfiles -g -Wall -Wextra -fno-tree-loop-distribute-patterns"

TRACE::2025-03-03.10:57:45::SCWMssOS::"Running Make include in ps7_cortexa9_0/libsrc/standalone_v9_1/src"

TRACE::2025-03-03.10:57:45::SCWMssOS::make -C ps7_cortexa9_0/libsrc/standalone_v9_1/src -s include  "SHELL=CMD" "COMPILER=arm-none-eabi-gcc" "ASSEMBLER=arm-none-eabi
TRACE::2025-03-03.10:57:45::SCWMssOS::-as" "ARCHIVER=arm-none-eabi-ar" "COMPILER_FLAGS=  -O2 -c" "EXTRA_COMPILER_FLAGS=-mcpu=cortex-a9 -mfpu=vfpv3 -mfloat-abi=hard -
TRACE::2025-03-03.10:57:45::SCWMssOS::nostartfiles -g -Wall -Wextra -fno-tree-loop-distribute-patterns"

TRACE::2025-03-03.10:57:45::SCWMssOS::"Running Make include in ps7_cortexa9_0/libsrc/uartps_v3_14/src"

TRACE::2025-03-03.10:57:45::SCWMssOS::make -C ps7_cortexa9_0/libsrc/uartps_v3_14/src -s include  "SHELL=CMD" "COMPILER=arm-none-eabi-gcc" "ASSEMBLER=arm-none-eabi-as
TRACE::2025-03-03.10:57:45::SCWMssOS::" "ARCHIVER=arm-none-eabi-ar" "COMPILER_FLAGS=  -O2 -c" "EXTRA_COMPILER_FLAGS=-mcpu=cortex-a9 -mfpu=vfpv3 -mfloat-abi=hard -nos
TRACE::2025-03-03.10:57:45::SCWMssOS::tartfiles -g -Wall -Wextra -fno-tree-loop-distribute-patterns"

TRACE::2025-03-03.10:57:45::SCWMssOS::"Running Make include in ps7_cortexa9_0/libsrc/usbps_v2_9/src"

TRACE::2025-03-03.10:57:45::SCWMssOS::make -C ps7_cortexa9_0/libsrc/usbps_v2_9/src -s include  "SHELL=CMD" "COMPILER=arm-none-eabi-gcc" "ASSEMBLER=arm-none-eabi-as" 
TRACE::2025-03-03.10:57:45::SCWMssOS::"ARCHIVER=arm-none-eabi-ar" "COMPILER_FLAGS=  -O2 -c" "EXTRA_COMPILER_FLAGS=-mcpu=cortex-a9 -mfpu=vfpv3 -mfloat-abi=hard -nosta
TRACE::2025-03-03.10:57:45::SCWMssOS::rtfiles -g -Wall -Wextra -fno-tree-loop-distribute-patterns"

TRACE::2025-03-03.10:57:45::SCWMssOS::"Running Make include in ps7_cortexa9_0/libsrc/xadcps_v2_7/src"

TRACE::2025-03-03.10:57:45::SCWMssOS::make -C ps7_cortexa9_0/libsrc/xadcps_v2_7/src -s include  "SHELL=CMD" "COMPILER=arm-none-eabi-gcc" "ASSEMBLER=arm-none-eabi-as"
TRACE::2025-03-03.10:57:45::SCWMssOS:: "ARCHIVER=arm-none-eabi-ar" "COMPILER_FLAGS=  -O2 -c" "EXTRA_COMPILER_FLAGS=-mcpu=cortex-a9 -mfpu=vfpv3 -mfloat-abi=hard -nost
TRACE::2025-03-03.10:57:45::SCWMssOS::artfiles -g -Wall -Wextra -fno-tree-loop-distribute-patterns"

TRACE::2025-03-03.10:57:45::SCWMssOS::"Running Make libs in ps7_cortexa9_0/libsrc/Custom_AXI_IP_7segment_display_v1_0/src"

TRACE::2025-03-03.10:57:45::SCWMssOS::make -C ps7_cortexa9_0/libsrc/Custom_AXI_IP_7segment_display_v1_0/src -s libs  "SHELL=CMD" "COMPILER=arm-none-eabi-gcc" "ASSEMB
TRACE::2025-03-03.10:57:45::SCWMssOS::LER=arm-none-eabi-as" "ARCHIVER=arm-none-eabi-ar" "COMPILER_FLAGS=  -O2 -c" "EXTRA_COMPILER_FLAGS=-mcpu=cortex-a9 -mfpu=vfpv3 -
TRACE::2025-03-03.10:57:45::SCWMssOS::mfloat-abi=hard -nostartfiles -g -Wall -Wextra -fno-tree-loop-distribute-patterns"

TRACE::2025-03-03.10:57:45::SCWMssOS::"Compiling Custom_AXI_IP_7segment_display..."

ERROR::2025-03-03.10:57:45::SCWMssOS::Failed to build  the bsp sources for domain - standalone_ps7_cortexa9_0
ERROR::2025-03-03.10:57:45::SCWSystem::Error in Processing the domain standalone_ps7_cortexa9_0
LOG::2025-03-03.11:00:15::SCWPlatform::Started generating the artifacts platform 7Segment_display
TRACE::2025-03-03.11:00:15::SCWPlatform::Sanity checking of platform is completed
LOG::2025-03-03.11:00:15::SCWPlatform::Started generating the artifacts for system configuration 7Segment_display
LOG::2025-03-03.11:00:15::SCWSystem::Checking the domain zynq_fsbl
LOG::2025-03-03.11:00:15::SCWSystem::Doing application build for :  zynq_fsbl
TRACE::2025-03-03.11:00:15::SCWBDomain::Not a forced makefile updation, No changes are present. 
TRACE::2025-03-03.11:00:15::SCWDomain::Building the domain as part of full build :  zynq_fsbl
TRACE::2025-03-03.11:00:15::SCWPlatform::Trying to open the hw design at C:/PXL/devWorks/devWorks2/Custom_AXI_IP_7Segment/vitis/7Segment_display/hw/7Segment_display.xsa
TRACE::2025-03-03.11:00:15::SCWPlatform::DSA given C:/PXL/devWorks/devWorks2/Custom_AXI_IP_7Segment/vitis/7Segment_display/hw/7Segment_display.xsa
TRACE::2025-03-03.11:00:15::SCWPlatform::DSA absoulate path C:/PXL/devWorks/devWorks2/Custom_AXI_IP_7Segment/vitis/7Segment_display/hw/7Segment_display.xsa
TRACE::2025-03-03.11:00:15::SCWPlatform::DSA directory C:/PXL/devWorks/devWorks2/Custom_AXI_IP_7Segment/vitis/7Segment_display/hw
TRACE::2025-03-03.11:00:15::SCWPlatform:: Platform Path C:/PXL/devWorks/devWorks2/Custom_AXI_IP_7Segment/vitis/7Segment_display/hw/7Segment_display.xsa
TRACE::2025-03-03.11:00:15::SCWPlatform:: Unique name xilinx:pynq-z2::0.0
TRACE::2025-03-03.11:00:15::SCWPlatform::Trying to set the existing hwdb with name design_1_wrapper_0
TRACE::2025-03-03.11:00:15::SCWPlatform::Opened existing hwdb design_1_wrapper_0
TRACE::2025-03-03.11:00:15::SCWPlatform::Found the Hw Db part of the input DSA
TRACE::2025-03-03.11:00:15::SCWMssOS::Checking the sw design at  C:/PXL/devWorks/devWorks2/Custom_AXI_IP_7Segment/vitis/7Segment_display/zynq_fsbl/zynq_fsbl_bsp/system.mss
TRACE::2025-03-03.11:00:15::SCWMssOS::DEBUG:  swdes dump  C:/PXL/devWorks/devWorks2/Custom_AXI_IP_7Segment/vitis/7Segment_display/ps7_cortexa9_0/standalone_ps7_cortexa9_0/bsp/system.mss|system_0||
C:/PXL/devWorks/devWorks2/Custom_AXI_IP_7Segment/vitis/7Segment_display/zynq_fsbl/zynq_fsbl_bsp/system.mss|system||

TRACE::2025-03-03.11:00:15::SCWMssOS::Sw design exists and opened at  C:/PXL/devWorks/devWorks2/Custom_AXI_IP_7Segment/vitis/7Segment_display/zynq_fsbl/zynq_fsbl_bsp/system.mss
TRACE::2025-03-03.11:00:15::SCWBDomain::Completed writing the mss file at C:/PXL/devWorks/devWorks2/Custom_AXI_IP_7Segment/vitis/7Segment_display/zynq_fsbl/zynq_fsbl_bsp
TRACE::2025-03-03.11:00:15::SCWBDomain::bsp generated is upto date with the mss file. Skipping bsp generation.
TRACE::2025-03-03.11:00:15::SCWBDomain::Not a forced makefile updation, No changes are present. 
TRACE::2025-03-03.11:00:15::SCWBDomain::System Command Ran  C:&  cd  C:/PXL/devWorks/devWorks2/Custom_AXI_IP_7Segment/vitis/7Segment_display/zynq_fsbl& make -C  zynq_fsbl_bsp & make 
TRACE::2025-03-03.11:00:15::SCWBDomain::make: Entering directory 'C:/PXL/devWorks/devWorks2/Custom_AXI_IP_7Segment/vitis/7Segment_display/zynq_fsbl/zynq_fsbl_bsp'

TRACE::2025-03-03.11:00:15::SCWBDomain::make --no-print-directory seq_libs

TRACE::2025-03-03.11:00:15::SCWBDomain::"Running Make include in ps7_cortexa9_0/libsrc/coresightps_dcc_v1_10/src"

TRACE::2025-03-03.11:00:15::SCWBDomain::make -C ps7_cortexa9_0/libsrc/coresightps_dcc_v1_10/src -s include  "SHELL=CMD" "COMPILER=arm-none-eabi-gcc" "ASSEMBLER=arm-non
TRACE::2025-03-03.11:00:15::SCWBDomain::e-eabi-as" "ARCHIVER=arm-none-eabi-ar" "COMPILER_FLAGS=  -O2 -c" "EXTRA_COMPILER_FLAGS=-mcpu=cortex-a9 -mfpu=vfpv3 -mfloat-abi=
TRACE::2025-03-03.11:00:15::SCWBDomain::hard -nostartfiles -g -Wall -Wextra -fno-tree-loop-distribute-patterns"

TRACE::2025-03-03.11:00:15::SCWBDomain::"Running Make include in ps7_cortexa9_0/libsrc/cpu_cortexa9_v2_12/src"

TRACE::2025-03-03.11:00:15::SCWBDomain::make -C ps7_cortexa9_0/libsrc/cpu_cortexa9_v2_12/src -s include  "SHELL=CMD" "COMPILER=arm-none-eabi-gcc" "ASSEMBLER=arm-none-e
TRACE::2025-03-03.11:00:15::SCWBDomain::abi-as" "ARCHIVER=arm-none-eabi-ar" "COMPILER_FLAGS=  -O2 -c" "EXTRA_COMPILER_FLAGS=-mcpu=cortex-a9 -mfpu=vfpv3 -mfloat-abi=har
TRACE::2025-03-03.11:00:15::SCWBDomain::d -nostartfiles -g -Wall -Wextra -fno-tree-loop-distribute-patterns"

TRACE::2025-03-03.11:00:15::SCWBDomain::"Running Make include in ps7_cortexa9_0/libsrc/Custom_AXI_IP_7segment_display_v1_0/src"

TRACE::2025-03-03.11:00:15::SCWBDomain::make -C ps7_cortexa9_0/libsrc/Custom_AXI_IP_7segment_display_v1_0/src -s include  "SHELL=CMD" "COMPILER=arm-none-eabi-gcc" "ASS
TRACE::2025-03-03.11:00:15::SCWBDomain::EMBLER=arm-none-eabi-as" "ARCHIVER=arm-none-eabi-ar" "COMPILER_FLAGS=  -O2 -c" "EXTRA_COMPILER_FLAGS=-mcpu=cortex-a9 -mfpu=vfpv
TRACE::2025-03-03.11:00:15::SCWBDomain::3 -mfloat-abi=hard -nostartfiles -g -Wall -Wextra -fno-tree-loop-distribute-patterns"

TRACE::2025-03-03.11:00:15::SCWBDomain::"Running Make include in ps7_cortexa9_0/libsrc/ddrps_v1_2/src"

TRACE::2025-03-03.11:00:15::SCWBDomain::make -C ps7_cortexa9_0/libsrc/ddrps_v1_2/src -s include  "SHELL=CMD" "COMPILER=arm-none-eabi-gcc" "ASSEMBLER=arm-none-eabi-as" 
TRACE::2025-03-03.11:00:15::SCWBDomain::"ARCHIVER=arm-none-eabi-ar" "COMPILER_FLAGS=  -O2 -c" "EXTRA_COMPILER_FLAGS=-mcpu=cortex-a9 -mfpu=vfpv3 -mfloat-abi=hard -nosta
TRACE::2025-03-03.11:00:15::SCWBDomain::rtfiles -g -Wall -Wextra -fno-tree-loop-distribute-patterns"

TRACE::2025-03-03.11:00:15::SCWBDomain::"Running Make include in ps7_cortexa9_0/libsrc/devcfg_v3_8/src"

TRACE::2025-03-03.11:00:15::SCWBDomain::make -C ps7_cortexa9_0/libsrc/devcfg_v3_8/src -s include  "SHELL=CMD" "COMPILER=arm-none-eabi-gcc" "ASSEMBLER=arm-none-eabi-as"
TRACE::2025-03-03.11:00:15::SCWBDomain:: "ARCHIVER=arm-none-eabi-ar" "COMPILER_FLAGS=  -O2 -c" "EXTRA_COMPILER_FLAGS=-mcpu=cortex-a9 -mfpu=vfpv3 -mfloat-abi=hard -nost
TRACE::2025-03-03.11:00:15::SCWBDomain::artfiles -g -Wall -Wextra -fno-tree-loop-distribute-patterns"

TRACE::2025-03-03.11:00:15::SCWBDomain::"Running Make include in ps7_cortexa9_0/libsrc/dmaps_v2_10/src"

TRACE::2025-03-03.11:00:15::SCWBDomain::make -C ps7_cortexa9_0/libsrc/dmaps_v2_10/src -s include  "SHELL=CMD" "COMPILER=arm-none-eabi-gcc" "ASSEMBLER=arm-none-eabi-as"
TRACE::2025-03-03.11:00:15::SCWBDomain:: "ARCHIVER=arm-none-eabi-ar" "COMPILER_FLAGS=  -O2 -c" "EXTRA_COMPILER_FLAGS=-mcpu=cortex-a9 -mfpu=vfpv3 -mfloat-abi=hard -nost
TRACE::2025-03-03.11:00:15::SCWBDomain::artfiles -g -Wall -Wextra -fno-tree-loop-distribute-patterns"

TRACE::2025-03-03.11:00:15::SCWBDomain::"Running Make include in ps7_cortexa9_0/libsrc/emacps_v3_20/src"

TRACE::2025-03-03.11:00:15::SCWBDomain::make -C ps7_cortexa9_0/libsrc/emacps_v3_20/src -s include  "SHELL=CMD" "COMPILER=arm-none-eabi-gcc" "ASSEMBLER=arm-none-eabi-as
TRACE::2025-03-03.11:00:15::SCWBDomain::" "ARCHIVER=arm-none-eabi-ar" "COMPILER_FLAGS=  -O2 -c" "EXTRA_COMPILER_FLAGS=-mcpu=cortex-a9 -mfpu=vfpv3 -mfloat-abi=hard -nos
TRACE::2025-03-03.11:00:15::SCWBDomain::tartfiles -g -Wall -Wextra -fno-tree-loop-distribute-patterns"

TRACE::2025-03-03.11:00:15::SCWBDomain::"Running Make include in ps7_cortexa9_0/libsrc/gpiops_v3_13/src"

TRACE::2025-03-03.11:00:15::SCWBDomain::make -C ps7_cortexa9_0/libsrc/gpiops_v3_13/src -s include  "SHELL=CMD" "COMPILER=arm-none-eabi-gcc" "ASSEMBLER=arm-none-eabi-as
TRACE::2025-03-03.11:00:15::SCWBDomain::" "ARCHIVER=arm-none-eabi-ar" "COMPILER_FLAGS=  -O2 -c" "EXTRA_COMPILER_FLAGS=-mcpu=cortex-a9 -mfpu=vfpv3 -mfloat-abi=hard -nos
TRACE::2025-03-03.11:00:15::SCWBDomain::tartfiles -g -Wall -Wextra -fno-tree-loop-distribute-patterns"

TRACE::2025-03-03.11:00:15::SCWBDomain::"Running Make include in ps7_cortexa9_0/libsrc/qspips_v3_12/src"

TRACE::2025-03-03.11:00:15::SCWBDomain::make -C ps7_cortexa9_0/libsrc/qspips_v3_12/src -s include  "SHELL=CMD" "COMPILER=arm-none-eabi-gcc" "ASSEMBLER=arm-none-eabi-as
TRACE::2025-03-03.11:00:15::SCWBDomain::" "ARCHIVER=arm-none-eabi-ar" "COMPILER_FLAGS=  -O2 -c" "EXTRA_COMPILER_FLAGS=-mcpu=cortex-a9 -mfpu=vfpv3 -mfloat-abi=hard -nos
TRACE::2025-03-03.11:00:15::SCWBDomain::tartfiles -g -Wall -Wextra -fno-tree-loop-distribute-patterns"

TRACE::2025-03-03.11:00:15::SCWBDomain::"Running Make include in ps7_cortexa9_0/libsrc/scugic_v5_3/src"

TRACE::2025-03-03.11:00:15::SCWBDomain::make -C ps7_cortexa9_0/libsrc/scugic_v5_3/src -s include  "SHELL=CMD" "COMPILER=arm-none-eabi-gcc" "ASSEMBLER=arm-none-eabi-as"
TRACE::2025-03-03.11:00:15::SCWBDomain:: "ARCHIVER=arm-none-eabi-ar" "COMPILER_FLAGS=  -O2 -c" "EXTRA_COMPILER_FLAGS=-mcpu=cortex-a9 -mfpu=vfpv3 -mfloat-abi=hard -nost
TRACE::2025-03-03.11:00:15::SCWBDomain::artfiles -g -Wall -Wextra -fno-tree-loop-distribute-patterns"

TRACE::2025-03-03.11:00:15::SCWBDomain::"Running Make include in ps7_cortexa9_0/libsrc/scutimer_v2_6/src"

TRACE::2025-03-03.11:00:15::SCWBDomain::make -C ps7_cortexa9_0/libsrc/scutimer_v2_6/src -s include  "SHELL=CMD" "COMPILER=arm-none-eabi-gcc" "ASSEMBLER=arm-none-eabi-a
TRACE::2025-03-03.11:00:15::SCWBDomain::s" "ARCHIVER=arm-none-eabi-ar" "COMPILER_FLAGS=  -O2 -c" "EXTRA_COMPILER_FLAGS=-mcpu=cortex-a9 -mfpu=vfpv3 -mfloat-abi=hard -no
TRACE::2025-03-03.11:00:15::SCWBDomain::startfiles -g -Wall -Wextra -fno-tree-loop-distribute-patterns"

TRACE::2025-03-03.11:00:15::SCWBDomain::"Running Make include in ps7_cortexa9_0/libsrc/scuwdt_v2_5/src"

TRACE::2025-03-03.11:00:15::SCWBDomain::make -C ps7_cortexa9_0/libsrc/scuwdt_v2_5/src -s include  "SHELL=CMD" "COMPILER=arm-none-eabi-gcc" "ASSEMBLER=arm-none-eabi-as"
TRACE::2025-03-03.11:00:15::SCWBDomain:: "ARCHIVER=arm-none-eabi-ar" "COMPILER_FLAGS=  -O2 -c" "EXTRA_COMPILER_FLAGS=-mcpu=cortex-a9 -mfpu=vfpv3 -mfloat-abi=hard -nost
TRACE::2025-03-03.11:00:15::SCWBDomain::artfiles -g -Wall -Wextra -fno-tree-loop-distribute-patterns"

TRACE::2025-03-03.11:00:15::SCWBDomain::"Running Make include in ps7_cortexa9_0/libsrc/sdps_v4_3/src"

TRACE::2025-03-03.11:00:15::SCWBDomain::make -C ps7_cortexa9_0/libsrc/sdps_v4_3/src -s include  "SHELL=CMD" "COMPILER=arm-none-eabi-gcc" "ASSEMBLER=arm-none-eabi-as" "
TRACE::2025-03-03.11:00:15::SCWBDomain::ARCHIVER=arm-none-eabi-ar" "COMPILER_FLAGS=  -O2 -c" "EXTRA_COMPILER_FLAGS=-mcpu=cortex-a9 -mfpu=vfpv3 -mfloat-abi=hard -nostar
TRACE::2025-03-03.11:00:15::SCWBDomain::tfiles -g -Wall -Wextra -fno-tree-loop-distribute-patterns"

TRACE::2025-03-03.11:00:15::SCWBDomain::"Running Make include in ps7_cortexa9_0/libsrc/standalone_v9_1/src"

TRACE::2025-03-03.11:00:15::SCWBDomain::make -C ps7_cortexa9_0/libsrc/standalone_v9_1/src -s include  "SHELL=CMD" "COMPILER=arm-none-eabi-gcc" "ASSEMBLER=arm-none-eabi
TRACE::2025-03-03.11:00:15::SCWBDomain::-as" "ARCHIVER=arm-none-eabi-ar" "COMPILER_FLAGS=  -O2 -c" "EXTRA_COMPILER_FLAGS=-mcpu=cortex-a9 -mfpu=vfpv3 -mfloat-abi=hard -
TRACE::2025-03-03.11:00:15::SCWBDomain::nostartfiles -g -Wall -Wextra -fno-tree-loop-distribute-patterns"

TRACE::2025-03-03.11:00:15::SCWBDomain::"Running Make include in ps7_cortexa9_0/libsrc/uartps_v3_14/src"

TRACE::2025-03-03.11:00:15::SCWBDomain::make -C ps7_cortexa9_0/libsrc/uartps_v3_14/src -s include  "SHELL=CMD" "COMPILER=arm-none-eabi-gcc" "ASSEMBLER=arm-none-eabi-as
TRACE::2025-03-03.11:00:15::SCWBDomain::" "ARCHIVER=arm-none-eabi-ar" "COMPILER_FLAGS=  -O2 -c" "EXTRA_COMPILER_FLAGS=-mcpu=cortex-a9 -mfpu=vfpv3 -mfloat-abi=hard -nos
TRACE::2025-03-03.11:00:15::SCWBDomain::tartfiles -g -Wall -Wextra -fno-tree-loop-distribute-patterns"

TRACE::2025-03-03.11:00:15::SCWBDomain::"Running Make include in ps7_cortexa9_0/libsrc/usbps_v2_9/src"

TRACE::2025-03-03.11:00:15::SCWBDomain::make -C ps7_cortexa9_0/libsrc/usbps_v2_9/src -s include  "SHELL=CMD" "COMPILER=arm-none-eabi-gcc" "ASSEMBLER=arm-none-eabi-as" 
TRACE::2025-03-03.11:00:15::SCWBDomain::"ARCHIVER=arm-none-eabi-ar" "COMPILER_FLAGS=  -O2 -c" "EXTRA_COMPILER_FLAGS=-mcpu=cortex-a9 -mfpu=vfpv3 -mfloat-abi=hard -nosta
TRACE::2025-03-03.11:00:15::SCWBDomain::rtfiles -g -Wall -Wextra -fno-tree-loop-distribute-patterns"

TRACE::2025-03-03.11:00:16::SCWBDomain::"Running Make include in ps7_cortexa9_0/libsrc/xadcps_v2_7/src"

TRACE::2025-03-03.11:00:16::SCWBDomain::make -C ps7_cortexa9_0/libsrc/xadcps_v2_7/src -s include  "SHELL=CMD" "COMPILER=arm-none-eabi-gcc" "ASSEMBLER=arm-none-eabi-as"
TRACE::2025-03-03.11:00:16::SCWBDomain:: "ARCHIVER=arm-none-eabi-ar" "COMPILER_FLAGS=  -O2 -c" "EXTRA_COMPILER_FLAGS=-mcpu=cortex-a9 -mfpu=vfpv3 -mfloat-abi=hard -nost
TRACE::2025-03-03.11:00:16::SCWBDomain::artfiles -g -Wall -Wextra -fno-tree-loop-distribute-patterns"

TRACE::2025-03-03.11:00:16::SCWBDomain::"Running Make include in ps7_cortexa9_0/libsrc/xilffs_v5_2/src"

TRACE::2025-03-03.11:00:16::SCWBDomain::make -C ps7_cortexa9_0/libsrc/xilffs_v5_2/src -s include  "SHELL=CMD" "COMPILER=arm-none-eabi-gcc" "ASSEMBLER=arm-none-eabi-as"
TRACE::2025-03-03.11:00:16::SCWBDomain:: "ARCHIVER=arm-none-eabi-ar" "COMPILER_FLAGS=  -O2 -c" "EXTRA_COMPILER_FLAGS=-mcpu=cortex-a9 -mfpu=vfpv3 -mfloat-abi=hard -nost
TRACE::2025-03-03.11:00:16::SCWBDomain::artfiles -g -Wall -Wextra -fno-tree-loop-distribute-patterns"

TRACE::2025-03-03.11:00:16::SCWBDomain::"Running Make include in ps7_cortexa9_0/libsrc/xilrsa_v1_8/src"

TRACE::2025-03-03.11:00:16::SCWBDomain::make -C ps7_cortexa9_0/libsrc/xilrsa_v1_8/src -s include  "SHELL=CMD" "COMPILER=arm-none-eabi-gcc" "ASSEMBLER=arm-none-eabi-as"
TRACE::2025-03-03.11:00:16::SCWBDomain:: "ARCHIVER=arm-none-eabi-ar" "COMPILER_FLAGS=  -O2 -c" "EXTRA_COMPILER_FLAGS=-mcpu=cortex-a9 -mfpu=vfpv3 -mfloat-abi=hard -nost
TRACE::2025-03-03.11:00:16::SCWBDomain::artfiles -g -Wall -Wextra -fno-tree-loop-distribute-patterns"

TRACE::2025-03-03.11:00:16::SCWBDomain::"Running Make libs in ps7_cortexa9_0/libsrc/Custom_AXI_IP_7segment_display_v1_0/src"

TRACE::2025-03-03.11:00:16::SCWBDomain::make -C ps7_cortexa9_0/libsrc/Custom_AXI_IP_7segment_display_v1_0/src -s libs  "SHELL=CMD" "COMPILER=arm-none-eabi-gcc" "ASSEMB
TRACE::2025-03-03.11:00:16::SCWBDomain::LER=arm-none-eabi-as" "ARCHIVER=arm-none-eabi-ar" "COMPILER_FLAGS=  -O2 -c" "EXTRA_COMPILER_FLAGS=-mcpu=cortex-a9 -mfpu=vfpv3 -
TRACE::2025-03-03.11:00:16::SCWBDomain::mfloat-abi=hard -nostartfiles -g -Wall -Wextra -fno-tree-loop-distribute-patterns"

TRACE::2025-03-03.11:00:16::SCWBDomain::"Compiling Custom_AXI_IP_7segment_display..."

TRACE::2025-03-03.11:00:16::SCWBDomain::make: Leaving directory 'C:/PXL/devWorks/devWorks2/Custom_AXI_IP_7Segment/vitis/7Segment_display/zynq_fsbl/zynq_fsbl_bsp'

TRACE::2025-03-03.11:00:16::SCWBDomain::make -C zynq_fsbl_bsp

TRACE::2025-03-03.11:00:16::SCWBDomain::make[1]: Entering directory 'C:/PXL/devWorks/devWorks2/Custom_AXI_IP_7Segment/vitis/7Segment_display/zynq_fsbl/zynq_fsbl_bsp'

TRACE::2025-03-03.11:00:16::SCWBDomain::make --no-print-directory seq_libs

TRACE::2025-03-03.11:00:16::SCWBDomain::"Running Make include in ps7_cortexa9_0/libsrc/coresightps_dcc_v1_10/src"

TRACE::2025-03-03.11:00:16::SCWBDomain::make -C ps7_cortexa9_0/libsrc/coresightps_dcc_v1_10/src -s include  "SHELL=CMD" "COMPILER=arm-none-eabi-gcc" "ASSEMBLER=arm-non
TRACE::2025-03-03.11:00:16::SCWBDomain::e-eabi-as" "ARCHIVER=arm-none-eabi-ar" "COMPILER_FLAGS=  -O2 -c" "EXTRA_COMPILER_FLAGS=-mcpu=cortex-a9 -mfpu=vfpv3 -mfloat-abi=
TRACE::2025-03-03.11:00:16::SCWBDomain::hard -nostartfiles -g -Wall -Wextra -fno-tree-loop-distribute-patterns"

TRACE::2025-03-03.11:00:16::SCWBDomain::"Running Make include in ps7_cortexa9_0/libsrc/cpu_cortexa9_v2_12/src"

TRACE::2025-03-03.11:00:16::SCWBDomain::make -C ps7_cortexa9_0/libsrc/cpu_cortexa9_v2_12/src -s include  "SHELL=CMD" "COMPILER=arm-none-eabi-gcc" "ASSEMBLER=arm-none-e
TRACE::2025-03-03.11:00:16::SCWBDomain::abi-as" "ARCHIVER=arm-none-eabi-ar" "COMPILER_FLAGS=  -O2 -c" "EXTRA_COMPILER_FLAGS=-mcpu=cortex-a9 -mfpu=vfpv3 -mfloat-abi=har
TRACE::2025-03-03.11:00:16::SCWBDomain::d -nostartfiles -g -Wall -Wextra -fno-tree-loop-distribute-patterns"

TRACE::2025-03-03.11:00:16::SCWBDomain::"Running Make include in ps7_cortexa9_0/libsrc/Custom_AXI_IP_7segment_display_v1_0/src"

TRACE::2025-03-03.11:00:16::SCWBDomain::make -C ps7_cortexa9_0/libsrc/Custom_AXI_IP_7segment_display_v1_0/src -s include  "SHELL=CMD" "COMPILER=arm-none-eabi-gcc" "ASS
TRACE::2025-03-03.11:00:16::SCWBDomain::EMBLER=arm-none-eabi-as" "ARCHIVER=arm-none-eabi-ar" "COMPILER_FLAGS=  -O2 -c" "EXTRA_COMPILER_FLAGS=-mcpu=cortex-a9 -mfpu=vfpv
TRACE::2025-03-03.11:00:16::SCWBDomain::3 -mfloat-abi=hard -nostartfiles -g -Wall -Wextra -fno-tree-loop-distribute-patterns"

TRACE::2025-03-03.11:00:16::SCWBDomain::"Running Make include in ps7_cortexa9_0/libsrc/ddrps_v1_2/src"

TRACE::2025-03-03.11:00:16::SCWBDomain::make -C ps7_cortexa9_0/libsrc/ddrps_v1_2/src -s include  "SHELL=CMD" "COMPILER=arm-none-eabi-gcc" "ASSEMBLER=arm-none-eabi-as" 
TRACE::2025-03-03.11:00:16::SCWBDomain::"ARCHIVER=arm-none-eabi-ar" "COMPILER_FLAGS=  -O2 -c" "EXTRA_COMPILER_FLAGS=-mcpu=cortex-a9 -mfpu=vfpv3 -mfloat-abi=hard -nosta
TRACE::2025-03-03.11:00:16::SCWBDomain::rtfiles -g -Wall -Wextra -fno-tree-loop-distribute-patterns"

TRACE::2025-03-03.11:00:16::SCWBDomain::"Running Make include in ps7_cortexa9_0/libsrc/devcfg_v3_8/src"

TRACE::2025-03-03.11:00:16::SCWBDomain::make -C ps7_cortexa9_0/libsrc/devcfg_v3_8/src -s include  "SHELL=CMD" "COMPILER=arm-none-eabi-gcc" "ASSEMBLER=arm-none-eabi-as"
TRACE::2025-03-03.11:00:16::SCWBDomain:: "ARCHIVER=arm-none-eabi-ar" "COMPILER_FLAGS=  -O2 -c" "EXTRA_COMPILER_FLAGS=-mcpu=cortex-a9 -mfpu=vfpv3 -mfloat-abi=hard -nost
TRACE::2025-03-03.11:00:16::SCWBDomain::artfiles -g -Wall -Wextra -fno-tree-loop-distribute-patterns"

TRACE::2025-03-03.11:00:16::SCWBDomain::"Running Make include in ps7_cortexa9_0/libsrc/dmaps_v2_10/src"

TRACE::2025-03-03.11:00:16::SCWBDomain::make -C ps7_cortexa9_0/libsrc/dmaps_v2_10/src -s include  "SHELL=CMD" "COMPILER=arm-none-eabi-gcc" "ASSEMBLER=arm-none-eabi-as"
TRACE::2025-03-03.11:00:16::SCWBDomain:: "ARCHIVER=arm-none-eabi-ar" "COMPILER_FLAGS=  -O2 -c" "EXTRA_COMPILER_FLAGS=-mcpu=cortex-a9 -mfpu=vfpv3 -mfloat-abi=hard -nost
TRACE::2025-03-03.11:00:16::SCWBDomain::artfiles -g -Wall -Wextra -fno-tree-loop-distribute-patterns"

TRACE::2025-03-03.11:00:16::SCWBDomain::"Running Make include in ps7_cortexa9_0/libsrc/emacps_v3_20/src"

TRACE::2025-03-03.11:00:16::SCWBDomain::make -C ps7_cortexa9_0/libsrc/emacps_v3_20/src -s include  "SHELL=CMD" "COMPILER=arm-none-eabi-gcc" "ASSEMBLER=arm-none-eabi-as
TRACE::2025-03-03.11:00:16::SCWBDomain::" "ARCHIVER=arm-none-eabi-ar" "COMPILER_FLAGS=  -O2 -c" "EXTRA_COMPILER_FLAGS=-mcpu=cortex-a9 -mfpu=vfpv3 -mfloat-abi=hard -nos
TRACE::2025-03-03.11:00:16::SCWBDomain::tartfiles -g -Wall -Wextra -fno-tree-loop-distribute-patterns"

TRACE::2025-03-03.11:00:16::SCWBDomain::"Running Make include in ps7_cortexa9_0/libsrc/gpiops_v3_13/src"

TRACE::2025-03-03.11:00:16::SCWBDomain::make -C ps7_cortexa9_0/libsrc/gpiops_v3_13/src -s include  "SHELL=CMD" "COMPILER=arm-none-eabi-gcc" "ASSEMBLER=arm-none-eabi-as
TRACE::2025-03-03.11:00:16::SCWBDomain::" "ARCHIVER=arm-none-eabi-ar" "COMPILER_FLAGS=  -O2 -c" "EXTRA_COMPILER_FLAGS=-mcpu=cortex-a9 -mfpu=vfpv3 -mfloat-abi=hard -nos
TRACE::2025-03-03.11:00:16::SCWBDomain::tartfiles -g -Wall -Wextra -fno-tree-loop-distribute-patterns"

TRACE::2025-03-03.11:00:16::SCWBDomain::"Running Make include in ps7_cortexa9_0/libsrc/qspips_v3_12/src"

TRACE::2025-03-03.11:00:16::SCWBDomain::make -C ps7_cortexa9_0/libsrc/qspips_v3_12/src -s include  "SHELL=CMD" "COMPILER=arm-none-eabi-gcc" "ASSEMBLER=arm-none-eabi-as
TRACE::2025-03-03.11:00:16::SCWBDomain::" "ARCHIVER=arm-none-eabi-ar" "COMPILER_FLAGS=  -O2 -c" "EXTRA_COMPILER_FLAGS=-mcpu=cortex-a9 -mfpu=vfpv3 -mfloat-abi=hard -nos
TRACE::2025-03-03.11:00:16::SCWBDomain::tartfiles -g -Wall -Wextra -fno-tree-loop-distribute-patterns"

TRACE::2025-03-03.11:00:16::SCWBDomain::"Running Make include in ps7_cortexa9_0/libsrc/scugic_v5_3/src"

TRACE::2025-03-03.11:00:16::SCWBDomain::make -C ps7_cortexa9_0/libsrc/scugic_v5_3/src -s include  "SHELL=CMD" "COMPILER=arm-none-eabi-gcc" "ASSEMBLER=arm-none-eabi-as"
TRACE::2025-03-03.11:00:16::SCWBDomain:: "ARCHIVER=arm-none-eabi-ar" "COMPILER_FLAGS=  -O2 -c" "EXTRA_COMPILER_FLAGS=-mcpu=cortex-a9 -mfpu=vfpv3 -mfloat-abi=hard -nost
TRACE::2025-03-03.11:00:16::SCWBDomain::artfiles -g -Wall -Wextra -fno-tree-loop-distribute-patterns"

TRACE::2025-03-03.11:00:16::SCWBDomain::"Running Make include in ps7_cortexa9_0/libsrc/scutimer_v2_6/src"

TRACE::2025-03-03.11:00:16::SCWBDomain::make -C ps7_cortexa9_0/libsrc/scutimer_v2_6/src -s include  "SHELL=CMD" "COMPILER=arm-none-eabi-gcc" "ASSEMBLER=arm-none-eabi-a
TRACE::2025-03-03.11:00:16::SCWBDomain::s" "ARCHIVER=arm-none-eabi-ar" "COMPILER_FLAGS=  -O2 -c" "EXTRA_COMPILER_FLAGS=-mcpu=cortex-a9 -mfpu=vfpv3 -mfloat-abi=hard -no
TRACE::2025-03-03.11:00:16::SCWBDomain::startfiles -g -Wall -Wextra -fno-tree-loop-distribute-patterns"

TRACE::2025-03-03.11:00:17::SCWBDomain::"Running Make include in ps7_cortexa9_0/libsrc/scuwdt_v2_5/src"

TRACE::2025-03-03.11:00:17::SCWBDomain::make -C ps7_cortexa9_0/libsrc/scuwdt_v2_5/src -s include  "SHELL=CMD" "COMPILER=arm-none-eabi-gcc" "ASSEMBLER=arm-none-eabi-as"
TRACE::2025-03-03.11:00:17::SCWBDomain:: "ARCHIVER=arm-none-eabi-ar" "COMPILER_FLAGS=  -O2 -c" "EXTRA_COMPILER_FLAGS=-mcpu=cortex-a9 -mfpu=vfpv3 -mfloat-abi=hard -nost
TRACE::2025-03-03.11:00:17::SCWBDomain::artfiles -g -Wall -Wextra -fno-tree-loop-distribute-patterns"

TRACE::2025-03-03.11:00:17::SCWBDomain::"Running Make include in ps7_cortexa9_0/libsrc/sdps_v4_3/src"

TRACE::2025-03-03.11:00:17::SCWBDomain::make -C ps7_cortexa9_0/libsrc/sdps_v4_3/src -s include  "SHELL=CMD" "COMPILER=arm-none-eabi-gcc" "ASSEMBLER=arm-none-eabi-as" "
TRACE::2025-03-03.11:00:17::SCWBDomain::ARCHIVER=arm-none-eabi-ar" "COMPILER_FLAGS=  -O2 -c" "EXTRA_COMPILER_FLAGS=-mcpu=cortex-a9 -mfpu=vfpv3 -mfloat-abi=hard -nostar
TRACE::2025-03-03.11:00:17::SCWBDomain::tfiles -g -Wall -Wextra -fno-tree-loop-distribute-patterns"

TRACE::2025-03-03.11:00:17::SCWBDomain::"Running Make include in ps7_cortexa9_0/libsrc/standalone_v9_1/src"

TRACE::2025-03-03.11:00:17::SCWBDomain::make -C ps7_cortexa9_0/libsrc/standalone_v9_1/src -s include  "SHELL=CMD" "COMPILER=arm-none-eabi-gcc" "ASSEMBLER=arm-none-eabi
TRACE::2025-03-03.11:00:17::SCWBDomain::-as" "ARCHIVER=arm-none-eabi-ar" "COMPILER_FLAGS=  -O2 -c" "EXTRA_COMPILER_FLAGS=-mcpu=cortex-a9 -mfpu=vfpv3 -mfloat-abi=hard -
TRACE::2025-03-03.11:00:17::SCWBDomain::nostartfiles -g -Wall -Wextra -fno-tree-loop-distribute-patterns"

TRACE::2025-03-03.11:00:17::SCWBDomain::"Running Make include in ps7_cortexa9_0/libsrc/uartps_v3_14/src"

TRACE::2025-03-03.11:00:17::SCWBDomain::make -C ps7_cortexa9_0/libsrc/uartps_v3_14/src -s include  "SHELL=CMD" "COMPILER=arm-none-eabi-gcc" "ASSEMBLER=arm-none-eabi-as
TRACE::2025-03-03.11:00:17::SCWBDomain::" "ARCHIVER=arm-none-eabi-ar" "COMPILER_FLAGS=  -O2 -c" "EXTRA_COMPILER_FLAGS=-mcpu=cortex-a9 -mfpu=vfpv3 -mfloat-abi=hard -nos
TRACE::2025-03-03.11:00:17::SCWBDomain::tartfiles -g -Wall -Wextra -fno-tree-loop-distribute-patterns"

TRACE::2025-03-03.11:00:17::SCWBDomain::"Running Make include in ps7_cortexa9_0/libsrc/usbps_v2_9/src"

TRACE::2025-03-03.11:00:17::SCWBDomain::make -C ps7_cortexa9_0/libsrc/usbps_v2_9/src -s include  "SHELL=CMD" "COMPILER=arm-none-eabi-gcc" "ASSEMBLER=arm-none-eabi-as" 
TRACE::2025-03-03.11:00:17::SCWBDomain::"ARCHIVER=arm-none-eabi-ar" "COMPILER_FLAGS=  -O2 -c" "EXTRA_COMPILER_FLAGS=-mcpu=cortex-a9 -mfpu=vfpv3 -mfloat-abi=hard -nosta
TRACE::2025-03-03.11:00:17::SCWBDomain::rtfiles -g -Wall -Wextra -fno-tree-loop-distribute-patterns"

TRACE::2025-03-03.11:00:17::SCWBDomain::"Running Make include in ps7_cortexa9_0/libsrc/xadcps_v2_7/src"

TRACE::2025-03-03.11:00:17::SCWBDomain::make -C ps7_cortexa9_0/libsrc/xadcps_v2_7/src -s include  "SHELL=CMD" "COMPILER=arm-none-eabi-gcc" "ASSEMBLER=arm-none-eabi-as"
TRACE::2025-03-03.11:00:17::SCWBDomain:: "ARCHIVER=arm-none-eabi-ar" "COMPILER_FLAGS=  -O2 -c" "EXTRA_COMPILER_FLAGS=-mcpu=cortex-a9 -mfpu=vfpv3 -mfloat-abi=hard -nost
TRACE::2025-03-03.11:00:17::SCWBDomain::artfiles -g -Wall -Wextra -fno-tree-loop-distribute-patterns"

TRACE::2025-03-03.11:00:17::SCWBDomain::"Running Make include in ps7_cortexa9_0/libsrc/xilffs_v5_2/src"

TRACE::2025-03-03.11:00:17::SCWBDomain::make -C ps7_cortexa9_0/libsrc/xilffs_v5_2/src -s include  "SHELL=CMD" "COMPILER=arm-none-eabi-gcc" "ASSEMBLER=arm-none-eabi-as"
TRACE::2025-03-03.11:00:17::SCWBDomain:: "ARCHIVER=arm-none-eabi-ar" "COMPILER_FLAGS=  -O2 -c" "EXTRA_COMPILER_FLAGS=-mcpu=cortex-a9 -mfpu=vfpv3 -mfloat-abi=hard -nost
TRACE::2025-03-03.11:00:17::SCWBDomain::artfiles -g -Wall -Wextra -fno-tree-loop-distribute-patterns"

TRACE::2025-03-03.11:00:17::SCWBDomain::"Running Make include in ps7_cortexa9_0/libsrc/xilrsa_v1_8/src"

TRACE::2025-03-03.11:00:17::SCWBDomain::make -C ps7_cortexa9_0/libsrc/xilrsa_v1_8/src -s include  "SHELL=CMD" "COMPILER=arm-none-eabi-gcc" "ASSEMBLER=arm-none-eabi-as"
TRACE::2025-03-03.11:00:17::SCWBDomain:: "ARCHIVER=arm-none-eabi-ar" "COMPILER_FLAGS=  -O2 -c" "EXTRA_COMPILER_FLAGS=-mcpu=cortex-a9 -mfpu=vfpv3 -mfloat-abi=hard -nost
TRACE::2025-03-03.11:00:17::SCWBDomain::artfiles -g -Wall -Wextra -fno-tree-loop-distribute-patterns"

TRACE::2025-03-03.11:00:17::SCWBDomain::"Running Make libs in ps7_cortexa9_0/libsrc/Custom_AXI_IP_7segment_display_v1_0/src"

TRACE::2025-03-03.11:00:17::SCWBDomain::make -C ps7_cortexa9_0/libsrc/Custom_AXI_IP_7segment_display_v1_0/src -s libs  "SHELL=CMD" "COMPILER=arm-none-eabi-gcc" "ASSEMB
TRACE::2025-03-03.11:00:17::SCWBDomain::LER=arm-none-eabi-as" "ARCHIVER=arm-none-eabi-ar" "COMPILER_FLAGS=  -O2 -c" "EXTRA_COMPILER_FLAGS=-mcpu=cortex-a9 -mfpu=vfpv3 -
TRACE::2025-03-03.11:00:17::SCWBDomain::mfloat-abi=hard -nostartfiles -g -Wall -Wextra -fno-tree-loop-distribute-patterns"

TRACE::2025-03-03.11:00:17::SCWBDomain::"Compiling Custom_AXI_IP_7segment_display..."

TRACE::2025-03-03.11:00:17::SCWBDomain::make[1]: Leaving directory 'C:/PXL/devWorks/devWorks2/Custom_AXI_IP_7Segment/vitis/7Segment_display/zynq_fsbl/zynq_fsbl_bsp'

ERROR::2025-03-03.11:00:17::SCWBDomain::Failed to build the  zynq_fsbl application.
LOG::2025-03-03.11:00:17::SCWSystem::Checking the domain standalone_ps7_cortexa9_0
LOG::2025-03-03.11:00:17::SCWSystem::Not a boot domain 
LOG::2025-03-03.11:00:17::SCWSystem::Started Processing the domain standalone_ps7_cortexa9_0
TRACE::2025-03-03.11:00:17::SCWDomain::Generating domain artifcats
TRACE::2025-03-03.11:00:17::SCWMssOS::Generating standalone artifcats
TRACE::2025-03-03.11:00:17::SCWMssOS::Copying the qemu file from  C:/PXL/devWorks/devWorks2/Custom_AXI_IP_7Segment/vitis/7Segment_display/resources/7Segment_display/standalone_ps7_cortexa9_0/qemu_args.txt To C:/PXL/devWorks/devWorks2/Custom_AXI_IP_7Segment/vitis/7Segment_display/export/7Segment_display/sw/7Segment_display/standalone_ps7_cortexa9_0/qemu/
TRACE::2025-03-03.11:00:17::SCWMssOS:: Copying the user libraries. 
TRACE::2025-03-03.11:00:17::SCWPlatform::Trying to open the hw design at C:/PXL/devWorks/devWorks2/Custom_AXI_IP_7Segment/vitis/7Segment_display/hw/7Segment_display.xsa
TRACE::2025-03-03.11:00:17::SCWPlatform::DSA given C:/PXL/devWorks/devWorks2/Custom_AXI_IP_7Segment/vitis/7Segment_display/hw/7Segment_display.xsa
TRACE::2025-03-03.11:00:17::SCWPlatform::DSA absoulate path C:/PXL/devWorks/devWorks2/Custom_AXI_IP_7Segment/vitis/7Segment_display/hw/7Segment_display.xsa
TRACE::2025-03-03.11:00:17::SCWPlatform::DSA directory C:/PXL/devWorks/devWorks2/Custom_AXI_IP_7Segment/vitis/7Segment_display/hw
TRACE::2025-03-03.11:00:17::SCWPlatform:: Platform Path C:/PXL/devWorks/devWorks2/Custom_AXI_IP_7Segment/vitis/7Segment_display/hw/7Segment_display.xsa
TRACE::2025-03-03.11:00:17::SCWPlatform:: Unique name xilinx:pynq-z2::0.0
TRACE::2025-03-03.11:00:17::SCWPlatform::Trying to set the existing hwdb with name design_1_wrapper_0
TRACE::2025-03-03.11:00:17::SCWPlatform::Opened existing hwdb design_1_wrapper_0
TRACE::2025-03-03.11:00:17::SCWPlatform::Found the Hw Db part of the input DSA
TRACE::2025-03-03.11:00:17::SCWMssOS::Checking the sw design at  C:/PXL/devWorks/devWorks2/Custom_AXI_IP_7Segment/vitis/7Segment_display/ps7_cortexa9_0/standalone_ps7_cortexa9_0/bsp/system.mss
TRACE::2025-03-03.11:00:17::SCWMssOS::DEBUG:  swdes dump  C:/PXL/devWorks/devWorks2/Custom_AXI_IP_7Segment/vitis/7Segment_display/ps7_cortexa9_0/standalone_ps7_cortexa9_0/bsp/system.mss|system_0||
C:/PXL/devWorks/devWorks2/Custom_AXI_IP_7Segment/vitis/7Segment_display/zynq_fsbl/zynq_fsbl_bsp/system.mss|system||

TRACE::2025-03-03.11:00:17::SCWMssOS::Sw design exists and opened at  C:/PXL/devWorks/devWorks2/Custom_AXI_IP_7Segment/vitis/7Segment_display/ps7_cortexa9_0/standalone_ps7_cortexa9_0/bsp/system.mss
TRACE::2025-03-03.11:00:17::SCWMssOS::Completed writing the mss file at C:/PXL/devWorks/devWorks2/Custom_AXI_IP_7Segment/vitis/7Segment_display/ps7_cortexa9_0/standalone_ps7_cortexa9_0/bsp
TRACE::2025-03-03.11:00:17::SCWMssOS::Mss edits present, copying mssfile into export location C:/PXL/devWorks/devWorks2/Custom_AXI_IP_7Segment/vitis/7Segment_display/ps7_cortexa9_0/standalone_ps7_cortexa9_0/bsp/system.mss
TRACE::2025-03-03.11:00:17::SCWMssOS::bsp generated is upto date with the mss file. Skipping bsp generation.
TRACE::2025-03-03.11:00:17::SCWMssOS::BSP is already built. skipping the bsp build ... 
TRACE::2025-03-03.11:00:17::SCWDomain::Building the domain as part of full build :  standalone_ps7_cortexa9_0
TRACE::2025-03-03.11:00:17::SCWMssOS::doing bsp build ... 
TRACE::2025-03-03.11:00:17::SCWMssOS::System Command Ran  C: & cd  C:/PXL/devWorks/devWorks2/Custom_AXI_IP_7Segment/vitis/7Segment_display/ps7_cortexa9_0/standalone_ps7_cortexa9_0/bsp & make 
TRACE::2025-03-03.11:00:17::SCWMssOS::make --no-print-directory seq_libs

TRACE::2025-03-03.11:00:17::SCWMssOS::"Running Make include in ps7_cortexa9_0/libsrc/coresightps_dcc_v1_10/src"

TRACE::2025-03-03.11:00:17::SCWMssOS::make -C ps7_cortexa9_0/libsrc/coresightps_dcc_v1_10/src -s include  "SHELL=CMD" "COMPILER=arm-none-eabi-gcc" "ASSEMBLER=arm-non
TRACE::2025-03-03.11:00:17::SCWMssOS::e-eabi-as" "ARCHIVER=arm-none-eabi-ar" "COMPILER_FLAGS=  -O2 -c" "EXTRA_COMPILER_FLAGS=-mcpu=cortex-a9 -mfpu=vfpv3 -mfloat-abi=
TRACE::2025-03-03.11:00:17::SCWMssOS::hard -nostartfiles -g -Wall -Wextra -fno-tree-loop-distribute-patterns"

TRACE::2025-03-03.11:00:17::SCWMssOS::"Running Make include in ps7_cortexa9_0/libsrc/cpu_cortexa9_v2_12/src"

TRACE::2025-03-03.11:00:17::SCWMssOS::make -C ps7_cortexa9_0/libsrc/cpu_cortexa9_v2_12/src -s include  "SHELL=CMD" "COMPILER=arm-none-eabi-gcc" "ASSEMBLER=arm-none-e
TRACE::2025-03-03.11:00:17::SCWMssOS::abi-as" "ARCHIVER=arm-none-eabi-ar" "COMPILER_FLAGS=  -O2 -c" "EXTRA_COMPILER_FLAGS=-mcpu=cortex-a9 -mfpu=vfpv3 -mfloat-abi=har
TRACE::2025-03-03.11:00:17::SCWMssOS::d -nostartfiles -g -Wall -Wextra -fno-tree-loop-distribute-patterns"

TRACE::2025-03-03.11:00:17::SCWMssOS::"Running Make include in ps7_cortexa9_0/libsrc/Custom_AXI_IP_7segment_display_v1_0/src"

TRACE::2025-03-03.11:00:17::SCWMssOS::make -C ps7_cortexa9_0/libsrc/Custom_AXI_IP_7segment_display_v1_0/src -s include  "SHELL=CMD" "COMPILER=arm-none-eabi-gcc" "ASS
TRACE::2025-03-03.11:00:17::SCWMssOS::EMBLER=arm-none-eabi-as" "ARCHIVER=arm-none-eabi-ar" "COMPILER_FLAGS=  -O2 -c" "EXTRA_COMPILER_FLAGS=-mcpu=cortex-a9 -mfpu=vfpv
TRACE::2025-03-03.11:00:17::SCWMssOS::3 -mfloat-abi=hard -nostartfiles -g -Wall -Wextra -fno-tree-loop-distribute-patterns"

TRACE::2025-03-03.11:00:17::SCWMssOS::"Running Make include in ps7_cortexa9_0/libsrc/ddrps_v1_2/src"

TRACE::2025-03-03.11:00:17::SCWMssOS::make -C ps7_cortexa9_0/libsrc/ddrps_v1_2/src -s include  "SHELL=CMD" "COMPILER=arm-none-eabi-gcc" "ASSEMBLER=arm-none-eabi-as" 
TRACE::2025-03-03.11:00:17::SCWMssOS::"ARCHIVER=arm-none-eabi-ar" "COMPILER_FLAGS=  -O2 -c" "EXTRA_COMPILER_FLAGS=-mcpu=cortex-a9 -mfpu=vfpv3 -mfloat-abi=hard -nosta
TRACE::2025-03-03.11:00:17::SCWMssOS::rtfiles -g -Wall -Wextra -fno-tree-loop-distribute-patterns"

TRACE::2025-03-03.11:00:17::SCWMssOS::"Running Make include in ps7_cortexa9_0/libsrc/devcfg_v3_8/src"

TRACE::2025-03-03.11:00:17::SCWMssOS::make -C ps7_cortexa9_0/libsrc/devcfg_v3_8/src -s include  "SHELL=CMD" "COMPILER=arm-none-eabi-gcc" "ASSEMBLER=arm-none-eabi-as"
TRACE::2025-03-03.11:00:17::SCWMssOS:: "ARCHIVER=arm-none-eabi-ar" "COMPILER_FLAGS=  -O2 -c" "EXTRA_COMPILER_FLAGS=-mcpu=cortex-a9 -mfpu=vfpv3 -mfloat-abi=hard -nost
TRACE::2025-03-03.11:00:17::SCWMssOS::artfiles -g -Wall -Wextra -fno-tree-loop-distribute-patterns"

TRACE::2025-03-03.11:00:18::SCWMssOS::"Running Make include in ps7_cortexa9_0/libsrc/dmaps_v2_10/src"

TRACE::2025-03-03.11:00:18::SCWMssOS::make -C ps7_cortexa9_0/libsrc/dmaps_v2_10/src -s include  "SHELL=CMD" "COMPILER=arm-none-eabi-gcc" "ASSEMBLER=arm-none-eabi-as"
TRACE::2025-03-03.11:00:18::SCWMssOS:: "ARCHIVER=arm-none-eabi-ar" "COMPILER_FLAGS=  -O2 -c" "EXTRA_COMPILER_FLAGS=-mcpu=cortex-a9 -mfpu=vfpv3 -mfloat-abi=hard -nost
TRACE::2025-03-03.11:00:18::SCWMssOS::artfiles -g -Wall -Wextra -fno-tree-loop-distribute-patterns"

TRACE::2025-03-03.11:00:18::SCWMssOS::"Running Make include in ps7_cortexa9_0/libsrc/emacps_v3_20/src"

TRACE::2025-03-03.11:00:18::SCWMssOS::make -C ps7_cortexa9_0/libsrc/emacps_v3_20/src -s include  "SHELL=CMD" "COMPILER=arm-none-eabi-gcc" "ASSEMBLER=arm-none-eabi-as
TRACE::2025-03-03.11:00:18::SCWMssOS::" "ARCHIVER=arm-none-eabi-ar" "COMPILER_FLAGS=  -O2 -c" "EXTRA_COMPILER_FLAGS=-mcpu=cortex-a9 -mfpu=vfpv3 -mfloat-abi=hard -nos
TRACE::2025-03-03.11:00:18::SCWMssOS::tartfiles -g -Wall -Wextra -fno-tree-loop-distribute-patterns"

TRACE::2025-03-03.11:00:18::SCWMssOS::"Running Make include in ps7_cortexa9_0/libsrc/gpiops_v3_13/src"

TRACE::2025-03-03.11:00:18::SCWMssOS::make -C ps7_cortexa9_0/libsrc/gpiops_v3_13/src -s include  "SHELL=CMD" "COMPILER=arm-none-eabi-gcc" "ASSEMBLER=arm-none-eabi-as
TRACE::2025-03-03.11:00:18::SCWMssOS::" "ARCHIVER=arm-none-eabi-ar" "COMPILER_FLAGS=  -O2 -c" "EXTRA_COMPILER_FLAGS=-mcpu=cortex-a9 -mfpu=vfpv3 -mfloat-abi=hard -nos
TRACE::2025-03-03.11:00:18::SCWMssOS::tartfiles -g -Wall -Wextra -fno-tree-loop-distribute-patterns"

TRACE::2025-03-03.11:00:18::SCWMssOS::"Running Make include in ps7_cortexa9_0/libsrc/qspips_v3_12/src"

TRACE::2025-03-03.11:00:18::SCWMssOS::make -C ps7_cortexa9_0/libsrc/qspips_v3_12/src -s include  "SHELL=CMD" "COMPILER=arm-none-eabi-gcc" "ASSEMBLER=arm-none-eabi-as
TRACE::2025-03-03.11:00:18::SCWMssOS::" "ARCHIVER=arm-none-eabi-ar" "COMPILER_FLAGS=  -O2 -c" "EXTRA_COMPILER_FLAGS=-mcpu=cortex-a9 -mfpu=vfpv3 -mfloat-abi=hard -nos
TRACE::2025-03-03.11:00:18::SCWMssOS::tartfiles -g -Wall -Wextra -fno-tree-loop-distribute-patterns"

TRACE::2025-03-03.11:00:18::SCWMssOS::"Running Make include in ps7_cortexa9_0/libsrc/scugic_v5_3/src"

TRACE::2025-03-03.11:00:18::SCWMssOS::make -C ps7_cortexa9_0/libsrc/scugic_v5_3/src -s include  "SHELL=CMD" "COMPILER=arm-none-eabi-gcc" "ASSEMBLER=arm-none-eabi-as"
TRACE::2025-03-03.11:00:18::SCWMssOS:: "ARCHIVER=arm-none-eabi-ar" "COMPILER_FLAGS=  -O2 -c" "EXTRA_COMPILER_FLAGS=-mcpu=cortex-a9 -mfpu=vfpv3 -mfloat-abi=hard -nost
TRACE::2025-03-03.11:00:18::SCWMssOS::artfiles -g -Wall -Wextra -fno-tree-loop-distribute-patterns"

TRACE::2025-03-03.11:00:18::SCWMssOS::"Running Make include in ps7_cortexa9_0/libsrc/scutimer_v2_6/src"

TRACE::2025-03-03.11:00:18::SCWMssOS::make -C ps7_cortexa9_0/libsrc/scutimer_v2_6/src -s include  "SHELL=CMD" "COMPILER=arm-none-eabi-gcc" "ASSEMBLER=arm-none-eabi-a
TRACE::2025-03-03.11:00:18::SCWMssOS::s" "ARCHIVER=arm-none-eabi-ar" "COMPILER_FLAGS=  -O2 -c" "EXTRA_COMPILER_FLAGS=-mcpu=cortex-a9 -mfpu=vfpv3 -mfloat-abi=hard -no
TRACE::2025-03-03.11:00:18::SCWMssOS::startfiles -g -Wall -Wextra -fno-tree-loop-distribute-patterns"

TRACE::2025-03-03.11:00:18::SCWMssOS::"Running Make include in ps7_cortexa9_0/libsrc/scuwdt_v2_5/src"

TRACE::2025-03-03.11:00:18::SCWMssOS::make -C ps7_cortexa9_0/libsrc/scuwdt_v2_5/src -s include  "SHELL=CMD" "COMPILER=arm-none-eabi-gcc" "ASSEMBLER=arm-none-eabi-as"
TRACE::2025-03-03.11:00:18::SCWMssOS:: "ARCHIVER=arm-none-eabi-ar" "COMPILER_FLAGS=  -O2 -c" "EXTRA_COMPILER_FLAGS=-mcpu=cortex-a9 -mfpu=vfpv3 -mfloat-abi=hard -nost
TRACE::2025-03-03.11:00:18::SCWMssOS::artfiles -g -Wall -Wextra -fno-tree-loop-distribute-patterns"

TRACE::2025-03-03.11:00:18::SCWMssOS::"Running Make include in ps7_cortexa9_0/libsrc/sdps_v4_3/src"

TRACE::2025-03-03.11:00:18::SCWMssOS::make -C ps7_cortexa9_0/libsrc/sdps_v4_3/src -s include  "SHELL=CMD" "COMPILER=arm-none-eabi-gcc" "ASSEMBLER=arm-none-eabi-as" "
TRACE::2025-03-03.11:00:18::SCWMssOS::ARCHIVER=arm-none-eabi-ar" "COMPILER_FLAGS=  -O2 -c" "EXTRA_COMPILER_FLAGS=-mcpu=cortex-a9 -mfpu=vfpv3 -mfloat-abi=hard -nostar
TRACE::2025-03-03.11:00:18::SCWMssOS::tfiles -g -Wall -Wextra -fno-tree-loop-distribute-patterns"

TRACE::2025-03-03.11:00:18::SCWMssOS::"Running Make include in ps7_cortexa9_0/libsrc/standalone_v9_1/src"

TRACE::2025-03-03.11:00:18::SCWMssOS::make -C ps7_cortexa9_0/libsrc/standalone_v9_1/src -s include  "SHELL=CMD" "COMPILER=arm-none-eabi-gcc" "ASSEMBLER=arm-none-eabi
TRACE::2025-03-03.11:00:18::SCWMssOS::-as" "ARCHIVER=arm-none-eabi-ar" "COMPILER_FLAGS=  -O2 -c" "EXTRA_COMPILER_FLAGS=-mcpu=cortex-a9 -mfpu=vfpv3 -mfloat-abi=hard -
TRACE::2025-03-03.11:00:18::SCWMssOS::nostartfiles -g -Wall -Wextra -fno-tree-loop-distribute-patterns"

TRACE::2025-03-03.11:00:18::SCWMssOS::"Running Make include in ps7_cortexa9_0/libsrc/uartps_v3_14/src"

TRACE::2025-03-03.11:00:18::SCWMssOS::make -C ps7_cortexa9_0/libsrc/uartps_v3_14/src -s include  "SHELL=CMD" "COMPILER=arm-none-eabi-gcc" "ASSEMBLER=arm-none-eabi-as
TRACE::2025-03-03.11:00:18::SCWMssOS::" "ARCHIVER=arm-none-eabi-ar" "COMPILER_FLAGS=  -O2 -c" "EXTRA_COMPILER_FLAGS=-mcpu=cortex-a9 -mfpu=vfpv3 -mfloat-abi=hard -nos
TRACE::2025-03-03.11:00:18::SCWMssOS::tartfiles -g -Wall -Wextra -fno-tree-loop-distribute-patterns"

TRACE::2025-03-03.11:00:18::SCWMssOS::"Running Make include in ps7_cortexa9_0/libsrc/usbps_v2_9/src"

TRACE::2025-03-03.11:00:18::SCWMssOS::make -C ps7_cortexa9_0/libsrc/usbps_v2_9/src -s include  "SHELL=CMD" "COMPILER=arm-none-eabi-gcc" "ASSEMBLER=arm-none-eabi-as" 
TRACE::2025-03-03.11:00:18::SCWMssOS::"ARCHIVER=arm-none-eabi-ar" "COMPILER_FLAGS=  -O2 -c" "EXTRA_COMPILER_FLAGS=-mcpu=cortex-a9 -mfpu=vfpv3 -mfloat-abi=hard -nosta
TRACE::2025-03-03.11:00:18::SCWMssOS::rtfiles -g -Wall -Wextra -fno-tree-loop-distribute-patterns"

TRACE::2025-03-03.11:00:18::SCWMssOS::"Running Make include in ps7_cortexa9_0/libsrc/xadcps_v2_7/src"

TRACE::2025-03-03.11:00:18::SCWMssOS::make -C ps7_cortexa9_0/libsrc/xadcps_v2_7/src -s include  "SHELL=CMD" "COMPILER=arm-none-eabi-gcc" "ASSEMBLER=arm-none-eabi-as"
TRACE::2025-03-03.11:00:18::SCWMssOS:: "ARCHIVER=arm-none-eabi-ar" "COMPILER_FLAGS=  -O2 -c" "EXTRA_COMPILER_FLAGS=-mcpu=cortex-a9 -mfpu=vfpv3 -mfloat-abi=hard -nost
TRACE::2025-03-03.11:00:18::SCWMssOS::artfiles -g -Wall -Wextra -fno-tree-loop-distribute-patterns"

TRACE::2025-03-03.11:00:18::SCWMssOS::"Running Make libs in ps7_cortexa9_0/libsrc/Custom_AXI_IP_7segment_display_v1_0/src"

TRACE::2025-03-03.11:00:18::SCWMssOS::make -C ps7_cortexa9_0/libsrc/Custom_AXI_IP_7segment_display_v1_0/src -s libs  "SHELL=CMD" "COMPILER=arm-none-eabi-gcc" "ASSEMB
TRACE::2025-03-03.11:00:18::SCWMssOS::LER=arm-none-eabi-as" "ARCHIVER=arm-none-eabi-ar" "COMPILER_FLAGS=  -O2 -c" "EXTRA_COMPILER_FLAGS=-mcpu=cortex-a9 -mfpu=vfpv3 -
TRACE::2025-03-03.11:00:18::SCWMssOS::mfloat-abi=hard -nostartfiles -g -Wall -Wextra -fno-tree-loop-distribute-patterns"

TRACE::2025-03-03.11:00:18::SCWMssOS::"Compiling Custom_AXI_IP_7segment_display..."

ERROR::2025-03-03.11:00:18::SCWMssOS::Failed to build  the bsp sources for domain - standalone_ps7_cortexa9_0
ERROR::2025-03-03.11:00:18::SCWSystem::Error in Processing the domain standalone_ps7_cortexa9_0
LOG::2025-03-03.11:07:09::SCWPlatform::Started generating the artifacts platform 7Segment_display
TRACE::2025-03-03.11:07:09::SCWPlatform::Sanity checking of platform is completed
LOG::2025-03-03.11:07:09::SCWPlatform::Started generating the artifacts for system configuration 7Segment_display
LOG::2025-03-03.11:07:09::SCWSystem::Checking the domain zynq_fsbl
LOG::2025-03-03.11:07:09::SCWSystem::Doing application build for :  zynq_fsbl
TRACE::2025-03-03.11:07:09::SCWBDomain::Not a forced makefile updation, No changes are present. 
TRACE::2025-03-03.11:07:09::SCWDomain::Building the domain as part of full build :  zynq_fsbl
TRACE::2025-03-03.11:07:09::SCWPlatform::Trying to open the hw design at C:/PXL/devWorks/devWorks2/Custom_AXI_IP_7Segment/vitis/7Segment_display/hw/7Segment_display.xsa
TRACE::2025-03-03.11:07:09::SCWPlatform::DSA given C:/PXL/devWorks/devWorks2/Custom_AXI_IP_7Segment/vitis/7Segment_display/hw/7Segment_display.xsa
TRACE::2025-03-03.11:07:09::SCWPlatform::DSA absoulate path C:/PXL/devWorks/devWorks2/Custom_AXI_IP_7Segment/vitis/7Segment_display/hw/7Segment_display.xsa
TRACE::2025-03-03.11:07:09::SCWPlatform::DSA directory C:/PXL/devWorks/devWorks2/Custom_AXI_IP_7Segment/vitis/7Segment_display/hw
TRACE::2025-03-03.11:07:09::SCWPlatform:: Platform Path C:/PXL/devWorks/devWorks2/Custom_AXI_IP_7Segment/vitis/7Segment_display/hw/7Segment_display.xsa
TRACE::2025-03-03.11:07:09::SCWPlatform:: Unique name xilinx:pynq-z2::0.0
TRACE::2025-03-03.11:07:09::SCWPlatform::Trying to set the existing hwdb with name design_1_wrapper_0
TRACE::2025-03-03.11:07:09::SCWPlatform::Opened existing hwdb design_1_wrapper_0
TRACE::2025-03-03.11:07:09::SCWPlatform::Found the Hw Db part of the input DSA
TRACE::2025-03-03.11:07:09::SCWMssOS::Checking the sw design at  C:/PXL/devWorks/devWorks2/Custom_AXI_IP_7Segment/vitis/7Segment_display/zynq_fsbl/zynq_fsbl_bsp/system.mss
TRACE::2025-03-03.11:07:09::SCWMssOS::DEBUG:  swdes dump  C:/PXL/devWorks/devWorks2/Custom_AXI_IP_7Segment/vitis/7Segment_display/ps7_cortexa9_0/standalone_ps7_cortexa9_0/bsp/system.mss|system_0||
C:/PXL/devWorks/devWorks2/Custom_AXI_IP_7Segment/vitis/7Segment_display/zynq_fsbl/zynq_fsbl_bsp/system.mss|system||

TRACE::2025-03-03.11:07:09::SCWMssOS::Sw design exists and opened at  C:/PXL/devWorks/devWorks2/Custom_AXI_IP_7Segment/vitis/7Segment_display/zynq_fsbl/zynq_fsbl_bsp/system.mss
TRACE::2025-03-03.11:07:09::SCWBDomain::Completed writing the mss file at C:/PXL/devWorks/devWorks2/Custom_AXI_IP_7Segment/vitis/7Segment_display/zynq_fsbl/zynq_fsbl_bsp
TRACE::2025-03-03.11:07:09::SCWBDomain::bsp generated is upto date with the mss file. Skipping bsp generation.
TRACE::2025-03-03.11:07:09::SCWBDomain::Not a forced makefile updation, No changes are present. 
TRACE::2025-03-03.11:07:09::SCWBDomain::System Command Ran  C:&  cd  C:/PXL/devWorks/devWorks2/Custom_AXI_IP_7Segment/vitis/7Segment_display/zynq_fsbl& make -C  zynq_fsbl_bsp & make 
TRACE::2025-03-03.11:07:09::SCWBDomain::make: Entering directory 'C:/PXL/devWorks/devWorks2/Custom_AXI_IP_7Segment/vitis/7Segment_display/zynq_fsbl/zynq_fsbl_bsp'

TRACE::2025-03-03.11:07:09::SCWBDomain::make --no-print-directory seq_libs

TRACE::2025-03-03.11:07:09::SCWBDomain::"Running Make include in ps7_cortexa9_0/libsrc/coresightps_dcc_v1_10/src"

TRACE::2025-03-03.11:07:09::SCWBDomain::make -C ps7_cortexa9_0/libsrc/coresightps_dcc_v1_10/src -s include  "SHELL=CMD" "COMPILER=arm-none-eabi-gcc" "ASSEMBLER=arm-non
TRACE::2025-03-03.11:07:09::SCWBDomain::e-eabi-as" "ARCHIVER=arm-none-eabi-ar" "COMPILER_FLAGS=  -O2 -c" "EXTRA_COMPILER_FLAGS=-mcpu=cortex-a9 -mfpu=vfpv3 -mfloat-abi=
TRACE::2025-03-03.11:07:09::SCWBDomain::hard -nostartfiles -g -Wall -Wextra -fno-tree-loop-distribute-patterns"

TRACE::2025-03-03.11:07:09::SCWBDomain::"Running Make include in ps7_cortexa9_0/libsrc/cpu_cortexa9_v2_12/src"

TRACE::2025-03-03.11:07:09::SCWBDomain::make -C ps7_cortexa9_0/libsrc/cpu_cortexa9_v2_12/src -s include  "SHELL=CMD" "COMPILER=arm-none-eabi-gcc" "ASSEMBLER=arm-none-e
TRACE::2025-03-03.11:07:09::SCWBDomain::abi-as" "ARCHIVER=arm-none-eabi-ar" "COMPILER_FLAGS=  -O2 -c" "EXTRA_COMPILER_FLAGS=-mcpu=cortex-a9 -mfpu=vfpv3 -mfloat-abi=har
TRACE::2025-03-03.11:07:09::SCWBDomain::d -nostartfiles -g -Wall -Wextra -fno-tree-loop-distribute-patterns"

TRACE::2025-03-03.11:07:09::SCWBDomain::"Running Make include in ps7_cortexa9_0/libsrc/Custom_AXI_IP_7segment_display_v1_0/src"

TRACE::2025-03-03.11:07:09::SCWBDomain::make -C ps7_cortexa9_0/libsrc/Custom_AXI_IP_7segment_display_v1_0/src -s include  "SHELL=CMD" "COMPILER=arm-none-eabi-gcc" "ASS
TRACE::2025-03-03.11:07:09::SCWBDomain::EMBLER=arm-none-eabi-as" "ARCHIVER=arm-none-eabi-ar" "COMPILER_FLAGS=  -O2 -c" "EXTRA_COMPILER_FLAGS=-mcpu=cortex-a9 -mfpu=vfpv
TRACE::2025-03-03.11:07:09::SCWBDomain::3 -mfloat-abi=hard -nostartfiles -g -Wall -Wextra -fno-tree-loop-distribute-patterns"

TRACE::2025-03-03.11:07:09::SCWBDomain::"Running Make include in ps7_cortexa9_0/libsrc/ddrps_v1_2/src"

TRACE::2025-03-03.11:07:09::SCWBDomain::make -C ps7_cortexa9_0/libsrc/ddrps_v1_2/src -s include  "SHELL=CMD" "COMPILER=arm-none-eabi-gcc" "ASSEMBLER=arm-none-eabi-as" 
TRACE::2025-03-03.11:07:09::SCWBDomain::"ARCHIVER=arm-none-eabi-ar" "COMPILER_FLAGS=  -O2 -c" "EXTRA_COMPILER_FLAGS=-mcpu=cortex-a9 -mfpu=vfpv3 -mfloat-abi=hard -nosta
TRACE::2025-03-03.11:07:09::SCWBDomain::rtfiles -g -Wall -Wextra -fno-tree-loop-distribute-patterns"

TRACE::2025-03-03.11:07:09::SCWBDomain::"Running Make include in ps7_cortexa9_0/libsrc/devcfg_v3_8/src"

TRACE::2025-03-03.11:07:09::SCWBDomain::make -C ps7_cortexa9_0/libsrc/devcfg_v3_8/src -s include  "SHELL=CMD" "COMPILER=arm-none-eabi-gcc" "ASSEMBLER=arm-none-eabi-as"
TRACE::2025-03-03.11:07:09::SCWBDomain:: "ARCHIVER=arm-none-eabi-ar" "COMPILER_FLAGS=  -O2 -c" "EXTRA_COMPILER_FLAGS=-mcpu=cortex-a9 -mfpu=vfpv3 -mfloat-abi=hard -nost
TRACE::2025-03-03.11:07:09::SCWBDomain::artfiles -g -Wall -Wextra -fno-tree-loop-distribute-patterns"

TRACE::2025-03-03.11:07:09::SCWBDomain::"Running Make include in ps7_cortexa9_0/libsrc/dmaps_v2_10/src"

TRACE::2025-03-03.11:07:09::SCWBDomain::make -C ps7_cortexa9_0/libsrc/dmaps_v2_10/src -s include  "SHELL=CMD" "COMPILER=arm-none-eabi-gcc" "ASSEMBLER=arm-none-eabi-as"
TRACE::2025-03-03.11:07:09::SCWBDomain:: "ARCHIVER=arm-none-eabi-ar" "COMPILER_FLAGS=  -O2 -c" "EXTRA_COMPILER_FLAGS=-mcpu=cortex-a9 -mfpu=vfpv3 -mfloat-abi=hard -nost
TRACE::2025-03-03.11:07:09::SCWBDomain::artfiles -g -Wall -Wextra -fno-tree-loop-distribute-patterns"

TRACE::2025-03-03.11:07:09::SCWBDomain::"Running Make include in ps7_cortexa9_0/libsrc/emacps_v3_20/src"

TRACE::2025-03-03.11:07:09::SCWBDomain::make -C ps7_cortexa9_0/libsrc/emacps_v3_20/src -s include  "SHELL=CMD" "COMPILER=arm-none-eabi-gcc" "ASSEMBLER=arm-none-eabi-as
TRACE::2025-03-03.11:07:09::SCWBDomain::" "ARCHIVER=arm-none-eabi-ar" "COMPILER_FLAGS=  -O2 -c" "EXTRA_COMPILER_FLAGS=-mcpu=cortex-a9 -mfpu=vfpv3 -mfloat-abi=hard -nos
TRACE::2025-03-03.11:07:09::SCWBDomain::tartfiles -g -Wall -Wextra -fno-tree-loop-distribute-patterns"

TRACE::2025-03-03.11:07:09::SCWBDomain::"Running Make include in ps7_cortexa9_0/libsrc/gpiops_v3_13/src"

TRACE::2025-03-03.11:07:09::SCWBDomain::make -C ps7_cortexa9_0/libsrc/gpiops_v3_13/src -s include  "SHELL=CMD" "COMPILER=arm-none-eabi-gcc" "ASSEMBLER=arm-none-eabi-as
TRACE::2025-03-03.11:07:09::SCWBDomain::" "ARCHIVER=arm-none-eabi-ar" "COMPILER_FLAGS=  -O2 -c" "EXTRA_COMPILER_FLAGS=-mcpu=cortex-a9 -mfpu=vfpv3 -mfloat-abi=hard -nos
TRACE::2025-03-03.11:07:09::SCWBDomain::tartfiles -g -Wall -Wextra -fno-tree-loop-distribute-patterns"

TRACE::2025-03-03.11:07:09::SCWBDomain::"Running Make include in ps7_cortexa9_0/libsrc/qspips_v3_12/src"

TRACE::2025-03-03.11:07:09::SCWBDomain::make -C ps7_cortexa9_0/libsrc/qspips_v3_12/src -s include  "SHELL=CMD" "COMPILER=arm-none-eabi-gcc" "ASSEMBLER=arm-none-eabi-as
TRACE::2025-03-03.11:07:09::SCWBDomain::" "ARCHIVER=arm-none-eabi-ar" "COMPILER_FLAGS=  -O2 -c" "EXTRA_COMPILER_FLAGS=-mcpu=cortex-a9 -mfpu=vfpv3 -mfloat-abi=hard -nos
TRACE::2025-03-03.11:07:09::SCWBDomain::tartfiles -g -Wall -Wextra -fno-tree-loop-distribute-patterns"

TRACE::2025-03-03.11:07:10::SCWBDomain::"Running Make include in ps7_cortexa9_0/libsrc/scugic_v5_3/src"

TRACE::2025-03-03.11:07:10::SCWBDomain::make -C ps7_cortexa9_0/libsrc/scugic_v5_3/src -s include  "SHELL=CMD" "COMPILER=arm-none-eabi-gcc" "ASSEMBLER=arm-none-eabi-as"
TRACE::2025-03-03.11:07:10::SCWBDomain:: "ARCHIVER=arm-none-eabi-ar" "COMPILER_FLAGS=  -O2 -c" "EXTRA_COMPILER_FLAGS=-mcpu=cortex-a9 -mfpu=vfpv3 -mfloat-abi=hard -nost
TRACE::2025-03-03.11:07:10::SCWBDomain::artfiles -g -Wall -Wextra -fno-tree-loop-distribute-patterns"

TRACE::2025-03-03.11:07:10::SCWBDomain::"Running Make include in ps7_cortexa9_0/libsrc/scutimer_v2_6/src"

TRACE::2025-03-03.11:07:10::SCWBDomain::make -C ps7_cortexa9_0/libsrc/scutimer_v2_6/src -s include  "SHELL=CMD" "COMPILER=arm-none-eabi-gcc" "ASSEMBLER=arm-none-eabi-a
TRACE::2025-03-03.11:07:10::SCWBDomain::s" "ARCHIVER=arm-none-eabi-ar" "COMPILER_FLAGS=  -O2 -c" "EXTRA_COMPILER_FLAGS=-mcpu=cortex-a9 -mfpu=vfpv3 -mfloat-abi=hard -no
TRACE::2025-03-03.11:07:10::SCWBDomain::startfiles -g -Wall -Wextra -fno-tree-loop-distribute-patterns"

TRACE::2025-03-03.11:07:10::SCWBDomain::"Running Make include in ps7_cortexa9_0/libsrc/scuwdt_v2_5/src"

TRACE::2025-03-03.11:07:10::SCWBDomain::make -C ps7_cortexa9_0/libsrc/scuwdt_v2_5/src -s include  "SHELL=CMD" "COMPILER=arm-none-eabi-gcc" "ASSEMBLER=arm-none-eabi-as"
TRACE::2025-03-03.11:07:10::SCWBDomain:: "ARCHIVER=arm-none-eabi-ar" "COMPILER_FLAGS=  -O2 -c" "EXTRA_COMPILER_FLAGS=-mcpu=cortex-a9 -mfpu=vfpv3 -mfloat-abi=hard -nost
TRACE::2025-03-03.11:07:10::SCWBDomain::artfiles -g -Wall -Wextra -fno-tree-loop-distribute-patterns"

TRACE::2025-03-03.11:07:10::SCWBDomain::"Running Make include in ps7_cortexa9_0/libsrc/sdps_v4_3/src"

TRACE::2025-03-03.11:07:10::SCWBDomain::make -C ps7_cortexa9_0/libsrc/sdps_v4_3/src -s include  "SHELL=CMD" "COMPILER=arm-none-eabi-gcc" "ASSEMBLER=arm-none-eabi-as" "
TRACE::2025-03-03.11:07:10::SCWBDomain::ARCHIVER=arm-none-eabi-ar" "COMPILER_FLAGS=  -O2 -c" "EXTRA_COMPILER_FLAGS=-mcpu=cortex-a9 -mfpu=vfpv3 -mfloat-abi=hard -nostar
TRACE::2025-03-03.11:07:10::SCWBDomain::tfiles -g -Wall -Wextra -fno-tree-loop-distribute-patterns"

TRACE::2025-03-03.11:07:10::SCWBDomain::"Running Make include in ps7_cortexa9_0/libsrc/standalone_v9_1/src"

TRACE::2025-03-03.11:07:10::SCWBDomain::make -C ps7_cortexa9_0/libsrc/standalone_v9_1/src -s include  "SHELL=CMD" "COMPILER=arm-none-eabi-gcc" "ASSEMBLER=arm-none-eabi
TRACE::2025-03-03.11:07:10::SCWBDomain::-as" "ARCHIVER=arm-none-eabi-ar" "COMPILER_FLAGS=  -O2 -c" "EXTRA_COMPILER_FLAGS=-mcpu=cortex-a9 -mfpu=vfpv3 -mfloat-abi=hard -
TRACE::2025-03-03.11:07:10::SCWBDomain::nostartfiles -g -Wall -Wextra -fno-tree-loop-distribute-patterns"

TRACE::2025-03-03.11:07:10::SCWBDomain::"Running Make include in ps7_cortexa9_0/libsrc/uartps_v3_14/src"

TRACE::2025-03-03.11:07:10::SCWBDomain::make -C ps7_cortexa9_0/libsrc/uartps_v3_14/src -s include  "SHELL=CMD" "COMPILER=arm-none-eabi-gcc" "ASSEMBLER=arm-none-eabi-as
TRACE::2025-03-03.11:07:10::SCWBDomain::" "ARCHIVER=arm-none-eabi-ar" "COMPILER_FLAGS=  -O2 -c" "EXTRA_COMPILER_FLAGS=-mcpu=cortex-a9 -mfpu=vfpv3 -mfloat-abi=hard -nos
TRACE::2025-03-03.11:07:10::SCWBDomain::tartfiles -g -Wall -Wextra -fno-tree-loop-distribute-patterns"

TRACE::2025-03-03.11:07:10::SCWBDomain::"Running Make include in ps7_cortexa9_0/libsrc/usbps_v2_9/src"

TRACE::2025-03-03.11:07:10::SCWBDomain::make -C ps7_cortexa9_0/libsrc/usbps_v2_9/src -s include  "SHELL=CMD" "COMPILER=arm-none-eabi-gcc" "ASSEMBLER=arm-none-eabi-as" 
TRACE::2025-03-03.11:07:10::SCWBDomain::"ARCHIVER=arm-none-eabi-ar" "COMPILER_FLAGS=  -O2 -c" "EXTRA_COMPILER_FLAGS=-mcpu=cortex-a9 -mfpu=vfpv3 -mfloat-abi=hard -nosta
TRACE::2025-03-03.11:07:10::SCWBDomain::rtfiles -g -Wall -Wextra -fno-tree-loop-distribute-patterns"

TRACE::2025-03-03.11:07:10::SCWBDomain::"Running Make include in ps7_cortexa9_0/libsrc/xadcps_v2_7/src"

TRACE::2025-03-03.11:07:10::SCWBDomain::make -C ps7_cortexa9_0/libsrc/xadcps_v2_7/src -s include  "SHELL=CMD" "COMPILER=arm-none-eabi-gcc" "ASSEMBLER=arm-none-eabi-as"
TRACE::2025-03-03.11:07:10::SCWBDomain:: "ARCHIVER=arm-none-eabi-ar" "COMPILER_FLAGS=  -O2 -c" "EXTRA_COMPILER_FLAGS=-mcpu=cortex-a9 -mfpu=vfpv3 -mfloat-abi=hard -nost
TRACE::2025-03-03.11:07:10::SCWBDomain::artfiles -g -Wall -Wextra -fno-tree-loop-distribute-patterns"

TRACE::2025-03-03.11:07:10::SCWBDomain::"Running Make include in ps7_cortexa9_0/libsrc/xilffs_v5_2/src"

TRACE::2025-03-03.11:07:10::SCWBDomain::make -C ps7_cortexa9_0/libsrc/xilffs_v5_2/src -s include  "SHELL=CMD" "COMPILER=arm-none-eabi-gcc" "ASSEMBLER=arm-none-eabi-as"
TRACE::2025-03-03.11:07:10::SCWBDomain:: "ARCHIVER=arm-none-eabi-ar" "COMPILER_FLAGS=  -O2 -c" "EXTRA_COMPILER_FLAGS=-mcpu=cortex-a9 -mfpu=vfpv3 -mfloat-abi=hard -nost
TRACE::2025-03-03.11:07:10::SCWBDomain::artfiles -g -Wall -Wextra -fno-tree-loop-distribute-patterns"

TRACE::2025-03-03.11:07:10::SCWBDomain::"Running Make include in ps7_cortexa9_0/libsrc/xilrsa_v1_8/src"

TRACE::2025-03-03.11:07:10::SCWBDomain::make -C ps7_cortexa9_0/libsrc/xilrsa_v1_8/src -s include  "SHELL=CMD" "COMPILER=arm-none-eabi-gcc" "ASSEMBLER=arm-none-eabi-as"
TRACE::2025-03-03.11:07:10::SCWBDomain:: "ARCHIVER=arm-none-eabi-ar" "COMPILER_FLAGS=  -O2 -c" "EXTRA_COMPILER_FLAGS=-mcpu=cortex-a9 -mfpu=vfpv3 -mfloat-abi=hard -nost
TRACE::2025-03-03.11:07:10::SCWBDomain::artfiles -g -Wall -Wextra -fno-tree-loop-distribute-patterns"

TRACE::2025-03-03.11:07:10::SCWBDomain::"Running Make libs in ps7_cortexa9_0/libsrc/Custom_AXI_IP_7segment_display_v1_0/src"

TRACE::2025-03-03.11:07:10::SCWBDomain::make -C ps7_cortexa9_0/libsrc/Custom_AXI_IP_7segment_display_v1_0/src -s libs  "SHELL=CMD" "COMPILER=arm-none-eabi-gcc" "ASSEMB
TRACE::2025-03-03.11:07:10::SCWBDomain::LER=arm-none-eabi-as" "ARCHIVER=arm-none-eabi-ar" "COMPILER_FLAGS=  -O2 -c" "EXTRA_COMPILER_FLAGS=-mcpu=cortex-a9 -mfpu=vfpv3 -
TRACE::2025-03-03.11:07:10::SCWBDomain::mfloat-abi=hard -nostartfiles -g -Wall -Wextra -fno-tree-loop-distribute-patterns"

TRACE::2025-03-03.11:07:10::SCWBDomain::"Compiling Custom_AXI_IP_7segment_display..."

TRACE::2025-03-03.11:07:10::SCWBDomain::make: Leaving directory 'C:/PXL/devWorks/devWorks2/Custom_AXI_IP_7Segment/vitis/7Segment_display/zynq_fsbl/zynq_fsbl_bsp'

TRACE::2025-03-03.11:07:10::SCWBDomain::make -C zynq_fsbl_bsp

TRACE::2025-03-03.11:07:10::SCWBDomain::make[1]: Entering directory 'C:/PXL/devWorks/devWorks2/Custom_AXI_IP_7Segment/vitis/7Segment_display/zynq_fsbl/zynq_fsbl_bsp'

TRACE::2025-03-03.11:07:10::SCWBDomain::make --no-print-directory seq_libs

TRACE::2025-03-03.11:07:10::SCWBDomain::"Running Make include in ps7_cortexa9_0/libsrc/coresightps_dcc_v1_10/src"

TRACE::2025-03-03.11:07:10::SCWBDomain::make -C ps7_cortexa9_0/libsrc/coresightps_dcc_v1_10/src -s include  "SHELL=CMD" "COMPILER=arm-none-eabi-gcc" "ASSEMBLER=arm-non
TRACE::2025-03-03.11:07:10::SCWBDomain::e-eabi-as" "ARCHIVER=arm-none-eabi-ar" "COMPILER_FLAGS=  -O2 -c" "EXTRA_COMPILER_FLAGS=-mcpu=cortex-a9 -mfpu=vfpv3 -mfloat-abi=
TRACE::2025-03-03.11:07:10::SCWBDomain::hard -nostartfiles -g -Wall -Wextra -fno-tree-loop-distribute-patterns"

TRACE::2025-03-03.11:07:10::SCWBDomain::"Running Make include in ps7_cortexa9_0/libsrc/cpu_cortexa9_v2_12/src"

TRACE::2025-03-03.11:07:10::SCWBDomain::make -C ps7_cortexa9_0/libsrc/cpu_cortexa9_v2_12/src -s include  "SHELL=CMD" "COMPILER=arm-none-eabi-gcc" "ASSEMBLER=arm-none-e
TRACE::2025-03-03.11:07:10::SCWBDomain::abi-as" "ARCHIVER=arm-none-eabi-ar" "COMPILER_FLAGS=  -O2 -c" "EXTRA_COMPILER_FLAGS=-mcpu=cortex-a9 -mfpu=vfpv3 -mfloat-abi=har
TRACE::2025-03-03.11:07:10::SCWBDomain::d -nostartfiles -g -Wall -Wextra -fno-tree-loop-distribute-patterns"

TRACE::2025-03-03.11:07:10::SCWBDomain::"Running Make include in ps7_cortexa9_0/libsrc/Custom_AXI_IP_7segment_display_v1_0/src"

TRACE::2025-03-03.11:07:10::SCWBDomain::make -C ps7_cortexa9_0/libsrc/Custom_AXI_IP_7segment_display_v1_0/src -s include  "SHELL=CMD" "COMPILER=arm-none-eabi-gcc" "ASS
TRACE::2025-03-03.11:07:10::SCWBDomain::EMBLER=arm-none-eabi-as" "ARCHIVER=arm-none-eabi-ar" "COMPILER_FLAGS=  -O2 -c" "EXTRA_COMPILER_FLAGS=-mcpu=cortex-a9 -mfpu=vfpv
TRACE::2025-03-03.11:07:10::SCWBDomain::3 -mfloat-abi=hard -nostartfiles -g -Wall -Wextra -fno-tree-loop-distribute-patterns"

TRACE::2025-03-03.11:07:10::SCWBDomain::"Running Make include in ps7_cortexa9_0/libsrc/ddrps_v1_2/src"

TRACE::2025-03-03.11:07:10::SCWBDomain::make -C ps7_cortexa9_0/libsrc/ddrps_v1_2/src -s include  "SHELL=CMD" "COMPILER=arm-none-eabi-gcc" "ASSEMBLER=arm-none-eabi-as" 
TRACE::2025-03-03.11:07:10::SCWBDomain::"ARCHIVER=arm-none-eabi-ar" "COMPILER_FLAGS=  -O2 -c" "EXTRA_COMPILER_FLAGS=-mcpu=cortex-a9 -mfpu=vfpv3 -mfloat-abi=hard -nosta
TRACE::2025-03-03.11:07:10::SCWBDomain::rtfiles -g -Wall -Wextra -fno-tree-loop-distribute-patterns"

TRACE::2025-03-03.11:07:11::SCWBDomain::"Running Make include in ps7_cortexa9_0/libsrc/devcfg_v3_8/src"

TRACE::2025-03-03.11:07:11::SCWBDomain::make -C ps7_cortexa9_0/libsrc/devcfg_v3_8/src -s include  "SHELL=CMD" "COMPILER=arm-none-eabi-gcc" "ASSEMBLER=arm-none-eabi-as"
TRACE::2025-03-03.11:07:11::SCWBDomain:: "ARCHIVER=arm-none-eabi-ar" "COMPILER_FLAGS=  -O2 -c" "EXTRA_COMPILER_FLAGS=-mcpu=cortex-a9 -mfpu=vfpv3 -mfloat-abi=hard -nost
TRACE::2025-03-03.11:07:11::SCWBDomain::artfiles -g -Wall -Wextra -fno-tree-loop-distribute-patterns"

TRACE::2025-03-03.11:07:11::SCWBDomain::"Running Make include in ps7_cortexa9_0/libsrc/dmaps_v2_10/src"

TRACE::2025-03-03.11:07:11::SCWBDomain::make -C ps7_cortexa9_0/libsrc/dmaps_v2_10/src -s include  "SHELL=CMD" "COMPILER=arm-none-eabi-gcc" "ASSEMBLER=arm-none-eabi-as"
TRACE::2025-03-03.11:07:11::SCWBDomain:: "ARCHIVER=arm-none-eabi-ar" "COMPILER_FLAGS=  -O2 -c" "EXTRA_COMPILER_FLAGS=-mcpu=cortex-a9 -mfpu=vfpv3 -mfloat-abi=hard -nost
TRACE::2025-03-03.11:07:11::SCWBDomain::artfiles -g -Wall -Wextra -fno-tree-loop-distribute-patterns"

TRACE::2025-03-03.11:07:11::SCWBDomain::"Running Make include in ps7_cortexa9_0/libsrc/emacps_v3_20/src"

TRACE::2025-03-03.11:07:11::SCWBDomain::make -C ps7_cortexa9_0/libsrc/emacps_v3_20/src -s include  "SHELL=CMD" "COMPILER=arm-none-eabi-gcc" "ASSEMBLER=arm-none-eabi-as
TRACE::2025-03-03.11:07:11::SCWBDomain::" "ARCHIVER=arm-none-eabi-ar" "COMPILER_FLAGS=  -O2 -c" "EXTRA_COMPILER_FLAGS=-mcpu=cortex-a9 -mfpu=vfpv3 -mfloat-abi=hard -nos
TRACE::2025-03-03.11:07:11::SCWBDomain::tartfiles -g -Wall -Wextra -fno-tree-loop-distribute-patterns"

TRACE::2025-03-03.11:07:11::SCWBDomain::"Running Make include in ps7_cortexa9_0/libsrc/gpiops_v3_13/src"

TRACE::2025-03-03.11:07:11::SCWBDomain::make -C ps7_cortexa9_0/libsrc/gpiops_v3_13/src -s include  "SHELL=CMD" "COMPILER=arm-none-eabi-gcc" "ASSEMBLER=arm-none-eabi-as
TRACE::2025-03-03.11:07:11::SCWBDomain::" "ARCHIVER=arm-none-eabi-ar" "COMPILER_FLAGS=  -O2 -c" "EXTRA_COMPILER_FLAGS=-mcpu=cortex-a9 -mfpu=vfpv3 -mfloat-abi=hard -nos
TRACE::2025-03-03.11:07:11::SCWBDomain::tartfiles -g -Wall -Wextra -fno-tree-loop-distribute-patterns"

TRACE::2025-03-03.11:07:11::SCWBDomain::"Running Make include in ps7_cortexa9_0/libsrc/qspips_v3_12/src"

TRACE::2025-03-03.11:07:11::SCWBDomain::make -C ps7_cortexa9_0/libsrc/qspips_v3_12/src -s include  "SHELL=CMD" "COMPILER=arm-none-eabi-gcc" "ASSEMBLER=arm-none-eabi-as
TRACE::2025-03-03.11:07:11::SCWBDomain::" "ARCHIVER=arm-none-eabi-ar" "COMPILER_FLAGS=  -O2 -c" "EXTRA_COMPILER_FLAGS=-mcpu=cortex-a9 -mfpu=vfpv3 -mfloat-abi=hard -nos
TRACE::2025-03-03.11:07:11::SCWBDomain::tartfiles -g -Wall -Wextra -fno-tree-loop-distribute-patterns"

TRACE::2025-03-03.11:07:11::SCWBDomain::"Running Make include in ps7_cortexa9_0/libsrc/scugic_v5_3/src"

TRACE::2025-03-03.11:07:11::SCWBDomain::make -C ps7_cortexa9_0/libsrc/scugic_v5_3/src -s include  "SHELL=CMD" "COMPILER=arm-none-eabi-gcc" "ASSEMBLER=arm-none-eabi-as"
TRACE::2025-03-03.11:07:11::SCWBDomain:: "ARCHIVER=arm-none-eabi-ar" "COMPILER_FLAGS=  -O2 -c" "EXTRA_COMPILER_FLAGS=-mcpu=cortex-a9 -mfpu=vfpv3 -mfloat-abi=hard -nost
TRACE::2025-03-03.11:07:11::SCWBDomain::artfiles -g -Wall -Wextra -fno-tree-loop-distribute-patterns"

TRACE::2025-03-03.11:07:11::SCWBDomain::"Running Make include in ps7_cortexa9_0/libsrc/scutimer_v2_6/src"

TRACE::2025-03-03.11:07:11::SCWBDomain::make -C ps7_cortexa9_0/libsrc/scutimer_v2_6/src -s include  "SHELL=CMD" "COMPILER=arm-none-eabi-gcc" "ASSEMBLER=arm-none-eabi-a
TRACE::2025-03-03.11:07:11::SCWBDomain::s" "ARCHIVER=arm-none-eabi-ar" "COMPILER_FLAGS=  -O2 -c" "EXTRA_COMPILER_FLAGS=-mcpu=cortex-a9 -mfpu=vfpv3 -mfloat-abi=hard -no
TRACE::2025-03-03.11:07:11::SCWBDomain::startfiles -g -Wall -Wextra -fno-tree-loop-distribute-patterns"

TRACE::2025-03-03.11:07:11::SCWBDomain::"Running Make include in ps7_cortexa9_0/libsrc/scuwdt_v2_5/src"

TRACE::2025-03-03.11:07:11::SCWBDomain::make -C ps7_cortexa9_0/libsrc/scuwdt_v2_5/src -s include  "SHELL=CMD" "COMPILER=arm-none-eabi-gcc" "ASSEMBLER=arm-none-eabi-as"
TRACE::2025-03-03.11:07:11::SCWBDomain:: "ARCHIVER=arm-none-eabi-ar" "COMPILER_FLAGS=  -O2 -c" "EXTRA_COMPILER_FLAGS=-mcpu=cortex-a9 -mfpu=vfpv3 -mfloat-abi=hard -nost
TRACE::2025-03-03.11:07:11::SCWBDomain::artfiles -g -Wall -Wextra -fno-tree-loop-distribute-patterns"

TRACE::2025-03-03.11:07:11::SCWBDomain::"Running Make include in ps7_cortexa9_0/libsrc/sdps_v4_3/src"

TRACE::2025-03-03.11:07:11::SCWBDomain::make -C ps7_cortexa9_0/libsrc/sdps_v4_3/src -s include  "SHELL=CMD" "COMPILER=arm-none-eabi-gcc" "ASSEMBLER=arm-none-eabi-as" "
TRACE::2025-03-03.11:07:11::SCWBDomain::ARCHIVER=arm-none-eabi-ar" "COMPILER_FLAGS=  -O2 -c" "EXTRA_COMPILER_FLAGS=-mcpu=cortex-a9 -mfpu=vfpv3 -mfloat-abi=hard -nostar
TRACE::2025-03-03.11:07:11::SCWBDomain::tfiles -g -Wall -Wextra -fno-tree-loop-distribute-patterns"

TRACE::2025-03-03.11:07:11::SCWBDomain::"Running Make include in ps7_cortexa9_0/libsrc/standalone_v9_1/src"

TRACE::2025-03-03.11:07:11::SCWBDomain::make -C ps7_cortexa9_0/libsrc/standalone_v9_1/src -s include  "SHELL=CMD" "COMPILER=arm-none-eabi-gcc" "ASSEMBLER=arm-none-eabi
TRACE::2025-03-03.11:07:11::SCWBDomain::-as" "ARCHIVER=arm-none-eabi-ar" "COMPILER_FLAGS=  -O2 -c" "EXTRA_COMPILER_FLAGS=-mcpu=cortex-a9 -mfpu=vfpv3 -mfloat-abi=hard -
TRACE::2025-03-03.11:07:11::SCWBDomain::nostartfiles -g -Wall -Wextra -fno-tree-loop-distribute-patterns"

TRACE::2025-03-03.11:07:11::SCWBDomain::"Running Make include in ps7_cortexa9_0/libsrc/uartps_v3_14/src"

TRACE::2025-03-03.11:07:11::SCWBDomain::make -C ps7_cortexa9_0/libsrc/uartps_v3_14/src -s include  "SHELL=CMD" "COMPILER=arm-none-eabi-gcc" "ASSEMBLER=arm-none-eabi-as
TRACE::2025-03-03.11:07:11::SCWBDomain::" "ARCHIVER=arm-none-eabi-ar" "COMPILER_FLAGS=  -O2 -c" "EXTRA_COMPILER_FLAGS=-mcpu=cortex-a9 -mfpu=vfpv3 -mfloat-abi=hard -nos
TRACE::2025-03-03.11:07:11::SCWBDomain::tartfiles -g -Wall -Wextra -fno-tree-loop-distribute-patterns"

TRACE::2025-03-03.11:07:11::SCWBDomain::"Running Make include in ps7_cortexa9_0/libsrc/usbps_v2_9/src"

TRACE::2025-03-03.11:07:11::SCWBDomain::make -C ps7_cortexa9_0/libsrc/usbps_v2_9/src -s include  "SHELL=CMD" "COMPILER=arm-none-eabi-gcc" "ASSEMBLER=arm-none-eabi-as" 
TRACE::2025-03-03.11:07:11::SCWBDomain::"ARCHIVER=arm-none-eabi-ar" "COMPILER_FLAGS=  -O2 -c" "EXTRA_COMPILER_FLAGS=-mcpu=cortex-a9 -mfpu=vfpv3 -mfloat-abi=hard -nosta
TRACE::2025-03-03.11:07:11::SCWBDomain::rtfiles -g -Wall -Wextra -fno-tree-loop-distribute-patterns"

TRACE::2025-03-03.11:07:11::SCWBDomain::"Running Make include in ps7_cortexa9_0/libsrc/xadcps_v2_7/src"

TRACE::2025-03-03.11:07:11::SCWBDomain::make -C ps7_cortexa9_0/libsrc/xadcps_v2_7/src -s include  "SHELL=CMD" "COMPILER=arm-none-eabi-gcc" "ASSEMBLER=arm-none-eabi-as"
TRACE::2025-03-03.11:07:11::SCWBDomain:: "ARCHIVER=arm-none-eabi-ar" "COMPILER_FLAGS=  -O2 -c" "EXTRA_COMPILER_FLAGS=-mcpu=cortex-a9 -mfpu=vfpv3 -mfloat-abi=hard -nost
TRACE::2025-03-03.11:07:11::SCWBDomain::artfiles -g -Wall -Wextra -fno-tree-loop-distribute-patterns"

TRACE::2025-03-03.11:07:11::SCWBDomain::"Running Make include in ps7_cortexa9_0/libsrc/xilffs_v5_2/src"

TRACE::2025-03-03.11:07:11::SCWBDomain::make -C ps7_cortexa9_0/libsrc/xilffs_v5_2/src -s include  "SHELL=CMD" "COMPILER=arm-none-eabi-gcc" "ASSEMBLER=arm-none-eabi-as"
TRACE::2025-03-03.11:07:11::SCWBDomain:: "ARCHIVER=arm-none-eabi-ar" "COMPILER_FLAGS=  -O2 -c" "EXTRA_COMPILER_FLAGS=-mcpu=cortex-a9 -mfpu=vfpv3 -mfloat-abi=hard -nost
TRACE::2025-03-03.11:07:11::SCWBDomain::artfiles -g -Wall -Wextra -fno-tree-loop-distribute-patterns"

TRACE::2025-03-03.11:07:11::SCWBDomain::"Running Make include in ps7_cortexa9_0/libsrc/xilrsa_v1_8/src"

TRACE::2025-03-03.11:07:11::SCWBDomain::make -C ps7_cortexa9_0/libsrc/xilrsa_v1_8/src -s include  "SHELL=CMD" "COMPILER=arm-none-eabi-gcc" "ASSEMBLER=arm-none-eabi-as"
TRACE::2025-03-03.11:07:11::SCWBDomain:: "ARCHIVER=arm-none-eabi-ar" "COMPILER_FLAGS=  -O2 -c" "EXTRA_COMPILER_FLAGS=-mcpu=cortex-a9 -mfpu=vfpv3 -mfloat-abi=hard -nost
TRACE::2025-03-03.11:07:11::SCWBDomain::artfiles -g -Wall -Wextra -fno-tree-loop-distribute-patterns"

TRACE::2025-03-03.11:07:11::SCWBDomain::"Running Make libs in ps7_cortexa9_0/libsrc/Custom_AXI_IP_7segment_display_v1_0/src"

TRACE::2025-03-03.11:07:11::SCWBDomain::make -C ps7_cortexa9_0/libsrc/Custom_AXI_IP_7segment_display_v1_0/src -s libs  "SHELL=CMD" "COMPILER=arm-none-eabi-gcc" "ASSEMB
TRACE::2025-03-03.11:07:11::SCWBDomain::LER=arm-none-eabi-as" "ARCHIVER=arm-none-eabi-ar" "COMPILER_FLAGS=  -O2 -c" "EXTRA_COMPILER_FLAGS=-mcpu=cortex-a9 -mfpu=vfpv3 -
TRACE::2025-03-03.11:07:11::SCWBDomain::mfloat-abi=hard -nostartfiles -g -Wall -Wextra -fno-tree-loop-distribute-patterns"

TRACE::2025-03-03.11:07:11::SCWBDomain::"Compiling Custom_AXI_IP_7segment_display..."

TRACE::2025-03-03.11:07:12::SCWBDomain::make[1]: Leaving directory 'C:/PXL/devWorks/devWorks2/Custom_AXI_IP_7Segment/vitis/7Segment_display/zynq_fsbl/zynq_fsbl_bsp'

ERROR::2025-03-03.11:07:12::SCWBDomain::Failed to build the  zynq_fsbl application.
LOG::2025-03-03.11:07:12::SCWSystem::Checking the domain standalone_ps7_cortexa9_0
LOG::2025-03-03.11:07:12::SCWSystem::Not a boot domain 
LOG::2025-03-03.11:07:12::SCWSystem::Started Processing the domain standalone_ps7_cortexa9_0
TRACE::2025-03-03.11:07:12::SCWDomain::Generating domain artifcats
TRACE::2025-03-03.11:07:12::SCWMssOS::Generating standalone artifcats
TRACE::2025-03-03.11:07:12::SCWMssOS::Copying the qemu file from  C:/PXL/devWorks/devWorks2/Custom_AXI_IP_7Segment/vitis/7Segment_display/resources/7Segment_display/standalone_ps7_cortexa9_0/qemu_args.txt To C:/PXL/devWorks/devWorks2/Custom_AXI_IP_7Segment/vitis/7Segment_display/export/7Segment_display/sw/7Segment_display/standalone_ps7_cortexa9_0/qemu/
TRACE::2025-03-03.11:07:12::SCWMssOS:: Copying the user libraries. 
TRACE::2025-03-03.11:07:12::SCWPlatform::Trying to open the hw design at C:/PXL/devWorks/devWorks2/Custom_AXI_IP_7Segment/vitis/7Segment_display/hw/7Segment_display.xsa
TRACE::2025-03-03.11:07:12::SCWPlatform::DSA given C:/PXL/devWorks/devWorks2/Custom_AXI_IP_7Segment/vitis/7Segment_display/hw/7Segment_display.xsa
TRACE::2025-03-03.11:07:12::SCWPlatform::DSA absoulate path C:/PXL/devWorks/devWorks2/Custom_AXI_IP_7Segment/vitis/7Segment_display/hw/7Segment_display.xsa
TRACE::2025-03-03.11:07:12::SCWPlatform::DSA directory C:/PXL/devWorks/devWorks2/Custom_AXI_IP_7Segment/vitis/7Segment_display/hw
TRACE::2025-03-03.11:07:12::SCWPlatform:: Platform Path C:/PXL/devWorks/devWorks2/Custom_AXI_IP_7Segment/vitis/7Segment_display/hw/7Segment_display.xsa
TRACE::2025-03-03.11:07:12::SCWPlatform:: Unique name xilinx:pynq-z2::0.0
TRACE::2025-03-03.11:07:12::SCWPlatform::Trying to set the existing hwdb with name design_1_wrapper_0
TRACE::2025-03-03.11:07:12::SCWPlatform::Opened existing hwdb design_1_wrapper_0
TRACE::2025-03-03.11:07:12::SCWPlatform::Found the Hw Db part of the input DSA
TRACE::2025-03-03.11:07:12::SCWMssOS::Checking the sw design at  C:/PXL/devWorks/devWorks2/Custom_AXI_IP_7Segment/vitis/7Segment_display/ps7_cortexa9_0/standalone_ps7_cortexa9_0/bsp/system.mss
TRACE::2025-03-03.11:07:12::SCWMssOS::DEBUG:  swdes dump  C:/PXL/devWorks/devWorks2/Custom_AXI_IP_7Segment/vitis/7Segment_display/ps7_cortexa9_0/standalone_ps7_cortexa9_0/bsp/system.mss|system_0||
C:/PXL/devWorks/devWorks2/Custom_AXI_IP_7Segment/vitis/7Segment_display/zynq_fsbl/zynq_fsbl_bsp/system.mss|system||

TRACE::2025-03-03.11:07:12::SCWMssOS::Sw design exists and opened at  C:/PXL/devWorks/devWorks2/Custom_AXI_IP_7Segment/vitis/7Segment_display/ps7_cortexa9_0/standalone_ps7_cortexa9_0/bsp/system.mss
TRACE::2025-03-03.11:07:12::SCWMssOS::Completed writing the mss file at C:/PXL/devWorks/devWorks2/Custom_AXI_IP_7Segment/vitis/7Segment_display/ps7_cortexa9_0/standalone_ps7_cortexa9_0/bsp
TRACE::2025-03-03.11:07:12::SCWMssOS::Mss edits present, copying mssfile into export location C:/PXL/devWorks/devWorks2/Custom_AXI_IP_7Segment/vitis/7Segment_display/ps7_cortexa9_0/standalone_ps7_cortexa9_0/bsp/system.mss
TRACE::2025-03-03.11:07:12::SCWMssOS::bsp generated is upto date with the mss file. Skipping bsp generation.
TRACE::2025-03-03.11:07:12::SCWMssOS::BSP is already built. skipping the bsp build ... 
TRACE::2025-03-03.11:07:12::SCWDomain::Building the domain as part of full build :  standalone_ps7_cortexa9_0
TRACE::2025-03-03.11:07:12::SCWMssOS::doing bsp build ... 
TRACE::2025-03-03.11:07:12::SCWMssOS::System Command Ran  C: & cd  C:/PXL/devWorks/devWorks2/Custom_AXI_IP_7Segment/vitis/7Segment_display/ps7_cortexa9_0/standalone_ps7_cortexa9_0/bsp & make 
TRACE::2025-03-03.11:07:12::SCWMssOS::make --no-print-directory seq_libs

TRACE::2025-03-03.11:07:12::SCWMssOS::"Running Make include in ps7_cortexa9_0/libsrc/coresightps_dcc_v1_10/src"

TRACE::2025-03-03.11:07:12::SCWMssOS::make -C ps7_cortexa9_0/libsrc/coresightps_dcc_v1_10/src -s include  "SHELL=CMD" "COMPILER=arm-none-eabi-gcc" "ASSEMBLER=arm-non
TRACE::2025-03-03.11:07:12::SCWMssOS::e-eabi-as" "ARCHIVER=arm-none-eabi-ar" "COMPILER_FLAGS=  -O2 -c" "EXTRA_COMPILER_FLAGS=-mcpu=cortex-a9 -mfpu=vfpv3 -mfloat-abi=
TRACE::2025-03-03.11:07:12::SCWMssOS::hard -nostartfiles -g -Wall -Wextra -fno-tree-loop-distribute-patterns"

TRACE::2025-03-03.11:07:12::SCWMssOS::"Running Make include in ps7_cortexa9_0/libsrc/cpu_cortexa9_v2_12/src"

TRACE::2025-03-03.11:07:12::SCWMssOS::make -C ps7_cortexa9_0/libsrc/cpu_cortexa9_v2_12/src -s include  "SHELL=CMD" "COMPILER=arm-none-eabi-gcc" "ASSEMBLER=arm-none-e
TRACE::2025-03-03.11:07:12::SCWMssOS::abi-as" "ARCHIVER=arm-none-eabi-ar" "COMPILER_FLAGS=  -O2 -c" "EXTRA_COMPILER_FLAGS=-mcpu=cortex-a9 -mfpu=vfpv3 -mfloat-abi=har
TRACE::2025-03-03.11:07:12::SCWMssOS::d -nostartfiles -g -Wall -Wextra -fno-tree-loop-distribute-patterns"

TRACE::2025-03-03.11:07:12::SCWMssOS::"Running Make include in ps7_cortexa9_0/libsrc/Custom_AXI_IP_7segment_display_v1_0/src"

TRACE::2025-03-03.11:07:12::SCWMssOS::make -C ps7_cortexa9_0/libsrc/Custom_AXI_IP_7segment_display_v1_0/src -s include  "SHELL=CMD" "COMPILER=arm-none-eabi-gcc" "ASS
TRACE::2025-03-03.11:07:12::SCWMssOS::EMBLER=arm-none-eabi-as" "ARCHIVER=arm-none-eabi-ar" "COMPILER_FLAGS=  -O2 -c" "EXTRA_COMPILER_FLAGS=-mcpu=cortex-a9 -mfpu=vfpv
TRACE::2025-03-03.11:07:12::SCWMssOS::3 -mfloat-abi=hard -nostartfiles -g -Wall -Wextra -fno-tree-loop-distribute-patterns"

TRACE::2025-03-03.11:07:12::SCWMssOS::"Running Make include in ps7_cortexa9_0/libsrc/ddrps_v1_2/src"

TRACE::2025-03-03.11:07:12::SCWMssOS::make -C ps7_cortexa9_0/libsrc/ddrps_v1_2/src -s include  "SHELL=CMD" "COMPILER=arm-none-eabi-gcc" "ASSEMBLER=arm-none-eabi-as" 
TRACE::2025-03-03.11:07:12::SCWMssOS::"ARCHIVER=arm-none-eabi-ar" "COMPILER_FLAGS=  -O2 -c" "EXTRA_COMPILER_FLAGS=-mcpu=cortex-a9 -mfpu=vfpv3 -mfloat-abi=hard -nosta
TRACE::2025-03-03.11:07:12::SCWMssOS::rtfiles -g -Wall -Wextra -fno-tree-loop-distribute-patterns"

TRACE::2025-03-03.11:07:12::SCWMssOS::"Running Make include in ps7_cortexa9_0/libsrc/devcfg_v3_8/src"

TRACE::2025-03-03.11:07:12::SCWMssOS::make -C ps7_cortexa9_0/libsrc/devcfg_v3_8/src -s include  "SHELL=CMD" "COMPILER=arm-none-eabi-gcc" "ASSEMBLER=arm-none-eabi-as"
TRACE::2025-03-03.11:07:12::SCWMssOS:: "ARCHIVER=arm-none-eabi-ar" "COMPILER_FLAGS=  -O2 -c" "EXTRA_COMPILER_FLAGS=-mcpu=cortex-a9 -mfpu=vfpv3 -mfloat-abi=hard -nost
TRACE::2025-03-03.11:07:12::SCWMssOS::artfiles -g -Wall -Wextra -fno-tree-loop-distribute-patterns"

TRACE::2025-03-03.11:07:12::SCWMssOS::"Running Make include in ps7_cortexa9_0/libsrc/dmaps_v2_10/src"

TRACE::2025-03-03.11:07:12::SCWMssOS::make -C ps7_cortexa9_0/libsrc/dmaps_v2_10/src -s include  "SHELL=CMD" "COMPILER=arm-none-eabi-gcc" "ASSEMBLER=arm-none-eabi-as"
TRACE::2025-03-03.11:07:12::SCWMssOS:: "ARCHIVER=arm-none-eabi-ar" "COMPILER_FLAGS=  -O2 -c" "EXTRA_COMPILER_FLAGS=-mcpu=cortex-a9 -mfpu=vfpv3 -mfloat-abi=hard -nost
TRACE::2025-03-03.11:07:12::SCWMssOS::artfiles -g -Wall -Wextra -fno-tree-loop-distribute-patterns"

TRACE::2025-03-03.11:07:12::SCWMssOS::"Running Make include in ps7_cortexa9_0/libsrc/emacps_v3_20/src"

TRACE::2025-03-03.11:07:12::SCWMssOS::make -C ps7_cortexa9_0/libsrc/emacps_v3_20/src -s include  "SHELL=CMD" "COMPILER=arm-none-eabi-gcc" "ASSEMBLER=arm-none-eabi-as
TRACE::2025-03-03.11:07:12::SCWMssOS::" "ARCHIVER=arm-none-eabi-ar" "COMPILER_FLAGS=  -O2 -c" "EXTRA_COMPILER_FLAGS=-mcpu=cortex-a9 -mfpu=vfpv3 -mfloat-abi=hard -nos
TRACE::2025-03-03.11:07:12::SCWMssOS::tartfiles -g -Wall -Wextra -fno-tree-loop-distribute-patterns"

TRACE::2025-03-03.11:07:12::SCWMssOS::"Running Make include in ps7_cortexa9_0/libsrc/gpiops_v3_13/src"

TRACE::2025-03-03.11:07:12::SCWMssOS::make -C ps7_cortexa9_0/libsrc/gpiops_v3_13/src -s include  "SHELL=CMD" "COMPILER=arm-none-eabi-gcc" "ASSEMBLER=arm-none-eabi-as
TRACE::2025-03-03.11:07:12::SCWMssOS::" "ARCHIVER=arm-none-eabi-ar" "COMPILER_FLAGS=  -O2 -c" "EXTRA_COMPILER_FLAGS=-mcpu=cortex-a9 -mfpu=vfpv3 -mfloat-abi=hard -nos
TRACE::2025-03-03.11:07:12::SCWMssOS::tartfiles -g -Wall -Wextra -fno-tree-loop-distribute-patterns"

TRACE::2025-03-03.11:07:12::SCWMssOS::"Running Make include in ps7_cortexa9_0/libsrc/qspips_v3_12/src"

TRACE::2025-03-03.11:07:12::SCWMssOS::make -C ps7_cortexa9_0/libsrc/qspips_v3_12/src -s include  "SHELL=CMD" "COMPILER=arm-none-eabi-gcc" "ASSEMBLER=arm-none-eabi-as
TRACE::2025-03-03.11:07:12::SCWMssOS::" "ARCHIVER=arm-none-eabi-ar" "COMPILER_FLAGS=  -O2 -c" "EXTRA_COMPILER_FLAGS=-mcpu=cortex-a9 -mfpu=vfpv3 -mfloat-abi=hard -nos
TRACE::2025-03-03.11:07:12::SCWMssOS::tartfiles -g -Wall -Wextra -fno-tree-loop-distribute-patterns"

TRACE::2025-03-03.11:07:12::SCWMssOS::"Running Make include in ps7_cortexa9_0/libsrc/scugic_v5_3/src"

TRACE::2025-03-03.11:07:12::SCWMssOS::make -C ps7_cortexa9_0/libsrc/scugic_v5_3/src -s include  "SHELL=CMD" "COMPILER=arm-none-eabi-gcc" "ASSEMBLER=arm-none-eabi-as"
TRACE::2025-03-03.11:07:12::SCWMssOS:: "ARCHIVER=arm-none-eabi-ar" "COMPILER_FLAGS=  -O2 -c" "EXTRA_COMPILER_FLAGS=-mcpu=cortex-a9 -mfpu=vfpv3 -mfloat-abi=hard -nost
TRACE::2025-03-03.11:07:12::SCWMssOS::artfiles -g -Wall -Wextra -fno-tree-loop-distribute-patterns"

TRACE::2025-03-03.11:07:12::SCWMssOS::"Running Make include in ps7_cortexa9_0/libsrc/scutimer_v2_6/src"

TRACE::2025-03-03.11:07:12::SCWMssOS::make -C ps7_cortexa9_0/libsrc/scutimer_v2_6/src -s include  "SHELL=CMD" "COMPILER=arm-none-eabi-gcc" "ASSEMBLER=arm-none-eabi-a
TRACE::2025-03-03.11:07:12::SCWMssOS::s" "ARCHIVER=arm-none-eabi-ar" "COMPILER_FLAGS=  -O2 -c" "EXTRA_COMPILER_FLAGS=-mcpu=cortex-a9 -mfpu=vfpv3 -mfloat-abi=hard -no
TRACE::2025-03-03.11:07:12::SCWMssOS::startfiles -g -Wall -Wextra -fno-tree-loop-distribute-patterns"

TRACE::2025-03-03.11:07:12::SCWMssOS::"Running Make include in ps7_cortexa9_0/libsrc/scuwdt_v2_5/src"

TRACE::2025-03-03.11:07:12::SCWMssOS::make -C ps7_cortexa9_0/libsrc/scuwdt_v2_5/src -s include  "SHELL=CMD" "COMPILER=arm-none-eabi-gcc" "ASSEMBLER=arm-none-eabi-as"
TRACE::2025-03-03.11:07:12::SCWMssOS:: "ARCHIVER=arm-none-eabi-ar" "COMPILER_FLAGS=  -O2 -c" "EXTRA_COMPILER_FLAGS=-mcpu=cortex-a9 -mfpu=vfpv3 -mfloat-abi=hard -nost
TRACE::2025-03-03.11:07:12::SCWMssOS::artfiles -g -Wall -Wextra -fno-tree-loop-distribute-patterns"

TRACE::2025-03-03.11:07:12::SCWMssOS::"Running Make include in ps7_cortexa9_0/libsrc/sdps_v4_3/src"

TRACE::2025-03-03.11:07:12::SCWMssOS::make -C ps7_cortexa9_0/libsrc/sdps_v4_3/src -s include  "SHELL=CMD" "COMPILER=arm-none-eabi-gcc" "ASSEMBLER=arm-none-eabi-as" "
TRACE::2025-03-03.11:07:12::SCWMssOS::ARCHIVER=arm-none-eabi-ar" "COMPILER_FLAGS=  -O2 -c" "EXTRA_COMPILER_FLAGS=-mcpu=cortex-a9 -mfpu=vfpv3 -mfloat-abi=hard -nostar
TRACE::2025-03-03.11:07:12::SCWMssOS::tfiles -g -Wall -Wextra -fno-tree-loop-distribute-patterns"

TRACE::2025-03-03.11:07:12::SCWMssOS::"Running Make include in ps7_cortexa9_0/libsrc/standalone_v9_1/src"

TRACE::2025-03-03.11:07:12::SCWMssOS::make -C ps7_cortexa9_0/libsrc/standalone_v9_1/src -s include  "SHELL=CMD" "COMPILER=arm-none-eabi-gcc" "ASSEMBLER=arm-none-eabi
TRACE::2025-03-03.11:07:12::SCWMssOS::-as" "ARCHIVER=arm-none-eabi-ar" "COMPILER_FLAGS=  -O2 -c" "EXTRA_COMPILER_FLAGS=-mcpu=cortex-a9 -mfpu=vfpv3 -mfloat-abi=hard -
TRACE::2025-03-03.11:07:12::SCWMssOS::nostartfiles -g -Wall -Wextra -fno-tree-loop-distribute-patterns"

TRACE::2025-03-03.11:07:12::SCWMssOS::"Running Make include in ps7_cortexa9_0/libsrc/uartps_v3_14/src"

TRACE::2025-03-03.11:07:12::SCWMssOS::make -C ps7_cortexa9_0/libsrc/uartps_v3_14/src -s include  "SHELL=CMD" "COMPILER=arm-none-eabi-gcc" "ASSEMBLER=arm-none-eabi-as
TRACE::2025-03-03.11:07:12::SCWMssOS::" "ARCHIVER=arm-none-eabi-ar" "COMPILER_FLAGS=  -O2 -c" "EXTRA_COMPILER_FLAGS=-mcpu=cortex-a9 -mfpu=vfpv3 -mfloat-abi=hard -nos
TRACE::2025-03-03.11:07:12::SCWMssOS::tartfiles -g -Wall -Wextra -fno-tree-loop-distribute-patterns"

TRACE::2025-03-03.11:07:12::SCWMssOS::"Running Make include in ps7_cortexa9_0/libsrc/usbps_v2_9/src"

TRACE::2025-03-03.11:07:12::SCWMssOS::make -C ps7_cortexa9_0/libsrc/usbps_v2_9/src -s include  "SHELL=CMD" "COMPILER=arm-none-eabi-gcc" "ASSEMBLER=arm-none-eabi-as" 
TRACE::2025-03-03.11:07:12::SCWMssOS::"ARCHIVER=arm-none-eabi-ar" "COMPILER_FLAGS=  -O2 -c" "EXTRA_COMPILER_FLAGS=-mcpu=cortex-a9 -mfpu=vfpv3 -mfloat-abi=hard -nosta
TRACE::2025-03-03.11:07:12::SCWMssOS::rtfiles -g -Wall -Wextra -fno-tree-loop-distribute-patterns"

TRACE::2025-03-03.11:07:13::SCWMssOS::"Running Make include in ps7_cortexa9_0/libsrc/xadcps_v2_7/src"

TRACE::2025-03-03.11:07:13::SCWMssOS::make -C ps7_cortexa9_0/libsrc/xadcps_v2_7/src -s include  "SHELL=CMD" "COMPILER=arm-none-eabi-gcc" "ASSEMBLER=arm-none-eabi-as"
TRACE::2025-03-03.11:07:13::SCWMssOS:: "ARCHIVER=arm-none-eabi-ar" "COMPILER_FLAGS=  -O2 -c" "EXTRA_COMPILER_FLAGS=-mcpu=cortex-a9 -mfpu=vfpv3 -mfloat-abi=hard -nost
TRACE::2025-03-03.11:07:13::SCWMssOS::artfiles -g -Wall -Wextra -fno-tree-loop-distribute-patterns"

TRACE::2025-03-03.11:07:13::SCWMssOS::"Running Make libs in ps7_cortexa9_0/libsrc/Custom_AXI_IP_7segment_display_v1_0/src"

TRACE::2025-03-03.11:07:13::SCWMssOS::make -C ps7_cortexa9_0/libsrc/Custom_AXI_IP_7segment_display_v1_0/src -s libs  "SHELL=CMD" "COMPILER=arm-none-eabi-gcc" "ASSEMB
TRACE::2025-03-03.11:07:13::SCWMssOS::LER=arm-none-eabi-as" "ARCHIVER=arm-none-eabi-ar" "COMPILER_FLAGS=  -O2 -c" "EXTRA_COMPILER_FLAGS=-mcpu=cortex-a9 -mfpu=vfpv3 -
TRACE::2025-03-03.11:07:13::SCWMssOS::mfloat-abi=hard -nostartfiles -g -Wall -Wextra -fno-tree-loop-distribute-patterns"

TRACE::2025-03-03.11:07:13::SCWMssOS::"Compiling Custom_AXI_IP_7segment_display..."

ERROR::2025-03-03.11:07:13::SCWMssOS::Failed to build  the bsp sources for domain - standalone_ps7_cortexa9_0
ERROR::2025-03-03.11:07:13::SCWSystem::Error in Processing the domain standalone_ps7_cortexa9_0
LOG::2025-03-03.11:07:25::SCWPlatform::Started generating the artifacts platform 7Segment_display
TRACE::2025-03-03.11:07:25::SCWPlatform::Sanity checking of platform is completed
LOG::2025-03-03.11:07:25::SCWPlatform::Started generating the artifacts for system configuration 7Segment_display
LOG::2025-03-03.11:07:25::SCWSystem::Checking the domain zynq_fsbl
LOG::2025-03-03.11:07:25::SCWSystem::Doing application build for :  zynq_fsbl
TRACE::2025-03-03.11:07:25::SCWBDomain::Not a forced makefile updation, No changes are present. 
TRACE::2025-03-03.11:07:25::SCWDomain::Building the domain as part of full build :  zynq_fsbl
TRACE::2025-03-03.11:07:25::SCWPlatform::Trying to open the hw design at C:/PXL/devWorks/devWorks2/Custom_AXI_IP_7Segment/vitis/7Segment_display/hw/7Segment_display.xsa
TRACE::2025-03-03.11:07:25::SCWPlatform::DSA given C:/PXL/devWorks/devWorks2/Custom_AXI_IP_7Segment/vitis/7Segment_display/hw/7Segment_display.xsa
TRACE::2025-03-03.11:07:25::SCWPlatform::DSA absoulate path C:/PXL/devWorks/devWorks2/Custom_AXI_IP_7Segment/vitis/7Segment_display/hw/7Segment_display.xsa
TRACE::2025-03-03.11:07:25::SCWPlatform::DSA directory C:/PXL/devWorks/devWorks2/Custom_AXI_IP_7Segment/vitis/7Segment_display/hw
TRACE::2025-03-03.11:07:25::SCWPlatform:: Platform Path C:/PXL/devWorks/devWorks2/Custom_AXI_IP_7Segment/vitis/7Segment_display/hw/7Segment_display.xsa
TRACE::2025-03-03.11:07:25::SCWPlatform:: Unique name xilinx:pynq-z2::0.0
TRACE::2025-03-03.11:07:25::SCWPlatform::Trying to set the existing hwdb with name design_1_wrapper_0
TRACE::2025-03-03.11:07:25::SCWPlatform::Opened existing hwdb design_1_wrapper_0
TRACE::2025-03-03.11:07:25::SCWPlatform::Found the Hw Db part of the input DSA
TRACE::2025-03-03.11:07:25::SCWMssOS::Checking the sw design at  C:/PXL/devWorks/devWorks2/Custom_AXI_IP_7Segment/vitis/7Segment_display/zynq_fsbl/zynq_fsbl_bsp/system.mss
TRACE::2025-03-03.11:07:25::SCWMssOS::DEBUG:  swdes dump  C:/PXL/devWorks/devWorks2/Custom_AXI_IP_7Segment/vitis/7Segment_display/ps7_cortexa9_0/standalone_ps7_cortexa9_0/bsp/system.mss|system_0||
C:/PXL/devWorks/devWorks2/Custom_AXI_IP_7Segment/vitis/7Segment_display/zynq_fsbl/zynq_fsbl_bsp/system.mss|system||

TRACE::2025-03-03.11:07:25::SCWMssOS::Sw design exists and opened at  C:/PXL/devWorks/devWorks2/Custom_AXI_IP_7Segment/vitis/7Segment_display/zynq_fsbl/zynq_fsbl_bsp/system.mss
TRACE::2025-03-03.11:07:25::SCWBDomain::Completed writing the mss file at C:/PXL/devWorks/devWorks2/Custom_AXI_IP_7Segment/vitis/7Segment_display/zynq_fsbl/zynq_fsbl_bsp
TRACE::2025-03-03.11:07:25::SCWBDomain::bsp generated is upto date with the mss file. Skipping bsp generation.
TRACE::2025-03-03.11:07:25::SCWBDomain::Not a forced makefile updation, No changes are present. 
TRACE::2025-03-03.11:07:25::SCWBDomain::System Command Ran  C:&  cd  C:/PXL/devWorks/devWorks2/Custom_AXI_IP_7Segment/vitis/7Segment_display/zynq_fsbl& make -C  zynq_fsbl_bsp & make 
TRACE::2025-03-03.11:07:25::SCWBDomain::make: Entering directory 'C:/PXL/devWorks/devWorks2/Custom_AXI_IP_7Segment/vitis/7Segment_display/zynq_fsbl/zynq_fsbl_bsp'

TRACE::2025-03-03.11:07:25::SCWBDomain::make --no-print-directory seq_libs

TRACE::2025-03-03.11:07:25::SCWBDomain::"Running Make include in ps7_cortexa9_0/libsrc/coresightps_dcc_v1_10/src"

TRACE::2025-03-03.11:07:25::SCWBDomain::make -C ps7_cortexa9_0/libsrc/coresightps_dcc_v1_10/src -s include  "SHELL=CMD" "COMPILER=arm-none-eabi-gcc" "ASSEMBLER=arm-non
TRACE::2025-03-03.11:07:25::SCWBDomain::e-eabi-as" "ARCHIVER=arm-none-eabi-ar" "COMPILER_FLAGS=  -O2 -c" "EXTRA_COMPILER_FLAGS=-mcpu=cortex-a9 -mfpu=vfpv3 -mfloat-abi=
TRACE::2025-03-03.11:07:25::SCWBDomain::hard -nostartfiles -g -Wall -Wextra -fno-tree-loop-distribute-patterns"

TRACE::2025-03-03.11:07:25::SCWBDomain::"Running Make include in ps7_cortexa9_0/libsrc/cpu_cortexa9_v2_12/src"

TRACE::2025-03-03.11:07:25::SCWBDomain::make -C ps7_cortexa9_0/libsrc/cpu_cortexa9_v2_12/src -s include  "SHELL=CMD" "COMPILER=arm-none-eabi-gcc" "ASSEMBLER=arm-none-e
TRACE::2025-03-03.11:07:25::SCWBDomain::abi-as" "ARCHIVER=arm-none-eabi-ar" "COMPILER_FLAGS=  -O2 -c" "EXTRA_COMPILER_FLAGS=-mcpu=cortex-a9 -mfpu=vfpv3 -mfloat-abi=har
TRACE::2025-03-03.11:07:25::SCWBDomain::d -nostartfiles -g -Wall -Wextra -fno-tree-loop-distribute-patterns"

TRACE::2025-03-03.11:07:25::SCWBDomain::"Running Make include in ps7_cortexa9_0/libsrc/Custom_AXI_IP_7segment_display_v1_0/src"

TRACE::2025-03-03.11:07:25::SCWBDomain::make -C ps7_cortexa9_0/libsrc/Custom_AXI_IP_7segment_display_v1_0/src -s include  "SHELL=CMD" "COMPILER=arm-none-eabi-gcc" "ASS
TRACE::2025-03-03.11:07:25::SCWBDomain::EMBLER=arm-none-eabi-as" "ARCHIVER=arm-none-eabi-ar" "COMPILER_FLAGS=  -O2 -c" "EXTRA_COMPILER_FLAGS=-mcpu=cortex-a9 -mfpu=vfpv
TRACE::2025-03-03.11:07:25::SCWBDomain::3 -mfloat-abi=hard -nostartfiles -g -Wall -Wextra -fno-tree-loop-distribute-patterns"

TRACE::2025-03-03.11:07:25::SCWBDomain::"Running Make include in ps7_cortexa9_0/libsrc/ddrps_v1_2/src"

TRACE::2025-03-03.11:07:25::SCWBDomain::make -C ps7_cortexa9_0/libsrc/ddrps_v1_2/src -s include  "SHELL=CMD" "COMPILER=arm-none-eabi-gcc" "ASSEMBLER=arm-none-eabi-as" 
TRACE::2025-03-03.11:07:25::SCWBDomain::"ARCHIVER=arm-none-eabi-ar" "COMPILER_FLAGS=  -O2 -c" "EXTRA_COMPILER_FLAGS=-mcpu=cortex-a9 -mfpu=vfpv3 -mfloat-abi=hard -nosta
TRACE::2025-03-03.11:07:25::SCWBDomain::rtfiles -g -Wall -Wextra -fno-tree-loop-distribute-patterns"

TRACE::2025-03-03.11:07:25::SCWBDomain::"Running Make include in ps7_cortexa9_0/libsrc/devcfg_v3_8/src"

TRACE::2025-03-03.11:07:25::SCWBDomain::make -C ps7_cortexa9_0/libsrc/devcfg_v3_8/src -s include  "SHELL=CMD" "COMPILER=arm-none-eabi-gcc" "ASSEMBLER=arm-none-eabi-as"
TRACE::2025-03-03.11:07:25::SCWBDomain:: "ARCHIVER=arm-none-eabi-ar" "COMPILER_FLAGS=  -O2 -c" "EXTRA_COMPILER_FLAGS=-mcpu=cortex-a9 -mfpu=vfpv3 -mfloat-abi=hard -nost
TRACE::2025-03-03.11:07:25::SCWBDomain::artfiles -g -Wall -Wextra -fno-tree-loop-distribute-patterns"

TRACE::2025-03-03.11:07:25::SCWBDomain::"Running Make include in ps7_cortexa9_0/libsrc/dmaps_v2_10/src"

TRACE::2025-03-03.11:07:25::SCWBDomain::make -C ps7_cortexa9_0/libsrc/dmaps_v2_10/src -s include  "SHELL=CMD" "COMPILER=arm-none-eabi-gcc" "ASSEMBLER=arm-none-eabi-as"
TRACE::2025-03-03.11:07:25::SCWBDomain:: "ARCHIVER=arm-none-eabi-ar" "COMPILER_FLAGS=  -O2 -c" "EXTRA_COMPILER_FLAGS=-mcpu=cortex-a9 -mfpu=vfpv3 -mfloat-abi=hard -nost
TRACE::2025-03-03.11:07:25::SCWBDomain::artfiles -g -Wall -Wextra -fno-tree-loop-distribute-patterns"

TRACE::2025-03-03.11:07:25::SCWBDomain::"Running Make include in ps7_cortexa9_0/libsrc/emacps_v3_20/src"

TRACE::2025-03-03.11:07:25::SCWBDomain::make -C ps7_cortexa9_0/libsrc/emacps_v3_20/src -s include  "SHELL=CMD" "COMPILER=arm-none-eabi-gcc" "ASSEMBLER=arm-none-eabi-as
TRACE::2025-03-03.11:07:25::SCWBDomain::" "ARCHIVER=arm-none-eabi-ar" "COMPILER_FLAGS=  -O2 -c" "EXTRA_COMPILER_FLAGS=-mcpu=cortex-a9 -mfpu=vfpv3 -mfloat-abi=hard -nos
TRACE::2025-03-03.11:07:25::SCWBDomain::tartfiles -g -Wall -Wextra -fno-tree-loop-distribute-patterns"

TRACE::2025-03-03.11:07:25::SCWBDomain::"Running Make include in ps7_cortexa9_0/libsrc/gpiops_v3_13/src"

TRACE::2025-03-03.11:07:25::SCWBDomain::make -C ps7_cortexa9_0/libsrc/gpiops_v3_13/src -s include  "SHELL=CMD" "COMPILER=arm-none-eabi-gcc" "ASSEMBLER=arm-none-eabi-as
TRACE::2025-03-03.11:07:25::SCWBDomain::" "ARCHIVER=arm-none-eabi-ar" "COMPILER_FLAGS=  -O2 -c" "EXTRA_COMPILER_FLAGS=-mcpu=cortex-a9 -mfpu=vfpv3 -mfloat-abi=hard -nos
TRACE::2025-03-03.11:07:25::SCWBDomain::tartfiles -g -Wall -Wextra -fno-tree-loop-distribute-patterns"

TRACE::2025-03-03.11:07:25::SCWBDomain::"Running Make include in ps7_cortexa9_0/libsrc/qspips_v3_12/src"

TRACE::2025-03-03.11:07:25::SCWBDomain::make -C ps7_cortexa9_0/libsrc/qspips_v3_12/src -s include  "SHELL=CMD" "COMPILER=arm-none-eabi-gcc" "ASSEMBLER=arm-none-eabi-as
TRACE::2025-03-03.11:07:25::SCWBDomain::" "ARCHIVER=arm-none-eabi-ar" "COMPILER_FLAGS=  -O2 -c" "EXTRA_COMPILER_FLAGS=-mcpu=cortex-a9 -mfpu=vfpv3 -mfloat-abi=hard -nos
TRACE::2025-03-03.11:07:25::SCWBDomain::tartfiles -g -Wall -Wextra -fno-tree-loop-distribute-patterns"

TRACE::2025-03-03.11:07:25::SCWBDomain::"Running Make include in ps7_cortexa9_0/libsrc/scugic_v5_3/src"

TRACE::2025-03-03.11:07:25::SCWBDomain::make -C ps7_cortexa9_0/libsrc/scugic_v5_3/src -s include  "SHELL=CMD" "COMPILER=arm-none-eabi-gcc" "ASSEMBLER=arm-none-eabi-as"
TRACE::2025-03-03.11:07:25::SCWBDomain:: "ARCHIVER=arm-none-eabi-ar" "COMPILER_FLAGS=  -O2 -c" "EXTRA_COMPILER_FLAGS=-mcpu=cortex-a9 -mfpu=vfpv3 -mfloat-abi=hard -nost
TRACE::2025-03-03.11:07:25::SCWBDomain::artfiles -g -Wall -Wextra -fno-tree-loop-distribute-patterns"

TRACE::2025-03-03.11:07:25::SCWBDomain::"Running Make include in ps7_cortexa9_0/libsrc/scutimer_v2_6/src"

TRACE::2025-03-03.11:07:25::SCWBDomain::make -C ps7_cortexa9_0/libsrc/scutimer_v2_6/src -s include  "SHELL=CMD" "COMPILER=arm-none-eabi-gcc" "ASSEMBLER=arm-none-eabi-a
TRACE::2025-03-03.11:07:25::SCWBDomain::s" "ARCHIVER=arm-none-eabi-ar" "COMPILER_FLAGS=  -O2 -c" "EXTRA_COMPILER_FLAGS=-mcpu=cortex-a9 -mfpu=vfpv3 -mfloat-abi=hard -no
TRACE::2025-03-03.11:07:25::SCWBDomain::startfiles -g -Wall -Wextra -fno-tree-loop-distribute-patterns"

TRACE::2025-03-03.11:07:25::SCWBDomain::"Running Make include in ps7_cortexa9_0/libsrc/scuwdt_v2_5/src"

TRACE::2025-03-03.11:07:25::SCWBDomain::make -C ps7_cortexa9_0/libsrc/scuwdt_v2_5/src -s include  "SHELL=CMD" "COMPILER=arm-none-eabi-gcc" "ASSEMBLER=arm-none-eabi-as"
TRACE::2025-03-03.11:07:25::SCWBDomain:: "ARCHIVER=arm-none-eabi-ar" "COMPILER_FLAGS=  -O2 -c" "EXTRA_COMPILER_FLAGS=-mcpu=cortex-a9 -mfpu=vfpv3 -mfloat-abi=hard -nost
TRACE::2025-03-03.11:07:25::SCWBDomain::artfiles -g -Wall -Wextra -fno-tree-loop-distribute-patterns"

TRACE::2025-03-03.11:07:26::SCWBDomain::"Running Make include in ps7_cortexa9_0/libsrc/sdps_v4_3/src"

TRACE::2025-03-03.11:07:26::SCWBDomain::make -C ps7_cortexa9_0/libsrc/sdps_v4_3/src -s include  "SHELL=CMD" "COMPILER=arm-none-eabi-gcc" "ASSEMBLER=arm-none-eabi-as" "
TRACE::2025-03-03.11:07:26::SCWBDomain::ARCHIVER=arm-none-eabi-ar" "COMPILER_FLAGS=  -O2 -c" "EXTRA_COMPILER_FLAGS=-mcpu=cortex-a9 -mfpu=vfpv3 -mfloat-abi=hard -nostar
TRACE::2025-03-03.11:07:26::SCWBDomain::tfiles -g -Wall -Wextra -fno-tree-loop-distribute-patterns"

TRACE::2025-03-03.11:07:26::SCWBDomain::"Running Make include in ps7_cortexa9_0/libsrc/standalone_v9_1/src"

TRACE::2025-03-03.11:07:26::SCWBDomain::make -C ps7_cortexa9_0/libsrc/standalone_v9_1/src -s include  "SHELL=CMD" "COMPILER=arm-none-eabi-gcc" "ASSEMBLER=arm-none-eabi
TRACE::2025-03-03.11:07:26::SCWBDomain::-as" "ARCHIVER=arm-none-eabi-ar" "COMPILER_FLAGS=  -O2 -c" "EXTRA_COMPILER_FLAGS=-mcpu=cortex-a9 -mfpu=vfpv3 -mfloat-abi=hard -
TRACE::2025-03-03.11:07:26::SCWBDomain::nostartfiles -g -Wall -Wextra -fno-tree-loop-distribute-patterns"

TRACE::2025-03-03.11:07:26::SCWBDomain::"Running Make include in ps7_cortexa9_0/libsrc/uartps_v3_14/src"

TRACE::2025-03-03.11:07:26::SCWBDomain::make -C ps7_cortexa9_0/libsrc/uartps_v3_14/src -s include  "SHELL=CMD" "COMPILER=arm-none-eabi-gcc" "ASSEMBLER=arm-none-eabi-as
TRACE::2025-03-03.11:07:26::SCWBDomain::" "ARCHIVER=arm-none-eabi-ar" "COMPILER_FLAGS=  -O2 -c" "EXTRA_COMPILER_FLAGS=-mcpu=cortex-a9 -mfpu=vfpv3 -mfloat-abi=hard -nos
TRACE::2025-03-03.11:07:26::SCWBDomain::tartfiles -g -Wall -Wextra -fno-tree-loop-distribute-patterns"

TRACE::2025-03-03.11:07:26::SCWBDomain::"Running Make include in ps7_cortexa9_0/libsrc/usbps_v2_9/src"

TRACE::2025-03-03.11:07:26::SCWBDomain::make -C ps7_cortexa9_0/libsrc/usbps_v2_9/src -s include  "SHELL=CMD" "COMPILER=arm-none-eabi-gcc" "ASSEMBLER=arm-none-eabi-as" 
TRACE::2025-03-03.11:07:26::SCWBDomain::"ARCHIVER=arm-none-eabi-ar" "COMPILER_FLAGS=  -O2 -c" "EXTRA_COMPILER_FLAGS=-mcpu=cortex-a9 -mfpu=vfpv3 -mfloat-abi=hard -nosta
TRACE::2025-03-03.11:07:26::SCWBDomain::rtfiles -g -Wall -Wextra -fno-tree-loop-distribute-patterns"

TRACE::2025-03-03.11:07:26::SCWBDomain::"Running Make include in ps7_cortexa9_0/libsrc/xadcps_v2_7/src"

TRACE::2025-03-03.11:07:26::SCWBDomain::make -C ps7_cortexa9_0/libsrc/xadcps_v2_7/src -s include  "SHELL=CMD" "COMPILER=arm-none-eabi-gcc" "ASSEMBLER=arm-none-eabi-as"
TRACE::2025-03-03.11:07:26::SCWBDomain:: "ARCHIVER=arm-none-eabi-ar" "COMPILER_FLAGS=  -O2 -c" "EXTRA_COMPILER_FLAGS=-mcpu=cortex-a9 -mfpu=vfpv3 -mfloat-abi=hard -nost
TRACE::2025-03-03.11:07:26::SCWBDomain::artfiles -g -Wall -Wextra -fno-tree-loop-distribute-patterns"

TRACE::2025-03-03.11:07:26::SCWBDomain::"Running Make include in ps7_cortexa9_0/libsrc/xilffs_v5_2/src"

TRACE::2025-03-03.11:07:26::SCWBDomain::make -C ps7_cortexa9_0/libsrc/xilffs_v5_2/src -s include  "SHELL=CMD" "COMPILER=arm-none-eabi-gcc" "ASSEMBLER=arm-none-eabi-as"
TRACE::2025-03-03.11:07:26::SCWBDomain:: "ARCHIVER=arm-none-eabi-ar" "COMPILER_FLAGS=  -O2 -c" "EXTRA_COMPILER_FLAGS=-mcpu=cortex-a9 -mfpu=vfpv3 -mfloat-abi=hard -nost
TRACE::2025-03-03.11:07:26::SCWBDomain::artfiles -g -Wall -Wextra -fno-tree-loop-distribute-patterns"

TRACE::2025-03-03.11:07:26::SCWBDomain::"Running Make include in ps7_cortexa9_0/libsrc/xilrsa_v1_8/src"

TRACE::2025-03-03.11:07:26::SCWBDomain::make -C ps7_cortexa9_0/libsrc/xilrsa_v1_8/src -s include  "SHELL=CMD" "COMPILER=arm-none-eabi-gcc" "ASSEMBLER=arm-none-eabi-as"
TRACE::2025-03-03.11:07:26::SCWBDomain:: "ARCHIVER=arm-none-eabi-ar" "COMPILER_FLAGS=  -O2 -c" "EXTRA_COMPILER_FLAGS=-mcpu=cortex-a9 -mfpu=vfpv3 -mfloat-abi=hard -nost
TRACE::2025-03-03.11:07:26::SCWBDomain::artfiles -g -Wall -Wextra -fno-tree-loop-distribute-patterns"

TRACE::2025-03-03.11:07:26::SCWBDomain::"Running Make libs in ps7_cortexa9_0/libsrc/Custom_AXI_IP_7segment_display_v1_0/src"

TRACE::2025-03-03.11:07:26::SCWBDomain::make -C ps7_cortexa9_0/libsrc/Custom_AXI_IP_7segment_display_v1_0/src -s libs  "SHELL=CMD" "COMPILER=arm-none-eabi-gcc" "ASSEMB
TRACE::2025-03-03.11:07:26::SCWBDomain::LER=arm-none-eabi-as" "ARCHIVER=arm-none-eabi-ar" "COMPILER_FLAGS=  -O2 -c" "EXTRA_COMPILER_FLAGS=-mcpu=cortex-a9 -mfpu=vfpv3 -
TRACE::2025-03-03.11:07:26::SCWBDomain::mfloat-abi=hard -nostartfiles -g -Wall -Wextra -fno-tree-loop-distribute-patterns"

TRACE::2025-03-03.11:07:26::SCWBDomain::"Compiling Custom_AXI_IP_7segment_display..."

TRACE::2025-03-03.11:07:26::SCWBDomain::make: Leaving directory 'C:/PXL/devWorks/devWorks2/Custom_AXI_IP_7Segment/vitis/7Segment_display/zynq_fsbl/zynq_fsbl_bsp'

TRACE::2025-03-03.11:07:26::SCWBDomain::make -C zynq_fsbl_bsp

TRACE::2025-03-03.11:07:26::SCWBDomain::make[1]: Entering directory 'C:/PXL/devWorks/devWorks2/Custom_AXI_IP_7Segment/vitis/7Segment_display/zynq_fsbl/zynq_fsbl_bsp'

TRACE::2025-03-03.11:07:26::SCWBDomain::make --no-print-directory seq_libs

TRACE::2025-03-03.11:07:26::SCWBDomain::"Running Make include in ps7_cortexa9_0/libsrc/coresightps_dcc_v1_10/src"

TRACE::2025-03-03.11:07:26::SCWBDomain::make -C ps7_cortexa9_0/libsrc/coresightps_dcc_v1_10/src -s include  "SHELL=CMD" "COMPILER=arm-none-eabi-gcc" "ASSEMBLER=arm-non
TRACE::2025-03-03.11:07:26::SCWBDomain::e-eabi-as" "ARCHIVER=arm-none-eabi-ar" "COMPILER_FLAGS=  -O2 -c" "EXTRA_COMPILER_FLAGS=-mcpu=cortex-a9 -mfpu=vfpv3 -mfloat-abi=
TRACE::2025-03-03.11:07:26::SCWBDomain::hard -nostartfiles -g -Wall -Wextra -fno-tree-loop-distribute-patterns"

TRACE::2025-03-03.11:07:26::SCWBDomain::"Running Make include in ps7_cortexa9_0/libsrc/cpu_cortexa9_v2_12/src"

TRACE::2025-03-03.11:07:26::SCWBDomain::make -C ps7_cortexa9_0/libsrc/cpu_cortexa9_v2_12/src -s include  "SHELL=CMD" "COMPILER=arm-none-eabi-gcc" "ASSEMBLER=arm-none-e
TRACE::2025-03-03.11:07:26::SCWBDomain::abi-as" "ARCHIVER=arm-none-eabi-ar" "COMPILER_FLAGS=  -O2 -c" "EXTRA_COMPILER_FLAGS=-mcpu=cortex-a9 -mfpu=vfpv3 -mfloat-abi=har
TRACE::2025-03-03.11:07:26::SCWBDomain::d -nostartfiles -g -Wall -Wextra -fno-tree-loop-distribute-patterns"

TRACE::2025-03-03.11:07:26::SCWBDomain::"Running Make include in ps7_cortexa9_0/libsrc/Custom_AXI_IP_7segment_display_v1_0/src"

TRACE::2025-03-03.11:07:26::SCWBDomain::make -C ps7_cortexa9_0/libsrc/Custom_AXI_IP_7segment_display_v1_0/src -s include  "SHELL=CMD" "COMPILER=arm-none-eabi-gcc" "ASS
TRACE::2025-03-03.11:07:26::SCWBDomain::EMBLER=arm-none-eabi-as" "ARCHIVER=arm-none-eabi-ar" "COMPILER_FLAGS=  -O2 -c" "EXTRA_COMPILER_FLAGS=-mcpu=cortex-a9 -mfpu=vfpv
TRACE::2025-03-03.11:07:26::SCWBDomain::3 -mfloat-abi=hard -nostartfiles -g -Wall -Wextra -fno-tree-loop-distribute-patterns"

TRACE::2025-03-03.11:07:26::SCWBDomain::"Running Make include in ps7_cortexa9_0/libsrc/ddrps_v1_2/src"

TRACE::2025-03-03.11:07:26::SCWBDomain::make -C ps7_cortexa9_0/libsrc/ddrps_v1_2/src -s include  "SHELL=CMD" "COMPILER=arm-none-eabi-gcc" "ASSEMBLER=arm-none-eabi-as" 
TRACE::2025-03-03.11:07:26::SCWBDomain::"ARCHIVER=arm-none-eabi-ar" "COMPILER_FLAGS=  -O2 -c" "EXTRA_COMPILER_FLAGS=-mcpu=cortex-a9 -mfpu=vfpv3 -mfloat-abi=hard -nosta
TRACE::2025-03-03.11:07:26::SCWBDomain::rtfiles -g -Wall -Wextra -fno-tree-loop-distribute-patterns"

TRACE::2025-03-03.11:07:26::SCWBDomain::"Running Make include in ps7_cortexa9_0/libsrc/devcfg_v3_8/src"

TRACE::2025-03-03.11:07:26::SCWBDomain::make -C ps7_cortexa9_0/libsrc/devcfg_v3_8/src -s include  "SHELL=CMD" "COMPILER=arm-none-eabi-gcc" "ASSEMBLER=arm-none-eabi-as"
TRACE::2025-03-03.11:07:26::SCWBDomain:: "ARCHIVER=arm-none-eabi-ar" "COMPILER_FLAGS=  -O2 -c" "EXTRA_COMPILER_FLAGS=-mcpu=cortex-a9 -mfpu=vfpv3 -mfloat-abi=hard -nost
TRACE::2025-03-03.11:07:26::SCWBDomain::artfiles -g -Wall -Wextra -fno-tree-loop-distribute-patterns"

TRACE::2025-03-03.11:07:26::SCWBDomain::"Running Make include in ps7_cortexa9_0/libsrc/dmaps_v2_10/src"

TRACE::2025-03-03.11:07:26::SCWBDomain::make -C ps7_cortexa9_0/libsrc/dmaps_v2_10/src -s include  "SHELL=CMD" "COMPILER=arm-none-eabi-gcc" "ASSEMBLER=arm-none-eabi-as"
TRACE::2025-03-03.11:07:26::SCWBDomain:: "ARCHIVER=arm-none-eabi-ar" "COMPILER_FLAGS=  -O2 -c" "EXTRA_COMPILER_FLAGS=-mcpu=cortex-a9 -mfpu=vfpv3 -mfloat-abi=hard -nost
TRACE::2025-03-03.11:07:26::SCWBDomain::artfiles -g -Wall -Wextra -fno-tree-loop-distribute-patterns"

TRACE::2025-03-03.11:07:27::SCWBDomain::"Running Make include in ps7_cortexa9_0/libsrc/emacps_v3_20/src"

TRACE::2025-03-03.11:07:27::SCWBDomain::make -C ps7_cortexa9_0/libsrc/emacps_v3_20/src -s include  "SHELL=CMD" "COMPILER=arm-none-eabi-gcc" "ASSEMBLER=arm-none-eabi-as
TRACE::2025-03-03.11:07:27::SCWBDomain::" "ARCHIVER=arm-none-eabi-ar" "COMPILER_FLAGS=  -O2 -c" "EXTRA_COMPILER_FLAGS=-mcpu=cortex-a9 -mfpu=vfpv3 -mfloat-abi=hard -nos
TRACE::2025-03-03.11:07:27::SCWBDomain::tartfiles -g -Wall -Wextra -fno-tree-loop-distribute-patterns"

TRACE::2025-03-03.11:07:27::SCWBDomain::"Running Make include in ps7_cortexa9_0/libsrc/gpiops_v3_13/src"

TRACE::2025-03-03.11:07:27::SCWBDomain::make -C ps7_cortexa9_0/libsrc/gpiops_v3_13/src -s include  "SHELL=CMD" "COMPILER=arm-none-eabi-gcc" "ASSEMBLER=arm-none-eabi-as
TRACE::2025-03-03.11:07:27::SCWBDomain::" "ARCHIVER=arm-none-eabi-ar" "COMPILER_FLAGS=  -O2 -c" "EXTRA_COMPILER_FLAGS=-mcpu=cortex-a9 -mfpu=vfpv3 -mfloat-abi=hard -nos
TRACE::2025-03-03.11:07:27::SCWBDomain::tartfiles -g -Wall -Wextra -fno-tree-loop-distribute-patterns"

TRACE::2025-03-03.11:07:27::SCWBDomain::"Running Make include in ps7_cortexa9_0/libsrc/qspips_v3_12/src"

TRACE::2025-03-03.11:07:27::SCWBDomain::make -C ps7_cortexa9_0/libsrc/qspips_v3_12/src -s include  "SHELL=CMD" "COMPILER=arm-none-eabi-gcc" "ASSEMBLER=arm-none-eabi-as
TRACE::2025-03-03.11:07:27::SCWBDomain::" "ARCHIVER=arm-none-eabi-ar" "COMPILER_FLAGS=  -O2 -c" "EXTRA_COMPILER_FLAGS=-mcpu=cortex-a9 -mfpu=vfpv3 -mfloat-abi=hard -nos
TRACE::2025-03-03.11:07:27::SCWBDomain::tartfiles -g -Wall -Wextra -fno-tree-loop-distribute-patterns"

TRACE::2025-03-03.11:07:27::SCWBDomain::"Running Make include in ps7_cortexa9_0/libsrc/scugic_v5_3/src"

TRACE::2025-03-03.11:07:27::SCWBDomain::make -C ps7_cortexa9_0/libsrc/scugic_v5_3/src -s include  "SHELL=CMD" "COMPILER=arm-none-eabi-gcc" "ASSEMBLER=arm-none-eabi-as"
TRACE::2025-03-03.11:07:27::SCWBDomain:: "ARCHIVER=arm-none-eabi-ar" "COMPILER_FLAGS=  -O2 -c" "EXTRA_COMPILER_FLAGS=-mcpu=cortex-a9 -mfpu=vfpv3 -mfloat-abi=hard -nost
TRACE::2025-03-03.11:07:27::SCWBDomain::artfiles -g -Wall -Wextra -fno-tree-loop-distribute-patterns"

TRACE::2025-03-03.11:07:27::SCWBDomain::"Running Make include in ps7_cortexa9_0/libsrc/scutimer_v2_6/src"

TRACE::2025-03-03.11:07:27::SCWBDomain::make -C ps7_cortexa9_0/libsrc/scutimer_v2_6/src -s include  "SHELL=CMD" "COMPILER=arm-none-eabi-gcc" "ASSEMBLER=arm-none-eabi-a
TRACE::2025-03-03.11:07:27::SCWBDomain::s" "ARCHIVER=arm-none-eabi-ar" "COMPILER_FLAGS=  -O2 -c" "EXTRA_COMPILER_FLAGS=-mcpu=cortex-a9 -mfpu=vfpv3 -mfloat-abi=hard -no
TRACE::2025-03-03.11:07:27::SCWBDomain::startfiles -g -Wall -Wextra -fno-tree-loop-distribute-patterns"

TRACE::2025-03-03.11:07:27::SCWBDomain::"Running Make include in ps7_cortexa9_0/libsrc/scuwdt_v2_5/src"

TRACE::2025-03-03.11:07:27::SCWBDomain::make -C ps7_cortexa9_0/libsrc/scuwdt_v2_5/src -s include  "SHELL=CMD" "COMPILER=arm-none-eabi-gcc" "ASSEMBLER=arm-none-eabi-as"
TRACE::2025-03-03.11:07:27::SCWBDomain:: "ARCHIVER=arm-none-eabi-ar" "COMPILER_FLAGS=  -O2 -c" "EXTRA_COMPILER_FLAGS=-mcpu=cortex-a9 -mfpu=vfpv3 -mfloat-abi=hard -nost
TRACE::2025-03-03.11:07:27::SCWBDomain::artfiles -g -Wall -Wextra -fno-tree-loop-distribute-patterns"

TRACE::2025-03-03.11:07:27::SCWBDomain::"Running Make include in ps7_cortexa9_0/libsrc/sdps_v4_3/src"

TRACE::2025-03-03.11:07:27::SCWBDomain::make -C ps7_cortexa9_0/libsrc/sdps_v4_3/src -s include  "SHELL=CMD" "COMPILER=arm-none-eabi-gcc" "ASSEMBLER=arm-none-eabi-as" "
TRACE::2025-03-03.11:07:27::SCWBDomain::ARCHIVER=arm-none-eabi-ar" "COMPILER_FLAGS=  -O2 -c" "EXTRA_COMPILER_FLAGS=-mcpu=cortex-a9 -mfpu=vfpv3 -mfloat-abi=hard -nostar
TRACE::2025-03-03.11:07:27::SCWBDomain::tfiles -g -Wall -Wextra -fno-tree-loop-distribute-patterns"

TRACE::2025-03-03.11:07:27::SCWBDomain::"Running Make include in ps7_cortexa9_0/libsrc/standalone_v9_1/src"

TRACE::2025-03-03.11:07:27::SCWBDomain::make -C ps7_cortexa9_0/libsrc/standalone_v9_1/src -s include  "SHELL=CMD" "COMPILER=arm-none-eabi-gcc" "ASSEMBLER=arm-none-eabi
TRACE::2025-03-03.11:07:27::SCWBDomain::-as" "ARCHIVER=arm-none-eabi-ar" "COMPILER_FLAGS=  -O2 -c" "EXTRA_COMPILER_FLAGS=-mcpu=cortex-a9 -mfpu=vfpv3 -mfloat-abi=hard -
TRACE::2025-03-03.11:07:27::SCWBDomain::nostartfiles -g -Wall -Wextra -fno-tree-loop-distribute-patterns"

TRACE::2025-03-03.11:07:27::SCWBDomain::"Running Make include in ps7_cortexa9_0/libsrc/uartps_v3_14/src"

TRACE::2025-03-03.11:07:27::SCWBDomain::make -C ps7_cortexa9_0/libsrc/uartps_v3_14/src -s include  "SHELL=CMD" "COMPILER=arm-none-eabi-gcc" "ASSEMBLER=arm-none-eabi-as
TRACE::2025-03-03.11:07:27::SCWBDomain::" "ARCHIVER=arm-none-eabi-ar" "COMPILER_FLAGS=  -O2 -c" "EXTRA_COMPILER_FLAGS=-mcpu=cortex-a9 -mfpu=vfpv3 -mfloat-abi=hard -nos
TRACE::2025-03-03.11:07:27::SCWBDomain::tartfiles -g -Wall -Wextra -fno-tree-loop-distribute-patterns"

TRACE::2025-03-03.11:07:27::SCWBDomain::"Running Make include in ps7_cortexa9_0/libsrc/usbps_v2_9/src"

TRACE::2025-03-03.11:07:27::SCWBDomain::make -C ps7_cortexa9_0/libsrc/usbps_v2_9/src -s include  "SHELL=CMD" "COMPILER=arm-none-eabi-gcc" "ASSEMBLER=arm-none-eabi-as" 
TRACE::2025-03-03.11:07:27::SCWBDomain::"ARCHIVER=arm-none-eabi-ar" "COMPILER_FLAGS=  -O2 -c" "EXTRA_COMPILER_FLAGS=-mcpu=cortex-a9 -mfpu=vfpv3 -mfloat-abi=hard -nosta
TRACE::2025-03-03.11:07:27::SCWBDomain::rtfiles -g -Wall -Wextra -fno-tree-loop-distribute-patterns"

TRACE::2025-03-03.11:07:27::SCWBDomain::"Running Make include in ps7_cortexa9_0/libsrc/xadcps_v2_7/src"

TRACE::2025-03-03.11:07:27::SCWBDomain::make -C ps7_cortexa9_0/libsrc/xadcps_v2_7/src -s include  "SHELL=CMD" "COMPILER=arm-none-eabi-gcc" "ASSEMBLER=arm-none-eabi-as"
TRACE::2025-03-03.11:07:27::SCWBDomain:: "ARCHIVER=arm-none-eabi-ar" "COMPILER_FLAGS=  -O2 -c" "EXTRA_COMPILER_FLAGS=-mcpu=cortex-a9 -mfpu=vfpv3 -mfloat-abi=hard -nost
TRACE::2025-03-03.11:07:27::SCWBDomain::artfiles -g -Wall -Wextra -fno-tree-loop-distribute-patterns"

TRACE::2025-03-03.11:07:27::SCWBDomain::"Running Make include in ps7_cortexa9_0/libsrc/xilffs_v5_2/src"

TRACE::2025-03-03.11:07:27::SCWBDomain::make -C ps7_cortexa9_0/libsrc/xilffs_v5_2/src -s include  "SHELL=CMD" "COMPILER=arm-none-eabi-gcc" "ASSEMBLER=arm-none-eabi-as"
TRACE::2025-03-03.11:07:27::SCWBDomain:: "ARCHIVER=arm-none-eabi-ar" "COMPILER_FLAGS=  -O2 -c" "EXTRA_COMPILER_FLAGS=-mcpu=cortex-a9 -mfpu=vfpv3 -mfloat-abi=hard -nost
TRACE::2025-03-03.11:07:27::SCWBDomain::artfiles -g -Wall -Wextra -fno-tree-loop-distribute-patterns"

TRACE::2025-03-03.11:07:27::SCWBDomain::"Running Make include in ps7_cortexa9_0/libsrc/xilrsa_v1_8/src"

TRACE::2025-03-03.11:07:27::SCWBDomain::make -C ps7_cortexa9_0/libsrc/xilrsa_v1_8/src -s include  "SHELL=CMD" "COMPILER=arm-none-eabi-gcc" "ASSEMBLER=arm-none-eabi-as"
TRACE::2025-03-03.11:07:27::SCWBDomain:: "ARCHIVER=arm-none-eabi-ar" "COMPILER_FLAGS=  -O2 -c" "EXTRA_COMPILER_FLAGS=-mcpu=cortex-a9 -mfpu=vfpv3 -mfloat-abi=hard -nost
TRACE::2025-03-03.11:07:27::SCWBDomain::artfiles -g -Wall -Wextra -fno-tree-loop-distribute-patterns"

TRACE::2025-03-03.11:07:27::SCWBDomain::"Running Make libs in ps7_cortexa9_0/libsrc/Custom_AXI_IP_7segment_display_v1_0/src"

TRACE::2025-03-03.11:07:27::SCWBDomain::make -C ps7_cortexa9_0/libsrc/Custom_AXI_IP_7segment_display_v1_0/src -s libs  "SHELL=CMD" "COMPILER=arm-none-eabi-gcc" "ASSEMB
TRACE::2025-03-03.11:07:27::SCWBDomain::LER=arm-none-eabi-as" "ARCHIVER=arm-none-eabi-ar" "COMPILER_FLAGS=  -O2 -c" "EXTRA_COMPILER_FLAGS=-mcpu=cortex-a9 -mfpu=vfpv3 -
TRACE::2025-03-03.11:07:27::SCWBDomain::mfloat-abi=hard -nostartfiles -g -Wall -Wextra -fno-tree-loop-distribute-patterns"

TRACE::2025-03-03.11:07:27::SCWBDomain::"Compiling Custom_AXI_IP_7segment_display..."

TRACE::2025-03-03.11:07:27::SCWBDomain::make[1]: Leaving directory 'C:/PXL/devWorks/devWorks2/Custom_AXI_IP_7Segment/vitis/7Segment_display/zynq_fsbl/zynq_fsbl_bsp'

ERROR::2025-03-03.11:07:27::SCWBDomain::Failed to build the  zynq_fsbl application.
LOG::2025-03-03.11:07:27::SCWSystem::Checking the domain standalone_ps7_cortexa9_0
LOG::2025-03-03.11:07:27::SCWSystem::Not a boot domain 
LOG::2025-03-03.11:07:27::SCWSystem::Started Processing the domain standalone_ps7_cortexa9_0
TRACE::2025-03-03.11:07:27::SCWDomain::Generating domain artifcats
TRACE::2025-03-03.11:07:27::SCWMssOS::Generating standalone artifcats
TRACE::2025-03-03.11:07:27::SCWMssOS::Copying the qemu file from  C:/PXL/devWorks/devWorks2/Custom_AXI_IP_7Segment/vitis/7Segment_display/resources/7Segment_display/standalone_ps7_cortexa9_0/qemu_args.txt To C:/PXL/devWorks/devWorks2/Custom_AXI_IP_7Segment/vitis/7Segment_display/export/7Segment_display/sw/7Segment_display/standalone_ps7_cortexa9_0/qemu/
TRACE::2025-03-03.11:07:27::SCWMssOS:: Copying the user libraries. 
TRACE::2025-03-03.11:07:27::SCWPlatform::Trying to open the hw design at C:/PXL/devWorks/devWorks2/Custom_AXI_IP_7Segment/vitis/7Segment_display/hw/7Segment_display.xsa
TRACE::2025-03-03.11:07:27::SCWPlatform::DSA given C:/PXL/devWorks/devWorks2/Custom_AXI_IP_7Segment/vitis/7Segment_display/hw/7Segment_display.xsa
TRACE::2025-03-03.11:07:27::SCWPlatform::DSA absoulate path C:/PXL/devWorks/devWorks2/Custom_AXI_IP_7Segment/vitis/7Segment_display/hw/7Segment_display.xsa
TRACE::2025-03-03.11:07:27::SCWPlatform::DSA directory C:/PXL/devWorks/devWorks2/Custom_AXI_IP_7Segment/vitis/7Segment_display/hw
TRACE::2025-03-03.11:07:27::SCWPlatform:: Platform Path C:/PXL/devWorks/devWorks2/Custom_AXI_IP_7Segment/vitis/7Segment_display/hw/7Segment_display.xsa
TRACE::2025-03-03.11:07:27::SCWPlatform:: Unique name xilinx:pynq-z2::0.0
TRACE::2025-03-03.11:07:27::SCWPlatform::Trying to set the existing hwdb with name design_1_wrapper_0
TRACE::2025-03-03.11:07:27::SCWPlatform::Opened existing hwdb design_1_wrapper_0
TRACE::2025-03-03.11:07:27::SCWPlatform::Found the Hw Db part of the input DSA
TRACE::2025-03-03.11:07:27::SCWMssOS::Checking the sw design at  C:/PXL/devWorks/devWorks2/Custom_AXI_IP_7Segment/vitis/7Segment_display/ps7_cortexa9_0/standalone_ps7_cortexa9_0/bsp/system.mss
TRACE::2025-03-03.11:07:27::SCWMssOS::DEBUG:  swdes dump  C:/PXL/devWorks/devWorks2/Custom_AXI_IP_7Segment/vitis/7Segment_display/ps7_cortexa9_0/standalone_ps7_cortexa9_0/bsp/system.mss|system_0||
C:/PXL/devWorks/devWorks2/Custom_AXI_IP_7Segment/vitis/7Segment_display/zynq_fsbl/zynq_fsbl_bsp/system.mss|system||

TRACE::2025-03-03.11:07:27::SCWMssOS::Sw design exists and opened at  C:/PXL/devWorks/devWorks2/Custom_AXI_IP_7Segment/vitis/7Segment_display/ps7_cortexa9_0/standalone_ps7_cortexa9_0/bsp/system.mss
TRACE::2025-03-03.11:07:27::SCWMssOS::Completed writing the mss file at C:/PXL/devWorks/devWorks2/Custom_AXI_IP_7Segment/vitis/7Segment_display/ps7_cortexa9_0/standalone_ps7_cortexa9_0/bsp
TRACE::2025-03-03.11:07:27::SCWMssOS::Mss edits present, copying mssfile into export location C:/PXL/devWorks/devWorks2/Custom_AXI_IP_7Segment/vitis/7Segment_display/ps7_cortexa9_0/standalone_ps7_cortexa9_0/bsp/system.mss
TRACE::2025-03-03.11:07:27::SCWMssOS::bsp generated is upto date with the mss file. Skipping bsp generation.
TRACE::2025-03-03.11:07:27::SCWMssOS::BSP is already built. skipping the bsp build ... 
TRACE::2025-03-03.11:07:27::SCWDomain::Building the domain as part of full build :  standalone_ps7_cortexa9_0
TRACE::2025-03-03.11:07:27::SCWMssOS::doing bsp build ... 
TRACE::2025-03-03.11:07:27::SCWMssOS::System Command Ran  C: & cd  C:/PXL/devWorks/devWorks2/Custom_AXI_IP_7Segment/vitis/7Segment_display/ps7_cortexa9_0/standalone_ps7_cortexa9_0/bsp & make 
TRACE::2025-03-03.11:07:27::SCWMssOS::make --no-print-directory seq_libs

TRACE::2025-03-03.11:07:27::SCWMssOS::"Running Make include in ps7_cortexa9_0/libsrc/coresightps_dcc_v1_10/src"

TRACE::2025-03-03.11:07:27::SCWMssOS::make -C ps7_cortexa9_0/libsrc/coresightps_dcc_v1_10/src -s include  "SHELL=CMD" "COMPILER=arm-none-eabi-gcc" "ASSEMBLER=arm-non
TRACE::2025-03-03.11:07:27::SCWMssOS::e-eabi-as" "ARCHIVER=arm-none-eabi-ar" "COMPILER_FLAGS=  -O2 -c" "EXTRA_COMPILER_FLAGS=-mcpu=cortex-a9 -mfpu=vfpv3 -mfloat-abi=
TRACE::2025-03-03.11:07:27::SCWMssOS::hard -nostartfiles -g -Wall -Wextra -fno-tree-loop-distribute-patterns"

TRACE::2025-03-03.11:07:27::SCWMssOS::"Running Make include in ps7_cortexa9_0/libsrc/cpu_cortexa9_v2_12/src"

TRACE::2025-03-03.11:07:28::SCWMssOS::make -C ps7_cortexa9_0/libsrc/cpu_cortexa9_v2_12/src -s include  "SHELL=CMD" "COMPILER=arm-none-eabi-gcc" "ASSEMBLER=arm-none-e
TRACE::2025-03-03.11:07:28::SCWMssOS::abi-as" "ARCHIVER=arm-none-eabi-ar" "COMPILER_FLAGS=  -O2 -c" "EXTRA_COMPILER_FLAGS=-mcpu=cortex-a9 -mfpu=vfpv3 -mfloat-abi=har
TRACE::2025-03-03.11:07:28::SCWMssOS::d -nostartfiles -g -Wall -Wextra -fno-tree-loop-distribute-patterns"

TRACE::2025-03-03.11:07:28::SCWMssOS::"Running Make include in ps7_cortexa9_0/libsrc/Custom_AXI_IP_7segment_display_v1_0/src"

TRACE::2025-03-03.11:07:28::SCWMssOS::make -C ps7_cortexa9_0/libsrc/Custom_AXI_IP_7segment_display_v1_0/src -s include  "SHELL=CMD" "COMPILER=arm-none-eabi-gcc" "ASS
TRACE::2025-03-03.11:07:28::SCWMssOS::EMBLER=arm-none-eabi-as" "ARCHIVER=arm-none-eabi-ar" "COMPILER_FLAGS=  -O2 -c" "EXTRA_COMPILER_FLAGS=-mcpu=cortex-a9 -mfpu=vfpv
TRACE::2025-03-03.11:07:28::SCWMssOS::3 -mfloat-abi=hard -nostartfiles -g -Wall -Wextra -fno-tree-loop-distribute-patterns"

TRACE::2025-03-03.11:07:28::SCWMssOS::"Running Make include in ps7_cortexa9_0/libsrc/ddrps_v1_2/src"

TRACE::2025-03-03.11:07:28::SCWMssOS::make -C ps7_cortexa9_0/libsrc/ddrps_v1_2/src -s include  "SHELL=CMD" "COMPILER=arm-none-eabi-gcc" "ASSEMBLER=arm-none-eabi-as" 
TRACE::2025-03-03.11:07:28::SCWMssOS::"ARCHIVER=arm-none-eabi-ar" "COMPILER_FLAGS=  -O2 -c" "EXTRA_COMPILER_FLAGS=-mcpu=cortex-a9 -mfpu=vfpv3 -mfloat-abi=hard -nosta
TRACE::2025-03-03.11:07:28::SCWMssOS::rtfiles -g -Wall -Wextra -fno-tree-loop-distribute-patterns"

TRACE::2025-03-03.11:07:28::SCWMssOS::"Running Make include in ps7_cortexa9_0/libsrc/devcfg_v3_8/src"

TRACE::2025-03-03.11:07:28::SCWMssOS::make -C ps7_cortexa9_0/libsrc/devcfg_v3_8/src -s include  "SHELL=CMD" "COMPILER=arm-none-eabi-gcc" "ASSEMBLER=arm-none-eabi-as"
TRACE::2025-03-03.11:07:28::SCWMssOS:: "ARCHIVER=arm-none-eabi-ar" "COMPILER_FLAGS=  -O2 -c" "EXTRA_COMPILER_FLAGS=-mcpu=cortex-a9 -mfpu=vfpv3 -mfloat-abi=hard -nost
TRACE::2025-03-03.11:07:28::SCWMssOS::artfiles -g -Wall -Wextra -fno-tree-loop-distribute-patterns"

TRACE::2025-03-03.11:07:28::SCWMssOS::"Running Make include in ps7_cortexa9_0/libsrc/dmaps_v2_10/src"

TRACE::2025-03-03.11:07:28::SCWMssOS::make -C ps7_cortexa9_0/libsrc/dmaps_v2_10/src -s include  "SHELL=CMD" "COMPILER=arm-none-eabi-gcc" "ASSEMBLER=arm-none-eabi-as"
TRACE::2025-03-03.11:07:28::SCWMssOS:: "ARCHIVER=arm-none-eabi-ar" "COMPILER_FLAGS=  -O2 -c" "EXTRA_COMPILER_FLAGS=-mcpu=cortex-a9 -mfpu=vfpv3 -mfloat-abi=hard -nost
TRACE::2025-03-03.11:07:28::SCWMssOS::artfiles -g -Wall -Wextra -fno-tree-loop-distribute-patterns"

TRACE::2025-03-03.11:07:28::SCWMssOS::"Running Make include in ps7_cortexa9_0/libsrc/emacps_v3_20/src"

TRACE::2025-03-03.11:07:28::SCWMssOS::make -C ps7_cortexa9_0/libsrc/emacps_v3_20/src -s include  "SHELL=CMD" "COMPILER=arm-none-eabi-gcc" "ASSEMBLER=arm-none-eabi-as
TRACE::2025-03-03.11:07:28::SCWMssOS::" "ARCHIVER=arm-none-eabi-ar" "COMPILER_FLAGS=  -O2 -c" "EXTRA_COMPILER_FLAGS=-mcpu=cortex-a9 -mfpu=vfpv3 -mfloat-abi=hard -nos
TRACE::2025-03-03.11:07:28::SCWMssOS::tartfiles -g -Wall -Wextra -fno-tree-loop-distribute-patterns"

TRACE::2025-03-03.11:07:28::SCWMssOS::"Running Make include in ps7_cortexa9_0/libsrc/gpiops_v3_13/src"

TRACE::2025-03-03.11:07:28::SCWMssOS::make -C ps7_cortexa9_0/libsrc/gpiops_v3_13/src -s include  "SHELL=CMD" "COMPILER=arm-none-eabi-gcc" "ASSEMBLER=arm-none-eabi-as
TRACE::2025-03-03.11:07:28::SCWMssOS::" "ARCHIVER=arm-none-eabi-ar" "COMPILER_FLAGS=  -O2 -c" "EXTRA_COMPILER_FLAGS=-mcpu=cortex-a9 -mfpu=vfpv3 -mfloat-abi=hard -nos
TRACE::2025-03-03.11:07:28::SCWMssOS::tartfiles -g -Wall -Wextra -fno-tree-loop-distribute-patterns"

TRACE::2025-03-03.11:07:28::SCWMssOS::"Running Make include in ps7_cortexa9_0/libsrc/qspips_v3_12/src"

TRACE::2025-03-03.11:07:28::SCWMssOS::make -C ps7_cortexa9_0/libsrc/qspips_v3_12/src -s include  "SHELL=CMD" "COMPILER=arm-none-eabi-gcc" "ASSEMBLER=arm-none-eabi-as
TRACE::2025-03-03.11:07:28::SCWMssOS::" "ARCHIVER=arm-none-eabi-ar" "COMPILER_FLAGS=  -O2 -c" "EXTRA_COMPILER_FLAGS=-mcpu=cortex-a9 -mfpu=vfpv3 -mfloat-abi=hard -nos
TRACE::2025-03-03.11:07:28::SCWMssOS::tartfiles -g -Wall -Wextra -fno-tree-loop-distribute-patterns"

TRACE::2025-03-03.11:07:28::SCWMssOS::"Running Make include in ps7_cortexa9_0/libsrc/scugic_v5_3/src"

TRACE::2025-03-03.11:07:28::SCWMssOS::make -C ps7_cortexa9_0/libsrc/scugic_v5_3/src -s include  "SHELL=CMD" "COMPILER=arm-none-eabi-gcc" "ASSEMBLER=arm-none-eabi-as"
TRACE::2025-03-03.11:07:28::SCWMssOS:: "ARCHIVER=arm-none-eabi-ar" "COMPILER_FLAGS=  -O2 -c" "EXTRA_COMPILER_FLAGS=-mcpu=cortex-a9 -mfpu=vfpv3 -mfloat-abi=hard -nost
TRACE::2025-03-03.11:07:28::SCWMssOS::artfiles -g -Wall -Wextra -fno-tree-loop-distribute-patterns"

TRACE::2025-03-03.11:07:28::SCWMssOS::"Running Make include in ps7_cortexa9_0/libsrc/scutimer_v2_6/src"

TRACE::2025-03-03.11:07:28::SCWMssOS::make -C ps7_cortexa9_0/libsrc/scutimer_v2_6/src -s include  "SHELL=CMD" "COMPILER=arm-none-eabi-gcc" "ASSEMBLER=arm-none-eabi-a
TRACE::2025-03-03.11:07:28::SCWMssOS::s" "ARCHIVER=arm-none-eabi-ar" "COMPILER_FLAGS=  -O2 -c" "EXTRA_COMPILER_FLAGS=-mcpu=cortex-a9 -mfpu=vfpv3 -mfloat-abi=hard -no
TRACE::2025-03-03.11:07:28::SCWMssOS::startfiles -g -Wall -Wextra -fno-tree-loop-distribute-patterns"

TRACE::2025-03-03.11:07:28::SCWMssOS::"Running Make include in ps7_cortexa9_0/libsrc/scuwdt_v2_5/src"

TRACE::2025-03-03.11:07:28::SCWMssOS::make -C ps7_cortexa9_0/libsrc/scuwdt_v2_5/src -s include  "SHELL=CMD" "COMPILER=arm-none-eabi-gcc" "ASSEMBLER=arm-none-eabi-as"
TRACE::2025-03-03.11:07:28::SCWMssOS:: "ARCHIVER=arm-none-eabi-ar" "COMPILER_FLAGS=  -O2 -c" "EXTRA_COMPILER_FLAGS=-mcpu=cortex-a9 -mfpu=vfpv3 -mfloat-abi=hard -nost
TRACE::2025-03-03.11:07:28::SCWMssOS::artfiles -g -Wall -Wextra -fno-tree-loop-distribute-patterns"

TRACE::2025-03-03.11:07:28::SCWMssOS::"Running Make include in ps7_cortexa9_0/libsrc/sdps_v4_3/src"

TRACE::2025-03-03.11:07:28::SCWMssOS::make -C ps7_cortexa9_0/libsrc/sdps_v4_3/src -s include  "SHELL=CMD" "COMPILER=arm-none-eabi-gcc" "ASSEMBLER=arm-none-eabi-as" "
TRACE::2025-03-03.11:07:28::SCWMssOS::ARCHIVER=arm-none-eabi-ar" "COMPILER_FLAGS=  -O2 -c" "EXTRA_COMPILER_FLAGS=-mcpu=cortex-a9 -mfpu=vfpv3 -mfloat-abi=hard -nostar
TRACE::2025-03-03.11:07:28::SCWMssOS::tfiles -g -Wall -Wextra -fno-tree-loop-distribute-patterns"

TRACE::2025-03-03.11:07:28::SCWMssOS::"Running Make include in ps7_cortexa9_0/libsrc/standalone_v9_1/src"

TRACE::2025-03-03.11:07:28::SCWMssOS::make -C ps7_cortexa9_0/libsrc/standalone_v9_1/src -s include  "SHELL=CMD" "COMPILER=arm-none-eabi-gcc" "ASSEMBLER=arm-none-eabi
TRACE::2025-03-03.11:07:28::SCWMssOS::-as" "ARCHIVER=arm-none-eabi-ar" "COMPILER_FLAGS=  -O2 -c" "EXTRA_COMPILER_FLAGS=-mcpu=cortex-a9 -mfpu=vfpv3 -mfloat-abi=hard -
TRACE::2025-03-03.11:07:28::SCWMssOS::nostartfiles -g -Wall -Wextra -fno-tree-loop-distribute-patterns"

TRACE::2025-03-03.11:07:28::SCWMssOS::"Running Make include in ps7_cortexa9_0/libsrc/uartps_v3_14/src"

TRACE::2025-03-03.11:07:28::SCWMssOS::make -C ps7_cortexa9_0/libsrc/uartps_v3_14/src -s include  "SHELL=CMD" "COMPILER=arm-none-eabi-gcc" "ASSEMBLER=arm-none-eabi-as
TRACE::2025-03-03.11:07:28::SCWMssOS::" "ARCHIVER=arm-none-eabi-ar" "COMPILER_FLAGS=  -O2 -c" "EXTRA_COMPILER_FLAGS=-mcpu=cortex-a9 -mfpu=vfpv3 -mfloat-abi=hard -nos
TRACE::2025-03-03.11:07:28::SCWMssOS::tartfiles -g -Wall -Wextra -fno-tree-loop-distribute-patterns"

TRACE::2025-03-03.11:07:28::SCWMssOS::"Running Make include in ps7_cortexa9_0/libsrc/usbps_v2_9/src"

TRACE::2025-03-03.11:07:28::SCWMssOS::make -C ps7_cortexa9_0/libsrc/usbps_v2_9/src -s include  "SHELL=CMD" "COMPILER=arm-none-eabi-gcc" "ASSEMBLER=arm-none-eabi-as" 
TRACE::2025-03-03.11:07:28::SCWMssOS::"ARCHIVER=arm-none-eabi-ar" "COMPILER_FLAGS=  -O2 -c" "EXTRA_COMPILER_FLAGS=-mcpu=cortex-a9 -mfpu=vfpv3 -mfloat-abi=hard -nosta
TRACE::2025-03-03.11:07:28::SCWMssOS::rtfiles -g -Wall -Wextra -fno-tree-loop-distribute-patterns"

TRACE::2025-03-03.11:07:28::SCWMssOS::"Running Make include in ps7_cortexa9_0/libsrc/xadcps_v2_7/src"

TRACE::2025-03-03.11:07:28::SCWMssOS::make -C ps7_cortexa9_0/libsrc/xadcps_v2_7/src -s include  "SHELL=CMD" "COMPILER=arm-none-eabi-gcc" "ASSEMBLER=arm-none-eabi-as"
TRACE::2025-03-03.11:07:28::SCWMssOS:: "ARCHIVER=arm-none-eabi-ar" "COMPILER_FLAGS=  -O2 -c" "EXTRA_COMPILER_FLAGS=-mcpu=cortex-a9 -mfpu=vfpv3 -mfloat-abi=hard -nost
TRACE::2025-03-03.11:07:28::SCWMssOS::artfiles -g -Wall -Wextra -fno-tree-loop-distribute-patterns"

TRACE::2025-03-03.11:07:28::SCWMssOS::"Running Make libs in ps7_cortexa9_0/libsrc/Custom_AXI_IP_7segment_display_v1_0/src"

TRACE::2025-03-03.11:07:28::SCWMssOS::make -C ps7_cortexa9_0/libsrc/Custom_AXI_IP_7segment_display_v1_0/src -s libs  "SHELL=CMD" "COMPILER=arm-none-eabi-gcc" "ASSEMB
TRACE::2025-03-03.11:07:28::SCWMssOS::LER=arm-none-eabi-as" "ARCHIVER=arm-none-eabi-ar" "COMPILER_FLAGS=  -O2 -c" "EXTRA_COMPILER_FLAGS=-mcpu=cortex-a9 -mfpu=vfpv3 -
TRACE::2025-03-03.11:07:28::SCWMssOS::mfloat-abi=hard -nostartfiles -g -Wall -Wextra -fno-tree-loop-distribute-patterns"

TRACE::2025-03-03.11:07:28::SCWMssOS::"Compiling Custom_AXI_IP_7segment_display..."

ERROR::2025-03-03.11:07:29::SCWMssOS::Failed to build  the bsp sources for domain - standalone_ps7_cortexa9_0
ERROR::2025-03-03.11:07:29::SCWSystem::Error in Processing the domain standalone_ps7_cortexa9_0
LOG::2025-03-03.11:09:14::SCWPlatform::Started generating the artifacts platform 7Segment_display
TRACE::2025-03-03.11:09:14::SCWPlatform::Sanity checking of platform is completed
LOG::2025-03-03.11:09:14::SCWPlatform::Started generating the artifacts for system configuration 7Segment_display
LOG::2025-03-03.11:09:14::SCWSystem::Checking the domain zynq_fsbl
LOG::2025-03-03.11:09:14::SCWSystem::Doing application build for :  zynq_fsbl
TRACE::2025-03-03.11:09:14::SCWBDomain::Not a forced makefile updation, No changes are present. 
TRACE::2025-03-03.11:09:14::SCWDomain::Building the domain as part of full build :  zynq_fsbl
TRACE::2025-03-03.11:09:14::SCWPlatform::Trying to open the hw design at C:/PXL/devWorks/devWorks2/Custom_AXI_IP_7Segment/vitis/7Segment_display/hw/7Segment_display.xsa
TRACE::2025-03-03.11:09:14::SCWPlatform::DSA given C:/PXL/devWorks/devWorks2/Custom_AXI_IP_7Segment/vitis/7Segment_display/hw/7Segment_display.xsa
TRACE::2025-03-03.11:09:14::SCWPlatform::DSA absoulate path C:/PXL/devWorks/devWorks2/Custom_AXI_IP_7Segment/vitis/7Segment_display/hw/7Segment_display.xsa
TRACE::2025-03-03.11:09:14::SCWPlatform::DSA directory C:/PXL/devWorks/devWorks2/Custom_AXI_IP_7Segment/vitis/7Segment_display/hw
TRACE::2025-03-03.11:09:14::SCWPlatform:: Platform Path C:/PXL/devWorks/devWorks2/Custom_AXI_IP_7Segment/vitis/7Segment_display/hw/7Segment_display.xsa
TRACE::2025-03-03.11:09:14::SCWPlatform:: Unique name xilinx:pynq-z2::0.0
TRACE::2025-03-03.11:09:14::SCWPlatform::Trying to set the existing hwdb with name design_1_wrapper_0
TRACE::2025-03-03.11:09:14::SCWPlatform::Opened existing hwdb design_1_wrapper_0
TRACE::2025-03-03.11:09:14::SCWPlatform::Found the Hw Db part of the input DSA
TRACE::2025-03-03.11:09:14::SCWMssOS::Checking the sw design at  C:/PXL/devWorks/devWorks2/Custom_AXI_IP_7Segment/vitis/7Segment_display/zynq_fsbl/zynq_fsbl_bsp/system.mss
TRACE::2025-03-03.11:09:14::SCWMssOS::DEBUG:  swdes dump  C:/PXL/devWorks/devWorks2/Custom_AXI_IP_7Segment/vitis/7Segment_display/ps7_cortexa9_0/standalone_ps7_cortexa9_0/bsp/system.mss|system_0||
C:/PXL/devWorks/devWorks2/Custom_AXI_IP_7Segment/vitis/7Segment_display/zynq_fsbl/zynq_fsbl_bsp/system.mss|system||

TRACE::2025-03-03.11:09:14::SCWMssOS::Sw design exists and opened at  C:/PXL/devWorks/devWorks2/Custom_AXI_IP_7Segment/vitis/7Segment_display/zynq_fsbl/zynq_fsbl_bsp/system.mss
TRACE::2025-03-03.11:09:14::SCWBDomain::Completed writing the mss file at C:/PXL/devWorks/devWorks2/Custom_AXI_IP_7Segment/vitis/7Segment_display/zynq_fsbl/zynq_fsbl_bsp
TRACE::2025-03-03.11:09:14::SCWBDomain::bsp generated is upto date with the mss file. Skipping bsp generation.
TRACE::2025-03-03.11:09:14::SCWBDomain::Not a forced makefile updation, No changes are present. 
TRACE::2025-03-03.11:09:14::SCWBDomain::System Command Ran  C:&  cd  C:/PXL/devWorks/devWorks2/Custom_AXI_IP_7Segment/vitis/7Segment_display/zynq_fsbl& make -C  zynq_fsbl_bsp & make 
TRACE::2025-03-03.11:09:14::SCWBDomain::make: Entering directory 'C:/PXL/devWorks/devWorks2/Custom_AXI_IP_7Segment/vitis/7Segment_display/zynq_fsbl/zynq_fsbl_bsp'

TRACE::2025-03-03.11:09:14::SCWBDomain::make --no-print-directory seq_libs

TRACE::2025-03-03.11:09:14::SCWBDomain::"Running Make include in ps7_cortexa9_0/libsrc/coresightps_dcc_v1_10/src"

TRACE::2025-03-03.11:09:14::SCWBDomain::make -C ps7_cortexa9_0/libsrc/coresightps_dcc_v1_10/src -s include  "SHELL=CMD" "COMPILER=arm-none-eabi-gcc" "ASSEMBLER=arm-non
TRACE::2025-03-03.11:09:14::SCWBDomain::e-eabi-as" "ARCHIVER=arm-none-eabi-ar" "COMPILER_FLAGS=  -O2 -c" "EXTRA_COMPILER_FLAGS=-mcpu=cortex-a9 -mfpu=vfpv3 -mfloat-abi=
TRACE::2025-03-03.11:09:14::SCWBDomain::hard -nostartfiles -g -Wall -Wextra -fno-tree-loop-distribute-patterns"

TRACE::2025-03-03.11:09:14::SCWBDomain::"Running Make include in ps7_cortexa9_0/libsrc/cpu_cortexa9_v2_12/src"

TRACE::2025-03-03.11:09:14::SCWBDomain::make -C ps7_cortexa9_0/libsrc/cpu_cortexa9_v2_12/src -s include  "SHELL=CMD" "COMPILER=arm-none-eabi-gcc" "ASSEMBLER=arm-none-e
TRACE::2025-03-03.11:09:14::SCWBDomain::abi-as" "ARCHIVER=arm-none-eabi-ar" "COMPILER_FLAGS=  -O2 -c" "EXTRA_COMPILER_FLAGS=-mcpu=cortex-a9 -mfpu=vfpv3 -mfloat-abi=har
TRACE::2025-03-03.11:09:14::SCWBDomain::d -nostartfiles -g -Wall -Wextra -fno-tree-loop-distribute-patterns"

TRACE::2025-03-03.11:09:14::SCWBDomain::"Running Make include in ps7_cortexa9_0/libsrc/Custom_AXI_IP_7segment_display_v1_0/src"

TRACE::2025-03-03.11:09:14::SCWBDomain::make -C ps7_cortexa9_0/libsrc/Custom_AXI_IP_7segment_display_v1_0/src -s include  "SHELL=CMD" "COMPILER=arm-none-eabi-gcc" "ASS
TRACE::2025-03-03.11:09:14::SCWBDomain::EMBLER=arm-none-eabi-as" "ARCHIVER=arm-none-eabi-ar" "COMPILER_FLAGS=  -O2 -c" "EXTRA_COMPILER_FLAGS=-mcpu=cortex-a9 -mfpu=vfpv
TRACE::2025-03-03.11:09:14::SCWBDomain::3 -mfloat-abi=hard -nostartfiles -g -Wall -Wextra -fno-tree-loop-distribute-patterns"

TRACE::2025-03-03.11:09:14::SCWBDomain::"Running Make include in ps7_cortexa9_0/libsrc/ddrps_v1_2/src"

TRACE::2025-03-03.11:09:14::SCWBDomain::make -C ps7_cortexa9_0/libsrc/ddrps_v1_2/src -s include  "SHELL=CMD" "COMPILER=arm-none-eabi-gcc" "ASSEMBLER=arm-none-eabi-as" 
TRACE::2025-03-03.11:09:14::SCWBDomain::"ARCHIVER=arm-none-eabi-ar" "COMPILER_FLAGS=  -O2 -c" "EXTRA_COMPILER_FLAGS=-mcpu=cortex-a9 -mfpu=vfpv3 -mfloat-abi=hard -nosta
TRACE::2025-03-03.11:09:14::SCWBDomain::rtfiles -g -Wall -Wextra -fno-tree-loop-distribute-patterns"

TRACE::2025-03-03.11:09:14::SCWBDomain::"Running Make include in ps7_cortexa9_0/libsrc/devcfg_v3_8/src"

TRACE::2025-03-03.11:09:14::SCWBDomain::make -C ps7_cortexa9_0/libsrc/devcfg_v3_8/src -s include  "SHELL=CMD" "COMPILER=arm-none-eabi-gcc" "ASSEMBLER=arm-none-eabi-as"
TRACE::2025-03-03.11:09:14::SCWBDomain:: "ARCHIVER=arm-none-eabi-ar" "COMPILER_FLAGS=  -O2 -c" "EXTRA_COMPILER_FLAGS=-mcpu=cortex-a9 -mfpu=vfpv3 -mfloat-abi=hard -nost
TRACE::2025-03-03.11:09:14::SCWBDomain::artfiles -g -Wall -Wextra -fno-tree-loop-distribute-patterns"

TRACE::2025-03-03.11:09:14::SCWBDomain::"Running Make include in ps7_cortexa9_0/libsrc/dmaps_v2_10/src"

TRACE::2025-03-03.11:09:14::SCWBDomain::make -C ps7_cortexa9_0/libsrc/dmaps_v2_10/src -s include  "SHELL=CMD" "COMPILER=arm-none-eabi-gcc" "ASSEMBLER=arm-none-eabi-as"
TRACE::2025-03-03.11:09:14::SCWBDomain:: "ARCHIVER=arm-none-eabi-ar" "COMPILER_FLAGS=  -O2 -c" "EXTRA_COMPILER_FLAGS=-mcpu=cortex-a9 -mfpu=vfpv3 -mfloat-abi=hard -nost
TRACE::2025-03-03.11:09:14::SCWBDomain::artfiles -g -Wall -Wextra -fno-tree-loop-distribute-patterns"

TRACE::2025-03-03.11:09:14::SCWBDomain::"Running Make include in ps7_cortexa9_0/libsrc/emacps_v3_20/src"

TRACE::2025-03-03.11:09:14::SCWBDomain::make -C ps7_cortexa9_0/libsrc/emacps_v3_20/src -s include  "SHELL=CMD" "COMPILER=arm-none-eabi-gcc" "ASSEMBLER=arm-none-eabi-as
TRACE::2025-03-03.11:09:14::SCWBDomain::" "ARCHIVER=arm-none-eabi-ar" "COMPILER_FLAGS=  -O2 -c" "EXTRA_COMPILER_FLAGS=-mcpu=cortex-a9 -mfpu=vfpv3 -mfloat-abi=hard -nos
TRACE::2025-03-03.11:09:14::SCWBDomain::tartfiles -g -Wall -Wextra -fno-tree-loop-distribute-patterns"

TRACE::2025-03-03.11:09:14::SCWBDomain::"Running Make include in ps7_cortexa9_0/libsrc/gpiops_v3_13/src"

TRACE::2025-03-03.11:09:14::SCWBDomain::make -C ps7_cortexa9_0/libsrc/gpiops_v3_13/src -s include  "SHELL=CMD" "COMPILER=arm-none-eabi-gcc" "ASSEMBLER=arm-none-eabi-as
TRACE::2025-03-03.11:09:14::SCWBDomain::" "ARCHIVER=arm-none-eabi-ar" "COMPILER_FLAGS=  -O2 -c" "EXTRA_COMPILER_FLAGS=-mcpu=cortex-a9 -mfpu=vfpv3 -mfloat-abi=hard -nos
TRACE::2025-03-03.11:09:14::SCWBDomain::tartfiles -g -Wall -Wextra -fno-tree-loop-distribute-patterns"

TRACE::2025-03-03.11:09:14::SCWBDomain::"Running Make include in ps7_cortexa9_0/libsrc/qspips_v3_12/src"

TRACE::2025-03-03.11:09:14::SCWBDomain::make -C ps7_cortexa9_0/libsrc/qspips_v3_12/src -s include  "SHELL=CMD" "COMPILER=arm-none-eabi-gcc" "ASSEMBLER=arm-none-eabi-as
TRACE::2025-03-03.11:09:14::SCWBDomain::" "ARCHIVER=arm-none-eabi-ar" "COMPILER_FLAGS=  -O2 -c" "EXTRA_COMPILER_FLAGS=-mcpu=cortex-a9 -mfpu=vfpv3 -mfloat-abi=hard -nos
TRACE::2025-03-03.11:09:14::SCWBDomain::tartfiles -g -Wall -Wextra -fno-tree-loop-distribute-patterns"

TRACE::2025-03-03.11:09:14::SCWBDomain::"Running Make include in ps7_cortexa9_0/libsrc/scugic_v5_3/src"

TRACE::2025-03-03.11:09:14::SCWBDomain::make -C ps7_cortexa9_0/libsrc/scugic_v5_3/src -s include  "SHELL=CMD" "COMPILER=arm-none-eabi-gcc" "ASSEMBLER=arm-none-eabi-as"
TRACE::2025-03-03.11:09:14::SCWBDomain:: "ARCHIVER=arm-none-eabi-ar" "COMPILER_FLAGS=  -O2 -c" "EXTRA_COMPILER_FLAGS=-mcpu=cortex-a9 -mfpu=vfpv3 -mfloat-abi=hard -nost
TRACE::2025-03-03.11:09:14::SCWBDomain::artfiles -g -Wall -Wextra -fno-tree-loop-distribute-patterns"

TRACE::2025-03-03.11:09:14::SCWBDomain::"Running Make include in ps7_cortexa9_0/libsrc/scutimer_v2_6/src"

TRACE::2025-03-03.11:09:14::SCWBDomain::make -C ps7_cortexa9_0/libsrc/scutimer_v2_6/src -s include  "SHELL=CMD" "COMPILER=arm-none-eabi-gcc" "ASSEMBLER=arm-none-eabi-a
TRACE::2025-03-03.11:09:14::SCWBDomain::s" "ARCHIVER=arm-none-eabi-ar" "COMPILER_FLAGS=  -O2 -c" "EXTRA_COMPILER_FLAGS=-mcpu=cortex-a9 -mfpu=vfpv3 -mfloat-abi=hard -no
TRACE::2025-03-03.11:09:14::SCWBDomain::startfiles -g -Wall -Wextra -fno-tree-loop-distribute-patterns"

TRACE::2025-03-03.11:09:14::SCWBDomain::"Running Make include in ps7_cortexa9_0/libsrc/scuwdt_v2_5/src"

TRACE::2025-03-03.11:09:14::SCWBDomain::make -C ps7_cortexa9_0/libsrc/scuwdt_v2_5/src -s include  "SHELL=CMD" "COMPILER=arm-none-eabi-gcc" "ASSEMBLER=arm-none-eabi-as"
TRACE::2025-03-03.11:09:14::SCWBDomain:: "ARCHIVER=arm-none-eabi-ar" "COMPILER_FLAGS=  -O2 -c" "EXTRA_COMPILER_FLAGS=-mcpu=cortex-a9 -mfpu=vfpv3 -mfloat-abi=hard -nost
TRACE::2025-03-03.11:09:14::SCWBDomain::artfiles -g -Wall -Wextra -fno-tree-loop-distribute-patterns"

TRACE::2025-03-03.11:09:14::SCWBDomain::"Running Make include in ps7_cortexa9_0/libsrc/sdps_v4_3/src"

TRACE::2025-03-03.11:09:14::SCWBDomain::make -C ps7_cortexa9_0/libsrc/sdps_v4_3/src -s include  "SHELL=CMD" "COMPILER=arm-none-eabi-gcc" "ASSEMBLER=arm-none-eabi-as" "
TRACE::2025-03-03.11:09:14::SCWBDomain::ARCHIVER=arm-none-eabi-ar" "COMPILER_FLAGS=  -O2 -c" "EXTRA_COMPILER_FLAGS=-mcpu=cortex-a9 -mfpu=vfpv3 -mfloat-abi=hard -nostar
TRACE::2025-03-03.11:09:14::SCWBDomain::tfiles -g -Wall -Wextra -fno-tree-loop-distribute-patterns"

TRACE::2025-03-03.11:09:14::SCWBDomain::"Running Make include in ps7_cortexa9_0/libsrc/standalone_v9_1/src"

TRACE::2025-03-03.11:09:14::SCWBDomain::make -C ps7_cortexa9_0/libsrc/standalone_v9_1/src -s include  "SHELL=CMD" "COMPILER=arm-none-eabi-gcc" "ASSEMBLER=arm-none-eabi
TRACE::2025-03-03.11:09:14::SCWBDomain::-as" "ARCHIVER=arm-none-eabi-ar" "COMPILER_FLAGS=  -O2 -c" "EXTRA_COMPILER_FLAGS=-mcpu=cortex-a9 -mfpu=vfpv3 -mfloat-abi=hard -
TRACE::2025-03-03.11:09:14::SCWBDomain::nostartfiles -g -Wall -Wextra -fno-tree-loop-distribute-patterns"

TRACE::2025-03-03.11:09:14::SCWBDomain::"Running Make include in ps7_cortexa9_0/libsrc/uartps_v3_14/src"

TRACE::2025-03-03.11:09:14::SCWBDomain::make -C ps7_cortexa9_0/libsrc/uartps_v3_14/src -s include  "SHELL=CMD" "COMPILER=arm-none-eabi-gcc" "ASSEMBLER=arm-none-eabi-as
TRACE::2025-03-03.11:09:14::SCWBDomain::" "ARCHIVER=arm-none-eabi-ar" "COMPILER_FLAGS=  -O2 -c" "EXTRA_COMPILER_FLAGS=-mcpu=cortex-a9 -mfpu=vfpv3 -mfloat-abi=hard -nos
TRACE::2025-03-03.11:09:14::SCWBDomain::tartfiles -g -Wall -Wextra -fno-tree-loop-distribute-patterns"

TRACE::2025-03-03.11:09:14::SCWBDomain::"Running Make include in ps7_cortexa9_0/libsrc/usbps_v2_9/src"

TRACE::2025-03-03.11:09:14::SCWBDomain::make -C ps7_cortexa9_0/libsrc/usbps_v2_9/src -s include  "SHELL=CMD" "COMPILER=arm-none-eabi-gcc" "ASSEMBLER=arm-none-eabi-as" 
TRACE::2025-03-03.11:09:14::SCWBDomain::"ARCHIVER=arm-none-eabi-ar" "COMPILER_FLAGS=  -O2 -c" "EXTRA_COMPILER_FLAGS=-mcpu=cortex-a9 -mfpu=vfpv3 -mfloat-abi=hard -nosta
TRACE::2025-03-03.11:09:14::SCWBDomain::rtfiles -g -Wall -Wextra -fno-tree-loop-distribute-patterns"

TRACE::2025-03-03.11:09:15::SCWBDomain::"Running Make include in ps7_cortexa9_0/libsrc/xadcps_v2_7/src"

TRACE::2025-03-03.11:09:15::SCWBDomain::make -C ps7_cortexa9_0/libsrc/xadcps_v2_7/src -s include  "SHELL=CMD" "COMPILER=arm-none-eabi-gcc" "ASSEMBLER=arm-none-eabi-as"
TRACE::2025-03-03.11:09:15::SCWBDomain:: "ARCHIVER=arm-none-eabi-ar" "COMPILER_FLAGS=  -O2 -c" "EXTRA_COMPILER_FLAGS=-mcpu=cortex-a9 -mfpu=vfpv3 -mfloat-abi=hard -nost
TRACE::2025-03-03.11:09:15::SCWBDomain::artfiles -g -Wall -Wextra -fno-tree-loop-distribute-patterns"

TRACE::2025-03-03.11:09:15::SCWBDomain::"Running Make include in ps7_cortexa9_0/libsrc/xilffs_v5_2/src"

TRACE::2025-03-03.11:09:15::SCWBDomain::make -C ps7_cortexa9_0/libsrc/xilffs_v5_2/src -s include  "SHELL=CMD" "COMPILER=arm-none-eabi-gcc" "ASSEMBLER=arm-none-eabi-as"
TRACE::2025-03-03.11:09:15::SCWBDomain:: "ARCHIVER=arm-none-eabi-ar" "COMPILER_FLAGS=  -O2 -c" "EXTRA_COMPILER_FLAGS=-mcpu=cortex-a9 -mfpu=vfpv3 -mfloat-abi=hard -nost
TRACE::2025-03-03.11:09:15::SCWBDomain::artfiles -g -Wall -Wextra -fno-tree-loop-distribute-patterns"

TRACE::2025-03-03.11:09:15::SCWBDomain::"Running Make include in ps7_cortexa9_0/libsrc/xilrsa_v1_8/src"

TRACE::2025-03-03.11:09:15::SCWBDomain::make -C ps7_cortexa9_0/libsrc/xilrsa_v1_8/src -s include  "SHELL=CMD" "COMPILER=arm-none-eabi-gcc" "ASSEMBLER=arm-none-eabi-as"
TRACE::2025-03-03.11:09:15::SCWBDomain:: "ARCHIVER=arm-none-eabi-ar" "COMPILER_FLAGS=  -O2 -c" "EXTRA_COMPILER_FLAGS=-mcpu=cortex-a9 -mfpu=vfpv3 -mfloat-abi=hard -nost
TRACE::2025-03-03.11:09:15::SCWBDomain::artfiles -g -Wall -Wextra -fno-tree-loop-distribute-patterns"

TRACE::2025-03-03.11:09:15::SCWBDomain::"Running Make libs in ps7_cortexa9_0/libsrc/Custom_AXI_IP_7segment_display_v1_0/src"

TRACE::2025-03-03.11:09:15::SCWBDomain::make -C ps7_cortexa9_0/libsrc/Custom_AXI_IP_7segment_display_v1_0/src -s libs  "SHELL=CMD" "COMPILER=arm-none-eabi-gcc" "ASSEMB
TRACE::2025-03-03.11:09:15::SCWBDomain::LER=arm-none-eabi-as" "ARCHIVER=arm-none-eabi-ar" "COMPILER_FLAGS=  -O2 -c" "EXTRA_COMPILER_FLAGS=-mcpu=cortex-a9 -mfpu=vfpv3 -
TRACE::2025-03-03.11:09:15::SCWBDomain::mfloat-abi=hard -nostartfiles -g -Wall -Wextra -fno-tree-loop-distribute-patterns"

TRACE::2025-03-03.11:09:15::SCWBDomain::"Running Make libs in ps7_cortexa9_0/libsrc/xilrsa_v1_8/src"

TRACE::2025-03-03.11:09:15::SCWBDomain::make -C ps7_cortexa9_0/libsrc/xilrsa_v1_8/src -s libs  "SHELL=CMD" "COMPILER=arm-none-eabi-gcc" "ASSEMBLER=arm-none-eabi-as" "A
TRACE::2025-03-03.11:09:15::SCWBDomain::RCHIVER=arm-none-eabi-ar" "COMPILER_FLAGS=  -O2 -c" "EXTRA_COMPILER_FLAGS=-mcpu=cortex-a9 -mfpu=vfpv3 -mfloat-abi=hard -nostart
TRACE::2025-03-03.11:09:15::SCWBDomain::files -g -Wall -Wextra -fno-tree-loop-distribute-patterns"

TRACE::2025-03-03.11:09:15::SCWBDomain::'Finished building libraries sequentially.'

TRACE::2025-03-03.11:09:15::SCWBDomain::make -j 6 --no-print-directory par_libs

TRACE::2025-03-03.11:09:15::SCWBDomain::"Running Make include in ps7_cortexa9_0/libsrc/coresightps_dcc_v1_10/src"

TRACE::2025-03-03.11:09:15::SCWBDomain::make -C ps7_cortexa9_0/libsrc/coresightps_dcc_v1_10/src -s include  "SHELL=CMD" "COMPILER=arm-none-eabi-gcc" "ASSEMBLER=arm-non
TRACE::2025-03-03.11:09:15::SCWBDomain::e-eabi-as" "ARCHIVER=arm-none-eabi-ar" "COMPILER_FLAGS=  -O2 -c" "EXTRA_COMPILER_FLAGS=-mcpu=cortex-a9 -mfpu=vfpv3 -mfloat-abi=
TRACE::2025-03-03.11:09:15::SCWBDomain::hard -nostartfiles -g -Wall -Wextra -fno-tree-loop-distribute-patterns"

TRACE::2025-03-03.11:09:15::SCWBDomain::"Running Make include in ps7_cortexa9_0/libsrc/cpu_cortexa9_v2_12/src"

TRACE::2025-03-03.11:09:15::SCWBDomain::make -C ps7_cortexa9_0/libsrc/cpu_cortexa9_v2_12/src -s include  "SHELL=CMD" "COMPILER=arm-none-eabi-gcc" "ASSEMBLER=arm-none-e
TRACE::2025-03-03.11:09:15::SCWBDomain::abi-as" "ARCHIVER=arm-none-eabi-ar" "COMPILER_FLAGS=  -O2 -c" "EXTRA_COMPILER_FLAGS=-mcpu=cortex-a9 -mfpu=vfpv3 -mfloat-abi=har
TRACE::2025-03-03.11:09:15::SCWBDomain::d -nostartfiles -g -Wall -Wextra -fno-tree-loop-distribute-patterns"

TRACE::2025-03-03.11:09:15::SCWBDomain::"Running Make include in ps7_cortexa9_0/libsrc/Custom_AXI_IP_7segment_display_v1_0/src"

TRACE::2025-03-03.11:09:15::SCWBDomain::make -C ps7_cortexa9_0/libsrc/Custom_AXI_IP_7segment_display_v1_0/src -s include  "SHELL=CMD" "COMPILER=arm-none-eabi-gcc" "ASS
TRACE::2025-03-03.11:09:15::SCWBDomain::EMBLER=arm-none-eabi-as" "ARCHIVER=arm-none-eabi-ar" "COMPILER_FLAGS=  -O2 -c" "EXTRA_COMPILER_FLAGS=-mcpu=cortex-a9 -mfpu=vfpv
TRACE::2025-03-03.11:09:15::SCWBDomain::3 -mfloat-abi=hard -nostartfiles -g -Wall -Wextra -fno-tree-loop-distribute-patterns"

TRACE::2025-03-03.11:09:15::SCWBDomain::"Running Make include in ps7_cortexa9_0/libsrc/ddrps_v1_2/src"

TRACE::2025-03-03.11:09:15::SCWBDomain::make -C ps7_cortexa9_0/libsrc/ddrps_v1_2/src -s include  "SHELL=CMD" "COMPILER=arm-none-eabi-gcc" "ASSEMBLER=arm-none-eabi-as" 
TRACE::2025-03-03.11:09:15::SCWBDomain::"ARCHIVER=arm-none-eabi-ar" "COMPILER_FLAGS=  -O2 -c" "EXTRA_COMPILER_FLAGS=-mcpu=cortex-a9 -mfpu=vfpv3 -mfloat-abi=hard -nosta
TRACE::2025-03-03.11:09:15::SCWBDomain::rtfiles -g -Wall -Wextra -fno-tree-loop-distribute-patterns"

TRACE::2025-03-03.11:09:15::SCWBDomain::"Running Make include in ps7_cortexa9_0/libsrc/devcfg_v3_8/src"

TRACE::2025-03-03.11:09:15::SCWBDomain::make -C ps7_cortexa9_0/libsrc/devcfg_v3_8/src -s include  "SHELL=CMD" "COMPILER=arm-none-eabi-gcc" "ASSEMBLER=arm-none-eabi-as"
TRACE::2025-03-03.11:09:15::SCWBDomain:: "ARCHIVER=arm-none-eabi-ar" "COMPILER_FLAGS=  -O2 -c" "EXTRA_COMPILER_FLAGS=-mcpu=cortex-a9 -mfpu=vfpv3 -mfloat-abi=hard -nost
TRACE::2025-03-03.11:09:15::SCWBDomain::artfiles -g -Wall -Wextra -fno-tree-loop-distribute-patterns"

TRACE::2025-03-03.11:09:15::SCWBDomain::"Running Make include in ps7_cortexa9_0/libsrc/dmaps_v2_10/src"

TRACE::2025-03-03.11:09:15::SCWBDomain::make -C ps7_cortexa9_0/libsrc/dmaps_v2_10/src -s include  "SHELL=CMD" "COMPILER=arm-none-eabi-gcc" "ASSEMBLER=arm-none-eabi-as"
TRACE::2025-03-03.11:09:15::SCWBDomain:: "ARCHIVER=arm-none-eabi-ar" "COMPILER_FLAGS=  -O2 -c" "EXTRA_COMPILER_FLAGS=-mcpu=cortex-a9 -mfpu=vfpv3 -mfloat-abi=hard -nost
TRACE::2025-03-03.11:09:15::SCWBDomain::artfiles -g -Wall -Wextra -fno-tree-loop-distribute-patterns"

TRACE::2025-03-03.11:09:15::SCWBDomain::"Running Make include in ps7_cortexa9_0/libsrc/emacps_v3_20/src"

TRACE::2025-03-03.11:09:15::SCWBDomain::make -C ps7_cortexa9_0/libsrc/emacps_v3_20/src -s include  "SHELL=CMD" "COMPILER=arm-none-eabi-gcc" "ASSEMBLER=arm-none-eabi-as
TRACE::2025-03-03.11:09:15::SCWBDomain::" "ARCHIVER=arm-none-eabi-ar" "COMPILER_FLAGS=  -O2 -c" "EXTRA_COMPILER_FLAGS=-mcpu=cortex-a9 -mfpu=vfpv3 -mfloat-abi=hard -nos
TRACE::2025-03-03.11:09:15::SCWBDomain::tartfiles -g -Wall -Wextra -fno-tree-loop-distribute-patterns"

TRACE::2025-03-03.11:09:15::SCWBDomain::"Running Make include in ps7_cortexa9_0/libsrc/gpiops_v3_13/src"

TRACE::2025-03-03.11:09:15::SCWBDomain::make -C ps7_cortexa9_0/libsrc/gpiops_v3_13/src -s include  "SHELL=CMD" "COMPILER=arm-none-eabi-gcc" "ASSEMBLER=arm-none-eabi-as
TRACE::2025-03-03.11:09:15::SCWBDomain::" "ARCHIVER=arm-none-eabi-ar" "COMPILER_FLAGS=  -O2 -c" "EXTRA_COMPILER_FLAGS=-mcpu=cortex-a9 -mfpu=vfpv3 -mfloat-abi=hard -nos
TRACE::2025-03-03.11:09:15::SCWBDomain::tartfiles -g -Wall -Wextra -fno-tree-loop-distribute-patterns"

TRACE::2025-03-03.11:09:15::SCWBDomain::"Running Make include in ps7_cortexa9_0/libsrc/qspips_v3_12/src"

TRACE::2025-03-03.11:09:15::SCWBDomain::make -C ps7_cortexa9_0/libsrc/qspips_v3_12/src -s include  "SHELL=CMD" "COMPILER=arm-none-eabi-gcc" "ASSEMBLER=arm-none-eabi-as
TRACE::2025-03-03.11:09:15::SCWBDomain::" "ARCHIVER=arm-none-eabi-ar" "COMPILER_FLAGS=  -O2 -c" "EXTRA_COMPILER_FLAGS=-mcpu=cortex-a9 -mfpu=vfpv3 -mfloat-abi=hard -nos
TRACE::2025-03-03.11:09:15::SCWBDomain::tartfiles -g -Wall -Wextra -fno-tree-loop-distribute-patterns"

TRACE::2025-03-03.11:09:16::SCWBDomain::"Running Make include in ps7_cortexa9_0/libsrc/scugic_v5_3/src"

TRACE::2025-03-03.11:09:16::SCWBDomain::make -C ps7_cortexa9_0/libsrc/scugic_v5_3/src -s include  "SHELL=CMD" "COMPILER=arm-none-eabi-gcc" "ASSEMBLER=arm-none-eabi-as"
TRACE::2025-03-03.11:09:16::SCWBDomain:: "ARCHIVER=arm-none-eabi-ar" "COMPILER_FLAGS=  -O2 -c" "EXTRA_COMPILER_FLAGS=-mcpu=cortex-a9 -mfpu=vfpv3 -mfloat-abi=hard -nost
TRACE::2025-03-03.11:09:16::SCWBDomain::artfiles -g -Wall -Wextra -fno-tree-loop-distribute-patterns"

TRACE::2025-03-03.11:09:16::SCWBDomain::"Running Make include in ps7_cortexa9_0/libsrc/scutimer_v2_6/src"

TRACE::2025-03-03.11:09:16::SCWBDomain::make -C ps7_cortexa9_0/libsrc/scutimer_v2_6/src -s include  "SHELL=CMD" "COMPILER=arm-none-eabi-gcc" "ASSEMBLER=arm-none-eabi-a
TRACE::2025-03-03.11:09:16::SCWBDomain::s" "ARCHIVER=arm-none-eabi-ar" "COMPILER_FLAGS=  -O2 -c" "EXTRA_COMPILER_FLAGS=-mcpu=cortex-a9 -mfpu=vfpv3 -mfloat-abi=hard -no
TRACE::2025-03-03.11:09:16::SCWBDomain::startfiles -g -Wall -Wextra -fno-tree-loop-distribute-patterns"

TRACE::2025-03-03.11:09:16::SCWBDomain::"Running Make include in ps7_cortexa9_0/libsrc/scuwdt_v2_5/src"

TRACE::2025-03-03.11:09:16::SCWBDomain::make -C ps7_cortexa9_0/libsrc/scuwdt_v2_5/src -s include  "SHELL=CMD" "COMPILER=arm-none-eabi-gcc" "ASSEMBLER=arm-none-eabi-as"
TRACE::2025-03-03.11:09:16::SCWBDomain:: "ARCHIVER=arm-none-eabi-ar" "COMPILER_FLAGS=  -O2 -c" "EXTRA_COMPILER_FLAGS=-mcpu=cortex-a9 -mfpu=vfpv3 -mfloat-abi=hard -nost
TRACE::2025-03-03.11:09:16::SCWBDomain::artfiles -g -Wall -Wextra -fno-tree-loop-distribute-patterns"

TRACE::2025-03-03.11:09:16::SCWBDomain::"Running Make include in ps7_cortexa9_0/libsrc/sdps_v4_3/src"

TRACE::2025-03-03.11:09:16::SCWBDomain::make -C ps7_cortexa9_0/libsrc/sdps_v4_3/src -s include  "SHELL=CMD" "COMPILER=arm-none-eabi-gcc" "ASSEMBLER=arm-none-eabi-as" "
TRACE::2025-03-03.11:09:16::SCWBDomain::ARCHIVER=arm-none-eabi-ar" "COMPILER_FLAGS=  -O2 -c" "EXTRA_COMPILER_FLAGS=-mcpu=cortex-a9 -mfpu=vfpv3 -mfloat-abi=hard -nostar
TRACE::2025-03-03.11:09:16::SCWBDomain::tfiles -g -Wall -Wextra -fno-tree-loop-distribute-patterns"

TRACE::2025-03-03.11:09:16::SCWBDomain::"Running Make include in ps7_cortexa9_0/libsrc/standalone_v9_1/src"

TRACE::2025-03-03.11:09:16::SCWBDomain::make -C ps7_cortexa9_0/libsrc/standalone_v9_1/src -s include  "SHELL=CMD" "COMPILER=arm-none-eabi-gcc" "ASSEMBLER=arm-none-eabi
TRACE::2025-03-03.11:09:16::SCWBDomain::-as" "ARCHIVER=arm-none-eabi-ar" "COMPILER_FLAGS=  -O2 -c" "EXTRA_COMPILER_FLAGS=-mcpu=cortex-a9 -mfpu=vfpv3 -mfloat-abi=hard -
TRACE::2025-03-03.11:09:16::SCWBDomain::nostartfiles -g -Wall -Wextra -fno-tree-loop-distribute-patterns"

TRACE::2025-03-03.11:09:16::SCWBDomain::"Running Make include in ps7_cortexa9_0/libsrc/uartps_v3_14/src"

TRACE::2025-03-03.11:09:16::SCWBDomain::make -C ps7_cortexa9_0/libsrc/uartps_v3_14/src -s include  "SHELL=CMD" "COMPILER=arm-none-eabi-gcc" "ASSEMBLER=arm-none-eabi-as
TRACE::2025-03-03.11:09:16::SCWBDomain::" "ARCHIVER=arm-none-eabi-ar" "COMPILER_FLAGS=  -O2 -c" "EXTRA_COMPILER_FLAGS=-mcpu=cortex-a9 -mfpu=vfpv3 -mfloat-abi=hard -nos
TRACE::2025-03-03.11:09:16::SCWBDomain::tartfiles -g -Wall -Wextra -fno-tree-loop-distribute-patterns"

TRACE::2025-03-03.11:09:16::SCWBDomain::"Running Make include in ps7_cortexa9_0/libsrc/usbps_v2_9/src"

TRACE::2025-03-03.11:09:16::SCWBDomain::make -C ps7_cortexa9_0/libsrc/usbps_v2_9/src -s include  "SHELL=CMD" "COMPILER=arm-none-eabi-gcc" "ASSEMBLER=arm-none-eabi-as" 
TRACE::2025-03-03.11:09:16::SCWBDomain::"ARCHIVER=arm-none-eabi-ar" "COMPILER_FLAGS=  -O2 -c" "EXTRA_COMPILER_FLAGS=-mcpu=cortex-a9 -mfpu=vfpv3 -mfloat-abi=hard -nosta
TRACE::2025-03-03.11:09:16::SCWBDomain::rtfiles -g -Wall -Wextra -fno-tree-loop-distribute-patterns"

TRACE::2025-03-03.11:09:16::SCWBDomain::"Running Make include in ps7_cortexa9_0/libsrc/xadcps_v2_7/src"

TRACE::2025-03-03.11:09:16::SCWBDomain::make -C ps7_cortexa9_0/libsrc/xadcps_v2_7/src -s include  "SHELL=CMD" "COMPILER=arm-none-eabi-gcc" "ASSEMBLER=arm-none-eabi-as"
TRACE::2025-03-03.11:09:16::SCWBDomain:: "ARCHIVER=arm-none-eabi-ar" "COMPILER_FLAGS=  -O2 -c" "EXTRA_COMPILER_FLAGS=-mcpu=cortex-a9 -mfpu=vfpv3 -mfloat-abi=hard -nost
TRACE::2025-03-03.11:09:16::SCWBDomain::artfiles -g -Wall -Wextra -fno-tree-loop-distribute-patterns"

TRACE::2025-03-03.11:09:16::SCWBDomain::"Running Make include in ps7_cortexa9_0/libsrc/xilffs_v5_2/src"

TRACE::2025-03-03.11:09:16::SCWBDomain::make -C ps7_cortexa9_0/libsrc/xilffs_v5_2/src -s include  "SHELL=CMD" "COMPILER=arm-none-eabi-gcc" "ASSEMBLER=arm-none-eabi-as"
TRACE::2025-03-03.11:09:16::SCWBDomain:: "ARCHIVER=arm-none-eabi-ar" "COMPILER_FLAGS=  -O2 -c" "EXTRA_COMPILER_FLAGS=-mcpu=cortex-a9 -mfpu=vfpv3 -mfloat-abi=hard -nost
TRACE::2025-03-03.11:09:16::SCWBDomain::artfiles -g -Wall -Wextra -fno-tree-loop-distribute-patterns"

TRACE::2025-03-03.11:09:16::SCWBDomain::"Running Make include in ps7_cortexa9_0/libsrc/xilrsa_v1_8/src"

TRACE::2025-03-03.11:09:16::SCWBDomain::make -C ps7_cortexa9_0/libsrc/xilrsa_v1_8/src -s include  "SHELL=CMD" "COMPILER=arm-none-eabi-gcc" "ASSEMBLER=arm-none-eabi-as"
TRACE::2025-03-03.11:09:16::SCWBDomain:: "ARCHIVER=arm-none-eabi-ar" "COMPILER_FLAGS=  -O2 -c" "EXTRA_COMPILER_FLAGS=-mcpu=cortex-a9 -mfpu=vfpv3 -mfloat-abi=hard -nost
TRACE::2025-03-03.11:09:16::SCWBDomain::artfiles -g -Wall -Wextra -fno-tree-loop-distribute-patterns"

TRACE::2025-03-03.11:09:16::SCWBDomain::"Running Make libs in ps7_cortexa9_0/libsrc/coresightps_dcc_v1_10/src"

TRACE::2025-03-03.11:09:16::SCWBDomain::make -C ps7_cortexa9_0/libsrc/coresightps_dcc_v1_10/src -s libs  "SHELL=CMD" "COMPILER=arm-none-eabi-gcc" "ASSEMBLER=arm-none-e
TRACE::2025-03-03.11:09:16::SCWBDomain::abi-as" "ARCHIVER=arm-none-eabi-ar" "COMPILER_FLAGS=  -O2 -c" "EXTRA_COMPILER_FLAGS=-mcpu=cortex-a9 -mfpu=vfpv3 -mfloat-abi=har
TRACE::2025-03-03.11:09:16::SCWBDomain::d -nostartfiles -g -Wall -Wextra -fno-tree-loop-distribute-patterns"

TRACE::2025-03-03.11:09:16::SCWBDomain::"Running Make libs in ps7_cortexa9_0/libsrc/cpu_cortexa9_v2_12/src"

TRACE::2025-03-03.11:09:16::SCWBDomain::make -C ps7_cortexa9_0/libsrc/cpu_cortexa9_v2_12/src -s libs  "SHELL=CMD" "COMPILER=arm-none-eabi-gcc" "ASSEMBLER=arm-none-eabi
TRACE::2025-03-03.11:09:16::SCWBDomain::-as" "ARCHIVER=arm-none-eabi-ar" "COMPILER_FLAGS=  -O2 -c" "EXTRA_COMPILER_FLAGS=-mcpu=cortex-a9 -mfpu=vfpv3 -mfloat-abi=hard -
TRACE::2025-03-03.11:09:16::SCWBDomain::nostartfiles -g -Wall -Wextra -fno-tree-loop-distribute-patterns"

TRACE::2025-03-03.11:09:16::SCWBDomain::"Running Make libs in ps7_cortexa9_0/libsrc/ddrps_v1_2/src"

TRACE::2025-03-03.11:09:16::SCWBDomain::make -C ps7_cortexa9_0/libsrc/ddrps_v1_2/src -s libs  "SHELL=CMD" "COMPILER=arm-none-eabi-gcc" "ASSEMBLER=arm-none-eabi-as" "AR
TRACE::2025-03-03.11:09:16::SCWBDomain::CHIVER=arm-none-eabi-ar" "COMPILER_FLAGS=  -O2 -c" "EXTRA_COMPILER_FLAGS=-mcpu=cortex-a9 -mfpu=vfpv3 -mfloat-abi=hard -nostartf
TRACE::2025-03-03.11:09:16::SCWBDomain::iles -g -Wall -Wextra -fno-tree-loop-distribute-patterns"

TRACE::2025-03-03.11:09:16::SCWBDomain::"Running Make libs in ps7_cortexa9_0/libsrc/devcfg_v3_8/src"

TRACE::2025-03-03.11:09:16::SCWBDomain::make -C ps7_cortexa9_0/libsrc/devcfg_v3_8/src -s libs  "SHELL=CMD" "COMPILER=arm-none-eabi-gcc" "ASSEMBLER=arm-none-eabi-as" "A
TRACE::2025-03-03.11:09:16::SCWBDomain::RCHIVER=arm-none-eabi-ar" "COMPILER_FLAGS=  -O2 -c" "EXTRA_COMPILER_FLAGS=-mcpu=cortex-a9 -mfpu=vfpv3 -mfloat-abi=hard -nostart
TRACE::2025-03-03.11:09:16::SCWBDomain::files -g -Wall -Wextra -fno-tree-loop-distribute-patterns"

TRACE::2025-03-03.11:09:16::SCWBDomain::"Running Make libs in ps7_cortexa9_0/libsrc/dmaps_v2_10/src"

TRACE::2025-03-03.11:09:16::SCWBDomain::make -C ps7_cortexa9_0/libsrc/dmaps_v2_10/src -s libs  "SHELL=CMD" "COMPILER=arm-none-eabi-gcc" "ASSEMBLER=arm-none-eabi-as" "A
TRACE::2025-03-03.11:09:16::SCWBDomain::RCHIVER=arm-none-eabi-ar" "COMPILER_FLAGS=  -O2 -c" "EXTRA_COMPILER_FLAGS=-mcpu=cortex-a9 -mfpu=vfpv3 -mfloat-abi=hard -nostart
TRACE::2025-03-03.11:09:16::SCWBDomain::files -g -Wall -Wextra -fno-tree-loop-distribute-patterns"

TRACE::2025-03-03.11:09:16::SCWBDomain::"Running Make libs in ps7_cortexa9_0/libsrc/emacps_v3_20/src"

TRACE::2025-03-03.11:09:16::SCWBDomain::make -C ps7_cortexa9_0/libsrc/emacps_v3_20/src -s libs  "SHELL=CMD" "COMPILER=arm-none-eabi-gcc" "ASSEMBLER=arm-none-eabi-as" "
TRACE::2025-03-03.11:09:16::SCWBDomain::ARCHIVER=arm-none-eabi-ar" "COMPILER_FLAGS=  -O2 -c" "EXTRA_COMPILER_FLAGS=-mcpu=cortex-a9 -mfpu=vfpv3 -mfloat-abi=hard -nostar
TRACE::2025-03-03.11:09:16::SCWBDomain::tfiles -g -Wall -Wextra -fno-tree-loop-distribute-patterns"

TRACE::2025-03-03.11:09:16::SCWBDomain::"Running Make libs in ps7_cortexa9_0/libsrc/gpiops_v3_13/src"

TRACE::2025-03-03.11:09:16::SCWBDomain::make -C ps7_cortexa9_0/libsrc/gpiops_v3_13/src -s libs  "SHELL=CMD" "COMPILER=arm-none-eabi-gcc" "ASSEMBLER=arm-none-eabi-as" "
TRACE::2025-03-03.11:09:16::SCWBDomain::ARCHIVER=arm-none-eabi-ar" "COMPILER_FLAGS=  -O2 -c" "EXTRA_COMPILER_FLAGS=-mcpu=cortex-a9 -mfpu=vfpv3 -mfloat-abi=hard -nostar
TRACE::2025-03-03.11:09:16::SCWBDomain::tfiles -g -Wall -Wextra -fno-tree-loop-distribute-patterns"

TRACE::2025-03-03.11:09:16::SCWBDomain::"Running Make libs in ps7_cortexa9_0/libsrc/qspips_v3_12/src"

TRACE::2025-03-03.11:09:16::SCWBDomain::make -C ps7_cortexa9_0/libsrc/qspips_v3_12/src -s libs  "SHELL=CMD" "COMPILER=arm-none-eabi-gcc" "ASSEMBLER=arm-none-eabi-as" "
TRACE::2025-03-03.11:09:16::SCWBDomain::ARCHIVER=arm-none-eabi-ar" "COMPILER_FLAGS=  -O2 -c" "EXTRA_COMPILER_FLAGS=-mcpu=cortex-a9 -mfpu=vfpv3 -mfloat-abi=hard -nostar
TRACE::2025-03-03.11:09:16::SCWBDomain::tfiles -g -Wall -Wextra -fno-tree-loop-distribute-patterns"

TRACE::2025-03-03.11:09:16::SCWBDomain::"Running Make libs in ps7_cortexa9_0/libsrc/scugic_v5_3/src"

TRACE::2025-03-03.11:09:16::SCWBDomain::make -C ps7_cortexa9_0/libsrc/scugic_v5_3/src -s libs  "SHELL=CMD" "COMPILER=arm-none-eabi-gcc" "ASSEMBLER=arm-none-eabi-as" "A
TRACE::2025-03-03.11:09:16::SCWBDomain::RCHIVER=arm-none-eabi-ar" "COMPILER_FLAGS=  -O2 -c" "EXTRA_COMPILER_FLAGS=-mcpu=cortex-a9 -mfpu=vfpv3 -mfloat-abi=hard -nostart
TRACE::2025-03-03.11:09:16::SCWBDomain::files -g -Wall -Wextra -fno-tree-loop-distribute-patterns"

TRACE::2025-03-03.11:09:17::SCWBDomain::"Running Make libs in ps7_cortexa9_0/libsrc/scutimer_v2_6/src"

TRACE::2025-03-03.11:09:17::SCWBDomain::make -C ps7_cortexa9_0/libsrc/scutimer_v2_6/src -s libs  "SHELL=CMD" "COMPILER=arm-none-eabi-gcc" "ASSEMBLER=arm-none-eabi-as" 
TRACE::2025-03-03.11:09:17::SCWBDomain::"ARCHIVER=arm-none-eabi-ar" "COMPILER_FLAGS=  -O2 -c" "EXTRA_COMPILER_FLAGS=-mcpu=cortex-a9 -mfpu=vfpv3 -mfloat-abi=hard -nosta
TRACE::2025-03-03.11:09:17::SCWBDomain::rtfiles -g -Wall -Wextra -fno-tree-loop-distribute-patterns"

TRACE::2025-03-03.11:09:17::SCWBDomain::"Running Make libs in ps7_cortexa9_0/libsrc/scuwdt_v2_5/src"

TRACE::2025-03-03.11:09:17::SCWBDomain::make -C ps7_cortexa9_0/libsrc/scuwdt_v2_5/src -s libs  "SHELL=CMD" "COMPILER=arm-none-eabi-gcc" "ASSEMBLER=arm-none-eabi-as" "A
TRACE::2025-03-03.11:09:17::SCWBDomain::RCHIVER=arm-none-eabi-ar" "COMPILER_FLAGS=  -O2 -c" "EXTRA_COMPILER_FLAGS=-mcpu=cortex-a9 -mfpu=vfpv3 -mfloat-abi=hard -nostart
TRACE::2025-03-03.11:09:17::SCWBDomain::files -g -Wall -Wextra -fno-tree-loop-distribute-patterns"

TRACE::2025-03-03.11:09:17::SCWBDomain::"Running Make libs in ps7_cortexa9_0/libsrc/sdps_v4_3/src"

TRACE::2025-03-03.11:09:17::SCWBDomain::make -C ps7_cortexa9_0/libsrc/sdps_v4_3/src -s libs  "SHELL=CMD" "COMPILER=arm-none-eabi-gcc" "ASSEMBLER=arm-none-eabi-as" "ARC
TRACE::2025-03-03.11:09:17::SCWBDomain::HIVER=arm-none-eabi-ar" "COMPILER_FLAGS=  -O2 -c" "EXTRA_COMPILER_FLAGS=-mcpu=cortex-a9 -mfpu=vfpv3 -mfloat-abi=hard -nostartfi
TRACE::2025-03-03.11:09:17::SCWBDomain::les -g -Wall -Wextra -fno-tree-loop-distribute-patterns"

TRACE::2025-03-03.11:09:17::SCWBDomain::"Running Make libs in ps7_cortexa9_0/libsrc/standalone_v9_1/src"

TRACE::2025-03-03.11:09:17::SCWBDomain::make -C ps7_cortexa9_0/libsrc/standalone_v9_1/src -s libs  "SHELL=CMD" "COMPILER=arm-none-eabi-gcc" "ASSEMBLER=arm-none-eabi-as
TRACE::2025-03-03.11:09:17::SCWBDomain::" "ARCHIVER=arm-none-eabi-ar" "COMPILER_FLAGS=  -O2 -c" "EXTRA_COMPILER_FLAGS=-mcpu=cortex-a9 -mfpu=vfpv3 -mfloat-abi=hard -nos
TRACE::2025-03-03.11:09:17::SCWBDomain::tartfiles -g -Wall -Wextra -fno-tree-loop-distribute-patterns"

TRACE::2025-03-03.11:09:18::SCWBDomain::"Running Make libs in ps7_cortexa9_0/libsrc/uartps_v3_14/src"

TRACE::2025-03-03.11:09:18::SCWBDomain::make -C ps7_cortexa9_0/libsrc/uartps_v3_14/src -s libs  "SHELL=CMD" "COMPILER=arm-none-eabi-gcc" "ASSEMBLER=arm-none-eabi-as" "
TRACE::2025-03-03.11:09:18::SCWBDomain::ARCHIVER=arm-none-eabi-ar" "COMPILER_FLAGS=  -O2 -c" "EXTRA_COMPILER_FLAGS=-mcpu=cortex-a9 -mfpu=vfpv3 -mfloat-abi=hard -nostar
TRACE::2025-03-03.11:09:18::SCWBDomain::tfiles -g -Wall -Wextra -fno-tree-loop-distribute-patterns"

TRACE::2025-03-03.11:09:18::SCWBDomain::"Running Make libs in ps7_cortexa9_0/libsrc/usbps_v2_9/src"

TRACE::2025-03-03.11:09:18::SCWBDomain::make -C ps7_cortexa9_0/libsrc/usbps_v2_9/src -s libs  "SHELL=CMD" "COMPILER=arm-none-eabi-gcc" "ASSEMBLER=arm-none-eabi-as" "AR
TRACE::2025-03-03.11:09:18::SCWBDomain::CHIVER=arm-none-eabi-ar" "COMPILER_FLAGS=  -O2 -c" "EXTRA_COMPILER_FLAGS=-mcpu=cortex-a9 -mfpu=vfpv3 -mfloat-abi=hard -nostartf
TRACE::2025-03-03.11:09:18::SCWBDomain::iles -g -Wall -Wextra -fno-tree-loop-distribute-patterns"

TRACE::2025-03-03.11:09:18::SCWBDomain::"Running Make libs in ps7_cortexa9_0/libsrc/xadcps_v2_7/src"

TRACE::2025-03-03.11:09:18::SCWBDomain::make -C ps7_cortexa9_0/libsrc/xadcps_v2_7/src -s libs  "SHELL=CMD" "COMPILER=arm-none-eabi-gcc" "ASSEMBLER=arm-none-eabi-as" "A
TRACE::2025-03-03.11:09:18::SCWBDomain::RCHIVER=arm-none-eabi-ar" "COMPILER_FLAGS=  -O2 -c" "EXTRA_COMPILER_FLAGS=-mcpu=cortex-a9 -mfpu=vfpv3 -mfloat-abi=hard -nostart
TRACE::2025-03-03.11:09:18::SCWBDomain::files -g -Wall -Wextra -fno-tree-loop-distribute-patterns"

TRACE::2025-03-03.11:09:18::SCWBDomain::"Running Make libs in ps7_cortexa9_0/libsrc/xilffs_v5_2/src"

TRACE::2025-03-03.11:09:18::SCWBDomain::make -C ps7_cortexa9_0/libsrc/xilffs_v5_2/src -s libs  "SHELL=CMD" "COMPILER=arm-none-eabi-gcc" "ASSEMBLER=arm-none-eabi-as" "A
TRACE::2025-03-03.11:09:18::SCWBDomain::RCHIVER=arm-none-eabi-ar" "COMPILER_FLAGS=  -O2 -c" "EXTRA_COMPILER_FLAGS=-mcpu=cortex-a9 -mfpu=vfpv3 -mfloat-abi=hard -nostart
TRACE::2025-03-03.11:09:18::SCWBDomain::files -g -Wall -Wextra -fno-tree-loop-distribute-patterns"

TRACE::2025-03-03.11:09:20::SCWBDomain::'Finished building libraries parallelly.'

TRACE::2025-03-03.11:09:20::SCWBDomain::make --no-print-directory archive

TRACE::2025-03-03.11:09:20::SCWBDomain::arm-none-eabi-ar -r  ps7_cortexa9_0/lib/libxil.a ps7_cortexa9_0/lib/Custom_AXI_IP_7segment_display.o ps7_cortexa9_0/lib/Custom_
TRACE::2025-03-03.11:09:20::SCWBDomain::AXI_IP_7segment_display_selftest.o ps7_cortexa9_0/lib/_exit.o ps7_cortexa9_0/lib/_open.o ps7_cortexa9_0/lib/_sbrk.o ps7_cortexa
TRACE::2025-03-03.11:09:20::SCWBDomain::9_0/lib/abort.o ps7_cortexa9_0/lib/asm_vectors.o ps7_cortexa9_0/lib/boot.o ps7_cortexa9_0/lib/close.o ps7_cortexa9_0/lib/cppute
TRACE::2025-03-03.11:09:20::SCWBDomain::st_time.o ps7_cortexa9_0/lib/cpu_init.o ps7_cortexa9_0/lib/errno.o ps7_cortexa9_0/lib/fcntl.o ps7_cortexa9_0/lib/fstat.o ps7_co
TRACE::2025-03-03.11:09:20::SCWBDomain::rtexa9_0/lib/getentropy.o ps7_cortexa9_0/lib/getpid.o ps7_cortexa9_0/lib/inbyte.o ps7_cortexa9_0/lib/isatty.o ps7_cortexa9_0/li
TRACE::2025-03-03.11:09:20::SCWBDomain::b/kill.o ps7_cortexa9_0/lib/lseek.o ps7_cortexa9_0/lib/open.o ps7_cortexa9_0/lib/outbyte.o ps7_cortexa9_0/lib/print.o ps7_corte
TRACE::2025-03-03.11:09:20::SCWBDomain::xa9_0/lib/putnum.o ps7_cortexa9_0/lib/read.o ps7_cortexa9_0/lib/sbrk.o ps7_cortexa9_0/lib/sleep.o ps7_cortexa9_0/lib/time.o ps7
TRACE::2025-03-03.11:09:20::SCWBDomain::_cortexa9_0/lib/translation_table.o ps7_cortexa9_0/lib/unlink.o ps7_cortexa9_0/lib/usleep.o ps7_cortexa9_0/lib/vectors.o ps7_co
TRACE::2025-03-03.11:09:20::SCWBDomain::rtexa9_0/lib/write.o ps7_cortexa9_0/lib/xadcps.o ps7_cortexa9_0/lib/xadcps_g.o ps7_cortexa9_0/lib/xadcps_intr.o ps7_cortexa9_0/
TRACE::2025-03-03.11:09:20::SCWBDomain::lib/xadcps_selftest.o ps7_cortexa9_0/lib/xadcps_sinit.o ps7_cortexa9_0/lib/xcoresightpsdcc.o ps7_cortexa9_0/lib/xdevcfg.o ps7_c
TRACE::2025-03-03.11:09:20::SCWBDomain::ortexa9_0/lib/xdevcfg_g.o ps7_cortexa9_0/lib/xdevcfg_hw.o ps7_cortexa9_0/lib/xdevcfg_intr.o ps7_cortexa9_0/lib/xdevcfg_selftest
TRACE::2025-03-03.11:09:20::SCWBDomain::.o ps7_cortexa9_0/lib/xdevcfg_sinit.o ps7_cortexa9_0/lib/xdmaps.o ps7_cortexa9_0/lib/xdmaps_g.o ps7_cortexa9_0/lib/xdmaps_hw.o 
TRACE::2025-03-03.11:09:20::SCWBDomain::ps7_cortexa9_0/lib/xdmaps_selftest.o ps7_cortexa9_0/lib/xdmaps_sinit.o ps7_cortexa9_0/lib/xemacps.o ps7_cortexa9_0/lib/xemacps_
TRACE::2025-03-03.11:09:20::SCWBDomain::bdring.o ps7_cortexa9_0/lib/xemacps_control.o ps7_cortexa9_0/lib/xemacps_g.o ps7_cortexa9_0/lib/xemacps_hw.o ps7_cortexa9_0/lib
TRACE::2025-03-03.11:09:20::SCWBDomain::/xemacps_intr.o ps7_cortexa9_0/lib/xemacps_sinit.o ps7_cortexa9_0/lib/xgpiops.o ps7_cortexa9_0/lib/xgpiops_g.o ps7_cortexa9_0/l
TRACE::2025-03-03.11:09:20::SCWBDomain::ib/xgpiops_hw.o ps7_cortexa9_0/lib/xgpiops_intr.o ps7_cortexa9_0/lib/xgpiops_selftest.o ps7_cortexa9_0/lib/xgpiops_sinit.o ps7_
TRACE::2025-03-03.11:09:20::SCWBDomain::cortexa9_0/lib/xil-crt0.o ps7_cortexa9_0/lib/xil_assert.o ps7_cortexa9_0/lib/xil_cache.o ps7_cortexa9_0/lib/xil_clocking.o ps7_
TRACE::2025-03-03.11:09:20::SCWBDomain::cortexa9_0/lib/xil_exception.o ps7_cortexa9_0/lib/xil_mem.o ps7_cortexa9_0/lib/xil_misc_psreset_api.o ps7_cortexa9_0/lib/xil_mm
TRACE::2025-03-03.11:09:20::SCWBDomain::u.o ps7_cortexa9_0/lib/xil_printf.o ps7_cortexa9_0/lib/xil_sleepcommon.o ps7_cortexa9_0/lib/xil_sleeptimer.o ps7_cortexa9_0/lib
TRACE::2025-03-03.11:09:20::SCWBDomain::/xil_spinlock.o ps7_cortexa9_0/lib/xil_testcache.o ps7_cortexa9_0/lib/xil_testio.o ps7_cortexa9_0/lib/xil_testmem.o ps7_cortexa
TRACE::2025-03-03.11:09:20::SCWBDomain::9_0/lib/xil_util.o ps7_cortexa9_0/lib/xinterrupt_wrap.o ps7_cortexa9_0/lib/xl2cc_counter.o ps7_cortexa9_0/lib/xplatform_info.o 
TRACE::2025-03-03.11:09:20::SCWBDomain::ps7_cortexa9_0/lib/xpm_counter.o ps7_cortexa9_0/lib/xpm_init.o ps7_cortexa9_0/lib/xqspips.o ps7_cortexa9_0/lib/xqspips_g.o ps7_
TRACE::2025-03-03.11:09:20::SCWBDomain::cortexa9_0/lib/xqspips_hw.o ps7_cortexa9_0/lib/xqspips_options.o ps7_cortexa9_0/lib/xqspips_selftest.o ps7_cortexa9_0/lib/xqspi
TRACE::2025-03-03.11:09:20::SCWBDomain::ps_sinit.o ps7_cortexa9_0/lib/xscugic.o ps7_cortexa9_0/lib/xscugic_g.o ps7_cortexa9_0/lib/xscugic_hw.o ps7_cortexa9_0/lib/xscug
TRACE::2025-03-03.11:09:20::SCWBDomain::ic_intr.o ps7_cortexa9_0/lib/xscugic_selftest.o ps7_cortexa9_0/lib/xscugic_sinit.o ps7_cortexa9_0/lib/xscutimer.o ps7_cortexa9_
TRACE::2025-03-03.11:09:20::SCWBDomain::0/lib/xscutimer_g.o ps7_cortexa9_0/lib/xscutimer_selftest.o ps7_cortexa9_0/lib/xscutimer_sinit.o ps7_cortexa9_0/lib/xscuwdt.o p
TRACE::2025-03-03.11:09:20::SCWBDomain::s7_cortexa9_0/lib/xscuwdt_g.o ps7_cortexa9_0/lib/xscuwdt_selftest.o ps7_cortexa9_0/lib/xscuwdt_sinit.o ps7_cortexa9_0/lib/xsdps
TRACE::2025-03-03.11:09:20::SCWBDomain::.o ps7_cortexa9_0/lib/xsdps_card.o ps7_cortexa9_0/lib/xsdps_g.o ps7_cortexa9_0/lib/xsdps_host.o ps7_cortexa9_0/lib/xsdps_option
TRACE::2025-03-03.11:09:20::SCWBDomain::s.o ps7_cortexa9_0/lib/xsdps_sinit.o ps7_cortexa9_0/lib/xtime_l.o ps7_cortexa9_0/lib/xuartps.o ps7_cortexa9_0/lib/xuartps_g.o p
TRACE::2025-03-03.11:09:20::SCWBDomain::s7_cortexa9_0/lib/xuartps_hw.o ps7_cortexa9_0/lib/xuartps_intr.o ps7_cortexa9_0/lib/xuartps_options.o ps7_cortexa9_0/lib/xuartp
TRACE::2025-03-03.11:09:20::SCWBDomain::s_selftest.o ps7_cortexa9_0/lib/xuartps_sinit.o ps7_cortexa9_0/lib/xusbps.o ps7_cortexa9_0/lib/xusbps_endpoint.o ps7_cortexa9_0
TRACE::2025-03-03.11:09:20::SCWBDomain::/lib/xusbps_g.o ps7_cortexa9_0/lib/xusbps_hw.o ps7_cortexa9_0/lib/xusbps_intr.o ps7_cortexa9_0/lib/xusbps_sinit.o

TRACE::2025-03-03.11:09:20::SCWBDomain::'Finished building libraries'

TRACE::2025-03-03.11:09:20::SCWBDomain::make: Leaving directory 'C:/PXL/devWorks/devWorks2/Custom_AXI_IP_7Segment/vitis/7Segment_display/zynq_fsbl/zynq_fsbl_bsp'

TRACE::2025-03-03.11:09:20::SCWBDomain::arm-none-eabi-gcc  -O2 -c -MMD -MP       -mcpu=cortex-a9 -mfpu=vfpv3 -mfloat-abi=hard  -c sd.c -o sd.o -Izynq_fsbl_bsp/ps7_cort
TRACE::2025-03-03.11:09:20::SCWBDomain::exa9_0/include -I.

TRACE::2025-03-03.11:09:20::SCWBDomain::arm-none-eabi-gcc  -O2 -c -MMD -MP       -mcpu=cortex-a9 -mfpu=vfpv3 -mfloat-abi=hard  -c nand.c -o nand.o -Izynq_fsbl_bsp/ps7_
TRACE::2025-03-03.11:09:20::SCWBDomain::cortexa9_0/include -I.

TRACE::2025-03-03.11:09:20::SCWBDomain::arm-none-eabi-gcc  -O2 -c -MMD -MP       -mcpu=cortex-a9 -mfpu=vfpv3 -mfloat-abi=hard  -c nor.c -o nor.o -Izynq_fsbl_bsp/ps7_co
TRACE::2025-03-03.11:09:20::SCWBDomain::rtexa9_0/include -I.

TRACE::2025-03-03.11:09:21::SCWBDomain::arm-none-eabi-gcc  -O2 -c -MMD -MP       -mcpu=cortex-a9 -mfpu=vfpv3 -mfloat-abi=hard  -c image_mover.c -o image_mover.o -Izynq
TRACE::2025-03-03.11:09:21::SCWBDomain::_fsbl_bsp/ps7_cortexa9_0/include -I.

TRACE::2025-03-03.11:09:21::SCWBDomain::arm-none-eabi-gcc  -O2 -c -MMD -MP       -mcpu=cortex-a9 -mfpu=vfpv3 -mfloat-abi=hard  -c md5.c -o md5.o -Izynq_fsbl_bsp/ps7_co
TRACE::2025-03-03.11:09:21::SCWBDomain::rtexa9_0/include -I.

TRACE::2025-03-03.11:09:21::SCWBDomain::arm-none-eabi-gcc  -O2 -c -MMD -MP       -mcpu=cortex-a9 -mfpu=vfpv3 -mfloat-abi=hard  -c fsbl_hooks.c -o fsbl_hooks.o -Izynq_f
TRACE::2025-03-03.11:09:21::SCWBDomain::sbl_bsp/ps7_cortexa9_0/include -I.

TRACE::2025-03-03.11:09:21::SCWBDomain::arm-none-eabi-gcc  -O2 -c -MMD -MP       -mcpu=cortex-a9 -mfpu=vfpv3 -mfloat-abi=hard  -c main.c -o main.o -Izynq_fsbl_bsp/ps7_
TRACE::2025-03-03.11:09:21::SCWBDomain::cortexa9_0/include -I.

TRACE::2025-03-03.11:09:21::SCWBDomain::arm-none-eabi-gcc  -O2 -c -MMD -MP       -mcpu=cortex-a9 -mfpu=vfpv3 -mfloat-abi=hard  -c rsa.c -o rsa.o -Izynq_fsbl_bsp/ps7_co
TRACE::2025-03-03.11:09:21::SCWBDomain::rtexa9_0/include -I.

TRACE::2025-03-03.11:09:22::SCWBDomain::arm-none-eabi-gcc  -O2 -c -MMD -MP       -mcpu=cortex-a9 -mfpu=vfpv3 -mfloat-abi=hard  -c qspi.c -o qspi.o -Izynq_fsbl_bsp/ps7_
TRACE::2025-03-03.11:09:22::SCWBDomain::cortexa9_0/include -I.

TRACE::2025-03-03.11:09:22::SCWBDomain::arm-none-eabi-gcc  -O2 -c -MMD -MP       -mcpu=cortex-a9 -mfpu=vfpv3 -mfloat-abi=hard  -c ps7_init.c -o ps7_init.o -Izynq_fsbl_
TRACE::2025-03-03.11:09:22::SCWBDomain::bsp/ps7_cortexa9_0/include -I.

TRACE::2025-03-03.11:09:22::SCWBDomain::arm-none-eabi-gcc  -O2 -c -MMD -MP       -mcpu=cortex-a9 -mfpu=vfpv3 -mfloat-abi=hard  -c pcap.c -o pcap.o -Izynq_fsbl_bsp/ps7_
TRACE::2025-03-03.11:09:22::SCWBDomain::cortexa9_0/include -I.

TRACE::2025-03-03.11:09:22::SCWBDomain::arm-none-eabi-gcc  -O2 -c -MMD -MP       -mcpu=cortex-a9 -mfpu=vfpv3 -mfloat-abi=hard  -c fsbl_handoff.S -o fsbl_handoff.o -Izy
TRACE::2025-03-03.11:09:22::SCWBDomain::nq_fsbl_bsp/ps7_cortexa9_0/include -I.

TRACE::2025-03-03.11:09:22::SCWBDomain::arm-none-eabi-gcc -o fsbl.elf fsbl_handoff.o fsbl_hooks.o image_mover.o main.o md5.o nand.o nor.o pcap.o ps7_init.o qspi.o rsa.
TRACE::2025-03-03.11:09:22::SCWBDomain::o sd.o -MMD -MP       -mcpu=cortex-a9 -mfpu=vfpv3 -mfloat-abi=hard   -mcpu=cortex-a9 -mfpu=vfpv3 -mfloat-abi=hard -Wl,-build-id
TRACE::2025-03-03.11:09:22::SCWBDomain::=none -specs=Xilinx.spec  -lrsa -Wl,--start-group,-lxil,-lgcc,-lc,--end-group -Wl,--start-group,-lxilffs,-lxil,-lgcc,-lc,--end-
TRACE::2025-03-03.11:09:22::SCWBDomain::group -Wl,--start-group,-lrsa,-lxil,-lgcc,-lc,--end-group                                    -Wl,--gc-sections -Lzynq_fsbl_bsp/
TRACE::2025-03-03.11:09:22::SCWBDomain::ps7_cortexa9_0/lib -L./ -Tlscript.ld

LOG::2025-03-03.11:09:23::SCWSystem::Checking the domain standalone_ps7_cortexa9_0
LOG::2025-03-03.11:09:23::SCWSystem::Not a boot domain 
LOG::2025-03-03.11:09:23::SCWSystem::Started Processing the domain standalone_ps7_cortexa9_0
TRACE::2025-03-03.11:09:23::SCWDomain::Generating domain artifcats
TRACE::2025-03-03.11:09:23::SCWMssOS::Generating standalone artifcats
TRACE::2025-03-03.11:09:23::SCWMssOS::Copying the qemu file from  C:/PXL/devWorks/devWorks2/Custom_AXI_IP_7Segment/vitis/7Segment_display/resources/7Segment_display/standalone_ps7_cortexa9_0/qemu_args.txt To C:/PXL/devWorks/devWorks2/Custom_AXI_IP_7Segment/vitis/7Segment_display/export/7Segment_display/sw/7Segment_display/standalone_ps7_cortexa9_0/qemu/
TRACE::2025-03-03.11:09:23::SCWMssOS:: Copying the user libraries. 
TRACE::2025-03-03.11:09:23::SCWPlatform::Trying to open the hw design at C:/PXL/devWorks/devWorks2/Custom_AXI_IP_7Segment/vitis/7Segment_display/hw/7Segment_display.xsa
TRACE::2025-03-03.11:09:23::SCWPlatform::DSA given C:/PXL/devWorks/devWorks2/Custom_AXI_IP_7Segment/vitis/7Segment_display/hw/7Segment_display.xsa
TRACE::2025-03-03.11:09:23::SCWPlatform::DSA absoulate path C:/PXL/devWorks/devWorks2/Custom_AXI_IP_7Segment/vitis/7Segment_display/hw/7Segment_display.xsa
TRACE::2025-03-03.11:09:23::SCWPlatform::DSA directory C:/PXL/devWorks/devWorks2/Custom_AXI_IP_7Segment/vitis/7Segment_display/hw
TRACE::2025-03-03.11:09:23::SCWPlatform:: Platform Path C:/PXL/devWorks/devWorks2/Custom_AXI_IP_7Segment/vitis/7Segment_display/hw/7Segment_display.xsa
TRACE::2025-03-03.11:09:23::SCWPlatform:: Unique name xilinx:pynq-z2::0.0
TRACE::2025-03-03.11:09:23::SCWPlatform::Trying to set the existing hwdb with name design_1_wrapper_0
TRACE::2025-03-03.11:09:23::SCWPlatform::Opened existing hwdb design_1_wrapper_0
TRACE::2025-03-03.11:09:23::SCWPlatform::Found the Hw Db part of the input DSA
TRACE::2025-03-03.11:09:23::SCWMssOS::Checking the sw design at  C:/PXL/devWorks/devWorks2/Custom_AXI_IP_7Segment/vitis/7Segment_display/ps7_cortexa9_0/standalone_ps7_cortexa9_0/bsp/system.mss
TRACE::2025-03-03.11:09:23::SCWMssOS::DEBUG:  swdes dump  C:/PXL/devWorks/devWorks2/Custom_AXI_IP_7Segment/vitis/7Segment_display/ps7_cortexa9_0/standalone_ps7_cortexa9_0/bsp/system.mss|system_0||
C:/PXL/devWorks/devWorks2/Custom_AXI_IP_7Segment/vitis/7Segment_display/zynq_fsbl/zynq_fsbl_bsp/system.mss|system||

TRACE::2025-03-03.11:09:23::SCWMssOS::Sw design exists and opened at  C:/PXL/devWorks/devWorks2/Custom_AXI_IP_7Segment/vitis/7Segment_display/ps7_cortexa9_0/standalone_ps7_cortexa9_0/bsp/system.mss
TRACE::2025-03-03.11:09:23::SCWMssOS::Completed writing the mss file at C:/PXL/devWorks/devWorks2/Custom_AXI_IP_7Segment/vitis/7Segment_display/ps7_cortexa9_0/standalone_ps7_cortexa9_0/bsp
TRACE::2025-03-03.11:09:23::SCWMssOS::Mss edits present, copying mssfile into export location C:/PXL/devWorks/devWorks2/Custom_AXI_IP_7Segment/vitis/7Segment_display/ps7_cortexa9_0/standalone_ps7_cortexa9_0/bsp/system.mss
TRACE::2025-03-03.11:09:23::SCWMssOS::bsp generated is upto date with the mss file. Skipping bsp generation.
TRACE::2025-03-03.11:09:23::SCWMssOS::BSP is already built. skipping the bsp build ... 
TRACE::2025-03-03.11:09:23::SCWDomain::Building the domain as part of full build :  standalone_ps7_cortexa9_0
TRACE::2025-03-03.11:09:23::SCWMssOS::doing bsp build ... 
TRACE::2025-03-03.11:09:23::SCWMssOS::System Command Ran  C: & cd  C:/PXL/devWorks/devWorks2/Custom_AXI_IP_7Segment/vitis/7Segment_display/ps7_cortexa9_0/standalone_ps7_cortexa9_0/bsp & make 
TRACE::2025-03-03.11:09:23::SCWMssOS::make --no-print-directory seq_libs

TRACE::2025-03-03.11:09:23::SCWMssOS::"Running Make include in ps7_cortexa9_0/libsrc/coresightps_dcc_v1_10/src"

TRACE::2025-03-03.11:09:23::SCWMssOS::make -C ps7_cortexa9_0/libsrc/coresightps_dcc_v1_10/src -s include  "SHELL=CMD" "COMPILER=arm-none-eabi-gcc" "ASSEMBLER=arm-non
TRACE::2025-03-03.11:09:23::SCWMssOS::e-eabi-as" "ARCHIVER=arm-none-eabi-ar" "COMPILER_FLAGS=  -O2 -c" "EXTRA_COMPILER_FLAGS=-mcpu=cortex-a9 -mfpu=vfpv3 -mfloat-abi=
TRACE::2025-03-03.11:09:23::SCWMssOS::hard -nostartfiles -g -Wall -Wextra -fno-tree-loop-distribute-patterns"

TRACE::2025-03-03.11:09:23::SCWMssOS::"Running Make include in ps7_cortexa9_0/libsrc/cpu_cortexa9_v2_12/src"

TRACE::2025-03-03.11:09:23::SCWMssOS::make -C ps7_cortexa9_0/libsrc/cpu_cortexa9_v2_12/src -s include  "SHELL=CMD" "COMPILER=arm-none-eabi-gcc" "ASSEMBLER=arm-none-e
TRACE::2025-03-03.11:09:23::SCWMssOS::abi-as" "ARCHIVER=arm-none-eabi-ar" "COMPILER_FLAGS=  -O2 -c" "EXTRA_COMPILER_FLAGS=-mcpu=cortex-a9 -mfpu=vfpv3 -mfloat-abi=har
TRACE::2025-03-03.11:09:23::SCWMssOS::d -nostartfiles -g -Wall -Wextra -fno-tree-loop-distribute-patterns"

TRACE::2025-03-03.11:09:23::SCWMssOS::"Running Make include in ps7_cortexa9_0/libsrc/Custom_AXI_IP_7segment_display_v1_0/src"

TRACE::2025-03-03.11:09:23::SCWMssOS::make -C ps7_cortexa9_0/libsrc/Custom_AXI_IP_7segment_display_v1_0/src -s include  "SHELL=CMD" "COMPILER=arm-none-eabi-gcc" "ASS
TRACE::2025-03-03.11:09:23::SCWMssOS::EMBLER=arm-none-eabi-as" "ARCHIVER=arm-none-eabi-ar" "COMPILER_FLAGS=  -O2 -c" "EXTRA_COMPILER_FLAGS=-mcpu=cortex-a9 -mfpu=vfpv
TRACE::2025-03-03.11:09:23::SCWMssOS::3 -mfloat-abi=hard -nostartfiles -g -Wall -Wextra -fno-tree-loop-distribute-patterns"

TRACE::2025-03-03.11:09:23::SCWMssOS::"Running Make include in ps7_cortexa9_0/libsrc/ddrps_v1_2/src"

TRACE::2025-03-03.11:09:23::SCWMssOS::make -C ps7_cortexa9_0/libsrc/ddrps_v1_2/src -s include  "SHELL=CMD" "COMPILER=arm-none-eabi-gcc" "ASSEMBLER=arm-none-eabi-as" 
TRACE::2025-03-03.11:09:23::SCWMssOS::"ARCHIVER=arm-none-eabi-ar" "COMPILER_FLAGS=  -O2 -c" "EXTRA_COMPILER_FLAGS=-mcpu=cortex-a9 -mfpu=vfpv3 -mfloat-abi=hard -nosta
TRACE::2025-03-03.11:09:23::SCWMssOS::rtfiles -g -Wall -Wextra -fno-tree-loop-distribute-patterns"

TRACE::2025-03-03.11:09:23::SCWMssOS::"Running Make include in ps7_cortexa9_0/libsrc/devcfg_v3_8/src"

TRACE::2025-03-03.11:09:23::SCWMssOS::make -C ps7_cortexa9_0/libsrc/devcfg_v3_8/src -s include  "SHELL=CMD" "COMPILER=arm-none-eabi-gcc" "ASSEMBLER=arm-none-eabi-as"
TRACE::2025-03-03.11:09:23::SCWMssOS:: "ARCHIVER=arm-none-eabi-ar" "COMPILER_FLAGS=  -O2 -c" "EXTRA_COMPILER_FLAGS=-mcpu=cortex-a9 -mfpu=vfpv3 -mfloat-abi=hard -nost
TRACE::2025-03-03.11:09:23::SCWMssOS::artfiles -g -Wall -Wextra -fno-tree-loop-distribute-patterns"

TRACE::2025-03-03.11:09:23::SCWMssOS::"Running Make include in ps7_cortexa9_0/libsrc/dmaps_v2_10/src"

TRACE::2025-03-03.11:09:23::SCWMssOS::make -C ps7_cortexa9_0/libsrc/dmaps_v2_10/src -s include  "SHELL=CMD" "COMPILER=arm-none-eabi-gcc" "ASSEMBLER=arm-none-eabi-as"
TRACE::2025-03-03.11:09:23::SCWMssOS:: "ARCHIVER=arm-none-eabi-ar" "COMPILER_FLAGS=  -O2 -c" "EXTRA_COMPILER_FLAGS=-mcpu=cortex-a9 -mfpu=vfpv3 -mfloat-abi=hard -nost
TRACE::2025-03-03.11:09:23::SCWMssOS::artfiles -g -Wall -Wextra -fno-tree-loop-distribute-patterns"

TRACE::2025-03-03.11:09:23::SCWMssOS::"Running Make include in ps7_cortexa9_0/libsrc/emacps_v3_20/src"

TRACE::2025-03-03.11:09:23::SCWMssOS::make -C ps7_cortexa9_0/libsrc/emacps_v3_20/src -s include  "SHELL=CMD" "COMPILER=arm-none-eabi-gcc" "ASSEMBLER=arm-none-eabi-as
TRACE::2025-03-03.11:09:23::SCWMssOS::" "ARCHIVER=arm-none-eabi-ar" "COMPILER_FLAGS=  -O2 -c" "EXTRA_COMPILER_FLAGS=-mcpu=cortex-a9 -mfpu=vfpv3 -mfloat-abi=hard -nos
TRACE::2025-03-03.11:09:23::SCWMssOS::tartfiles -g -Wall -Wextra -fno-tree-loop-distribute-patterns"

TRACE::2025-03-03.11:09:23::SCWMssOS::"Running Make include in ps7_cortexa9_0/libsrc/gpiops_v3_13/src"

TRACE::2025-03-03.11:09:23::SCWMssOS::make -C ps7_cortexa9_0/libsrc/gpiops_v3_13/src -s include  "SHELL=CMD" "COMPILER=arm-none-eabi-gcc" "ASSEMBLER=arm-none-eabi-as
TRACE::2025-03-03.11:09:23::SCWMssOS::" "ARCHIVER=arm-none-eabi-ar" "COMPILER_FLAGS=  -O2 -c" "EXTRA_COMPILER_FLAGS=-mcpu=cortex-a9 -mfpu=vfpv3 -mfloat-abi=hard -nos
TRACE::2025-03-03.11:09:23::SCWMssOS::tartfiles -g -Wall -Wextra -fno-tree-loop-distribute-patterns"

TRACE::2025-03-03.11:09:23::SCWMssOS::"Running Make include in ps7_cortexa9_0/libsrc/qspips_v3_12/src"

TRACE::2025-03-03.11:09:23::SCWMssOS::make -C ps7_cortexa9_0/libsrc/qspips_v3_12/src -s include  "SHELL=CMD" "COMPILER=arm-none-eabi-gcc" "ASSEMBLER=arm-none-eabi-as
TRACE::2025-03-03.11:09:23::SCWMssOS::" "ARCHIVER=arm-none-eabi-ar" "COMPILER_FLAGS=  -O2 -c" "EXTRA_COMPILER_FLAGS=-mcpu=cortex-a9 -mfpu=vfpv3 -mfloat-abi=hard -nos
TRACE::2025-03-03.11:09:23::SCWMssOS::tartfiles -g -Wall -Wextra -fno-tree-loop-distribute-patterns"

TRACE::2025-03-03.11:09:23::SCWMssOS::"Running Make include in ps7_cortexa9_0/libsrc/scugic_v5_3/src"

TRACE::2025-03-03.11:09:23::SCWMssOS::make -C ps7_cortexa9_0/libsrc/scugic_v5_3/src -s include  "SHELL=CMD" "COMPILER=arm-none-eabi-gcc" "ASSEMBLER=arm-none-eabi-as"
TRACE::2025-03-03.11:09:23::SCWMssOS:: "ARCHIVER=arm-none-eabi-ar" "COMPILER_FLAGS=  -O2 -c" "EXTRA_COMPILER_FLAGS=-mcpu=cortex-a9 -mfpu=vfpv3 -mfloat-abi=hard -nost
TRACE::2025-03-03.11:09:23::SCWMssOS::artfiles -g -Wall -Wextra -fno-tree-loop-distribute-patterns"

TRACE::2025-03-03.11:09:23::SCWMssOS::"Running Make include in ps7_cortexa9_0/libsrc/scutimer_v2_6/src"

TRACE::2025-03-03.11:09:23::SCWMssOS::make -C ps7_cortexa9_0/libsrc/scutimer_v2_6/src -s include  "SHELL=CMD" "COMPILER=arm-none-eabi-gcc" "ASSEMBLER=arm-none-eabi-a
TRACE::2025-03-03.11:09:23::SCWMssOS::s" "ARCHIVER=arm-none-eabi-ar" "COMPILER_FLAGS=  -O2 -c" "EXTRA_COMPILER_FLAGS=-mcpu=cortex-a9 -mfpu=vfpv3 -mfloat-abi=hard -no
TRACE::2025-03-03.11:09:23::SCWMssOS::startfiles -g -Wall -Wextra -fno-tree-loop-distribute-patterns"

TRACE::2025-03-03.11:09:23::SCWMssOS::"Running Make include in ps7_cortexa9_0/libsrc/scuwdt_v2_5/src"

TRACE::2025-03-03.11:09:23::SCWMssOS::make -C ps7_cortexa9_0/libsrc/scuwdt_v2_5/src -s include  "SHELL=CMD" "COMPILER=arm-none-eabi-gcc" "ASSEMBLER=arm-none-eabi-as"
TRACE::2025-03-03.11:09:23::SCWMssOS:: "ARCHIVER=arm-none-eabi-ar" "COMPILER_FLAGS=  -O2 -c" "EXTRA_COMPILER_FLAGS=-mcpu=cortex-a9 -mfpu=vfpv3 -mfloat-abi=hard -nost
TRACE::2025-03-03.11:09:23::SCWMssOS::artfiles -g -Wall -Wextra -fno-tree-loop-distribute-patterns"

TRACE::2025-03-03.11:09:23::SCWMssOS::"Running Make include in ps7_cortexa9_0/libsrc/sdps_v4_3/src"

TRACE::2025-03-03.11:09:23::SCWMssOS::make -C ps7_cortexa9_0/libsrc/sdps_v4_3/src -s include  "SHELL=CMD" "COMPILER=arm-none-eabi-gcc" "ASSEMBLER=arm-none-eabi-as" "
TRACE::2025-03-03.11:09:23::SCWMssOS::ARCHIVER=arm-none-eabi-ar" "COMPILER_FLAGS=  -O2 -c" "EXTRA_COMPILER_FLAGS=-mcpu=cortex-a9 -mfpu=vfpv3 -mfloat-abi=hard -nostar
TRACE::2025-03-03.11:09:23::SCWMssOS::tfiles -g -Wall -Wextra -fno-tree-loop-distribute-patterns"

TRACE::2025-03-03.11:09:23::SCWMssOS::"Running Make include in ps7_cortexa9_0/libsrc/standalone_v9_1/src"

TRACE::2025-03-03.11:09:23::SCWMssOS::make -C ps7_cortexa9_0/libsrc/standalone_v9_1/src -s include  "SHELL=CMD" "COMPILER=arm-none-eabi-gcc" "ASSEMBLER=arm-none-eabi
TRACE::2025-03-03.11:09:23::SCWMssOS::-as" "ARCHIVER=arm-none-eabi-ar" "COMPILER_FLAGS=  -O2 -c" "EXTRA_COMPILER_FLAGS=-mcpu=cortex-a9 -mfpu=vfpv3 -mfloat-abi=hard -
TRACE::2025-03-03.11:09:23::SCWMssOS::nostartfiles -g -Wall -Wextra -fno-tree-loop-distribute-patterns"

TRACE::2025-03-03.11:09:23::SCWMssOS::"Running Make include in ps7_cortexa9_0/libsrc/uartps_v3_14/src"

TRACE::2025-03-03.11:09:23::SCWMssOS::make -C ps7_cortexa9_0/libsrc/uartps_v3_14/src -s include  "SHELL=CMD" "COMPILER=arm-none-eabi-gcc" "ASSEMBLER=arm-none-eabi-as
TRACE::2025-03-03.11:09:23::SCWMssOS::" "ARCHIVER=arm-none-eabi-ar" "COMPILER_FLAGS=  -O2 -c" "EXTRA_COMPILER_FLAGS=-mcpu=cortex-a9 -mfpu=vfpv3 -mfloat-abi=hard -nos
TRACE::2025-03-03.11:09:23::SCWMssOS::tartfiles -g -Wall -Wextra -fno-tree-loop-distribute-patterns"

TRACE::2025-03-03.11:09:23::SCWMssOS::"Running Make include in ps7_cortexa9_0/libsrc/usbps_v2_9/src"

TRACE::2025-03-03.11:09:24::SCWMssOS::make -C ps7_cortexa9_0/libsrc/usbps_v2_9/src -s include  "SHELL=CMD" "COMPILER=arm-none-eabi-gcc" "ASSEMBLER=arm-none-eabi-as" 
TRACE::2025-03-03.11:09:24::SCWMssOS::"ARCHIVER=arm-none-eabi-ar" "COMPILER_FLAGS=  -O2 -c" "EXTRA_COMPILER_FLAGS=-mcpu=cortex-a9 -mfpu=vfpv3 -mfloat-abi=hard -nosta
TRACE::2025-03-03.11:09:24::SCWMssOS::rtfiles -g -Wall -Wextra -fno-tree-loop-distribute-patterns"

TRACE::2025-03-03.11:09:24::SCWMssOS::"Running Make include in ps7_cortexa9_0/libsrc/xadcps_v2_7/src"

TRACE::2025-03-03.11:09:24::SCWMssOS::make -C ps7_cortexa9_0/libsrc/xadcps_v2_7/src -s include  "SHELL=CMD" "COMPILER=arm-none-eabi-gcc" "ASSEMBLER=arm-none-eabi-as"
TRACE::2025-03-03.11:09:24::SCWMssOS:: "ARCHIVER=arm-none-eabi-ar" "COMPILER_FLAGS=  -O2 -c" "EXTRA_COMPILER_FLAGS=-mcpu=cortex-a9 -mfpu=vfpv3 -mfloat-abi=hard -nost
TRACE::2025-03-03.11:09:24::SCWMssOS::artfiles -g -Wall -Wextra -fno-tree-loop-distribute-patterns"

TRACE::2025-03-03.11:09:24::SCWMssOS::"Running Make libs in ps7_cortexa9_0/libsrc/Custom_AXI_IP_7segment_display_v1_0/src"

TRACE::2025-03-03.11:09:24::SCWMssOS::make -C ps7_cortexa9_0/libsrc/Custom_AXI_IP_7segment_display_v1_0/src -s libs  "SHELL=CMD" "COMPILER=arm-none-eabi-gcc" "ASSEMB
TRACE::2025-03-03.11:09:24::SCWMssOS::LER=arm-none-eabi-as" "ARCHIVER=arm-none-eabi-ar" "COMPILER_FLAGS=  -O2 -c" "EXTRA_COMPILER_FLAGS=-mcpu=cortex-a9 -mfpu=vfpv3 -
TRACE::2025-03-03.11:09:24::SCWMssOS::mfloat-abi=hard -nostartfiles -g -Wall -Wextra -fno-tree-loop-distribute-patterns"

TRACE::2025-03-03.11:09:24::SCWMssOS::'Finished building libraries sequentially.'

TRACE::2025-03-03.11:09:24::SCWMssOS::make -j 6 --no-print-directory par_libs

TRACE::2025-03-03.11:09:24::SCWMssOS::"Running Make include in ps7_cortexa9_0/libsrc/coresightps_dcc_v1_10/src"

TRACE::2025-03-03.11:09:24::SCWMssOS::make -C ps7_cortexa9_0/libsrc/coresightps_dcc_v1_10/src -s include  "SHELL=CMD" "COMPILER=arm-none-eabi-gcc" "ASSEMBLER=arm-non
TRACE::2025-03-03.11:09:24::SCWMssOS::e-eabi-as" "ARCHIVER=arm-none-eabi-ar" "COMPILER_FLAGS=  -O2 -c" "EXTRA_COMPILER_FLAGS=-mcpu=cortex-a9 -mfpu=vfpv3 -mfloat-abi=
TRACE::2025-03-03.11:09:24::SCWMssOS::hard -nostartfiles -g -Wall -Wextra -fno-tree-loop-distribute-patterns"

TRACE::2025-03-03.11:09:24::SCWMssOS::"Running Make include in ps7_cortexa9_0/libsrc/cpu_cortexa9_v2_12/src"

TRACE::2025-03-03.11:09:24::SCWMssOS::make -C ps7_cortexa9_0/libsrc/cpu_cortexa9_v2_12/src -s include  "SHELL=CMD" "COMPILER=arm-none-eabi-gcc" "ASSEMBLER=arm-none-e
TRACE::2025-03-03.11:09:24::SCWMssOS::abi-as" "ARCHIVER=arm-none-eabi-ar" "COMPILER_FLAGS=  -O2 -c" "EXTRA_COMPILER_FLAGS=-mcpu=cortex-a9 -mfpu=vfpv3 -mfloat-abi=har
TRACE::2025-03-03.11:09:24::SCWMssOS::d -nostartfiles -g -Wall -Wextra -fno-tree-loop-distribute-patterns"

TRACE::2025-03-03.11:09:24::SCWMssOS::"Running Make include in ps7_cortexa9_0/libsrc/Custom_AXI_IP_7segment_display_v1_0/src"

TRACE::2025-03-03.11:09:24::SCWMssOS::make -C ps7_cortexa9_0/libsrc/Custom_AXI_IP_7segment_display_v1_0/src -s include  "SHELL=CMD" "COMPILER=arm-none-eabi-gcc" "ASS
TRACE::2025-03-03.11:09:24::SCWMssOS::EMBLER=arm-none-eabi-as" "ARCHIVER=arm-none-eabi-ar" "COMPILER_FLAGS=  -O2 -c" "EXTRA_COMPILER_FLAGS=-mcpu=cortex-a9 -mfpu=vfpv
TRACE::2025-03-03.11:09:24::SCWMssOS::3 -mfloat-abi=hard -nostartfiles -g -Wall -Wextra -fno-tree-loop-distribute-patterns"

TRACE::2025-03-03.11:09:24::SCWMssOS::"Running Make include in ps7_cortexa9_0/libsrc/ddrps_v1_2/src"

TRACE::2025-03-03.11:09:24::SCWMssOS::make -C ps7_cortexa9_0/libsrc/ddrps_v1_2/src -s include  "SHELL=CMD" "COMPILER=arm-none-eabi-gcc" "ASSEMBLER=arm-none-eabi-as" 
TRACE::2025-03-03.11:09:24::SCWMssOS::"ARCHIVER=arm-none-eabi-ar" "COMPILER_FLAGS=  -O2 -c" "EXTRA_COMPILER_FLAGS=-mcpu=cortex-a9 -mfpu=vfpv3 -mfloat-abi=hard -nosta
TRACE::2025-03-03.11:09:24::SCWMssOS::rtfiles -g -Wall -Wextra -fno-tree-loop-distribute-patterns"

TRACE::2025-03-03.11:09:24::SCWMssOS::"Running Make include in ps7_cortexa9_0/libsrc/devcfg_v3_8/src"

TRACE::2025-03-03.11:09:24::SCWMssOS::make -C ps7_cortexa9_0/libsrc/devcfg_v3_8/src -s include  "SHELL=CMD" "COMPILER=arm-none-eabi-gcc" "ASSEMBLER=arm-none-eabi-as"
TRACE::2025-03-03.11:09:24::SCWMssOS:: "ARCHIVER=arm-none-eabi-ar" "COMPILER_FLAGS=  -O2 -c" "EXTRA_COMPILER_FLAGS=-mcpu=cortex-a9 -mfpu=vfpv3 -mfloat-abi=hard -nost
TRACE::2025-03-03.11:09:24::SCWMssOS::artfiles -g -Wall -Wextra -fno-tree-loop-distribute-patterns"

TRACE::2025-03-03.11:09:24::SCWMssOS::"Running Make include in ps7_cortexa9_0/libsrc/dmaps_v2_10/src"

TRACE::2025-03-03.11:09:24::SCWMssOS::make -C ps7_cortexa9_0/libsrc/dmaps_v2_10/src -s include  "SHELL=CMD" "COMPILER=arm-none-eabi-gcc" "ASSEMBLER=arm-none-eabi-as"
TRACE::2025-03-03.11:09:24::SCWMssOS:: "ARCHIVER=arm-none-eabi-ar" "COMPILER_FLAGS=  -O2 -c" "EXTRA_COMPILER_FLAGS=-mcpu=cortex-a9 -mfpu=vfpv3 -mfloat-abi=hard -nost
TRACE::2025-03-03.11:09:24::SCWMssOS::artfiles -g -Wall -Wextra -fno-tree-loop-distribute-patterns"

TRACE::2025-03-03.11:09:24::SCWMssOS::"Running Make include in ps7_cortexa9_0/libsrc/emacps_v3_20/src"

TRACE::2025-03-03.11:09:24::SCWMssOS::make -C ps7_cortexa9_0/libsrc/emacps_v3_20/src -s include  "SHELL=CMD" "COMPILER=arm-none-eabi-gcc" "ASSEMBLER=arm-none-eabi-as
TRACE::2025-03-03.11:09:24::SCWMssOS::" "ARCHIVER=arm-none-eabi-ar" "COMPILER_FLAGS=  -O2 -c" "EXTRA_COMPILER_FLAGS=-mcpu=cortex-a9 -mfpu=vfpv3 -mfloat-abi=hard -nos
TRACE::2025-03-03.11:09:24::SCWMssOS::tartfiles -g -Wall -Wextra -fno-tree-loop-distribute-patterns"

TRACE::2025-03-03.11:09:24::SCWMssOS::"Running Make include in ps7_cortexa9_0/libsrc/gpiops_v3_13/src"

TRACE::2025-03-03.11:09:24::SCWMssOS::make -C ps7_cortexa9_0/libsrc/gpiops_v3_13/src -s include  "SHELL=CMD" "COMPILER=arm-none-eabi-gcc" "ASSEMBLER=arm-none-eabi-as
TRACE::2025-03-03.11:09:24::SCWMssOS::" "ARCHIVER=arm-none-eabi-ar" "COMPILER_FLAGS=  -O2 -c" "EXTRA_COMPILER_FLAGS=-mcpu=cortex-a9 -mfpu=vfpv3 -mfloat-abi=hard -nos
TRACE::2025-03-03.11:09:24::SCWMssOS::tartfiles -g -Wall -Wextra -fno-tree-loop-distribute-patterns"

TRACE::2025-03-03.11:09:24::SCWMssOS::"Running Make include in ps7_cortexa9_0/libsrc/qspips_v3_12/src"

TRACE::2025-03-03.11:09:24::SCWMssOS::make -C ps7_cortexa9_0/libsrc/qspips_v3_12/src -s include  "SHELL=CMD" "COMPILER=arm-none-eabi-gcc" "ASSEMBLER=arm-none-eabi-as
TRACE::2025-03-03.11:09:24::SCWMssOS::" "ARCHIVER=arm-none-eabi-ar" "COMPILER_FLAGS=  -O2 -c" "EXTRA_COMPILER_FLAGS=-mcpu=cortex-a9 -mfpu=vfpv3 -mfloat-abi=hard -nos
TRACE::2025-03-03.11:09:24::SCWMssOS::tartfiles -g -Wall -Wextra -fno-tree-loop-distribute-patterns"

TRACE::2025-03-03.11:09:24::SCWMssOS::"Running Make include in ps7_cortexa9_0/libsrc/scugic_v5_3/src"

TRACE::2025-03-03.11:09:24::SCWMssOS::make -C ps7_cortexa9_0/libsrc/scugic_v5_3/src -s include  "SHELL=CMD" "COMPILER=arm-none-eabi-gcc" "ASSEMBLER=arm-none-eabi-as"
TRACE::2025-03-03.11:09:24::SCWMssOS:: "ARCHIVER=arm-none-eabi-ar" "COMPILER_FLAGS=  -O2 -c" "EXTRA_COMPILER_FLAGS=-mcpu=cortex-a9 -mfpu=vfpv3 -mfloat-abi=hard -nost
TRACE::2025-03-03.11:09:24::SCWMssOS::artfiles -g -Wall -Wextra -fno-tree-loop-distribute-patterns"

TRACE::2025-03-03.11:09:24::SCWMssOS::"Running Make include in ps7_cortexa9_0/libsrc/scutimer_v2_6/src"

TRACE::2025-03-03.11:09:24::SCWMssOS::make -C ps7_cortexa9_0/libsrc/scutimer_v2_6/src -s include  "SHELL=CMD" "COMPILER=arm-none-eabi-gcc" "ASSEMBLER=arm-none-eabi-a
TRACE::2025-03-03.11:09:24::SCWMssOS::s" "ARCHIVER=arm-none-eabi-ar" "COMPILER_FLAGS=  -O2 -c" "EXTRA_COMPILER_FLAGS=-mcpu=cortex-a9 -mfpu=vfpv3 -mfloat-abi=hard -no
TRACE::2025-03-03.11:09:24::SCWMssOS::startfiles -g -Wall -Wextra -fno-tree-loop-distribute-patterns"

TRACE::2025-03-03.11:09:24::SCWMssOS::"Running Make include in ps7_cortexa9_0/libsrc/scuwdt_v2_5/src"

TRACE::2025-03-03.11:09:24::SCWMssOS::make -C ps7_cortexa9_0/libsrc/scuwdt_v2_5/src -s include  "SHELL=CMD" "COMPILER=arm-none-eabi-gcc" "ASSEMBLER=arm-none-eabi-as"
TRACE::2025-03-03.11:09:24::SCWMssOS:: "ARCHIVER=arm-none-eabi-ar" "COMPILER_FLAGS=  -O2 -c" "EXTRA_COMPILER_FLAGS=-mcpu=cortex-a9 -mfpu=vfpv3 -mfloat-abi=hard -nost
TRACE::2025-03-03.11:09:24::SCWMssOS::artfiles -g -Wall -Wextra -fno-tree-loop-distribute-patterns"

TRACE::2025-03-03.11:09:24::SCWMssOS::"Running Make include in ps7_cortexa9_0/libsrc/sdps_v4_3/src"

TRACE::2025-03-03.11:09:24::SCWMssOS::make -C ps7_cortexa9_0/libsrc/sdps_v4_3/src -s include  "SHELL=CMD" "COMPILER=arm-none-eabi-gcc" "ASSEMBLER=arm-none-eabi-as" "
TRACE::2025-03-03.11:09:24::SCWMssOS::ARCHIVER=arm-none-eabi-ar" "COMPILER_FLAGS=  -O2 -c" "EXTRA_COMPILER_FLAGS=-mcpu=cortex-a9 -mfpu=vfpv3 -mfloat-abi=hard -nostar
TRACE::2025-03-03.11:09:24::SCWMssOS::tfiles -g -Wall -Wextra -fno-tree-loop-distribute-patterns"

TRACE::2025-03-03.11:09:24::SCWMssOS::"Running Make include in ps7_cortexa9_0/libsrc/standalone_v9_1/src"

TRACE::2025-03-03.11:09:24::SCWMssOS::make -C ps7_cortexa9_0/libsrc/standalone_v9_1/src -s include  "SHELL=CMD" "COMPILER=arm-none-eabi-gcc" "ASSEMBLER=arm-none-eabi
TRACE::2025-03-03.11:09:24::SCWMssOS::-as" "ARCHIVER=arm-none-eabi-ar" "COMPILER_FLAGS=  -O2 -c" "EXTRA_COMPILER_FLAGS=-mcpu=cortex-a9 -mfpu=vfpv3 -mfloat-abi=hard -
TRACE::2025-03-03.11:09:24::SCWMssOS::nostartfiles -g -Wall -Wextra -fno-tree-loop-distribute-patterns"

TRACE::2025-03-03.11:09:24::SCWMssOS::"Running Make include in ps7_cortexa9_0/libsrc/uartps_v3_14/src"

TRACE::2025-03-03.11:09:24::SCWMssOS::make -C ps7_cortexa9_0/libsrc/uartps_v3_14/src -s include  "SHELL=CMD" "COMPILER=arm-none-eabi-gcc" "ASSEMBLER=arm-none-eabi-as
TRACE::2025-03-03.11:09:24::SCWMssOS::" "ARCHIVER=arm-none-eabi-ar" "COMPILER_FLAGS=  -O2 -c" "EXTRA_COMPILER_FLAGS=-mcpu=cortex-a9 -mfpu=vfpv3 -mfloat-abi=hard -nos
TRACE::2025-03-03.11:09:24::SCWMssOS::tartfiles -g -Wall -Wextra -fno-tree-loop-distribute-patterns"

TRACE::2025-03-03.11:09:24::SCWMssOS::"Running Make include in ps7_cortexa9_0/libsrc/usbps_v2_9/src"

TRACE::2025-03-03.11:09:24::SCWMssOS::make -C ps7_cortexa9_0/libsrc/usbps_v2_9/src -s include  "SHELL=CMD" "COMPILER=arm-none-eabi-gcc" "ASSEMBLER=arm-none-eabi-as" 
TRACE::2025-03-03.11:09:24::SCWMssOS::"ARCHIVER=arm-none-eabi-ar" "COMPILER_FLAGS=  -O2 -c" "EXTRA_COMPILER_FLAGS=-mcpu=cortex-a9 -mfpu=vfpv3 -mfloat-abi=hard -nosta
TRACE::2025-03-03.11:09:24::SCWMssOS::rtfiles -g -Wall -Wextra -fno-tree-loop-distribute-patterns"

TRACE::2025-03-03.11:09:24::SCWMssOS::"Running Make include in ps7_cortexa9_0/libsrc/xadcps_v2_7/src"

TRACE::2025-03-03.11:09:24::SCWMssOS::make -C ps7_cortexa9_0/libsrc/xadcps_v2_7/src -s include  "SHELL=CMD" "COMPILER=arm-none-eabi-gcc" "ASSEMBLER=arm-none-eabi-as"
TRACE::2025-03-03.11:09:24::SCWMssOS:: "ARCHIVER=arm-none-eabi-ar" "COMPILER_FLAGS=  -O2 -c" "EXTRA_COMPILER_FLAGS=-mcpu=cortex-a9 -mfpu=vfpv3 -mfloat-abi=hard -nost
TRACE::2025-03-03.11:09:24::SCWMssOS::artfiles -g -Wall -Wextra -fno-tree-loop-distribute-patterns"

TRACE::2025-03-03.11:09:24::SCWMssOS::"Running Make libs in ps7_cortexa9_0/libsrc/coresightps_dcc_v1_10/src"

TRACE::2025-03-03.11:09:24::SCWMssOS::make -C ps7_cortexa9_0/libsrc/coresightps_dcc_v1_10/src -s libs  "SHELL=CMD" "COMPILER=arm-none-eabi-gcc" "ASSEMBLER=arm-none-e
TRACE::2025-03-03.11:09:24::SCWMssOS::abi-as" "ARCHIVER=arm-none-eabi-ar" "COMPILER_FLAGS=  -O2 -c" "EXTRA_COMPILER_FLAGS=-mcpu=cortex-a9 -mfpu=vfpv3 -mfloat-abi=har
TRACE::2025-03-03.11:09:24::SCWMssOS::d -nostartfiles -g -Wall -Wextra -fno-tree-loop-distribute-patterns"

TRACE::2025-03-03.11:09:24::SCWMssOS::"Running Make libs in ps7_cortexa9_0/libsrc/cpu_cortexa9_v2_12/src"

TRACE::2025-03-03.11:09:24::SCWMssOS::make -C ps7_cortexa9_0/libsrc/cpu_cortexa9_v2_12/src -s libs  "SHELL=CMD" "COMPILER=arm-none-eabi-gcc" "ASSEMBLER=arm-none-eabi
TRACE::2025-03-03.11:09:24::SCWMssOS::-as" "ARCHIVER=arm-none-eabi-ar" "COMPILER_FLAGS=  -O2 -c" "EXTRA_COMPILER_FLAGS=-mcpu=cortex-a9 -mfpu=vfpv3 -mfloat-abi=hard -
TRACE::2025-03-03.11:09:24::SCWMssOS::nostartfiles -g -Wall -Wextra -fno-tree-loop-distribute-patterns"

TRACE::2025-03-03.11:09:24::SCWMssOS::"Running Make libs in ps7_cortexa9_0/libsrc/ddrps_v1_2/src"

TRACE::2025-03-03.11:09:24::SCWMssOS::make -C ps7_cortexa9_0/libsrc/ddrps_v1_2/src -s libs  "SHELL=CMD" "COMPILER=arm-none-eabi-gcc" "ASSEMBLER=arm-none-eabi-as" "AR
TRACE::2025-03-03.11:09:24::SCWMssOS::CHIVER=arm-none-eabi-ar" "COMPILER_FLAGS=  -O2 -c" "EXTRA_COMPILER_FLAGS=-mcpu=cortex-a9 -mfpu=vfpv3 -mfloat-abi=hard -nostartf
TRACE::2025-03-03.11:09:24::SCWMssOS::iles -g -Wall -Wextra -fno-tree-loop-distribute-patterns"

TRACE::2025-03-03.11:09:24::SCWMssOS::"Running Make libs in ps7_cortexa9_0/libsrc/devcfg_v3_8/src"

TRACE::2025-03-03.11:09:24::SCWMssOS::make -C ps7_cortexa9_0/libsrc/devcfg_v3_8/src -s libs  "SHELL=CMD" "COMPILER=arm-none-eabi-gcc" "ASSEMBLER=arm-none-eabi-as" "A
TRACE::2025-03-03.11:09:24::SCWMssOS::RCHIVER=arm-none-eabi-ar" "COMPILER_FLAGS=  -O2 -c" "EXTRA_COMPILER_FLAGS=-mcpu=cortex-a9 -mfpu=vfpv3 -mfloat-abi=hard -nostart
TRACE::2025-03-03.11:09:24::SCWMssOS::files -g -Wall -Wextra -fno-tree-loop-distribute-patterns"

TRACE::2025-03-03.11:09:24::SCWMssOS::"Running Make libs in ps7_cortexa9_0/libsrc/dmaps_v2_10/src"

TRACE::2025-03-03.11:09:24::SCWMssOS::make -C ps7_cortexa9_0/libsrc/dmaps_v2_10/src -s libs  "SHELL=CMD" "COMPILER=arm-none-eabi-gcc" "ASSEMBLER=arm-none-eabi-as" "A
TRACE::2025-03-03.11:09:24::SCWMssOS::RCHIVER=arm-none-eabi-ar" "COMPILER_FLAGS=  -O2 -c" "EXTRA_COMPILER_FLAGS=-mcpu=cortex-a9 -mfpu=vfpv3 -mfloat-abi=hard -nostart
TRACE::2025-03-03.11:09:24::SCWMssOS::files -g -Wall -Wextra -fno-tree-loop-distribute-patterns"

TRACE::2025-03-03.11:09:24::SCWMssOS::"Running Make libs in ps7_cortexa9_0/libsrc/emacps_v3_20/src"

TRACE::2025-03-03.11:09:24::SCWMssOS::make -C ps7_cortexa9_0/libsrc/emacps_v3_20/src -s libs  "SHELL=CMD" "COMPILER=arm-none-eabi-gcc" "ASSEMBLER=arm-none-eabi-as" "
TRACE::2025-03-03.11:09:24::SCWMssOS::ARCHIVER=arm-none-eabi-ar" "COMPILER_FLAGS=  -O2 -c" "EXTRA_COMPILER_FLAGS=-mcpu=cortex-a9 -mfpu=vfpv3 -mfloat-abi=hard -nostar
TRACE::2025-03-03.11:09:24::SCWMssOS::tfiles -g -Wall -Wextra -fno-tree-loop-distribute-patterns"

TRACE::2025-03-03.11:09:24::SCWMssOS::"Running Make libs in ps7_cortexa9_0/libsrc/gpiops_v3_13/src"

TRACE::2025-03-03.11:09:24::SCWMssOS::make -C ps7_cortexa9_0/libsrc/gpiops_v3_13/src -s libs  "SHELL=CMD" "COMPILER=arm-none-eabi-gcc" "ASSEMBLER=arm-none-eabi-as" "
TRACE::2025-03-03.11:09:24::SCWMssOS::ARCHIVER=arm-none-eabi-ar" "COMPILER_FLAGS=  -O2 -c" "EXTRA_COMPILER_FLAGS=-mcpu=cortex-a9 -mfpu=vfpv3 -mfloat-abi=hard -nostar
TRACE::2025-03-03.11:09:24::SCWMssOS::tfiles -g -Wall -Wextra -fno-tree-loop-distribute-patterns"

TRACE::2025-03-03.11:09:25::SCWMssOS::"Running Make libs in ps7_cortexa9_0/libsrc/qspips_v3_12/src"

TRACE::2025-03-03.11:09:25::SCWMssOS::make -C ps7_cortexa9_0/libsrc/qspips_v3_12/src -s libs  "SHELL=CMD" "COMPILER=arm-none-eabi-gcc" "ASSEMBLER=arm-none-eabi-as" "
TRACE::2025-03-03.11:09:25::SCWMssOS::ARCHIVER=arm-none-eabi-ar" "COMPILER_FLAGS=  -O2 -c" "EXTRA_COMPILER_FLAGS=-mcpu=cortex-a9 -mfpu=vfpv3 -mfloat-abi=hard -nostar
TRACE::2025-03-03.11:09:25::SCWMssOS::tfiles -g -Wall -Wextra -fno-tree-loop-distribute-patterns"

TRACE::2025-03-03.11:09:25::SCWMssOS::"Running Make libs in ps7_cortexa9_0/libsrc/scugic_v5_3/src"

TRACE::2025-03-03.11:09:25::SCWMssOS::make -C ps7_cortexa9_0/libsrc/scugic_v5_3/src -s libs  "SHELL=CMD" "COMPILER=arm-none-eabi-gcc" "ASSEMBLER=arm-none-eabi-as" "A
TRACE::2025-03-03.11:09:25::SCWMssOS::RCHIVER=arm-none-eabi-ar" "COMPILER_FLAGS=  -O2 -c" "EXTRA_COMPILER_FLAGS=-mcpu=cortex-a9 -mfpu=vfpv3 -mfloat-abi=hard -nostart
TRACE::2025-03-03.11:09:25::SCWMssOS::files -g -Wall -Wextra -fno-tree-loop-distribute-patterns"

TRACE::2025-03-03.11:09:25::SCWMssOS::"Running Make libs in ps7_cortexa9_0/libsrc/scutimer_v2_6/src"

TRACE::2025-03-03.11:09:25::SCWMssOS::make -C ps7_cortexa9_0/libsrc/scutimer_v2_6/src -s libs  "SHELL=CMD" "COMPILER=arm-none-eabi-gcc" "ASSEMBLER=arm-none-eabi-as" 
TRACE::2025-03-03.11:09:25::SCWMssOS::"ARCHIVER=arm-none-eabi-ar" "COMPILER_FLAGS=  -O2 -c" "EXTRA_COMPILER_FLAGS=-mcpu=cortex-a9 -mfpu=vfpv3 -mfloat-abi=hard -nosta
TRACE::2025-03-03.11:09:25::SCWMssOS::rtfiles -g -Wall -Wextra -fno-tree-loop-distribute-patterns"

TRACE::2025-03-03.11:09:26::SCWMssOS::"Running Make libs in ps7_cortexa9_0/libsrc/scuwdt_v2_5/src"

TRACE::2025-03-03.11:09:26::SCWMssOS::make -C ps7_cortexa9_0/libsrc/scuwdt_v2_5/src -s libs  "SHELL=CMD" "COMPILER=arm-none-eabi-gcc" "ASSEMBLER=arm-none-eabi-as" "A
TRACE::2025-03-03.11:09:26::SCWMssOS::RCHIVER=arm-none-eabi-ar" "COMPILER_FLAGS=  -O2 -c" "EXTRA_COMPILER_FLAGS=-mcpu=cortex-a9 -mfpu=vfpv3 -mfloat-abi=hard -nostart
TRACE::2025-03-03.11:09:26::SCWMssOS::files -g -Wall -Wextra -fno-tree-loop-distribute-patterns"

TRACE::2025-03-03.11:09:26::SCWMssOS::"Running Make libs in ps7_cortexa9_0/libsrc/sdps_v4_3/src"

TRACE::2025-03-03.11:09:26::SCWMssOS::make -C ps7_cortexa9_0/libsrc/sdps_v4_3/src -s libs  "SHELL=CMD" "COMPILER=arm-none-eabi-gcc" "ASSEMBLER=arm-none-eabi-as" "ARC
TRACE::2025-03-03.11:09:26::SCWMssOS::HIVER=arm-none-eabi-ar" "COMPILER_FLAGS=  -O2 -c" "EXTRA_COMPILER_FLAGS=-mcpu=cortex-a9 -mfpu=vfpv3 -mfloat-abi=hard -nostartfi
TRACE::2025-03-03.11:09:26::SCWMssOS::les -g -Wall -Wextra -fno-tree-loop-distribute-patterns"

TRACE::2025-03-03.11:09:26::SCWMssOS::"Running Make libs in ps7_cortexa9_0/libsrc/standalone_v9_1/src"

TRACE::2025-03-03.11:09:26::SCWMssOS::make -C ps7_cortexa9_0/libsrc/standalone_v9_1/src -s libs  "SHELL=CMD" "COMPILER=arm-none-eabi-gcc" "ASSEMBLER=arm-none-eabi-as
TRACE::2025-03-03.11:09:26::SCWMssOS::" "ARCHIVER=arm-none-eabi-ar" "COMPILER_FLAGS=  -O2 -c" "EXTRA_COMPILER_FLAGS=-mcpu=cortex-a9 -mfpu=vfpv3 -mfloat-abi=hard -nos
TRACE::2025-03-03.11:09:26::SCWMssOS::tartfiles -g -Wall -Wextra -fno-tree-loop-distribute-patterns"

TRACE::2025-03-03.11:09:26::SCWMssOS::"Running Make libs in ps7_cortexa9_0/libsrc/uartps_v3_14/src"

TRACE::2025-03-03.11:09:26::SCWMssOS::make -C ps7_cortexa9_0/libsrc/uartps_v3_14/src -s libs  "SHELL=CMD" "COMPILER=arm-none-eabi-gcc" "ASSEMBLER=arm-none-eabi-as" "
TRACE::2025-03-03.11:09:26::SCWMssOS::ARCHIVER=arm-none-eabi-ar" "COMPILER_FLAGS=  -O2 -c" "EXTRA_COMPILER_FLAGS=-mcpu=cortex-a9 -mfpu=vfpv3 -mfloat-abi=hard -nostar
TRACE::2025-03-03.11:09:26::SCWMssOS::tfiles -g -Wall -Wextra -fno-tree-loop-distribute-patterns"

TRACE::2025-03-03.11:09:26::SCWMssOS::"Running Make libs in ps7_cortexa9_0/libsrc/usbps_v2_9/src"

TRACE::2025-03-03.11:09:26::SCWMssOS::make -C ps7_cortexa9_0/libsrc/usbps_v2_9/src -s libs  "SHELL=CMD" "COMPILER=arm-none-eabi-gcc" "ASSEMBLER=arm-none-eabi-as" "AR
TRACE::2025-03-03.11:09:26::SCWMssOS::CHIVER=arm-none-eabi-ar" "COMPILER_FLAGS=  -O2 -c" "EXTRA_COMPILER_FLAGS=-mcpu=cortex-a9 -mfpu=vfpv3 -mfloat-abi=hard -nostartf
TRACE::2025-03-03.11:09:26::SCWMssOS::iles -g -Wall -Wextra -fno-tree-loop-distribute-patterns"

TRACE::2025-03-03.11:09:26::SCWMssOS::"Running Make libs in ps7_cortexa9_0/libsrc/xadcps_v2_7/src"

TRACE::2025-03-03.11:09:26::SCWMssOS::make -C ps7_cortexa9_0/libsrc/xadcps_v2_7/src -s libs  "SHELL=CMD" "COMPILER=arm-none-eabi-gcc" "ASSEMBLER=arm-none-eabi-as" "A
TRACE::2025-03-03.11:09:26::SCWMssOS::RCHIVER=arm-none-eabi-ar" "COMPILER_FLAGS=  -O2 -c" "EXTRA_COMPILER_FLAGS=-mcpu=cortex-a9 -mfpu=vfpv3 -mfloat-abi=hard -nostart
TRACE::2025-03-03.11:09:26::SCWMssOS::files -g -Wall -Wextra -fno-tree-loop-distribute-patterns"

TRACE::2025-03-03.11:09:28::SCWMssOS::'Finished building libraries parallelly.'

TRACE::2025-03-03.11:09:28::SCWMssOS::make --no-print-directory archive

TRACE::2025-03-03.11:09:28::SCWMssOS::arm-none-eabi-ar -r  ps7_cortexa9_0/lib/libxil.a ps7_cortexa9_0/lib/Custom_AXI_IP_7segment_display.o ps7_cortexa9_0/lib/Custom_
TRACE::2025-03-03.11:09:28::SCWMssOS::AXI_IP_7segment_display_selftest.o ps7_cortexa9_0/lib/_exit.o ps7_cortexa9_0/lib/_open.o ps7_cortexa9_0/lib/_sbrk.o ps7_cortexa
TRACE::2025-03-03.11:09:28::SCWMssOS::9_0/lib/abort.o ps7_cortexa9_0/lib/asm_vectors.o ps7_cortexa9_0/lib/boot.o ps7_cortexa9_0/lib/close.o ps7_cortexa9_0/lib/cppute
TRACE::2025-03-03.11:09:28::SCWMssOS::st_time.o ps7_cortexa9_0/lib/cpu_init.o ps7_cortexa9_0/lib/errno.o ps7_cortexa9_0/lib/fcntl.o ps7_cortexa9_0/lib/fstat.o ps7_co
TRACE::2025-03-03.11:09:28::SCWMssOS::rtexa9_0/lib/getentropy.o ps7_cortexa9_0/lib/getpid.o ps7_cortexa9_0/lib/inbyte.o ps7_cortexa9_0/lib/isatty.o ps7_cortexa9_0/li
TRACE::2025-03-03.11:09:28::SCWMssOS::b/kill.o ps7_cortexa9_0/lib/lseek.o ps7_cortexa9_0/lib/open.o ps7_cortexa9_0/lib/outbyte.o ps7_cortexa9_0/lib/print.o ps7_corte
TRACE::2025-03-03.11:09:28::SCWMssOS::xa9_0/lib/putnum.o ps7_cortexa9_0/lib/read.o ps7_cortexa9_0/lib/sbrk.o ps7_cortexa9_0/lib/sleep.o ps7_cortexa9_0/lib/time.o ps7
TRACE::2025-03-03.11:09:28::SCWMssOS::_cortexa9_0/lib/translation_table.o ps7_cortexa9_0/lib/unlink.o ps7_cortexa9_0/lib/usleep.o ps7_cortexa9_0/lib/vectors.o ps7_co
TRACE::2025-03-03.11:09:28::SCWMssOS::rtexa9_0/lib/write.o ps7_cortexa9_0/lib/xadcps.o ps7_cortexa9_0/lib/xadcps_g.o ps7_cortexa9_0/lib/xadcps_intr.o ps7_cortexa9_0/
TRACE::2025-03-03.11:09:28::SCWMssOS::lib/xadcps_selftest.o ps7_cortexa9_0/lib/xadcps_sinit.o ps7_cortexa9_0/lib/xcoresightpsdcc.o ps7_cortexa9_0/lib/xdevcfg.o ps7_c
TRACE::2025-03-03.11:09:28::SCWMssOS::ortexa9_0/lib/xdevcfg_g.o ps7_cortexa9_0/lib/xdevcfg_hw.o ps7_cortexa9_0/lib/xdevcfg_intr.o ps7_cortexa9_0/lib/xdevcfg_selftest
TRACE::2025-03-03.11:09:28::SCWMssOS::.o ps7_cortexa9_0/lib/xdevcfg_sinit.o ps7_cortexa9_0/lib/xdmaps.o ps7_cortexa9_0/lib/xdmaps_g.o ps7_cortexa9_0/lib/xdmaps_hw.o 
TRACE::2025-03-03.11:09:28::SCWMssOS::ps7_cortexa9_0/lib/xdmaps_selftest.o ps7_cortexa9_0/lib/xdmaps_sinit.o ps7_cortexa9_0/lib/xemacps.o ps7_cortexa9_0/lib/xemacps_
TRACE::2025-03-03.11:09:28::SCWMssOS::bdring.o ps7_cortexa9_0/lib/xemacps_control.o ps7_cortexa9_0/lib/xemacps_g.o ps7_cortexa9_0/lib/xemacps_hw.o ps7_cortexa9_0/lib
TRACE::2025-03-03.11:09:28::SCWMssOS::/xemacps_intr.o ps7_cortexa9_0/lib/xemacps_sinit.o ps7_cortexa9_0/lib/xgpiops.o ps7_cortexa9_0/lib/xgpiops_g.o ps7_cortexa9_0/l
TRACE::2025-03-03.11:09:28::SCWMssOS::ib/xgpiops_hw.o ps7_cortexa9_0/lib/xgpiops_intr.o ps7_cortexa9_0/lib/xgpiops_selftest.o ps7_cortexa9_0/lib/xgpiops_sinit.o ps7_
TRACE::2025-03-03.11:09:28::SCWMssOS::cortexa9_0/lib/xil-crt0.o ps7_cortexa9_0/lib/xil_assert.o ps7_cortexa9_0/lib/xil_cache.o ps7_cortexa9_0/lib/xil_clocking.o ps7_
TRACE::2025-03-03.11:09:28::SCWMssOS::cortexa9_0/lib/xil_exception.o ps7_cortexa9_0/lib/xil_mem.o ps7_cortexa9_0/lib/xil_misc_psreset_api.o ps7_cortexa9_0/lib/xil_mm
TRACE::2025-03-03.11:09:28::SCWMssOS::u.o ps7_cortexa9_0/lib/xil_printf.o ps7_cortexa9_0/lib/xil_sleepcommon.o ps7_cortexa9_0/lib/xil_sleeptimer.o ps7_cortexa9_0/lib
TRACE::2025-03-03.11:09:28::SCWMssOS::/xil_spinlock.o ps7_cortexa9_0/lib/xil_testcache.o ps7_cortexa9_0/lib/xil_testio.o ps7_cortexa9_0/lib/xil_testmem.o ps7_cortexa
TRACE::2025-03-03.11:09:28::SCWMssOS::9_0/lib/xil_util.o ps7_cortexa9_0/lib/xinterrupt_wrap.o ps7_cortexa9_0/lib/xl2cc_counter.o ps7_cortexa9_0/lib/xplatform_info.o 
TRACE::2025-03-03.11:09:28::SCWMssOS::ps7_cortexa9_0/lib/xpm_counter.o ps7_cortexa9_0/lib/xpm_init.o ps7_cortexa9_0/lib/xqspips.o ps7_cortexa9_0/lib/xqspips_g.o ps7_
TRACE::2025-03-03.11:09:28::SCWMssOS::cortexa9_0/lib/xqspips_hw.o ps7_cortexa9_0/lib/xqspips_options.o ps7_cortexa9_0/lib/xqspips_selftest.o ps7_cortexa9_0/lib/xqspi
TRACE::2025-03-03.11:09:28::SCWMssOS::ps_sinit.o ps7_cortexa9_0/lib/xscugic.o ps7_cortexa9_0/lib/xscugic_g.o ps7_cortexa9_0/lib/xscugic_hw.o ps7_cortexa9_0/lib/xscug
TRACE::2025-03-03.11:09:28::SCWMssOS::ic_intr.o ps7_cortexa9_0/lib/xscugic_selftest.o ps7_cortexa9_0/lib/xscugic_sinit.o ps7_cortexa9_0/lib/xscutimer.o ps7_cortexa9_
TRACE::2025-03-03.11:09:28::SCWMssOS::0/lib/xscutimer_g.o ps7_cortexa9_0/lib/xscutimer_selftest.o ps7_cortexa9_0/lib/xscutimer_sinit.o ps7_cortexa9_0/lib/xscuwdt.o p
TRACE::2025-03-03.11:09:28::SCWMssOS::s7_cortexa9_0/lib/xscuwdt_g.o ps7_cortexa9_0/lib/xscuwdt_selftest.o ps7_cortexa9_0/lib/xscuwdt_sinit.o ps7_cortexa9_0/lib/xsdps
TRACE::2025-03-03.11:09:28::SCWMssOS::.o ps7_cortexa9_0/lib/xsdps_card.o ps7_cortexa9_0/lib/xsdps_g.o ps7_cortexa9_0/lib/xsdps_host.o ps7_cortexa9_0/lib/xsdps_option
TRACE::2025-03-03.11:09:28::SCWMssOS::s.o ps7_cortexa9_0/lib/xsdps_sinit.o ps7_cortexa9_0/lib/xtime_l.o ps7_cortexa9_0/lib/xuartps.o ps7_cortexa9_0/lib/xuartps_g.o p
TRACE::2025-03-03.11:09:28::SCWMssOS::s7_cortexa9_0/lib/xuartps_hw.o ps7_cortexa9_0/lib/xuartps_intr.o ps7_cortexa9_0/lib/xuartps_options.o ps7_cortexa9_0/lib/xuartp
TRACE::2025-03-03.11:09:28::SCWMssOS::s_selftest.o ps7_cortexa9_0/lib/xuartps_sinit.o ps7_cortexa9_0/lib/xusbps.o ps7_cortexa9_0/lib/xusbps_endpoint.o ps7_cortexa9_0
TRACE::2025-03-03.11:09:28::SCWMssOS::/lib/xusbps_g.o ps7_cortexa9_0/lib/xusbps_hw.o ps7_cortexa9_0/lib/xusbps_intr.o ps7_cortexa9_0/lib/xusbps_sinit.o

TRACE::2025-03-03.11:09:28::SCWMssOS::'Finished building libraries'

TRACE::2025-03-03.11:09:29::SCWMssOS::Copying to export directory.
TRACE::2025-03-03.11:09:29::SCWMssOS:: Checking if to create the Supporting Applications
TRACE::2025-03-03.11:09:29::SCWMssOS:: No Linux domain exists, trying to generate FSBL 
LOG::2025-03-03.11:09:29::SCWSystem::Completed Processing the domain standalone_ps7_cortexa9_0
LOG::2025-03-03.11:09:29::SCWSystem::Completed Processing the sysconfig 7Segment_display
LOG::2025-03-03.11:09:29::SCWPlatform::Completed generating the artifacts for system configuration 7Segment_display
TRACE::2025-03-03.11:09:29::SCWPlatform::Started preparing the platform 
TRACE::2025-03-03.11:09:29::SCWSystem::Writing the bif file for system config 7Segment_display
TRACE::2025-03-03.11:09:29::SCWSystem::dir created 
TRACE::2025-03-03.11:09:29::SCWSystem::Writing the bif 
TRACE::2025-03-03.11:09:29::SCWPlatform::Started writing the spfm file 
TRACE::2025-03-03.11:09:29::SCWPlatform::Started writing the xpfm file 
TRACE::2025-03-03.11:09:29::SCWPlatform::Completed generating the platform
TRACE::2025-03-03.11:09:29::SCWMssOS::Saving the mss changes C:/PXL/devWorks/devWorks2/Custom_AXI_IP_7Segment/vitis/7Segment_display/zynq_fsbl/zynq_fsbl_bsp/system.mss
TRACE::2025-03-03.11:09:29::SCWMssOS::Found a swdesign opened with the mssfile.
TRACE::2025-03-03.11:09:29::SCWMssOS::Completed writemss as part of save.
TRACE::2025-03-03.11:09:29::SCWMssOS::Commit changes completed.
TRACE::2025-03-03.11:09:29::SCWMssOS::Saving the mss changes C:/PXL/devWorks/devWorks2/Custom_AXI_IP_7Segment/vitis/7Segment_display/ps7_cortexa9_0/standalone_ps7_cortexa9_0/bsp/system.mss
TRACE::2025-03-03.11:09:29::SCWMssOS::Found a swdesign opened with the mssfile.
TRACE::2025-03-03.11:09:29::SCWMssOS::Completed writemss as part of save.
TRACE::2025-03-03.11:09:29::SCWMssOS::Commit changes completed.
TRACE::2025-03-03.11:09:29::SCWPlatform::Trying to open the hw design at C:/PXL/devWorks/devWorks2/Custom_AXI_IP_7Segment/vitis/7Segment_display/hw/7Segment_display.xsa
TRACE::2025-03-03.11:09:29::SCWPlatform::DSA given C:/PXL/devWorks/devWorks2/Custom_AXI_IP_7Segment/vitis/7Segment_display/hw/7Segment_display.xsa
TRACE::2025-03-03.11:09:29::SCWPlatform::DSA absoulate path C:/PXL/devWorks/devWorks2/Custom_AXI_IP_7Segment/vitis/7Segment_display/hw/7Segment_display.xsa
TRACE::2025-03-03.11:09:29::SCWPlatform::DSA directory C:/PXL/devWorks/devWorks2/Custom_AXI_IP_7Segment/vitis/7Segment_display/hw
TRACE::2025-03-03.11:09:29::SCWPlatform:: Platform Path C:/PXL/devWorks/devWorks2/Custom_AXI_IP_7Segment/vitis/7Segment_display/hw/7Segment_display.xsa
TRACE::2025-03-03.11:09:29::SCWPlatform:: Unique name xilinx:pynq-z2::0.0
TRACE::2025-03-03.11:09:29::SCWPlatform::Trying to set the existing hwdb with name design_1_wrapper_0
TRACE::2025-03-03.11:09:29::SCWPlatform::Opened existing hwdb design_1_wrapper_0
TRACE::2025-03-03.11:09:29::SCWPlatform::Found the Hw Db part of the input DSA
TRACE::2025-03-03.11:09:29::SCWMssOS::Checking the sw design at  C:/PXL/devWorks/devWorks2/Custom_AXI_IP_7Segment/vitis/7Segment_display/zynq_fsbl/zynq_fsbl_bsp/system.mss
TRACE::2025-03-03.11:09:29::SCWMssOS::DEBUG:  swdes dump  C:/PXL/devWorks/devWorks2/Custom_AXI_IP_7Segment/vitis/7Segment_display/ps7_cortexa9_0/standalone_ps7_cortexa9_0/bsp/system.mss|system_0||
C:/PXL/devWorks/devWorks2/Custom_AXI_IP_7Segment/vitis/7Segment_display/zynq_fsbl/zynq_fsbl_bsp/system.mss|system||

TRACE::2025-03-03.11:09:29::SCWMssOS::Sw design exists and opened at  C:/PXL/devWorks/devWorks2/Custom_AXI_IP_7Segment/vitis/7Segment_display/zynq_fsbl/zynq_fsbl_bsp/system.mss
TRACE::2025-03-03.11:09:29::SCWPlatform::Trying to open the hw design at C:/PXL/devWorks/devWorks2/Custom_AXI_IP_7Segment/vitis/7Segment_display/hw/7Segment_display.xsa
TRACE::2025-03-03.11:09:29::SCWPlatform::DSA given C:/PXL/devWorks/devWorks2/Custom_AXI_IP_7Segment/vitis/7Segment_display/hw/7Segment_display.xsa
TRACE::2025-03-03.11:09:29::SCWPlatform::DSA absoulate path C:/PXL/devWorks/devWorks2/Custom_AXI_IP_7Segment/vitis/7Segment_display/hw/7Segment_display.xsa
TRACE::2025-03-03.11:09:29::SCWPlatform::DSA directory C:/PXL/devWorks/devWorks2/Custom_AXI_IP_7Segment/vitis/7Segment_display/hw
TRACE::2025-03-03.11:09:29::SCWPlatform:: Platform Path C:/PXL/devWorks/devWorks2/Custom_AXI_IP_7Segment/vitis/7Segment_display/hw/7Segment_display.xsa
TRACE::2025-03-03.11:09:29::SCWPlatform:: Unique name xilinx:pynq-z2::0.0
TRACE::2025-03-03.11:09:29::SCWPlatform::Trying to set the existing hwdb with name design_1_wrapper_0
TRACE::2025-03-03.11:09:29::SCWPlatform::Opened existing hwdb design_1_wrapper_0
TRACE::2025-03-03.11:09:29::SCWPlatform::Found the Hw Db part of the input DSA
TRACE::2025-03-03.11:09:29::SCWMssOS::Checking the sw design at  C:/PXL/devWorks/devWorks2/Custom_AXI_IP_7Segment/vitis/7Segment_display/zynq_fsbl/zynq_fsbl_bsp/system.mss
TRACE::2025-03-03.11:09:29::SCWMssOS::DEBUG:  swdes dump  C:/PXL/devWorks/devWorks2/Custom_AXI_IP_7Segment/vitis/7Segment_display/ps7_cortexa9_0/standalone_ps7_cortexa9_0/bsp/system.mss|system_0||
C:/PXL/devWorks/devWorks2/Custom_AXI_IP_7Segment/vitis/7Segment_display/zynq_fsbl/zynq_fsbl_bsp/system.mss|system||

TRACE::2025-03-03.11:09:29::SCWMssOS::Sw design exists and opened at  C:/PXL/devWorks/devWorks2/Custom_AXI_IP_7Segment/vitis/7Segment_display/zynq_fsbl/zynq_fsbl_bsp/system.mss
TRACE::2025-03-03.11:09:29::SCWPlatform::Trying to open the hw design at C:/PXL/devWorks/devWorks2/Custom_AXI_IP_7Segment/vitis/7Segment_display/hw/7Segment_display.xsa
TRACE::2025-03-03.11:09:29::SCWPlatform::DSA given C:/PXL/devWorks/devWorks2/Custom_AXI_IP_7Segment/vitis/7Segment_display/hw/7Segment_display.xsa
TRACE::2025-03-03.11:09:29::SCWPlatform::DSA absoulate path C:/PXL/devWorks/devWorks2/Custom_AXI_IP_7Segment/vitis/7Segment_display/hw/7Segment_display.xsa
TRACE::2025-03-03.11:09:29::SCWPlatform::DSA directory C:/PXL/devWorks/devWorks2/Custom_AXI_IP_7Segment/vitis/7Segment_display/hw
TRACE::2025-03-03.11:09:29::SCWPlatform:: Platform Path C:/PXL/devWorks/devWorks2/Custom_AXI_IP_7Segment/vitis/7Segment_display/hw/7Segment_display.xsa
TRACE::2025-03-03.11:09:29::SCWPlatform:: Unique name xilinx:pynq-z2::0.0
TRACE::2025-03-03.11:09:29::SCWPlatform::Trying to set the existing hwdb with name design_1_wrapper_0
TRACE::2025-03-03.11:09:29::SCWPlatform::Opened existing hwdb design_1_wrapper_0
TRACE::2025-03-03.11:09:29::SCWPlatform::Found the Hw Db part of the input DSA
TRACE::2025-03-03.11:09:29::SCWMssOS::Checking the sw design at  C:/PXL/devWorks/devWorks2/Custom_AXI_IP_7Segment/vitis/7Segment_display/zynq_fsbl/zynq_fsbl_bsp/system.mss
TRACE::2025-03-03.11:09:29::SCWMssOS::DEBUG:  swdes dump  C:/PXL/devWorks/devWorks2/Custom_AXI_IP_7Segment/vitis/7Segment_display/ps7_cortexa9_0/standalone_ps7_cortexa9_0/bsp/system.mss|system_0||
C:/PXL/devWorks/devWorks2/Custom_AXI_IP_7Segment/vitis/7Segment_display/zynq_fsbl/zynq_fsbl_bsp/system.mss|system||

TRACE::2025-03-03.11:09:29::SCWMssOS::Sw design exists and opened at  C:/PXL/devWorks/devWorks2/Custom_AXI_IP_7Segment/vitis/7Segment_display/zynq_fsbl/zynq_fsbl_bsp/system.mss
TRACE::2025-03-03.11:09:29::SCWPlatform::Trying to open the hw design at C:/PXL/devWorks/devWorks2/Custom_AXI_IP_7Segment/vitis/7Segment_display/hw/7Segment_display.xsa
TRACE::2025-03-03.11:09:29::SCWPlatform::DSA given C:/PXL/devWorks/devWorks2/Custom_AXI_IP_7Segment/vitis/7Segment_display/hw/7Segment_display.xsa
TRACE::2025-03-03.11:09:29::SCWPlatform::DSA absoulate path C:/PXL/devWorks/devWorks2/Custom_AXI_IP_7Segment/vitis/7Segment_display/hw/7Segment_display.xsa
TRACE::2025-03-03.11:09:29::SCWPlatform::DSA directory C:/PXL/devWorks/devWorks2/Custom_AXI_IP_7Segment/vitis/7Segment_display/hw
TRACE::2025-03-03.11:09:29::SCWPlatform:: Platform Path C:/PXL/devWorks/devWorks2/Custom_AXI_IP_7Segment/vitis/7Segment_display/hw/7Segment_display.xsa
TRACE::2025-03-03.11:09:29::SCWPlatform:: Unique name xilinx:pynq-z2::0.0
TRACE::2025-03-03.11:09:29::SCWPlatform::Trying to set the existing hwdb with name design_1_wrapper_0
TRACE::2025-03-03.11:09:29::SCWPlatform::Opened existing hwdb design_1_wrapper_0
TRACE::2025-03-03.11:09:29::SCWPlatform::Found the Hw Db part of the input DSA
TRACE::2025-03-03.11:09:29::SCWMssOS::Checking the sw design at  C:/PXL/devWorks/devWorks2/Custom_AXI_IP_7Segment/vitis/7Segment_display/ps7_cortexa9_0/standalone_ps7_cortexa9_0/bsp/system.mss
TRACE::2025-03-03.11:09:29::SCWMssOS::DEBUG:  swdes dump  C:/PXL/devWorks/devWorks2/Custom_AXI_IP_7Segment/vitis/7Segment_display/ps7_cortexa9_0/standalone_ps7_cortexa9_0/bsp/system.mss|system_0||
C:/PXL/devWorks/devWorks2/Custom_AXI_IP_7Segment/vitis/7Segment_display/zynq_fsbl/zynq_fsbl_bsp/system.mss|system||

TRACE::2025-03-03.11:09:29::SCWMssOS::Sw design exists and opened at  C:/PXL/devWorks/devWorks2/Custom_AXI_IP_7Segment/vitis/7Segment_display/ps7_cortexa9_0/standalone_ps7_cortexa9_0/bsp/system.mss
TRACE::2025-03-03.11:09:29::SCWPlatform::Trying to open the hw design at C:/PXL/devWorks/devWorks2/Custom_AXI_IP_7Segment/vitis/7Segment_display/hw/7Segment_display.xsa
TRACE::2025-03-03.11:09:29::SCWPlatform::DSA given C:/PXL/devWorks/devWorks2/Custom_AXI_IP_7Segment/vitis/7Segment_display/hw/7Segment_display.xsa
TRACE::2025-03-03.11:09:29::SCWPlatform::DSA absoulate path C:/PXL/devWorks/devWorks2/Custom_AXI_IP_7Segment/vitis/7Segment_display/hw/7Segment_display.xsa
TRACE::2025-03-03.11:09:29::SCWPlatform::DSA directory C:/PXL/devWorks/devWorks2/Custom_AXI_IP_7Segment/vitis/7Segment_display/hw
TRACE::2025-03-03.11:09:29::SCWPlatform:: Platform Path C:/PXL/devWorks/devWorks2/Custom_AXI_IP_7Segment/vitis/7Segment_display/hw/7Segment_display.xsa
TRACE::2025-03-03.11:09:29::SCWPlatform:: Unique name xilinx:pynq-z2::0.0
TRACE::2025-03-03.11:09:29::SCWPlatform::Trying to set the existing hwdb with name design_1_wrapper_0
TRACE::2025-03-03.11:09:29::SCWPlatform::Opened existing hwdb design_1_wrapper_0
TRACE::2025-03-03.11:09:29::SCWPlatform::Found the Hw Db part of the input DSA
TRACE::2025-03-03.11:09:29::SCWMssOS::Checking the sw design at  C:/PXL/devWorks/devWorks2/Custom_AXI_IP_7Segment/vitis/7Segment_display/ps7_cortexa9_0/standalone_ps7_cortexa9_0/bsp/system.mss
TRACE::2025-03-03.11:09:29::SCWMssOS::DEBUG:  swdes dump  C:/PXL/devWorks/devWorks2/Custom_AXI_IP_7Segment/vitis/7Segment_display/ps7_cortexa9_0/standalone_ps7_cortexa9_0/bsp/system.mss|system_0||
C:/PXL/devWorks/devWorks2/Custom_AXI_IP_7Segment/vitis/7Segment_display/zynq_fsbl/zynq_fsbl_bsp/system.mss|system||

TRACE::2025-03-03.11:09:29::SCWMssOS::Sw design exists and opened at  C:/PXL/devWorks/devWorks2/Custom_AXI_IP_7Segment/vitis/7Segment_display/ps7_cortexa9_0/standalone_ps7_cortexa9_0/bsp/system.mss
TRACE::2025-03-03.11:09:29::SCWPlatform::Trying to open the hw design at C:/PXL/devWorks/devWorks2/Custom_AXI_IP_7Segment/vitis/7Segment_display/hw/7Segment_display.xsa
TRACE::2025-03-03.11:09:29::SCWPlatform::DSA given C:/PXL/devWorks/devWorks2/Custom_AXI_IP_7Segment/vitis/7Segment_display/hw/7Segment_display.xsa
TRACE::2025-03-03.11:09:29::SCWPlatform::DSA absoulate path C:/PXL/devWorks/devWorks2/Custom_AXI_IP_7Segment/vitis/7Segment_display/hw/7Segment_display.xsa
TRACE::2025-03-03.11:09:29::SCWPlatform::DSA directory C:/PXL/devWorks/devWorks2/Custom_AXI_IP_7Segment/vitis/7Segment_display/hw
TRACE::2025-03-03.11:09:29::SCWPlatform:: Platform Path C:/PXL/devWorks/devWorks2/Custom_AXI_IP_7Segment/vitis/7Segment_display/hw/7Segment_display.xsa
TRACE::2025-03-03.11:09:29::SCWPlatform:: Unique name xilinx:pynq-z2::0.0
TRACE::2025-03-03.11:09:29::SCWPlatform::Trying to set the existing hwdb with name design_1_wrapper_0
TRACE::2025-03-03.11:09:29::SCWPlatform::Opened existing hwdb design_1_wrapper_0
TRACE::2025-03-03.11:09:29::SCWPlatform::Found the Hw Db part of the input DSA
TRACE::2025-03-03.11:09:29::SCWMssOS::Checking the sw design at  C:/PXL/devWorks/devWorks2/Custom_AXI_IP_7Segment/vitis/7Segment_display/ps7_cortexa9_0/standalone_ps7_cortexa9_0/bsp/system.mss
TRACE::2025-03-03.11:09:29::SCWMssOS::DEBUG:  swdes dump  C:/PXL/devWorks/devWorks2/Custom_AXI_IP_7Segment/vitis/7Segment_display/ps7_cortexa9_0/standalone_ps7_cortexa9_0/bsp/system.mss|system_0||
C:/PXL/devWorks/devWorks2/Custom_AXI_IP_7Segment/vitis/7Segment_display/zynq_fsbl/zynq_fsbl_bsp/system.mss|system||

TRACE::2025-03-03.11:09:29::SCWMssOS::Sw design exists and opened at  C:/PXL/devWorks/devWorks2/Custom_AXI_IP_7Segment/vitis/7Segment_display/ps7_cortexa9_0/standalone_ps7_cortexa9_0/bsp/system.mss
TRACE::2025-03-03.11:09:29::SCWWriter::formatted JSON is {
	"platformName":	"7Segment_display",
	"sprVersion":	"2.0",
	"mode":	"gui",
	"dsaType":	"Fixed",
	"platformDesc":	"7Segment_display",
	"platHandOff":	"C:/PXL/devWorks/devWorks2/Custom_AXI_IP_7Segment/7Segment_display.xsa",
	"platIntHandOff":	"<platformDir>/hw/7Segment_display.xsa",
	"deviceType":	"zynq",
	"platIsPrebuiltAutogen":	"false",
	"platIsNoBootBsp":	"false",
	"platFsblTarget":	"ps7_cortexa9_0",
	"hasFsblMakeHasChanges":	"false",
	"hasPmufwMakeHasChanges":	"false",
	"fsblExtraCompilerFlags":	"-MMD -MP       -mcpu=cortex-a9 -mfpu=vfpv3 -mfloat-abi=hard ",
	"platPreBuiltFlag":	false,
	"platformSamplesDir":	"",
	"platActiveSys":	"7Segment_display",
	"systems":	[{
			"systemName":	"7Segment_display",
			"systemDesc":	"7Segment_display",
			"sysIsBootAutoGen":	"true",
			"systemDispName":	"7Segment_display",
			"sysActiveDom":	"standalone_ps7_cortexa9_0",
			"sysDefaultDom":	"standalone_ps7_cortexa9_0",
			"domains":	[{
					"domainName":	"zynq_fsbl",
					"domainDispName":	"zynq_fsbl",
					"domainDesc":	"FSBL Application BSP - Auto Generated.",
					"processors":	"ps7_cortexa9_0",
					"os":	"standalone",
					"sdxOs":	"standalone",
					"debugEnable":	"",
					"domRuntimes":	["cpp"],
					"swRepo":	"",
					"mssOsVer":	"9.1",
					"mssFile":	"",
					"md5Digest":	"416c58c1040c574c100d0daecfe19116",
					"compatibleApp":	"zynq_fsbl",
					"domType":	"bootDomain",
					"arch":	"32-bit",
					"appSettings":	{
						"appCompilerFlags":	"",
						"appLinkerFlags":	""
					},
					"addedLibs":	["xilffs:5.2", "xilrsa:1.8"],
					"libOptions":	{
						"libsContainingOptions":	[]
					},
					"prebuiltLibs":	{
						"prebuiltIncPath":	[],
						"prebuiltLibPath":	[]
					},
					"isolation":	{
					}
				}, {
					"domainName":	"standalone_ps7_cortexa9_0",
					"domainDispName":	"standalone_ps7_cortexa9_0",
					"domainDesc":	"standalone_ps7_cortexa9_0",
					"processors":	"ps7_cortexa9_0",
					"os":	"standalone",
					"sdxOs":	"standalone",
					"qemuArgs":	"<platformDir>/resources/7Segment_display/standalone_ps7_cortexa9_0/qemu_args.txt",
					"qemuData":	"<platformDir>/resources/7Segment_display/standalone_ps7_cortexa9_0/qemu",
					"debugEnable":	"False",
					"domRuntimes":	["cpp"],
					"swRepo":	"",
					"mssOsVer":	"9.1",
					"mssFile":	"",
					"md5Digest":	"c063a40181cfc1dcf09ee2359d488094",
					"compatibleApp":	"hello_world",
					"domType":	"mssDomain",
					"arch":	"32-bit",
					"appSettings":	{
						"appCompilerFlags":	"",
						"appLinkerFlags":	""
					},
					"addedLibs":	[],
					"libOptions":	{
						"libsContainingOptions":	[]
					},
					"prebuiltLibs":	{
						"prebuiltIncPath":	[],
						"prebuiltLibPath":	[]
					},
					"isolation":	{
					}
				}]
		}]
}
KEYINFO::2025-03-03.11:09:29::SCWPlatform::updated the xpfm file.
TRACE::2025-03-03.11:09:29::SCWPlatform::Trying to open the hw design at C:/PXL/devWorks/devWorks2/Custom_AXI_IP_7Segment/vitis/7Segment_display/hw/7Segment_display.xsa
TRACE::2025-03-03.11:09:29::SCWPlatform::DSA given C:/PXL/devWorks/devWorks2/Custom_AXI_IP_7Segment/vitis/7Segment_display/hw/7Segment_display.xsa
TRACE::2025-03-03.11:09:29::SCWPlatform::DSA absoulate path C:/PXL/devWorks/devWorks2/Custom_AXI_IP_7Segment/vitis/7Segment_display/hw/7Segment_display.xsa
TRACE::2025-03-03.11:09:29::SCWPlatform::DSA directory C:/PXL/devWorks/devWorks2/Custom_AXI_IP_7Segment/vitis/7Segment_display/hw
TRACE::2025-03-03.11:09:29::SCWPlatform:: Platform Path C:/PXL/devWorks/devWorks2/Custom_AXI_IP_7Segment/vitis/7Segment_display/hw/7Segment_display.xsa
TRACE::2025-03-03.11:09:29::SCWPlatform:: Unique name xilinx:pynq-z2::0.0
TRACE::2025-03-03.11:09:29::SCWPlatform::Trying to set the existing hwdb with name design_1_wrapper_0
TRACE::2025-03-03.11:09:29::SCWPlatform::Opened existing hwdb design_1_wrapper_0
TRACE::2025-03-03.11:09:29::SCWPlatform::Found the Hw Db part of the input DSA
TRACE::2025-03-03.11:09:29::SCWMssOS::Checking the sw design at  C:/PXL/devWorks/devWorks2/Custom_AXI_IP_7Segment/vitis/7Segment_display/ps7_cortexa9_0/standalone_ps7_cortexa9_0/bsp/system.mss
TRACE::2025-03-03.11:09:29::SCWMssOS::DEBUG:  swdes dump  C:/PXL/devWorks/devWorks2/Custom_AXI_IP_7Segment/vitis/7Segment_display/ps7_cortexa9_0/standalone_ps7_cortexa9_0/bsp/system.mss|system_0||
C:/PXL/devWorks/devWorks2/Custom_AXI_IP_7Segment/vitis/7Segment_display/zynq_fsbl/zynq_fsbl_bsp/system.mss|system||

TRACE::2025-03-03.11:09:29::SCWMssOS::Sw design exists and opened at  C:/PXL/devWorks/devWorks2/Custom_AXI_IP_7Segment/vitis/7Segment_display/ps7_cortexa9_0/standalone_ps7_cortexa9_0/bsp/system.mss
